variant,class,precision,recall,f1,tp,fp,tn,fn,total_samples
with_uncertain,positive,1.0,0.9797297297297297,0.9897610921501706,145,0,372,3,520
with_uncertain,negative,0.992,1.0,0.9959839357429718,372,3,145,0,520
without_uncertain,positive,1.0,0.9932432432432432,0.9966101694915254,147,0,372,1,520
without_uncertain,negative,0.9973190348525469,1.0,0.9986577181208054,372,1,147,0,520
