variant,class,precision,recall,f1,tp,fp,tn,fn,total_samples
with_uncertain,positive,0.7407407407407407,0.8,0.7692307692307692,20,7,46,5,78
with_uncertain,negative,0.9019607843137255,0.8679245283018868,0.8846153846153846,46,5,20,7,78
without_uncertain,positive,0.6774193548387096,0.84,0.75,21,10,43,4,78
without_uncertain,negative,0.9148936170212766,0.8113207547169812,0.8600000000000001,43,4,21,10,78
