variant,class,precision,recall,f1,tp,fp,tn,fn,total_samples
with_uncertain,positive,0.9433962264150944,0.8928571428571429,0.9174311926605505,50,3,123,6,182
with_uncertain,negative,0.9534883720930233,0.9761904761904762,0.9647058823529412,123,6,50,3,182
without_uncertain,positive,0.9821428571428571,0.9821428571428571,0.9821428571428571,55,1,125,1,182
without_uncertain,negative,0.9920634920634921,0.9920634920634921,0.9920634920634921,125,1,55,1,182
