action_name,policy,learning_algorithm,num_trajectories,precondition_precision,precondition_recall,effects_precision,effects_recall
pick-up,hard,sam_learning,20,1.0,1.0,0.7740468227424749,0.8205429864253395
put-down,hard,sam_learning,20,1.0,0.6,0.9925925925925926,0.9709770114942529
stack,hard,sam_learning,20,0.5855555555555555,1.0,0.8449979999777776,0.7642916091001198
unstack,hard,sam_learning,20,0.6207142857142858,1.0,0.7760270009643202,0.882832196052535
