experiment_id,timeout_seconds,model_constraint_weight,date_tag,algorithm,phase,fold,num_trajectories,gt_rate,tp,fp,fn,precision,recall,metrics_source_path,model_selection_policy
dfs_timeout=180s__300steps__03052026,180,1.0,03052026,PISAM,unclean,0,1,0,70,4,3,0.9459459459459459,0.958904109589041,benchmark/data/new_experiments/blocks/dfs_timeout=180s__300steps__03052026/testing/fold0_numtrajs1_gtrate0/conflict_free_models/conflict_free_model_0/metrics.json,final_model
dfs_timeout=180s__300steps__03052026,180,1.0,03052026,PISAM,cleaned,0,1,0,73,5,0,0.9358974358974359,1.0,benchmark/data/new_experiments/blocks/dfs_timeout=180s__300steps__03052026/testing/fold0_numtrajs1_gtrate0/conflict_free_models/conflict_free_model_0/metrics.json,final_model
dfs_timeout=180s__300steps__03052026,180,1.0,03052026,PISAM,unclean,0,1,10,73,0,0,1.0,1.0,benchmark/data/new_experiments/blocks/dfs_timeout=180s__300steps__03052026/testing/fold0_numtrajs1_gtrate10/conflict_free_models/conflict_free_model_0/metrics.json,final_model
dfs_timeout=180s__300steps__03052026,180,1.0,03052026,PISAM,cleaned,0,1,10,73,0,0,1.0,1.0,benchmark/data/new_experiments/blocks/dfs_timeout=180s__300steps__03052026/testing/fold0_numtrajs1_gtrate10/conflict_free_models/conflict_free_model_0/metrics.json,final_model
dfs_timeout=180s__300steps__03052026,180,1.0,03052026,PISAM,unclean,0,1,100,73,0,0,1.0,1.0,benchmark/data/new_experiments/blocks/dfs_timeout=180s__300steps__03052026/testing/fold0_numtrajs1_gtrate100/conflict_free_models/conflict_free_model_0/metrics.json,final_model
dfs_timeout=180s__300steps__03052026,180,1.0,03052026,PISAM,cleaned,0,1,100,73,0,0,1.0,1.0,benchmark/data/new_experiments/blocks/dfs_timeout=180s__300steps__03052026/testing/fold0_numtrajs1_gtrate100/conflict_free_models/conflict_free_model_0/metrics.json,final_model
dfs_timeout=180s__300steps__03052026,180,1.0,03052026,PISAM,unclean,0,1,25,73,0,0,1.0,1.0,benchmark/data/new_experiments/blocks/dfs_timeout=180s__300steps__03052026/testing/fold0_numtrajs1_gtrate25/conflict_free_models/conflict_free_model_0/metrics.json,final_model
dfs_timeout=180s__300steps__03052026,180,1.0,03052026,PISAM,cleaned,0,1,25,73,0,0,1.0,1.0,benchmark/data/new_experiments/blocks/dfs_timeout=180s__300steps__03052026/testing/fold0_numtrajs1_gtrate25/conflict_free_models/conflict_free_model_0/metrics.json,final_model
dfs_timeout=180s__300steps__03052026,180,1.0,03052026,PISAM,unclean,0,1,50,73,0,0,1.0,1.0,benchmark/data/new_experiments/blocks/dfs_timeout=180s__300steps__03052026/testing/fold0_numtrajs1_gtrate50/conflict_free_models/conflict_free_model_0/metrics.json,final_model
dfs_timeout=180s__300steps__03052026,180,1.0,03052026,PISAM,cleaned,0,1,50,73,0,0,1.0,1.0,benchmark/data/new_experiments/blocks/dfs_timeout=180s__300steps__03052026/testing/fold0_numtrajs1_gtrate50/conflict_free_models/conflict_free_model_0/metrics.json,final_model
dfs_timeout=180s__300steps__03052026,180,1.0,03052026,PISAM,unclean,0,1,75,73,0,0,1.0,1.0,benchmark/data/new_experiments/blocks/dfs_timeout=180s__300steps__03052026/testing/fold0_numtrajs1_gtrate75/conflict_free_models/conflict_free_model_0/metrics.json,final_model
dfs_timeout=180s__300steps__03052026,180,1.0,03052026,PISAM,cleaned,0,1,75,73,0,0,1.0,1.0,benchmark/data/new_experiments/blocks/dfs_timeout=180s__300steps__03052026/testing/fold0_numtrajs1_gtrate75/conflict_free_models/conflict_free_model_0/metrics.json,final_model
dfs_timeout=180s__300steps__03052026,180,1.0,03052026,PISAM,unclean,0,2,0,197,32,29,0.8602620087336245,0.8716814159292036,benchmark/data/new_experiments/blocks/dfs_timeout=180s__300steps__03052026/testing/fold0_numtrajs2_gtrate0/conflict_free_models/conflict_free_model_0/metrics.json,final_model
dfs_timeout=180s__300steps__03052026,180,1.0,03052026,PISAM,cleaned,0,2,0,210,40,16,0.84,0.9292035398230089,benchmark/data/new_experiments/blocks/dfs_timeout=180s__300steps__03052026/testing/fold0_numtrajs2_gtrate0/conflict_free_models/conflict_free_model_0/metrics.json,final_model
dfs_timeout=180s__300steps__03052026,180,1.0,03052026,PISAM,unclean,0,2,10,226,0,0,1.0,1.0,benchmark/data/new_experiments/blocks/dfs_timeout=180s__300steps__03052026/testing/fold0_numtrajs2_gtrate10/conflict_free_models/conflict_free_model_0/metrics.json,final_model
dfs_timeout=180s__300steps__03052026,180,1.0,03052026,PISAM,cleaned,0,2,10,221,0,5,1.0,0.9778761061946902,benchmark/data/new_experiments/blocks/dfs_timeout=180s__300steps__03052026/testing/fold0_numtrajs2_gtrate10/conflict_free_models/conflict_free_model_0/metrics.json,final_model
dfs_timeout=180s__300steps__03052026,180,1.0,03052026,PISAM,unclean,0,2,100,226,0,0,1.0,1.0,benchmark/data/new_experiments/blocks/dfs_timeout=180s__300steps__03052026/testing/fold0_numtrajs2_gtrate100/conflict_free_models/conflict_free_model_0/metrics.json,final_model
dfs_timeout=180s__300steps__03052026,180,1.0,03052026,PISAM,cleaned,0,2,100,226,0,0,1.0,1.0,benchmark/data/new_experiments/blocks/dfs_timeout=180s__300steps__03052026/testing/fold0_numtrajs2_gtrate100/conflict_free_models/conflict_free_model_0/metrics.json,final_model
dfs_timeout=180s__300steps__03052026,180,1.0,03052026,PISAM,unclean,0,2,25,226,0,0,1.0,1.0,benchmark/data/new_experiments/blocks/dfs_timeout=180s__300steps__03052026/testing/fold0_numtrajs2_gtrate25/conflict_free_models/conflict_free_model_0/metrics.json,final_model
dfs_timeout=180s__300steps__03052026,180,1.0,03052026,PISAM,cleaned,0,2,25,223,0,3,1.0,0.9867256637168141,benchmark/data/new_experiments/blocks/dfs_timeout=180s__300steps__03052026/testing/fold0_numtrajs2_gtrate25/conflict_free_models/conflict_free_model_0/metrics.json,final_model
dfs_timeout=180s__300steps__03052026,180,1.0,03052026,PISAM,unclean,0,2,50,226,0,0,1.0,1.0,benchmark/data/new_experiments/blocks/dfs_timeout=180s__300steps__03052026/testing/fold0_numtrajs2_gtrate50/conflict_free_models/conflict_free_model_0/metrics.json,final_model
dfs_timeout=180s__300steps__03052026,180,1.0,03052026,PISAM,cleaned,0,2,50,226,0,0,1.0,1.0,benchmark/data/new_experiments/blocks/dfs_timeout=180s__300steps__03052026/testing/fold0_numtrajs2_gtrate50/conflict_free_models/conflict_free_model_0/metrics.json,final_model
dfs_timeout=180s__300steps__03052026,180,1.0,03052026,PISAM,unclean,0,2,75,226,0,0,1.0,1.0,benchmark/data/new_experiments/blocks/dfs_timeout=180s__300steps__03052026/testing/fold0_numtrajs2_gtrate75/conflict_free_models/conflict_free_model_0/metrics.json,final_model
dfs_timeout=180s__300steps__03052026,180,1.0,03052026,PISAM,cleaned,0,2,75,226,0,0,1.0,1.0,benchmark/data/new_experiments/blocks/dfs_timeout=180s__300steps__03052026/testing/fold0_numtrajs2_gtrate75/conflict_free_models/conflict_free_model_0/metrics.json,final_model
dfs_timeout=180s__300steps__03052026,180,1.0,03052026,PISAM,unclean,0,3,0,283,41,33,0.8734567901234568,0.8955696202531646,benchmark/data/new_experiments/blocks/dfs_timeout=180s__300steps__03052026/testing/fold0_numtrajs3_gtrate0/conflict_free_models/conflict_free_model_0/metrics.json,final_model
dfs_timeout=180s__300steps__03052026,180,1.0,03052026,PISAM,cleaned,0,3,0,300,42,16,0.8771929824561403,0.9493670886075949,benchmark/data/new_experiments/blocks/dfs_timeout=180s__300steps__03052026/testing/fold0_numtrajs3_gtrate0/conflict_free_models/conflict_free_model_0/metrics.json,final_model
dfs_timeout=180s__300steps__03052026,180,1.0,03052026,PISAM,unclean,0,3,10,316,0,0,1.0,1.0,benchmark/data/new_experiments/blocks/dfs_timeout=180s__300steps__03052026/testing/fold0_numtrajs3_gtrate10/conflict_free_models/conflict_free_model_0/metrics.json,final_model
dfs_timeout=180s__300steps__03052026,180,1.0,03052026,PISAM,cleaned,0,3,10,311,0,5,1.0,0.9841772151898734,benchmark/data/new_experiments/blocks/dfs_timeout=180s__300steps__03052026/testing/fold0_numtrajs3_gtrate10/conflict_free_models/conflict_free_model_0/metrics.json,final_model
dfs_timeout=180s__300steps__03052026,180,1.0,03052026,PISAM,unclean,0,3,100,316,0,0,1.0,1.0,benchmark/data/new_experiments/blocks/dfs_timeout=180s__300steps__03052026/testing/fold0_numtrajs3_gtrate100/conflict_free_models/conflict_free_model_0/metrics.json,final_model
dfs_timeout=180s__300steps__03052026,180,1.0,03052026,PISAM,cleaned,0,3,100,316,0,0,1.0,1.0,benchmark/data/new_experiments/blocks/dfs_timeout=180s__300steps__03052026/testing/fold0_numtrajs3_gtrate100/conflict_free_models/conflict_free_model_0/metrics.json,final_model
dfs_timeout=180s__300steps__03052026,180,1.0,03052026,PISAM,unclean,0,3,25,316,0,0,1.0,1.0,benchmark/data/new_experiments/blocks/dfs_timeout=180s__300steps__03052026/testing/fold0_numtrajs3_gtrate25/conflict_free_models/conflict_free_model_0/metrics.json,final_model
dfs_timeout=180s__300steps__03052026,180,1.0,03052026,PISAM,cleaned,0,3,25,313,0,3,1.0,0.990506329113924,benchmark/data/new_experiments/blocks/dfs_timeout=180s__300steps__03052026/testing/fold0_numtrajs3_gtrate25/conflict_free_models/conflict_free_model_0/metrics.json,final_model
dfs_timeout=180s__300steps__03052026,180,1.0,03052026,PISAM,unclean,0,3,50,316,0,0,1.0,1.0,benchmark/data/new_experiments/blocks/dfs_timeout=180s__300steps__03052026/testing/fold0_numtrajs3_gtrate50/conflict_free_models/conflict_free_model_0/metrics.json,final_model
dfs_timeout=180s__300steps__03052026,180,1.0,03052026,PISAM,cleaned,0,3,50,316,0,0,1.0,1.0,benchmark/data/new_experiments/blocks/dfs_timeout=180s__300steps__03052026/testing/fold0_numtrajs3_gtrate50/conflict_free_models/conflict_free_model_0/metrics.json,final_model
dfs_timeout=180s__300steps__03052026,180,1.0,03052026,PISAM,unclean,0,3,75,316,0,0,1.0,1.0,benchmark/data/new_experiments/blocks/dfs_timeout=180s__300steps__03052026/testing/fold0_numtrajs3_gtrate75/conflict_free_models/conflict_free_model_0/metrics.json,final_model
dfs_timeout=180s__300steps__03052026,180,1.0,03052026,PISAM,cleaned,0,3,75,316,0,0,1.0,1.0,benchmark/data/new_experiments/blocks/dfs_timeout=180s__300steps__03052026/testing/fold0_numtrajs3_gtrate75/conflict_free_models/conflict_free_model_0/metrics.json,final_model
dfs_timeout=180s__300steps__03052026,180,1.0,03052026,PISAM,unclean,0,4,0,335,50,41,0.8701298701298701,0.8909574468085106,benchmark/data/new_experiments/blocks/dfs_timeout=180s__300steps__03052026/testing/fold0_numtrajs4_gtrate0/conflict_free_models/conflict_free_model_0/metrics.json,final_model
dfs_timeout=180s__300steps__03052026,180,1.0,03052026,PISAM,cleaned,0,4,0,360,48,16,0.8823529411764706,0.9574468085106383,benchmark/data/new_experiments/blocks/dfs_timeout=180s__300steps__03052026/testing/fold0_numtrajs4_gtrate0/conflict_free_models/conflict_free_model_0/metrics.json,final_model
dfs_timeout=180s__300steps__03052026,180,1.0,03052026,PISAM,unclean,0,4,10,376,0,0,1.0,1.0,benchmark/data/new_experiments/blocks/dfs_timeout=180s__300steps__03052026/testing/fold0_numtrajs4_gtrate10/conflict_free_models/conflict_free_model_0/metrics.json,final_model
dfs_timeout=180s__300steps__03052026,180,1.0,03052026,PISAM,cleaned,0,4,10,371,0,5,1.0,0.9867021276595744,benchmark/data/new_experiments/blocks/dfs_timeout=180s__300steps__03052026/testing/fold0_numtrajs4_gtrate10/conflict_free_models/conflict_free_model_0/metrics.json,final_model
dfs_timeout=180s__300steps__03052026,180,1.0,03052026,PISAM,unclean,0,4,100,376,0,0,1.0,1.0,benchmark/data/new_experiments/blocks/dfs_timeout=180s__300steps__03052026/testing/fold0_numtrajs4_gtrate100/conflict_free_models/conflict_free_model_0/metrics.json,final_model
dfs_timeout=180s__300steps__03052026,180,1.0,03052026,PISAM,cleaned,0,4,100,376,0,0,1.0,1.0,benchmark/data/new_experiments/blocks/dfs_timeout=180s__300steps__03052026/testing/fold0_numtrajs4_gtrate100/conflict_free_models/conflict_free_model_0/metrics.json,final_model
dfs_timeout=180s__300steps__03052026,180,1.0,03052026,PISAM,unclean,0,4,25,376,0,0,1.0,1.0,benchmark/data/new_experiments/blocks/dfs_timeout=180s__300steps__03052026/testing/fold0_numtrajs4_gtrate25/conflict_free_models/conflict_free_model_0/metrics.json,final_model
dfs_timeout=180s__300steps__03052026,180,1.0,03052026,PISAM,cleaned,0,4,25,373,0,3,1.0,0.9920212765957447,benchmark/data/new_experiments/blocks/dfs_timeout=180s__300steps__03052026/testing/fold0_numtrajs4_gtrate25/conflict_free_models/conflict_free_model_0/metrics.json,final_model
dfs_timeout=180s__300steps__03052026,180,1.0,03052026,PISAM,unclean,0,4,50,376,0,0,1.0,1.0,benchmark/data/new_experiments/blocks/dfs_timeout=180s__300steps__03052026/testing/fold0_numtrajs4_gtrate50/conflict_free_models/conflict_free_model_0/metrics.json,final_model
dfs_timeout=180s__300steps__03052026,180,1.0,03052026,PISAM,cleaned,0,4,50,376,0,0,1.0,1.0,benchmark/data/new_experiments/blocks/dfs_timeout=180s__300steps__03052026/testing/fold0_numtrajs4_gtrate50/conflict_free_models/conflict_free_model_0/metrics.json,final_model
dfs_timeout=180s__300steps__03052026,180,1.0,03052026,PISAM,unclean,0,4,75,376,0,0,1.0,1.0,benchmark/data/new_experiments/blocks/dfs_timeout=180s__300steps__03052026/testing/fold0_numtrajs4_gtrate75/conflict_free_models/conflict_free_model_0/metrics.json,final_model
dfs_timeout=180s__300steps__03052026,180,1.0,03052026,PISAM,cleaned,0,4,75,376,0,0,1.0,1.0,benchmark/data/new_experiments/blocks/dfs_timeout=180s__300steps__03052026/testing/fold0_numtrajs4_gtrate75/conflict_free_models/conflict_free_model_0/metrics.json,final_model
dfs_timeout=180s__300steps__03052026,180,1.0,03052026,PISAM,unclean,0,5,0,382,56,49,0.8721461187214612,0.8863109048723898,benchmark/data/new_experiments/blocks/dfs_timeout=180s__300steps__03052026/testing/fold0_numtrajs5_gtrate0/conflict_free_models/conflict_free_model_0/metrics.json,final_model
dfs_timeout=180s__300steps__03052026,180,1.0,03052026,PISAM,cleaned,0,5,0,415,57,16,0.8792372881355932,0.962877030162413,benchmark/data/new_experiments/blocks/dfs_timeout=180s__300steps__03052026/testing/fold0_numtrajs5_gtrate0/conflict_free_models/conflict_free_model_0/metrics.json,final_model
dfs_timeout=180s__300steps__03052026,180,1.0,03052026,PISAM,unclean,0,5,10,431,0,0,1.0,1.0,benchmark/data/new_experiments/blocks/dfs_timeout=180s__300steps__03052026/testing/fold0_numtrajs5_gtrate10/conflict_free_models/conflict_free_model_0/metrics.json,final_model
dfs_timeout=180s__300steps__03052026,180,1.0,03052026,PISAM,cleaned,0,5,10,426,0,5,1.0,0.988399071925754,benchmark/data/new_experiments/blocks/dfs_timeout=180s__300steps__03052026/testing/fold0_numtrajs5_gtrate10/conflict_free_models/conflict_free_model_0/metrics.json,final_model
dfs_timeout=180s__300steps__03052026,180,1.0,03052026,PISAM,unclean,0,5,100,431,0,0,1.0,1.0,benchmark/data/new_experiments/blocks/dfs_timeout=180s__300steps__03052026/testing/fold0_numtrajs5_gtrate100/conflict_free_models/conflict_free_model_0/metrics.json,final_model
dfs_timeout=180s__300steps__03052026,180,1.0,03052026,PISAM,cleaned,0,5,100,431,0,0,1.0,1.0,benchmark/data/new_experiments/blocks/dfs_timeout=180s__300steps__03052026/testing/fold0_numtrajs5_gtrate100/conflict_free_models/conflict_free_model_0/metrics.json,final_model
dfs_timeout=180s__300steps__03052026,180,1.0,03052026,PISAM,unclean,0,5,25,431,0,0,1.0,1.0,benchmark/data/new_experiments/blocks/dfs_timeout=180s__300steps__03052026/testing/fold0_numtrajs5_gtrate25/conflict_free_models/conflict_free_model_0/metrics.json,final_model
dfs_timeout=180s__300steps__03052026,180,1.0,03052026,PISAM,cleaned,0,5,25,428,0,3,1.0,0.9930394431554525,benchmark/data/new_experiments/blocks/dfs_timeout=180s__300steps__03052026/testing/fold0_numtrajs5_gtrate25/conflict_free_models/conflict_free_model_0/metrics.json,final_model
dfs_timeout=180s__300steps__03052026,180,1.0,03052026,PISAM,unclean,0,5,50,431,0,0,1.0,1.0,benchmark/data/new_experiments/blocks/dfs_timeout=180s__300steps__03052026/testing/fold0_numtrajs5_gtrate50/conflict_free_models/conflict_free_model_0/metrics.json,final_model
dfs_timeout=180s__300steps__03052026,180,1.0,03052026,PISAM,cleaned,0,5,50,431,0,0,1.0,1.0,benchmark/data/new_experiments/blocks/dfs_timeout=180s__300steps__03052026/testing/fold0_numtrajs5_gtrate50/conflict_free_models/conflict_free_model_0/metrics.json,final_model
dfs_timeout=180s__300steps__03052026,180,1.0,03052026,PISAM,unclean,0,5,75,431,0,0,1.0,1.0,benchmark/data/new_experiments/blocks/dfs_timeout=180s__300steps__03052026/testing/fold0_numtrajs5_gtrate75/conflict_free_models/conflict_free_model_0/metrics.json,final_model
dfs_timeout=180s__300steps__03052026,180,1.0,03052026,PISAM,cleaned,0,5,75,431,0,0,1.0,1.0,benchmark/data/new_experiments/blocks/dfs_timeout=180s__300steps__03052026/testing/fold0_numtrajs5_gtrate75/conflict_free_models/conflict_free_model_0/metrics.json,final_model
dfs_timeout=180s__300steps__03052026,180,1.0,03052026,PISAM,unclean,0,6,0,540,103,86,0.8398133748055988,0.8626198083067093,benchmark/data/new_experiments/blocks/dfs_timeout=180s__300steps__03052026/testing/fold0_numtrajs6_gtrate0/conflict_free_models/final_model/metrics.json,final_model
dfs_timeout=180s__300steps__03052026,180,1.0,03052026,PISAM,cleaned,0,6,0,538,107,88,0.834108527131783,0.8594249201277955,benchmark/data/new_experiments/blocks/dfs_timeout=180s__300steps__03052026/testing/fold0_numtrajs6_gtrate0/conflict_free_models/final_model/metrics.json,final_model
dfs_timeout=180s__300steps__03052026,180,1.0,03052026,PISAM,unclean,0,6,10,626,0,0,1.0,1.0,benchmark/data/new_experiments/blocks/dfs_timeout=180s__300steps__03052026/testing/fold0_numtrajs6_gtrate10/conflict_free_models/conflict_free_model_0/metrics.json,final_model
dfs_timeout=180s__300steps__03052026,180,1.0,03052026,PISAM,cleaned,0,6,10,617,0,9,1.0,0.9856230031948882,benchmark/data/new_experiments/blocks/dfs_timeout=180s__300steps__03052026/testing/fold0_numtrajs6_gtrate10/conflict_free_models/conflict_free_model_0/metrics.json,final_model
dfs_timeout=180s__300steps__03052026,180,1.0,03052026,PISAM,unclean,0,6,100,626,0,0,1.0,1.0,benchmark/data/new_experiments/blocks/dfs_timeout=180s__300steps__03052026/testing/fold0_numtrajs6_gtrate100/conflict_free_models/conflict_free_model_0/metrics.json,final_model
dfs_timeout=180s__300steps__03052026,180,1.0,03052026,PISAM,cleaned,0,6,100,626,0,0,1.0,1.0,benchmark/data/new_experiments/blocks/dfs_timeout=180s__300steps__03052026/testing/fold0_numtrajs6_gtrate100/conflict_free_models/conflict_free_model_0/metrics.json,final_model
dfs_timeout=180s__300steps__03052026,180,1.0,03052026,PISAM,unclean,0,6,25,626,0,0,1.0,1.0,benchmark/data/new_experiments/blocks/dfs_timeout=180s__300steps__03052026/testing/fold0_numtrajs6_gtrate25/conflict_free_models/conflict_free_model_0/metrics.json,final_model
dfs_timeout=180s__300steps__03052026,180,1.0,03052026,PISAM,cleaned,0,6,25,621,0,5,1.0,0.9920127795527156,benchmark/data/new_experiments/blocks/dfs_timeout=180s__300steps__03052026/testing/fold0_numtrajs6_gtrate25/conflict_free_models/conflict_free_model_0/metrics.json,final_model
dfs_timeout=180s__300steps__03052026,180,1.0,03052026,PISAM,unclean,0,6,50,626,0,0,1.0,1.0,benchmark/data/new_experiments/blocks/dfs_timeout=180s__300steps__03052026/testing/fold0_numtrajs6_gtrate50/conflict_free_models/conflict_free_model_0/metrics.json,final_model
dfs_timeout=180s__300steps__03052026,180,1.0,03052026,PISAM,cleaned,0,6,50,625,0,1,1.0,0.9984025559105432,benchmark/data/new_experiments/blocks/dfs_timeout=180s__300steps__03052026/testing/fold0_numtrajs6_gtrate50/conflict_free_models/conflict_free_model_0/metrics.json,final_model
dfs_timeout=180s__300steps__03052026,180,1.0,03052026,PISAM,unclean,0,6,75,626,0,0,1.0,1.0,benchmark/data/new_experiments/blocks/dfs_timeout=180s__300steps__03052026/testing/fold0_numtrajs6_gtrate75/conflict_free_models/conflict_free_model_0/metrics.json,final_model
dfs_timeout=180s__300steps__03052026,180,1.0,03052026,PISAM,cleaned,0,6,75,626,0,0,1.0,1.0,benchmark/data/new_experiments/blocks/dfs_timeout=180s__300steps__03052026/testing/fold0_numtrajs6_gtrate75/conflict_free_models/conflict_free_model_0/metrics.json,final_model
dfs_timeout=180s__300steps__03052026,180,1.0,03052026,PISAM,unclean,0,7,0,604,124,101,0.8296703296703297,0.8567375886524823,benchmark/data/new_experiments/blocks/dfs_timeout=180s__300steps__03052026/testing/fold0_numtrajs7_gtrate0/conflict_free_models/final_model/metrics.json,final_model
dfs_timeout=180s__300steps__03052026,180,1.0,03052026,PISAM,cleaned,0,7,0,629,85,76,0.8809523809523809,0.8921985815602836,benchmark/data/new_experiments/blocks/dfs_timeout=180s__300steps__03052026/testing/fold0_numtrajs7_gtrate0/conflict_free_models/final_model/metrics.json,final_model
dfs_timeout=180s__300steps__03052026,180,1.0,03052026,PISAM,unclean,0,7,10,705,0,0,1.0,1.0,benchmark/data/new_experiments/blocks/dfs_timeout=180s__300steps__03052026/testing/fold0_numtrajs7_gtrate10/conflict_free_models/conflict_free_model_0/metrics.json,final_model
dfs_timeout=180s__300steps__03052026,180,1.0,03052026,PISAM,cleaned,0,7,10,695,0,10,1.0,0.9858156028368794,benchmark/data/new_experiments/blocks/dfs_timeout=180s__300steps__03052026/testing/fold0_numtrajs7_gtrate10/conflict_free_models/conflict_free_model_0/metrics.json,final_model
dfs_timeout=180s__300steps__03052026,180,1.0,03052026,PISAM,unclean,0,7,100,705,0,0,1.0,1.0,benchmark/data/new_experiments/blocks/dfs_timeout=180s__300steps__03052026/testing/fold0_numtrajs7_gtrate100/conflict_free_models/conflict_free_model_0/metrics.json,final_model
dfs_timeout=180s__300steps__03052026,180,1.0,03052026,PISAM,cleaned,0,7,100,705,0,0,1.0,1.0,benchmark/data/new_experiments/blocks/dfs_timeout=180s__300steps__03052026/testing/fold0_numtrajs7_gtrate100/conflict_free_models/conflict_free_model_0/metrics.json,final_model
dfs_timeout=180s__300steps__03052026,180,1.0,03052026,PISAM,unclean,0,7,25,705,0,0,1.0,1.0,benchmark/data/new_experiments/blocks/dfs_timeout=180s__300steps__03052026/testing/fold0_numtrajs7_gtrate25/conflict_free_models/conflict_free_model_0/metrics.json,final_model
dfs_timeout=180s__300steps__03052026,180,1.0,03052026,PISAM,cleaned,0,7,25,699,0,6,1.0,0.9914893617021276,benchmark/data/new_experiments/blocks/dfs_timeout=180s__300steps__03052026/testing/fold0_numtrajs7_gtrate25/conflict_free_models/conflict_free_model_0/metrics.json,final_model
dfs_timeout=180s__300steps__03052026,180,1.0,03052026,PISAM,unclean,0,7,50,705,0,0,1.0,1.0,benchmark/data/new_experiments/blocks/dfs_timeout=180s__300steps__03052026/testing/fold0_numtrajs7_gtrate50/conflict_free_models/conflict_free_model_0/metrics.json,final_model
dfs_timeout=180s__300steps__03052026,180,1.0,03052026,PISAM,cleaned,0,7,50,703,0,2,1.0,0.9971631205673759,benchmark/data/new_experiments/blocks/dfs_timeout=180s__300steps__03052026/testing/fold0_numtrajs7_gtrate50/conflict_free_models/conflict_free_model_0/metrics.json,final_model
dfs_timeout=180s__300steps__03052026,180,1.0,03052026,PISAM,unclean,0,7,75,705,0,0,1.0,1.0,benchmark/data/new_experiments/blocks/dfs_timeout=180s__300steps__03052026/testing/fold0_numtrajs7_gtrate75/conflict_free_models/conflict_free_model_0/metrics.json,final_model
dfs_timeout=180s__300steps__03052026,180,1.0,03052026,PISAM,cleaned,0,7,75,705,0,0,1.0,1.0,benchmark/data/new_experiments/blocks/dfs_timeout=180s__300steps__03052026/testing/fold0_numtrajs7_gtrate75/conflict_free_models/conflict_free_model_0/metrics.json,final_model
dfs_timeout=180s__300steps__03052026,180,1.0,03052026,PISAM,unclean,0,8,0,726,182,137,0.7995594713656388,0.8412514484356894,benchmark/data/new_experiments/blocks/dfs_timeout=180s__300steps__03052026/testing/fold0_numtrajs8_gtrate0/conflict_free_models/final_model/metrics.json,final_model
dfs_timeout=180s__300steps__03052026,180,1.0,03052026,PISAM,cleaned,0,8,0,774,148,89,0.8394793926247288,0.8968713789107764,benchmark/data/new_experiments/blocks/dfs_timeout=180s__300steps__03052026/testing/fold0_numtrajs8_gtrate0/conflict_free_models/final_model/metrics.json,final_model
dfs_timeout=180s__300steps__03052026,180,1.0,03052026,PISAM,unclean,0,8,10,863,0,0,1.0,1.0,benchmark/data/new_experiments/blocks/dfs_timeout=180s__300steps__03052026/testing/fold0_numtrajs8_gtrate10/conflict_free_models/conflict_free_model_0/metrics.json,final_model
dfs_timeout=180s__300steps__03052026,180,1.0,03052026,PISAM,cleaned,0,8,10,851,0,12,1.0,0.9860950173812283,benchmark/data/new_experiments/blocks/dfs_timeout=180s__300steps__03052026/testing/fold0_numtrajs8_gtrate10/conflict_free_models/conflict_free_model_0/metrics.json,final_model
dfs_timeout=180s__300steps__03052026,180,1.0,03052026,PISAM,unclean,0,8,100,863,0,0,1.0,1.0,benchmark/data/new_experiments/blocks/dfs_timeout=180s__300steps__03052026/testing/fold0_numtrajs8_gtrate100/conflict_free_models/conflict_free_model_0/metrics.json,final_model
dfs_timeout=180s__300steps__03052026,180,1.0,03052026,PISAM,cleaned,0,8,100,863,0,0,1.0,1.0,benchmark/data/new_experiments/blocks/dfs_timeout=180s__300steps__03052026/testing/fold0_numtrajs8_gtrate100/conflict_free_models/conflict_free_model_0/metrics.json,final_model
dfs_timeout=180s__300steps__03052026,180,1.0,03052026,PISAM,unclean,0,8,25,863,0,0,1.0,1.0,benchmark/data/new_experiments/blocks/dfs_timeout=180s__300steps__03052026/testing/fold0_numtrajs8_gtrate25/conflict_free_models/conflict_free_model_0/metrics.json,final_model
dfs_timeout=180s__300steps__03052026,180,1.0,03052026,PISAM,cleaned,0,8,25,855,0,8,1.0,0.9907300115874855,benchmark/data/new_experiments/blocks/dfs_timeout=180s__300steps__03052026/testing/fold0_numtrajs8_gtrate25/conflict_free_models/conflict_free_model_0/metrics.json,final_model
dfs_timeout=180s__300steps__03052026,180,1.0,03052026,PISAM,unclean,0,8,50,863,0,0,1.0,1.0,benchmark/data/new_experiments/blocks/dfs_timeout=180s__300steps__03052026/testing/fold0_numtrajs8_gtrate50/conflict_free_models/conflict_free_model_0/metrics.json,final_model
dfs_timeout=180s__300steps__03052026,180,1.0,03052026,PISAM,cleaned,0,8,50,860,0,3,1.0,0.996523754345307,benchmark/data/new_experiments/blocks/dfs_timeout=180s__300steps__03052026/testing/fold0_numtrajs8_gtrate50/conflict_free_models/conflict_free_model_0/metrics.json,final_model
dfs_timeout=180s__300steps__03052026,180,1.0,03052026,PISAM,unclean,0,8,75,863,0,0,1.0,1.0,benchmark/data/new_experiments/blocks/dfs_timeout=180s__300steps__03052026/testing/fold0_numtrajs8_gtrate75/conflict_free_models/conflict_free_model_0/metrics.json,final_model
dfs_timeout=180s__300steps__03052026,180,1.0,03052026,PISAM,cleaned,0,8,75,862,0,1,1.0,0.9988412514484357,benchmark/data/new_experiments/blocks/dfs_timeout=180s__300steps__03052026/testing/fold0_numtrajs8_gtrate75/conflict_free_models/conflict_free_model_0/metrics.json,final_model
dfs_timeout=180s__300steps__03052026,180,1.0,03052026,PISAM,unclean,1,1,0,122,58,36,0.6777777777777778,0.7721518987341772,benchmark/data/new_experiments/blocks/dfs_timeout=180s__300steps__03052026/testing/fold1_numtrajs1_gtrate0/conflict_free_models/final_model/metrics.json,final_model
dfs_timeout=180s__300steps__03052026,180,1.0,03052026,PISAM,cleaned,1,1,0,123,59,35,0.6758241758241759,0.7784810126582279,benchmark/data/new_experiments/blocks/dfs_timeout=180s__300steps__03052026/testing/fold1_numtrajs1_gtrate0/conflict_free_models/final_model/metrics.json,final_model
dfs_timeout=180s__300steps__03052026,180,1.0,03052026,PISAM,unclean,1,1,10,158,0,0,1.0,1.0,benchmark/data/new_experiments/blocks/dfs_timeout=180s__300steps__03052026/testing/fold1_numtrajs1_gtrate10/conflict_free_models/conflict_free_model_0/metrics.json,final_model
dfs_timeout=180s__300steps__03052026,180,1.0,03052026,PISAM,cleaned,1,1,10,156,0,2,1.0,0.9873417721518988,benchmark/data/new_experiments/blocks/dfs_timeout=180s__300steps__03052026/testing/fold1_numtrajs1_gtrate10/conflict_free_models/conflict_free_model_0/metrics.json,final_model
dfs_timeout=180s__300steps__03052026,180,1.0,03052026,PISAM,unclean,1,1,100,158,0,0,1.0,1.0,benchmark/data/new_experiments/blocks/dfs_timeout=180s__300steps__03052026/testing/fold1_numtrajs1_gtrate100/conflict_free_models/conflict_free_model_0/metrics.json,final_model
dfs_timeout=180s__300steps__03052026,180,1.0,03052026,PISAM,cleaned,1,1,100,158,0,0,1.0,1.0,benchmark/data/new_experiments/blocks/dfs_timeout=180s__300steps__03052026/testing/fold1_numtrajs1_gtrate100/conflict_free_models/conflict_free_model_0/metrics.json,final_model
dfs_timeout=180s__300steps__03052026,180,1.0,03052026,PISAM,unclean,1,1,25,158,0,0,1.0,1.0,benchmark/data/new_experiments/blocks/dfs_timeout=180s__300steps__03052026/testing/fold1_numtrajs1_gtrate25/conflict_free_models/conflict_free_model_0/metrics.json,final_model
dfs_timeout=180s__300steps__03052026,180,1.0,03052026,PISAM,cleaned,1,1,25,156,0,2,1.0,0.9873417721518988,benchmark/data/new_experiments/blocks/dfs_timeout=180s__300steps__03052026/testing/fold1_numtrajs1_gtrate25/conflict_free_models/conflict_free_model_0/metrics.json,final_model
dfs_timeout=180s__300steps__03052026,180,1.0,03052026,PISAM,unclean,1,1,50,158,0,0,1.0,1.0,benchmark/data/new_experiments/blocks/dfs_timeout=180s__300steps__03052026/testing/fold1_numtrajs1_gtrate50/conflict_free_models/conflict_free_model_0/metrics.json,final_model
dfs_timeout=180s__300steps__03052026,180,1.0,03052026,PISAM,cleaned,1,1,50,157,0,1,1.0,0.9936708860759493,benchmark/data/new_experiments/blocks/dfs_timeout=180s__300steps__03052026/testing/fold1_numtrajs1_gtrate50/conflict_free_models/conflict_free_model_0/metrics.json,final_model
dfs_timeout=180s__300steps__03052026,180,1.0,03052026,PISAM,unclean,1,1,75,158,0,0,1.0,1.0,benchmark/data/new_experiments/blocks/dfs_timeout=180s__300steps__03052026/testing/fold1_numtrajs1_gtrate75/conflict_free_models/conflict_free_model_0/metrics.json,final_model
dfs_timeout=180s__300steps__03052026,180,1.0,03052026,PISAM,cleaned,1,1,75,157,0,1,1.0,0.9936708860759493,benchmark/data/new_experiments/blocks/dfs_timeout=180s__300steps__03052026/testing/fold1_numtrajs1_gtrate75/conflict_free_models/conflict_free_model_0/metrics.json,final_model
dfs_timeout=180s__300steps__03052026,180,1.0,03052026,PISAM,unclean,1,2,0,186,79,51,0.7018867924528301,0.7848101265822784,benchmark/data/new_experiments/blocks/dfs_timeout=180s__300steps__03052026/testing/fold1_numtrajs2_gtrate0/conflict_free_models/final_model/metrics.json,final_model
dfs_timeout=180s__300steps__03052026,180,1.0,03052026,PISAM,cleaned,1,2,0,195,48,42,0.8024691358024691,0.8227848101265823,benchmark/data/new_experiments/blocks/dfs_timeout=180s__300steps__03052026/testing/fold1_numtrajs2_gtrate0/conflict_free_models/final_model/metrics.json,final_model
dfs_timeout=180s__300steps__03052026,180,1.0,03052026,PISAM,unclean,1,2,10,237,0,0,1.0,1.0,benchmark/data/new_experiments/blocks/dfs_timeout=180s__300steps__03052026/testing/fold1_numtrajs2_gtrate10/conflict_free_models/conflict_free_model_0/metrics.json,final_model
dfs_timeout=180s__300steps__03052026,180,1.0,03052026,PISAM,cleaned,1,2,10,234,0,3,1.0,0.9873417721518988,benchmark/data/new_experiments/blocks/dfs_timeout=180s__300steps__03052026/testing/fold1_numtrajs2_gtrate10/conflict_free_models/conflict_free_model_0/metrics.json,final_model
dfs_timeout=180s__300steps__03052026,180,1.0,03052026,PISAM,unclean,1,2,100,237,0,0,1.0,1.0,benchmark/data/new_experiments/blocks/dfs_timeout=180s__300steps__03052026/testing/fold1_numtrajs2_gtrate100/conflict_free_models/conflict_free_model_0/metrics.json,final_model
dfs_timeout=180s__300steps__03052026,180,1.0,03052026,PISAM,cleaned,1,2,100,237,0,0,1.0,1.0,benchmark/data/new_experiments/blocks/dfs_timeout=180s__300steps__03052026/testing/fold1_numtrajs2_gtrate100/conflict_free_models/conflict_free_model_0/metrics.json,final_model
dfs_timeout=180s__300steps__03052026,180,1.0,03052026,PISAM,unclean,1,2,25,237,0,0,1.0,1.0,benchmark/data/new_experiments/blocks/dfs_timeout=180s__300steps__03052026/testing/fold1_numtrajs2_gtrate25/conflict_free_models/conflict_free_model_0/metrics.json,final_model
dfs_timeout=180s__300steps__03052026,180,1.0,03052026,PISAM,cleaned,1,2,25,234,0,3,1.0,0.9873417721518988,benchmark/data/new_experiments/blocks/dfs_timeout=180s__300steps__03052026/testing/fold1_numtrajs2_gtrate25/conflict_free_models/conflict_free_model_0/metrics.json,final_model
dfs_timeout=180s__300steps__03052026,180,1.0,03052026,PISAM,unclean,1,2,50,237,0,0,1.0,1.0,benchmark/data/new_experiments/blocks/dfs_timeout=180s__300steps__03052026/testing/fold1_numtrajs2_gtrate50/conflict_free_models/conflict_free_model_0/metrics.json,final_model
dfs_timeout=180s__300steps__03052026,180,1.0,03052026,PISAM,cleaned,1,2,50,235,0,2,1.0,0.9915611814345991,benchmark/data/new_experiments/blocks/dfs_timeout=180s__300steps__03052026/testing/fold1_numtrajs2_gtrate50/conflict_free_models/conflict_free_model_0/metrics.json,final_model
dfs_timeout=180s__300steps__03052026,180,1.0,03052026,PISAM,unclean,1,2,75,237,0,0,1.0,1.0,benchmark/data/new_experiments/blocks/dfs_timeout=180s__300steps__03052026/testing/fold1_numtrajs2_gtrate75/conflict_free_models/conflict_free_model_0/metrics.json,final_model
dfs_timeout=180s__300steps__03052026,180,1.0,03052026,PISAM,cleaned,1,2,75,236,0,1,1.0,0.9957805907172996,benchmark/data/new_experiments/blocks/dfs_timeout=180s__300steps__03052026/testing/fold1_numtrajs2_gtrate75/conflict_free_models/conflict_free_model_0/metrics.json,final_model
dfs_timeout=180s__300steps__03052026,180,1.0,03052026,PISAM,unclean,1,3,0,313,107,77,0.7452380952380953,0.8025641025641026,benchmark/data/new_experiments/blocks/dfs_timeout=180s__300steps__03052026/testing/fold1_numtrajs3_gtrate0/conflict_free_models/final_model/metrics.json,final_model
dfs_timeout=180s__300steps__03052026,180,1.0,03052026,PISAM,cleaned,1,3,0,321,99,69,0.7642857142857142,0.823076923076923,benchmark/data/new_experiments/blocks/dfs_timeout=180s__300steps__03052026/testing/fold1_numtrajs3_gtrate0/conflict_free_models/final_model/metrics.json,final_model
dfs_timeout=180s__300steps__03052026,180,1.0,03052026,PISAM,unclean,1,3,10,390,0,0,1.0,1.0,benchmark/data/new_experiments/blocks/dfs_timeout=180s__300steps__03052026/testing/fold1_numtrajs3_gtrate10/conflict_free_models/conflict_free_model_0/metrics.json,final_model
dfs_timeout=180s__300steps__03052026,180,1.0,03052026,PISAM,cleaned,1,3,10,382,0,8,1.0,0.9794871794871794,benchmark/data/new_experiments/blocks/dfs_timeout=180s__300steps__03052026/testing/fold1_numtrajs3_gtrate10/conflict_free_models/conflict_free_model_0/metrics.json,final_model
dfs_timeout=180s__300steps__03052026,180,1.0,03052026,PISAM,unclean,1,3,100,390,0,0,1.0,1.0,benchmark/data/new_experiments/blocks/dfs_timeout=180s__300steps__03052026/testing/fold1_numtrajs3_gtrate100/conflict_free_models/conflict_free_model_0/metrics.json,final_model
dfs_timeout=180s__300steps__03052026,180,1.0,03052026,PISAM,cleaned,1,3,100,390,0,0,1.0,1.0,benchmark/data/new_experiments/blocks/dfs_timeout=180s__300steps__03052026/testing/fold1_numtrajs3_gtrate100/conflict_free_models/conflict_free_model_0/metrics.json,final_model
dfs_timeout=180s__300steps__03052026,180,1.0,03052026,PISAM,unclean,1,3,25,390,0,0,1.0,1.0,benchmark/data/new_experiments/blocks/dfs_timeout=180s__300steps__03052026/testing/fold1_numtrajs3_gtrate25/conflict_free_models/conflict_free_model_0/metrics.json,final_model
dfs_timeout=180s__300steps__03052026,180,1.0,03052026,PISAM,cleaned,1,3,25,384,0,6,1.0,0.9846153846153847,benchmark/data/new_experiments/blocks/dfs_timeout=180s__300steps__03052026/testing/fold1_numtrajs3_gtrate25/conflict_free_models/conflict_free_model_0/metrics.json,final_model
dfs_timeout=180s__300steps__03052026,180,1.0,03052026,PISAM,unclean,1,3,50,390,0,0,1.0,1.0,benchmark/data/new_experiments/blocks/dfs_timeout=180s__300steps__03052026/testing/fold1_numtrajs3_gtrate50/conflict_free_models/conflict_free_model_0/metrics.json,final_model
dfs_timeout=180s__300steps__03052026,180,1.0,03052026,PISAM,cleaned,1,3,50,388,0,2,1.0,0.9948717948717949,benchmark/data/new_experiments/blocks/dfs_timeout=180s__300steps__03052026/testing/fold1_numtrajs3_gtrate50/conflict_free_models/conflict_free_model_0/metrics.json,final_model
dfs_timeout=180s__300steps__03052026,180,1.0,03052026,PISAM,unclean,1,3,75,390,0,0,1.0,1.0,benchmark/data/new_experiments/blocks/dfs_timeout=180s__300steps__03052026/testing/fold1_numtrajs3_gtrate75/conflict_free_models/conflict_free_model_0/metrics.json,final_model
dfs_timeout=180s__300steps__03052026,180,1.0,03052026,PISAM,cleaned,1,3,75,389,0,1,1.0,0.9974358974358974,benchmark/data/new_experiments/blocks/dfs_timeout=180s__300steps__03052026/testing/fold1_numtrajs3_gtrate75/conflict_free_models/conflict_free_model_0/metrics.json,final_model
dfs_timeout=180s__300steps__03052026,180,1.0,03052026,PISAM,unclean,1,4,0,400,116,83,0.7751937984496124,0.8281573498964804,benchmark/data/new_experiments/blocks/dfs_timeout=180s__300steps__03052026/testing/fold1_numtrajs4_gtrate0/conflict_free_models/final_model/metrics.json,final_model
dfs_timeout=180s__300steps__03052026,180,1.0,03052026,PISAM,cleaned,1,4,0,409,125,74,0.7659176029962547,0.8467908902691511,benchmark/data/new_experiments/blocks/dfs_timeout=180s__300steps__03052026/testing/fold1_numtrajs4_gtrate0/conflict_free_models/final_model/metrics.json,final_model
dfs_timeout=180s__300steps__03052026,180,1.0,03052026,PISAM,unclean,1,4,10,483,0,0,1.0,1.0,benchmark/data/new_experiments/blocks/dfs_timeout=180s__300steps__03052026/testing/fold1_numtrajs4_gtrate10/conflict_free_models/conflict_free_model_0/metrics.json,final_model
dfs_timeout=180s__300steps__03052026,180,1.0,03052026,PISAM,cleaned,1,4,10,475,0,8,1.0,0.9834368530020704,benchmark/data/new_experiments/blocks/dfs_timeout=180s__300steps__03052026/testing/fold1_numtrajs4_gtrate10/conflict_free_models/conflict_free_model_0/metrics.json,final_model
dfs_timeout=180s__300steps__03052026,180,1.0,03052026,PISAM,unclean,1,4,100,483,0,0,1.0,1.0,benchmark/data/new_experiments/blocks/dfs_timeout=180s__300steps__03052026/testing/fold1_numtrajs4_gtrate100/conflict_free_models/conflict_free_model_0/metrics.json,final_model
dfs_timeout=180s__300steps__03052026,180,1.0,03052026,PISAM,cleaned,1,4,100,483,0,0,1.0,1.0,benchmark/data/new_experiments/blocks/dfs_timeout=180s__300steps__03052026/testing/fold1_numtrajs4_gtrate100/conflict_free_models/conflict_free_model_0/metrics.json,final_model
dfs_timeout=180s__300steps__03052026,180,1.0,03052026,PISAM,unclean,1,4,25,483,0,0,1.0,1.0,benchmark/data/new_experiments/blocks/dfs_timeout=180s__300steps__03052026/testing/fold1_numtrajs4_gtrate25/conflict_free_models/conflict_free_model_0/metrics.json,final_model
dfs_timeout=180s__300steps__03052026,180,1.0,03052026,PISAM,cleaned,1,4,25,477,0,6,1.0,0.9875776397515528,benchmark/data/new_experiments/blocks/dfs_timeout=180s__300steps__03052026/testing/fold1_numtrajs4_gtrate25/conflict_free_models/conflict_free_model_0/metrics.json,final_model
dfs_timeout=180s__300steps__03052026,180,1.0,03052026,PISAM,unclean,1,4,50,483,0,0,1.0,1.0,benchmark/data/new_experiments/blocks/dfs_timeout=180s__300steps__03052026/testing/fold1_numtrajs4_gtrate50/conflict_free_models/conflict_free_model_0/metrics.json,final_model
dfs_timeout=180s__300steps__03052026,180,1.0,03052026,PISAM,cleaned,1,4,50,481,0,2,1.0,0.9958592132505176,benchmark/data/new_experiments/blocks/dfs_timeout=180s__300steps__03052026/testing/fold1_numtrajs4_gtrate50/conflict_free_models/conflict_free_model_0/metrics.json,final_model
dfs_timeout=180s__300steps__03052026,180,1.0,03052026,PISAM,unclean,1,4,75,483,0,0,1.0,1.0,benchmark/data/new_experiments/blocks/dfs_timeout=180s__300steps__03052026/testing/fold1_numtrajs4_gtrate75/conflict_free_models/conflict_free_model_0/metrics.json,final_model
dfs_timeout=180s__300steps__03052026,180,1.0,03052026,PISAM,cleaned,1,4,75,482,0,1,1.0,0.9979296066252588,benchmark/data/new_experiments/blocks/dfs_timeout=180s__300steps__03052026/testing/fold1_numtrajs4_gtrate75/conflict_free_models/conflict_free_model_0/metrics.json,final_model
dfs_timeout=180s__300steps__03052026,180,1.0,03052026,PISAM,unclean,1,5,0,486,125,87,0.795417348608838,0.8481675392670157,benchmark/data/new_experiments/blocks/dfs_timeout=180s__300steps__03052026/testing/fold1_numtrajs5_gtrate0/conflict_free_models/final_model/metrics.json,final_model
dfs_timeout=180s__300steps__03052026,180,1.0,03052026,PISAM,cleaned,1,5,0,491,135,82,0.7843450479233227,0.8568935427574171,benchmark/data/new_experiments/blocks/dfs_timeout=180s__300steps__03052026/testing/fold1_numtrajs5_gtrate0/conflict_free_models/final_model/metrics.json,final_model
dfs_timeout=180s__300steps__03052026,180,1.0,03052026,PISAM,unclean,1,5,10,573,0,0,1.0,1.0,benchmark/data/new_experiments/blocks/dfs_timeout=180s__300steps__03052026/testing/fold1_numtrajs5_gtrate10/conflict_free_models/conflict_free_model_0/metrics.json,final_model
dfs_timeout=180s__300steps__03052026,180,1.0,03052026,PISAM,cleaned,1,5,10,565,0,8,1.0,0.9860383944153578,benchmark/data/new_experiments/blocks/dfs_timeout=180s__300steps__03052026/testing/fold1_numtrajs5_gtrate10/conflict_free_models/conflict_free_model_0/metrics.json,final_model
dfs_timeout=180s__300steps__03052026,180,1.0,03052026,PISAM,unclean,1,5,100,573,0,0,1.0,1.0,benchmark/data/new_experiments/blocks/dfs_timeout=180s__300steps__03052026/testing/fold1_numtrajs5_gtrate100/conflict_free_models/conflict_free_model_0/metrics.json,final_model
dfs_timeout=180s__300steps__03052026,180,1.0,03052026,PISAM,cleaned,1,5,100,573,0,0,1.0,1.0,benchmark/data/new_experiments/blocks/dfs_timeout=180s__300steps__03052026/testing/fold1_numtrajs5_gtrate100/conflict_free_models/conflict_free_model_0/metrics.json,final_model
dfs_timeout=180s__300steps__03052026,180,1.0,03052026,PISAM,unclean,1,5,25,573,0,0,1.0,1.0,benchmark/data/new_experiments/blocks/dfs_timeout=180s__300steps__03052026/testing/fold1_numtrajs5_gtrate25/conflict_free_models/conflict_free_model_0/metrics.json,final_model
dfs_timeout=180s__300steps__03052026,180,1.0,03052026,PISAM,cleaned,1,5,25,567,0,6,1.0,0.9895287958115183,benchmark/data/new_experiments/blocks/dfs_timeout=180s__300steps__03052026/testing/fold1_numtrajs5_gtrate25/conflict_free_models/conflict_free_model_0/metrics.json,final_model
dfs_timeout=180s__300steps__03052026,180,1.0,03052026,PISAM,unclean,1,5,50,573,0,0,1.0,1.0,benchmark/data/new_experiments/blocks/dfs_timeout=180s__300steps__03052026/testing/fold1_numtrajs5_gtrate50/conflict_free_models/conflict_free_model_0/metrics.json,final_model
dfs_timeout=180s__300steps__03052026,180,1.0,03052026,PISAM,cleaned,1,5,50,571,0,2,1.0,0.9965095986038395,benchmark/data/new_experiments/blocks/dfs_timeout=180s__300steps__03052026/testing/fold1_numtrajs5_gtrate50/conflict_free_models/conflict_free_model_0/metrics.json,final_model
dfs_timeout=180s__300steps__03052026,180,1.0,03052026,PISAM,unclean,1,5,75,573,0,0,1.0,1.0,benchmark/data/new_experiments/blocks/dfs_timeout=180s__300steps__03052026/testing/fold1_numtrajs5_gtrate75/conflict_free_models/conflict_free_model_0/metrics.json,final_model
dfs_timeout=180s__300steps__03052026,180,1.0,03052026,PISAM,cleaned,1,5,75,572,0,1,1.0,0.9982547993019197,benchmark/data/new_experiments/blocks/dfs_timeout=180s__300steps__03052026/testing/fold1_numtrajs5_gtrate75/conflict_free_models/conflict_free_model_0/metrics.json,final_model
dfs_timeout=180s__300steps__03052026,180,1.0,03052026,PISAM,unclean,1,6,0,644,172,124,0.7892156862745098,0.8385416666666666,benchmark/data/new_experiments/blocks/dfs_timeout=180s__300steps__03052026/testing/fold1_numtrajs6_gtrate0/conflict_free_models/final_model/metrics.json,final_model
dfs_timeout=180s__300steps__03052026,180,1.0,03052026,PISAM,cleaned,1,6,0,646,222,122,0.7442396313364056,0.8411458333333334,benchmark/data/new_experiments/blocks/dfs_timeout=180s__300steps__03052026/testing/fold1_numtrajs6_gtrate0/conflict_free_models/final_model/metrics.json,final_model
dfs_timeout=180s__300steps__03052026,180,1.0,03052026,PISAM,unclean,1,6,10,768,0,0,1.0,1.0,benchmark/data/new_experiments/blocks/dfs_timeout=180s__300steps__03052026/testing/fold1_numtrajs6_gtrate10/conflict_free_models/conflict_free_model_0/metrics.json,final_model
dfs_timeout=180s__300steps__03052026,180,1.0,03052026,PISAM,cleaned,1,6,10,756,0,12,1.0,0.984375,benchmark/data/new_experiments/blocks/dfs_timeout=180s__300steps__03052026/testing/fold1_numtrajs6_gtrate10/conflict_free_models/conflict_free_model_0/metrics.json,final_model
dfs_timeout=180s__300steps__03052026,180,1.0,03052026,PISAM,unclean,1,6,100,768,0,0,1.0,1.0,benchmark/data/new_experiments/blocks/dfs_timeout=180s__300steps__03052026/testing/fold1_numtrajs6_gtrate100/conflict_free_models/conflict_free_model_0/metrics.json,final_model
dfs_timeout=180s__300steps__03052026,180,1.0,03052026,PISAM,cleaned,1,6,100,768,0,0,1.0,1.0,benchmark/data/new_experiments/blocks/dfs_timeout=180s__300steps__03052026/testing/fold1_numtrajs6_gtrate100/conflict_free_models/conflict_free_model_0/metrics.json,final_model
dfs_timeout=180s__300steps__03052026,180,1.0,03052026,PISAM,unclean,1,6,25,768,0,0,1.0,1.0,benchmark/data/new_experiments/blocks/dfs_timeout=180s__300steps__03052026/testing/fold1_numtrajs6_gtrate25/conflict_free_models/conflict_free_model_0/metrics.json,final_model
dfs_timeout=180s__300steps__03052026,180,1.0,03052026,PISAM,cleaned,1,6,25,760,0,8,1.0,0.9895833333333334,benchmark/data/new_experiments/blocks/dfs_timeout=180s__300steps__03052026/testing/fold1_numtrajs6_gtrate25/conflict_free_models/conflict_free_model_0/metrics.json,final_model
dfs_timeout=180s__300steps__03052026,180,1.0,03052026,PISAM,unclean,1,6,50,768,0,0,1.0,1.0,benchmark/data/new_experiments/blocks/dfs_timeout=180s__300steps__03052026/testing/fold1_numtrajs6_gtrate50/conflict_free_models/conflict_free_model_0/metrics.json,final_model
dfs_timeout=180s__300steps__03052026,180,1.0,03052026,PISAM,cleaned,1,6,50,765,0,3,1.0,0.99609375,benchmark/data/new_experiments/blocks/dfs_timeout=180s__300steps__03052026/testing/fold1_numtrajs6_gtrate50/conflict_free_models/conflict_free_model_0/metrics.json,final_model
dfs_timeout=180s__300steps__03052026,180,1.0,03052026,PISAM,unclean,1,6,75,768,0,0,1.0,1.0,benchmark/data/new_experiments/blocks/dfs_timeout=180s__300steps__03052026/testing/fold1_numtrajs6_gtrate75/conflict_free_models/conflict_free_model_0/metrics.json,final_model
dfs_timeout=180s__300steps__03052026,180,1.0,03052026,PISAM,cleaned,1,6,75,767,0,1,1.0,0.9986979166666666,benchmark/data/new_experiments/blocks/dfs_timeout=180s__300steps__03052026/testing/fold1_numtrajs6_gtrate75/conflict_free_models/conflict_free_model_0/metrics.json,final_model
dfs_timeout=180s__300steps__03052026,180,1.0,03052026,PISAM,unclean,1,7,0,696,181,132,0.7936145952109465,0.8405797101449275,benchmark/data/new_experiments/blocks/dfs_timeout=180s__300steps__03052026/testing/fold1_numtrajs7_gtrate0/conflict_free_models/final_model/metrics.json,final_model
dfs_timeout=180s__300steps__03052026,180,1.0,03052026,PISAM,cleaned,1,7,0,697,236,131,0.7470525187566989,0.8417874396135265,benchmark/data/new_experiments/blocks/dfs_timeout=180s__300steps__03052026/testing/fold1_numtrajs7_gtrate0/conflict_free_models/final_model/metrics.json,final_model
dfs_timeout=180s__300steps__03052026,180,1.0,03052026,PISAM,unclean,1,7,10,828,0,0,1.0,1.0,benchmark/data/new_experiments/blocks/dfs_timeout=180s__300steps__03052026/testing/fold1_numtrajs7_gtrate10/conflict_free_models/conflict_free_model_0/metrics.json,final_model
dfs_timeout=180s__300steps__03052026,180,1.0,03052026,PISAM,cleaned,1,7,10,816,0,12,1.0,0.9855072463768116,benchmark/data/new_experiments/blocks/dfs_timeout=180s__300steps__03052026/testing/fold1_numtrajs7_gtrate10/conflict_free_models/conflict_free_model_0/metrics.json,final_model
dfs_timeout=180s__300steps__03052026,180,1.0,03052026,PISAM,unclean,1,7,100,828,0,0,1.0,1.0,benchmark/data/new_experiments/blocks/dfs_timeout=180s__300steps__03052026/testing/fold1_numtrajs7_gtrate100/conflict_free_models/conflict_free_model_0/metrics.json,final_model
dfs_timeout=180s__300steps__03052026,180,1.0,03052026,PISAM,cleaned,1,7,100,828,0,0,1.0,1.0,benchmark/data/new_experiments/blocks/dfs_timeout=180s__300steps__03052026/testing/fold1_numtrajs7_gtrate100/conflict_free_models/conflict_free_model_0/metrics.json,final_model
dfs_timeout=180s__300steps__03052026,180,1.0,03052026,PISAM,unclean,1,7,25,828,0,0,1.0,1.0,benchmark/data/new_experiments/blocks/dfs_timeout=180s__300steps__03052026/testing/fold1_numtrajs7_gtrate25/conflict_free_models/conflict_free_model_0/metrics.json,final_model
dfs_timeout=180s__300steps__03052026,180,1.0,03052026,PISAM,cleaned,1,7,25,820,0,8,1.0,0.9903381642512077,benchmark/data/new_experiments/blocks/dfs_timeout=180s__300steps__03052026/testing/fold1_numtrajs7_gtrate25/conflict_free_models/conflict_free_model_0/metrics.json,final_model
dfs_timeout=180s__300steps__03052026,180,1.0,03052026,PISAM,unclean,1,7,50,828,0,0,1.0,1.0,benchmark/data/new_experiments/blocks/dfs_timeout=180s__300steps__03052026/testing/fold1_numtrajs7_gtrate50/conflict_free_models/conflict_free_model_0/metrics.json,final_model
dfs_timeout=180s__300steps__03052026,180,1.0,03052026,PISAM,cleaned,1,7,50,825,0,3,1.0,0.9963768115942029,benchmark/data/new_experiments/blocks/dfs_timeout=180s__300steps__03052026/testing/fold1_numtrajs7_gtrate50/conflict_free_models/conflict_free_model_0/metrics.json,final_model
dfs_timeout=180s__300steps__03052026,180,1.0,03052026,PISAM,unclean,1,7,75,828,0,0,1.0,1.0,benchmark/data/new_experiments/blocks/dfs_timeout=180s__300steps__03052026/testing/fold1_numtrajs7_gtrate75/conflict_free_models/conflict_free_model_0/metrics.json,final_model
dfs_timeout=180s__300steps__03052026,180,1.0,03052026,PISAM,cleaned,1,7,75,827,0,1,1.0,0.998792270531401,benchmark/data/new_experiments/blocks/dfs_timeout=180s__300steps__03052026/testing/fold1_numtrajs7_gtrate75/conflict_free_models/conflict_free_model_0/metrics.json,final_model
dfs_timeout=180s__300steps__03052026,180,1.0,03052026,PISAM,unclean,1,8,0,766,185,135,0.8054679284963197,0.8501664816870145,benchmark/data/new_experiments/blocks/dfs_timeout=180s__300steps__03052026/testing/fold1_numtrajs8_gtrate0/conflict_free_models/final_model/metrics.json,final_model
dfs_timeout=180s__300steps__03052026,180,1.0,03052026,PISAM,cleaned,1,8,0,767,231,134,0.7685370741482966,0.8512763596004439,benchmark/data/new_experiments/blocks/dfs_timeout=180s__300steps__03052026/testing/fold1_numtrajs8_gtrate0/conflict_free_models/final_model/metrics.json,final_model
dfs_timeout=180s__300steps__03052026,180,1.0,03052026,PISAM,unclean,1,8,10,901,0,0,1.0,1.0,benchmark/data/new_experiments/blocks/dfs_timeout=180s__300steps__03052026/testing/fold1_numtrajs8_gtrate10/conflict_free_models/conflict_free_model_0/metrics.json,final_model
dfs_timeout=180s__300steps__03052026,180,1.0,03052026,PISAM,cleaned,1,8,10,889,0,12,1.0,0.9866814650388457,benchmark/data/new_experiments/blocks/dfs_timeout=180s__300steps__03052026/testing/fold1_numtrajs8_gtrate10/conflict_free_models/conflict_free_model_0/metrics.json,final_model
dfs_timeout=180s__300steps__03052026,180,1.0,03052026,PISAM,unclean,1,8,100,901,0,0,1.0,1.0,benchmark/data/new_experiments/blocks/dfs_timeout=180s__300steps__03052026/testing/fold1_numtrajs8_gtrate100/conflict_free_models/conflict_free_model_0/metrics.json,final_model
dfs_timeout=180s__300steps__03052026,180,1.0,03052026,PISAM,cleaned,1,8,100,901,0,0,1.0,1.0,benchmark/data/new_experiments/blocks/dfs_timeout=180s__300steps__03052026/testing/fold1_numtrajs8_gtrate100/conflict_free_models/conflict_free_model_0/metrics.json,final_model
dfs_timeout=180s__300steps__03052026,180,1.0,03052026,PISAM,unclean,1,8,25,901,0,0,1.0,1.0,benchmark/data/new_experiments/blocks/dfs_timeout=180s__300steps__03052026/testing/fold1_numtrajs8_gtrate25/conflict_free_models/conflict_free_model_0/metrics.json,final_model
dfs_timeout=180s__300steps__03052026,180,1.0,03052026,PISAM,cleaned,1,8,25,893,0,8,1.0,0.9911209766925638,benchmark/data/new_experiments/blocks/dfs_timeout=180s__300steps__03052026/testing/fold1_numtrajs8_gtrate25/conflict_free_models/conflict_free_model_0/metrics.json,final_model
dfs_timeout=180s__300steps__03052026,180,1.0,03052026,PISAM,unclean,1,8,50,901,0,0,1.0,1.0,benchmark/data/new_experiments/blocks/dfs_timeout=180s__300steps__03052026/testing/fold1_numtrajs8_gtrate50/conflict_free_models/conflict_free_model_0/metrics.json,final_model
dfs_timeout=180s__300steps__03052026,180,1.0,03052026,PISAM,cleaned,1,8,50,898,0,3,1.0,0.9966703662597114,benchmark/data/new_experiments/blocks/dfs_timeout=180s__300steps__03052026/testing/fold1_numtrajs8_gtrate50/conflict_free_models/conflict_free_model_0/metrics.json,final_model
dfs_timeout=180s__300steps__03052026,180,1.0,03052026,PISAM,unclean,1,8,75,901,0,0,1.0,1.0,benchmark/data/new_experiments/blocks/dfs_timeout=180s__300steps__03052026/testing/fold1_numtrajs8_gtrate75/conflict_free_models/conflict_free_model_0/metrics.json,final_model
dfs_timeout=180s__300steps__03052026,180,1.0,03052026,PISAM,cleaned,1,8,75,900,0,1,1.0,0.9988901220865705,benchmark/data/new_experiments/blocks/dfs_timeout=180s__300steps__03052026/testing/fold1_numtrajs8_gtrate75/conflict_free_models/conflict_free_model_0/metrics.json,final_model
dfs_timeout=180s__300steps__03052026,180,1.0,03052026,PISAM,unclean,2,1,0,127,28,26,0.8193548387096774,0.8300653594771242,benchmark/data/new_experiments/blocks/dfs_timeout=180s__300steps__03052026/testing/fold2_numtrajs1_gtrate0/conflict_free_models/conflict_free_model_0/metrics.json,final_model
dfs_timeout=180s__300steps__03052026,180,1.0,03052026,PISAM,cleaned,2,1,0,102,28,51,0.7846153846153846,0.6666666666666666,benchmark/data/new_experiments/blocks/dfs_timeout=180s__300steps__03052026/testing/fold2_numtrajs1_gtrate0/conflict_free_models/conflict_free_model_0/metrics.json,final_model
dfs_timeout=180s__300steps__03052026,180,1.0,03052026,PISAM,unclean,2,1,10,153,0,0,1.0,1.0,benchmark/data/new_experiments/blocks/dfs_timeout=180s__300steps__03052026/testing/fold2_numtrajs1_gtrate10/conflict_free_models/conflict_free_model_0/metrics.json,final_model
dfs_timeout=180s__300steps__03052026,180,1.0,03052026,PISAM,cleaned,2,1,10,148,0,5,1.0,0.9673202614379085,benchmark/data/new_experiments/blocks/dfs_timeout=180s__300steps__03052026/testing/fold2_numtrajs1_gtrate10/conflict_free_models/conflict_free_model_0/metrics.json,final_model
dfs_timeout=180s__300steps__03052026,180,1.0,03052026,PISAM,unclean,2,1,100,153,0,0,1.0,1.0,benchmark/data/new_experiments/blocks/dfs_timeout=180s__300steps__03052026/testing/fold2_numtrajs1_gtrate100/conflict_free_models/conflict_free_model_0/metrics.json,final_model
dfs_timeout=180s__300steps__03052026,180,1.0,03052026,PISAM,cleaned,2,1,100,153,0,0,1.0,1.0,benchmark/data/new_experiments/blocks/dfs_timeout=180s__300steps__03052026/testing/fold2_numtrajs1_gtrate100/conflict_free_models/conflict_free_model_0/metrics.json,final_model
dfs_timeout=180s__300steps__03052026,180,1.0,03052026,PISAM,unclean,2,1,25,153,0,0,1.0,1.0,benchmark/data/new_experiments/blocks/dfs_timeout=180s__300steps__03052026/testing/fold2_numtrajs1_gtrate25/conflict_free_models/conflict_free_model_0/metrics.json,final_model
dfs_timeout=180s__300steps__03052026,180,1.0,03052026,PISAM,cleaned,2,1,25,150,0,3,1.0,0.9803921568627451,benchmark/data/new_experiments/blocks/dfs_timeout=180s__300steps__03052026/testing/fold2_numtrajs1_gtrate25/conflict_free_models/conflict_free_model_0/metrics.json,final_model
dfs_timeout=180s__300steps__03052026,180,1.0,03052026,PISAM,unclean,2,1,50,153,0,0,1.0,1.0,benchmark/data/new_experiments/blocks/dfs_timeout=180s__300steps__03052026/testing/fold2_numtrajs1_gtrate50/conflict_free_models/conflict_free_model_0/metrics.json,final_model
dfs_timeout=180s__300steps__03052026,180,1.0,03052026,PISAM,cleaned,2,1,50,153,0,0,1.0,1.0,benchmark/data/new_experiments/blocks/dfs_timeout=180s__300steps__03052026/testing/fold2_numtrajs1_gtrate50/conflict_free_models/conflict_free_model_0/metrics.json,final_model
dfs_timeout=180s__300steps__03052026,180,1.0,03052026,PISAM,unclean,2,1,75,153,0,0,1.0,1.0,benchmark/data/new_experiments/blocks/dfs_timeout=180s__300steps__03052026/testing/fold2_numtrajs1_gtrate75/conflict_free_models/conflict_free_model_0/metrics.json,final_model
dfs_timeout=180s__300steps__03052026,180,1.0,03052026,PISAM,cleaned,2,1,75,153,0,0,1.0,1.0,benchmark/data/new_experiments/blocks/dfs_timeout=180s__300steps__03052026/testing/fold2_numtrajs1_gtrate75/conflict_free_models/conflict_free_model_0/metrics.json,final_model
dfs_timeout=180s__300steps__03052026,180,1.0,03052026,PISAM,unclean,2,2,0,285,75,63,0.7916666666666666,0.8189655172413793,benchmark/data/new_experiments/blocks/dfs_timeout=180s__300steps__03052026/testing/fold2_numtrajs2_gtrate0/conflict_free_models/conflict_free_model_0/metrics.json,final_model
dfs_timeout=180s__300steps__03052026,180,1.0,03052026,PISAM,cleaned,2,2,0,279,42,69,0.8691588785046729,0.8017241379310345,benchmark/data/new_experiments/blocks/dfs_timeout=180s__300steps__03052026/testing/fold2_numtrajs2_gtrate0/conflict_free_models/conflict_free_model_0/metrics.json,final_model
dfs_timeout=180s__300steps__03052026,180,1.0,03052026,PISAM,unclean,2,2,10,348,0,0,1.0,1.0,benchmark/data/new_experiments/blocks/dfs_timeout=180s__300steps__03052026/testing/fold2_numtrajs2_gtrate10/conflict_free_models/conflict_free_model_0/metrics.json,final_model
dfs_timeout=180s__300steps__03052026,180,1.0,03052026,PISAM,cleaned,2,2,10,339,0,9,1.0,0.9741379310344828,benchmark/data/new_experiments/blocks/dfs_timeout=180s__300steps__03052026/testing/fold2_numtrajs2_gtrate10/conflict_free_models/conflict_free_model_0/metrics.json,final_model
dfs_timeout=180s__300steps__03052026,180,1.0,03052026,PISAM,unclean,2,2,100,348,0,0,1.0,1.0,benchmark/data/new_experiments/blocks/dfs_timeout=180s__300steps__03052026/testing/fold2_numtrajs2_gtrate100/conflict_free_models/conflict_free_model_0/metrics.json,final_model
dfs_timeout=180s__300steps__03052026,180,1.0,03052026,PISAM,cleaned,2,2,100,348,0,0,1.0,1.0,benchmark/data/new_experiments/blocks/dfs_timeout=180s__300steps__03052026/testing/fold2_numtrajs2_gtrate100/conflict_free_models/conflict_free_model_0/metrics.json,final_model
dfs_timeout=180s__300steps__03052026,180,1.0,03052026,PISAM,unclean,2,2,25,348,0,0,1.0,1.0,benchmark/data/new_experiments/blocks/dfs_timeout=180s__300steps__03052026/testing/fold2_numtrajs2_gtrate25/conflict_free_models/conflict_free_model_0/metrics.json,final_model
dfs_timeout=180s__300steps__03052026,180,1.0,03052026,PISAM,cleaned,2,2,25,343,0,5,1.0,0.985632183908046,benchmark/data/new_experiments/blocks/dfs_timeout=180s__300steps__03052026/testing/fold2_numtrajs2_gtrate25/conflict_free_models/conflict_free_model_0/metrics.json,final_model
dfs_timeout=180s__300steps__03052026,180,1.0,03052026,PISAM,unclean,2,2,50,348,0,0,1.0,1.0,benchmark/data/new_experiments/blocks/dfs_timeout=180s__300steps__03052026/testing/fold2_numtrajs2_gtrate50/conflict_free_models/conflict_free_model_0/metrics.json,final_model
dfs_timeout=180s__300steps__03052026,180,1.0,03052026,PISAM,cleaned,2,2,50,347,0,1,1.0,0.9971264367816092,benchmark/data/new_experiments/blocks/dfs_timeout=180s__300steps__03052026/testing/fold2_numtrajs2_gtrate50/conflict_free_models/conflict_free_model_0/metrics.json,final_model
dfs_timeout=180s__300steps__03052026,180,1.0,03052026,PISAM,unclean,2,2,75,348,0,0,1.0,1.0,benchmark/data/new_experiments/blocks/dfs_timeout=180s__300steps__03052026/testing/fold2_numtrajs2_gtrate75/conflict_free_models/conflict_free_model_0/metrics.json,final_model
dfs_timeout=180s__300steps__03052026,180,1.0,03052026,PISAM,cleaned,2,2,75,348,0,0,1.0,1.0,benchmark/data/new_experiments/blocks/dfs_timeout=180s__300steps__03052026/testing/fold2_numtrajs2_gtrate75/conflict_free_models/conflict_free_model_0/metrics.json,final_model
dfs_timeout=180s__300steps__03052026,180,1.0,03052026,PISAM,unclean,2,3,0,372,84,69,0.8157894736842105,0.8435374149659864,benchmark/data/new_experiments/blocks/dfs_timeout=180s__300steps__03052026/testing/fold2_numtrajs3_gtrate0/conflict_free_models/conflict_free_model_0/metrics.json,final_model
dfs_timeout=180s__300steps__03052026,180,1.0,03052026,PISAM,cleaned,2,3,0,346,52,95,0.8693467336683417,0.7845804988662132,benchmark/data/new_experiments/blocks/dfs_timeout=180s__300steps__03052026/testing/fold2_numtrajs3_gtrate0/conflict_free_models/conflict_free_model_0/metrics.json,final_model
dfs_timeout=180s__300steps__03052026,180,1.0,03052026,PISAM,unclean,2,3,10,441,0,0,1.0,1.0,benchmark/data/new_experiments/blocks/dfs_timeout=180s__300steps__03052026/testing/fold2_numtrajs3_gtrate10/conflict_free_models/conflict_free_model_0/metrics.json,final_model
dfs_timeout=180s__300steps__03052026,180,1.0,03052026,PISAM,cleaned,2,3,10,432,0,9,1.0,0.9795918367346939,benchmark/data/new_experiments/blocks/dfs_timeout=180s__300steps__03052026/testing/fold2_numtrajs3_gtrate10/conflict_free_models/conflict_free_model_0/metrics.json,final_model
dfs_timeout=180s__300steps__03052026,180,1.0,03052026,PISAM,unclean,2,3,100,441,0,0,1.0,1.0,benchmark/data/new_experiments/blocks/dfs_timeout=180s__300steps__03052026/testing/fold2_numtrajs3_gtrate100/conflict_free_models/conflict_free_model_0/metrics.json,final_model
dfs_timeout=180s__300steps__03052026,180,1.0,03052026,PISAM,cleaned,2,3,100,441,0,0,1.0,1.0,benchmark/data/new_experiments/blocks/dfs_timeout=180s__300steps__03052026/testing/fold2_numtrajs3_gtrate100/conflict_free_models/conflict_free_model_0/metrics.json,final_model
dfs_timeout=180s__300steps__03052026,180,1.0,03052026,PISAM,unclean,2,3,25,441,0,0,1.0,1.0,benchmark/data/new_experiments/blocks/dfs_timeout=180s__300steps__03052026/testing/fold2_numtrajs3_gtrate25/conflict_free_models/conflict_free_model_0/metrics.json,final_model
dfs_timeout=180s__300steps__03052026,180,1.0,03052026,PISAM,cleaned,2,3,25,436,0,5,1.0,0.9886621315192744,benchmark/data/new_experiments/blocks/dfs_timeout=180s__300steps__03052026/testing/fold2_numtrajs3_gtrate25/conflict_free_models/conflict_free_model_0/metrics.json,final_model
dfs_timeout=180s__300steps__03052026,180,1.0,03052026,PISAM,unclean,2,3,50,441,0,0,1.0,1.0,benchmark/data/new_experiments/blocks/dfs_timeout=180s__300steps__03052026/testing/fold2_numtrajs3_gtrate50/conflict_free_models/conflict_free_model_0/metrics.json,final_model
dfs_timeout=180s__300steps__03052026,180,1.0,03052026,PISAM,cleaned,2,3,50,440,0,1,1.0,0.9977324263038548,benchmark/data/new_experiments/blocks/dfs_timeout=180s__300steps__03052026/testing/fold2_numtrajs3_gtrate50/conflict_free_models/conflict_free_model_0/metrics.json,final_model
dfs_timeout=180s__300steps__03052026,180,1.0,03052026,PISAM,unclean,2,3,75,441,0,0,1.0,1.0,benchmark/data/new_experiments/blocks/dfs_timeout=180s__300steps__03052026/testing/fold2_numtrajs3_gtrate75/conflict_free_models/conflict_free_model_0/metrics.json,final_model
dfs_timeout=180s__300steps__03052026,180,1.0,03052026,PISAM,cleaned,2,3,75,441,0,0,1.0,1.0,benchmark/data/new_experiments/blocks/dfs_timeout=180s__300steps__03052026/testing/fold2_numtrajs3_gtrate75/conflict_free_models/conflict_free_model_0/metrics.json,final_model
dfs_timeout=180s__300steps__03052026,180,1.0,03052026,PISAM,unclean,2,4,0,419,90,77,0.8231827111984283,0.844758064516129,benchmark/data/new_experiments/blocks/dfs_timeout=180s__300steps__03052026/testing/fold2_numtrajs4_gtrate0/conflict_free_models/conflict_free_model_0/metrics.json,final_model
dfs_timeout=180s__300steps__03052026,180,1.0,03052026,PISAM,cleaned,2,4,0,392,57,104,0.8730512249443207,0.7903225806451613,benchmark/data/new_experiments/blocks/dfs_timeout=180s__300steps__03052026/testing/fold2_numtrajs4_gtrate0/conflict_free_models/conflict_free_model_0/metrics.json,final_model
dfs_timeout=180s__300steps__03052026,180,1.0,03052026,PISAM,unclean,2,4,10,496,0,0,1.0,1.0,benchmark/data/new_experiments/blocks/dfs_timeout=180s__300steps__03052026/testing/fold2_numtrajs4_gtrate10/conflict_free_models/conflict_free_model_0/metrics.json,final_model
dfs_timeout=180s__300steps__03052026,180,1.0,03052026,PISAM,cleaned,2,4,10,487,0,9,1.0,0.9818548387096774,benchmark/data/new_experiments/blocks/dfs_timeout=180s__300steps__03052026/testing/fold2_numtrajs4_gtrate10/conflict_free_models/conflict_free_model_0/metrics.json,final_model
dfs_timeout=180s__300steps__03052026,180,1.0,03052026,PISAM,unclean,2,4,100,496,0,0,1.0,1.0,benchmark/data/new_experiments/blocks/dfs_timeout=180s__300steps__03052026/testing/fold2_numtrajs4_gtrate100/conflict_free_models/conflict_free_model_0/metrics.json,final_model
dfs_timeout=180s__300steps__03052026,180,1.0,03052026,PISAM,cleaned,2,4,100,496,0,0,1.0,1.0,benchmark/data/new_experiments/blocks/dfs_timeout=180s__300steps__03052026/testing/fold2_numtrajs4_gtrate100/conflict_free_models/conflict_free_model_0/metrics.json,final_model
dfs_timeout=180s__300steps__03052026,180,1.0,03052026,PISAM,unclean,2,4,25,496,0,0,1.0,1.0,benchmark/data/new_experiments/blocks/dfs_timeout=180s__300steps__03052026/testing/fold2_numtrajs4_gtrate25/conflict_free_models/conflict_free_model_0/metrics.json,final_model
dfs_timeout=180s__300steps__03052026,180,1.0,03052026,PISAM,cleaned,2,4,25,491,0,5,1.0,0.9899193548387096,benchmark/data/new_experiments/blocks/dfs_timeout=180s__300steps__03052026/testing/fold2_numtrajs4_gtrate25/conflict_free_models/conflict_free_model_0/metrics.json,final_model
dfs_timeout=180s__300steps__03052026,180,1.0,03052026,PISAM,unclean,2,4,50,496,0,0,1.0,1.0,benchmark/data/new_experiments/blocks/dfs_timeout=180s__300steps__03052026/testing/fold2_numtrajs4_gtrate50/conflict_free_models/conflict_free_model_0/metrics.json,final_model
dfs_timeout=180s__300steps__03052026,180,1.0,03052026,PISAM,cleaned,2,4,50,495,0,1,1.0,0.9979838709677419,benchmark/data/new_experiments/blocks/dfs_timeout=180s__300steps__03052026/testing/fold2_numtrajs4_gtrate50/conflict_free_models/conflict_free_model_0/metrics.json,final_model
dfs_timeout=180s__300steps__03052026,180,1.0,03052026,PISAM,unclean,2,4,75,496,0,0,1.0,1.0,benchmark/data/new_experiments/blocks/dfs_timeout=180s__300steps__03052026/testing/fold2_numtrajs4_gtrate75/conflict_free_models/conflict_free_model_0/metrics.json,final_model
dfs_timeout=180s__300steps__03052026,180,1.0,03052026,PISAM,cleaned,2,4,75,496,0,0,1.0,1.0,benchmark/data/new_experiments/blocks/dfs_timeout=180s__300steps__03052026/testing/fold2_numtrajs4_gtrate75/conflict_free_models/conflict_free_model_0/metrics.json,final_model
dfs_timeout=180s__300steps__03052026,180,1.0,03052026,PISAM,unclean,2,5,0,483,111,92,0.8131313131313131,0.84,benchmark/data/new_experiments/blocks/dfs_timeout=180s__300steps__03052026/testing/fold2_numtrajs5_gtrate0/conflict_free_models/final_model/metrics.json,final_model
dfs_timeout=180s__300steps__03052026,180,1.0,03052026,PISAM,cleaned,2,5,0,458,131,117,0.7775891341256367,0.7965217391304348,benchmark/data/new_experiments/blocks/dfs_timeout=180s__300steps__03052026/testing/fold2_numtrajs5_gtrate0/conflict_free_models/final_model/metrics.json,final_model
dfs_timeout=180s__300steps__03052026,180,1.0,03052026,PISAM,unclean,2,5,10,575,0,0,1.0,1.0,benchmark/data/new_experiments/blocks/dfs_timeout=180s__300steps__03052026/testing/fold2_numtrajs5_gtrate10/conflict_free_models/conflict_free_model_0/metrics.json,final_model
dfs_timeout=180s__300steps__03052026,180,1.0,03052026,PISAM,cleaned,2,5,10,565,0,10,1.0,0.9826086956521739,benchmark/data/new_experiments/blocks/dfs_timeout=180s__300steps__03052026/testing/fold2_numtrajs5_gtrate10/conflict_free_models/conflict_free_model_0/metrics.json,final_model
dfs_timeout=180s__300steps__03052026,180,1.0,03052026,PISAM,unclean,2,5,100,575,0,0,1.0,1.0,benchmark/data/new_experiments/blocks/dfs_timeout=180s__300steps__03052026/testing/fold2_numtrajs5_gtrate100/conflict_free_models/conflict_free_model_0/metrics.json,final_model
dfs_timeout=180s__300steps__03052026,180,1.0,03052026,PISAM,cleaned,2,5,100,575,0,0,1.0,1.0,benchmark/data/new_experiments/blocks/dfs_timeout=180s__300steps__03052026/testing/fold2_numtrajs5_gtrate100/conflict_free_models/conflict_free_model_0/metrics.json,final_model
dfs_timeout=180s__300steps__03052026,180,1.0,03052026,PISAM,unclean,2,5,25,575,0,0,1.0,1.0,benchmark/data/new_experiments/blocks/dfs_timeout=180s__300steps__03052026/testing/fold2_numtrajs5_gtrate25/conflict_free_models/conflict_free_model_0/metrics.json,final_model
dfs_timeout=180s__300steps__03052026,180,1.0,03052026,PISAM,cleaned,2,5,25,569,0,6,1.0,0.9895652173913043,benchmark/data/new_experiments/blocks/dfs_timeout=180s__300steps__03052026/testing/fold2_numtrajs5_gtrate25/conflict_free_models/conflict_free_model_0/metrics.json,final_model
dfs_timeout=180s__300steps__03052026,180,1.0,03052026,PISAM,unclean,2,5,50,575,0,0,1.0,1.0,benchmark/data/new_experiments/blocks/dfs_timeout=180s__300steps__03052026/testing/fold2_numtrajs5_gtrate50/conflict_free_models/conflict_free_model_0/metrics.json,final_model
dfs_timeout=180s__300steps__03052026,180,1.0,03052026,PISAM,cleaned,2,5,50,573,0,2,1.0,0.9965217391304347,benchmark/data/new_experiments/blocks/dfs_timeout=180s__300steps__03052026/testing/fold2_numtrajs5_gtrate50/conflict_free_models/conflict_free_model_0/metrics.json,final_model
dfs_timeout=180s__300steps__03052026,180,1.0,03052026,PISAM,unclean,2,5,75,575,0,0,1.0,1.0,benchmark/data/new_experiments/blocks/dfs_timeout=180s__300steps__03052026/testing/fold2_numtrajs5_gtrate75/conflict_free_models/conflict_free_model_0/metrics.json,final_model
dfs_timeout=180s__300steps__03052026,180,1.0,03052026,PISAM,cleaned,2,5,75,575,0,0,1.0,1.0,benchmark/data/new_experiments/blocks/dfs_timeout=180s__300steps__03052026/testing/fold2_numtrajs5_gtrate75/conflict_free_models/conflict_free_model_0/metrics.json,final_model
dfs_timeout=180s__300steps__03052026,180,1.0,03052026,PISAM,unclean,2,6,0,535,120,100,0.816793893129771,0.84251968503937,benchmark/data/new_experiments/blocks/dfs_timeout=180s__300steps__03052026/testing/fold2_numtrajs6_gtrate0/conflict_free_models/final_model/metrics.json,final_model
dfs_timeout=180s__300steps__03052026,180,1.0,03052026,PISAM,cleaned,2,6,0,516,170,119,0.7521865889212828,0.8125984251968504,benchmark/data/new_experiments/blocks/dfs_timeout=180s__300steps__03052026/testing/fold2_numtrajs6_gtrate0/conflict_free_models/final_model/metrics.json,final_model
dfs_timeout=180s__300steps__03052026,180,1.0,03052026,PISAM,unclean,2,6,10,635,0,0,1.0,1.0,benchmark/data/new_experiments/blocks/dfs_timeout=180s__300steps__03052026/testing/fold2_numtrajs6_gtrate10/conflict_free_models/conflict_free_model_0/metrics.json,final_model
dfs_timeout=180s__300steps__03052026,180,1.0,03052026,PISAM,cleaned,2,6,10,625,0,10,1.0,0.984251968503937,benchmark/data/new_experiments/blocks/dfs_timeout=180s__300steps__03052026/testing/fold2_numtrajs6_gtrate10/conflict_free_models/conflict_free_model_0/metrics.json,final_model
dfs_timeout=180s__300steps__03052026,180,1.0,03052026,PISAM,unclean,2,6,100,635,0,0,1.0,1.0,benchmark/data/new_experiments/blocks/dfs_timeout=180s__300steps__03052026/testing/fold2_numtrajs6_gtrate100/conflict_free_models/conflict_free_model_0/metrics.json,final_model
dfs_timeout=180s__300steps__03052026,180,1.0,03052026,PISAM,cleaned,2,6,100,635,0,0,1.0,1.0,benchmark/data/new_experiments/blocks/dfs_timeout=180s__300steps__03052026/testing/fold2_numtrajs6_gtrate100/conflict_free_models/conflict_free_model_0/metrics.json,final_model
dfs_timeout=180s__300steps__03052026,180,1.0,03052026,PISAM,unclean,2,6,25,635,0,0,1.0,1.0,benchmark/data/new_experiments/blocks/dfs_timeout=180s__300steps__03052026/testing/fold2_numtrajs6_gtrate25/conflict_free_models/conflict_free_model_0/metrics.json,final_model
dfs_timeout=180s__300steps__03052026,180,1.0,03052026,PISAM,cleaned,2,6,25,629,0,6,1.0,0.9905511811023622,benchmark/data/new_experiments/blocks/dfs_timeout=180s__300steps__03052026/testing/fold2_numtrajs6_gtrate25/conflict_free_models/conflict_free_model_0/metrics.json,final_model
dfs_timeout=180s__300steps__03052026,180,1.0,03052026,PISAM,unclean,2,6,50,635,0,0,1.0,1.0,benchmark/data/new_experiments/blocks/dfs_timeout=180s__300steps__03052026/testing/fold2_numtrajs6_gtrate50/conflict_free_models/conflict_free_model_0/metrics.json,final_model
dfs_timeout=180s__300steps__03052026,180,1.0,03052026,PISAM,cleaned,2,6,50,633,0,2,1.0,0.9968503937007874,benchmark/data/new_experiments/blocks/dfs_timeout=180s__300steps__03052026/testing/fold2_numtrajs6_gtrate50/conflict_free_models/conflict_free_model_0/metrics.json,final_model
dfs_timeout=180s__300steps__03052026,180,1.0,03052026,PISAM,unclean,2,6,75,635,0,0,1.0,1.0,benchmark/data/new_experiments/blocks/dfs_timeout=180s__300steps__03052026/testing/fold2_numtrajs6_gtrate75/conflict_free_models/conflict_free_model_0/metrics.json,final_model
dfs_timeout=180s__300steps__03052026,180,1.0,03052026,PISAM,cleaned,2,6,75,635,0,0,1.0,1.0,benchmark/data/new_experiments/blocks/dfs_timeout=180s__300steps__03052026/testing/fold2_numtrajs6_gtrate75/conflict_free_models/conflict_free_model_0/metrics.json,final_model
dfs_timeout=180s__300steps__03052026,180,1.0,03052026,PISAM,unclean,2,7,0,605,124,103,0.8299039780521262,0.8545197740112994,benchmark/data/new_experiments/blocks/dfs_timeout=180s__300steps__03052026/testing/fold2_numtrajs7_gtrate0/conflict_free_models/final_model/metrics.json,final_model
dfs_timeout=180s__300steps__03052026,180,1.0,03052026,PISAM,cleaned,2,7,0,567,256,141,0.6889428918590522,0.8008474576271186,benchmark/data/new_experiments/blocks/dfs_timeout=180s__300steps__03052026/testing/fold2_numtrajs7_gtrate0/conflict_free_models/final_model/metrics.json,final_model
dfs_timeout=180s__300steps__03052026,180,1.0,03052026,PISAM,unclean,2,7,10,708,0,0,1.0,1.0,benchmark/data/new_experiments/blocks/dfs_timeout=180s__300steps__03052026/testing/fold2_numtrajs7_gtrate10/conflict_free_models/conflict_free_model_0/metrics.json,final_model
dfs_timeout=180s__300steps__03052026,180,1.0,03052026,PISAM,cleaned,2,7,10,698,0,10,1.0,0.9858757062146892,benchmark/data/new_experiments/blocks/dfs_timeout=180s__300steps__03052026/testing/fold2_numtrajs7_gtrate10/conflict_free_models/conflict_free_model_0/metrics.json,final_model
dfs_timeout=180s__300steps__03052026,180,1.0,03052026,PISAM,unclean,2,7,100,708,0,0,1.0,1.0,benchmark/data/new_experiments/blocks/dfs_timeout=180s__300steps__03052026/testing/fold2_numtrajs7_gtrate100/conflict_free_models/conflict_free_model_0/metrics.json,final_model
dfs_timeout=180s__300steps__03052026,180,1.0,03052026,PISAM,cleaned,2,7,100,708,0,0,1.0,1.0,benchmark/data/new_experiments/blocks/dfs_timeout=180s__300steps__03052026/testing/fold2_numtrajs7_gtrate100/conflict_free_models/conflict_free_model_0/metrics.json,final_model
dfs_timeout=180s__300steps__03052026,180,1.0,03052026,PISAM,unclean,2,7,25,708,0,0,1.0,1.0,benchmark/data/new_experiments/blocks/dfs_timeout=180s__300steps__03052026/testing/fold2_numtrajs7_gtrate25/conflict_free_models/conflict_free_model_0/metrics.json,final_model
dfs_timeout=180s__300steps__03052026,180,1.0,03052026,PISAM,cleaned,2,7,25,702,0,6,1.0,0.9915254237288136,benchmark/data/new_experiments/blocks/dfs_timeout=180s__300steps__03052026/testing/fold2_numtrajs7_gtrate25/conflict_free_models/conflict_free_model_0/metrics.json,final_model
dfs_timeout=180s__300steps__03052026,180,1.0,03052026,PISAM,unclean,2,7,50,708,0,0,1.0,1.0,benchmark/data/new_experiments/blocks/dfs_timeout=180s__300steps__03052026/testing/fold2_numtrajs7_gtrate50/conflict_free_models/conflict_free_model_0/metrics.json,final_model
dfs_timeout=180s__300steps__03052026,180,1.0,03052026,PISAM,cleaned,2,7,50,706,0,2,1.0,0.9971751412429378,benchmark/data/new_experiments/blocks/dfs_timeout=180s__300steps__03052026/testing/fold2_numtrajs7_gtrate50/conflict_free_models/conflict_free_model_0/metrics.json,final_model
dfs_timeout=180s__300steps__03052026,180,1.0,03052026,PISAM,unclean,2,7,75,708,0,0,1.0,1.0,benchmark/data/new_experiments/blocks/dfs_timeout=180s__300steps__03052026/testing/fold2_numtrajs7_gtrate75/conflict_free_models/conflict_free_model_0/metrics.json,final_model
dfs_timeout=180s__300steps__03052026,180,1.0,03052026,PISAM,cleaned,2,7,75,708,0,0,1.0,1.0,benchmark/data/new_experiments/blocks/dfs_timeout=180s__300steps__03052026/testing/fold2_numtrajs7_gtrate75/conflict_free_models/conflict_free_model_0/metrics.json,final_model
dfs_timeout=180s__300steps__03052026,180,1.0,03052026,PISAM,unclean,2,8,0,653,126,103,0.8382541720154044,0.8637566137566137,benchmark/data/new_experiments/blocks/dfs_timeout=180s__300steps__03052026/testing/fold2_numtrajs8_gtrate0/conflict_free_models/final_model/metrics.json,final_model
dfs_timeout=180s__300steps__03052026,180,1.0,03052026,PISAM,cleaned,2,8,0,611,262,145,0.699885452462772,0.8082010582010583,benchmark/data/new_experiments/blocks/dfs_timeout=180s__300steps__03052026/testing/fold2_numtrajs8_gtrate0/conflict_free_models/final_model/metrics.json,final_model
dfs_timeout=180s__300steps__03052026,180,1.0,03052026,PISAM,unclean,2,8,10,756,0,0,1.0,1.0,benchmark/data/new_experiments/blocks/dfs_timeout=180s__300steps__03052026/testing/fold2_numtrajs8_gtrate10/conflict_free_models/conflict_free_model_0/metrics.json,final_model
dfs_timeout=180s__300steps__03052026,180,1.0,03052026,PISAM,cleaned,2,8,10,746,0,10,1.0,0.9867724867724867,benchmark/data/new_experiments/blocks/dfs_timeout=180s__300steps__03052026/testing/fold2_numtrajs8_gtrate10/conflict_free_models/conflict_free_model_0/metrics.json,final_model
dfs_timeout=180s__300steps__03052026,180,1.0,03052026,PISAM,unclean,2,8,100,756,0,0,1.0,1.0,benchmark/data/new_experiments/blocks/dfs_timeout=180s__300steps__03052026/testing/fold2_numtrajs8_gtrate100/conflict_free_models/conflict_free_model_0/metrics.json,final_model
dfs_timeout=180s__300steps__03052026,180,1.0,03052026,PISAM,cleaned,2,8,100,756,0,0,1.0,1.0,benchmark/data/new_experiments/blocks/dfs_timeout=180s__300steps__03052026/testing/fold2_numtrajs8_gtrate100/conflict_free_models/conflict_free_model_0/metrics.json,final_model
dfs_timeout=180s__300steps__03052026,180,1.0,03052026,PISAM,unclean,2,8,25,756,0,0,1.0,1.0,benchmark/data/new_experiments/blocks/dfs_timeout=180s__300steps__03052026/testing/fold2_numtrajs8_gtrate25/conflict_free_models/conflict_free_model_0/metrics.json,final_model
dfs_timeout=180s__300steps__03052026,180,1.0,03052026,PISAM,cleaned,2,8,25,750,0,6,1.0,0.9920634920634921,benchmark/data/new_experiments/blocks/dfs_timeout=180s__300steps__03052026/testing/fold2_numtrajs8_gtrate25/conflict_free_models/conflict_free_model_0/metrics.json,final_model
dfs_timeout=180s__300steps__03052026,180,1.0,03052026,PISAM,unclean,2,8,50,756,0,0,1.0,1.0,benchmark/data/new_experiments/blocks/dfs_timeout=180s__300steps__03052026/testing/fold2_numtrajs8_gtrate50/conflict_free_models/conflict_free_model_0/metrics.json,final_model
dfs_timeout=180s__300steps__03052026,180,1.0,03052026,PISAM,cleaned,2,8,50,754,0,2,1.0,0.9973544973544973,benchmark/data/new_experiments/blocks/dfs_timeout=180s__300steps__03052026/testing/fold2_numtrajs8_gtrate50/conflict_free_models/conflict_free_model_0/metrics.json,final_model
dfs_timeout=180s__300steps__03052026,180,1.0,03052026,PISAM,unclean,2,8,75,756,0,0,1.0,1.0,benchmark/data/new_experiments/blocks/dfs_timeout=180s__300steps__03052026/testing/fold2_numtrajs8_gtrate75/conflict_free_models/conflict_free_model_0/metrics.json,final_model
dfs_timeout=180s__300steps__03052026,180,1.0,03052026,PISAM,cleaned,2,8,75,756,0,0,1.0,1.0,benchmark/data/new_experiments/blocks/dfs_timeout=180s__300steps__03052026/testing/fold2_numtrajs8_gtrate75/conflict_free_models/conflict_free_model_0/metrics.json,final_model
dfs_timeout=180s__300steps__03052026,180,1.0,03052026,PISAM,unclean,3,1,0,122,58,36,0.6777777777777778,0.7721518987341772,benchmark/data/new_experiments/blocks/dfs_timeout=180s__300steps__03052026/testing/fold3_numtrajs1_gtrate0/conflict_free_models/final_model/metrics.json,final_model
dfs_timeout=180s__300steps__03052026,180,1.0,03052026,PISAM,cleaned,3,1,0,126,39,32,0.7636363636363637,0.7974683544303798,benchmark/data/new_experiments/blocks/dfs_timeout=180s__300steps__03052026/testing/fold3_numtrajs1_gtrate0/conflict_free_models/final_model/metrics.json,final_model
dfs_timeout=180s__300steps__03052026,180,1.0,03052026,PISAM,unclean,3,1,10,158,0,0,1.0,1.0,benchmark/data/new_experiments/blocks/dfs_timeout=180s__300steps__03052026/testing/fold3_numtrajs1_gtrate10/conflict_free_models/conflict_free_model_0/metrics.json,final_model
dfs_timeout=180s__300steps__03052026,180,1.0,03052026,PISAM,cleaned,3,1,10,156,0,2,1.0,0.9873417721518988,benchmark/data/new_experiments/blocks/dfs_timeout=180s__300steps__03052026/testing/fold3_numtrajs1_gtrate10/conflict_free_models/conflict_free_model_0/metrics.json,final_model
dfs_timeout=180s__300steps__03052026,180,1.0,03052026,PISAM,unclean,3,1,100,158,0,0,1.0,1.0,benchmark/data/new_experiments/blocks/dfs_timeout=180s__300steps__03052026/testing/fold3_numtrajs1_gtrate100/conflict_free_models/conflict_free_model_0/metrics.json,final_model
dfs_timeout=180s__300steps__03052026,180,1.0,03052026,PISAM,cleaned,3,1,100,158,0,0,1.0,1.0,benchmark/data/new_experiments/blocks/dfs_timeout=180s__300steps__03052026/testing/fold3_numtrajs1_gtrate100/conflict_free_models/conflict_free_model_0/metrics.json,final_model
dfs_timeout=180s__300steps__03052026,180,1.0,03052026,PISAM,unclean,3,1,25,158,0,0,1.0,1.0,benchmark/data/new_experiments/blocks/dfs_timeout=180s__300steps__03052026/testing/fold3_numtrajs1_gtrate25/conflict_free_models/conflict_free_model_0/metrics.json,final_model
dfs_timeout=180s__300steps__03052026,180,1.0,03052026,PISAM,cleaned,3,1,25,156,0,2,1.0,0.9873417721518988,benchmark/data/new_experiments/blocks/dfs_timeout=180s__300steps__03052026/testing/fold3_numtrajs1_gtrate25/conflict_free_models/conflict_free_model_0/metrics.json,final_model
dfs_timeout=180s__300steps__03052026,180,1.0,03052026,PISAM,unclean,3,1,50,158,0,0,1.0,1.0,benchmark/data/new_experiments/blocks/dfs_timeout=180s__300steps__03052026/testing/fold3_numtrajs1_gtrate50/conflict_free_models/conflict_free_model_0/metrics.json,final_model
dfs_timeout=180s__300steps__03052026,180,1.0,03052026,PISAM,cleaned,3,1,50,157,0,1,1.0,0.9936708860759493,benchmark/data/new_experiments/blocks/dfs_timeout=180s__300steps__03052026/testing/fold3_numtrajs1_gtrate50/conflict_free_models/conflict_free_model_0/metrics.json,final_model
dfs_timeout=180s__300steps__03052026,180,1.0,03052026,PISAM,unclean,3,1,75,158,0,0,1.0,1.0,benchmark/data/new_experiments/blocks/dfs_timeout=180s__300steps__03052026/testing/fold3_numtrajs1_gtrate75/conflict_free_models/conflict_free_model_0/metrics.json,final_model
dfs_timeout=180s__300steps__03052026,180,1.0,03052026,PISAM,cleaned,3,1,75,157,0,1,1.0,0.9936708860759493,benchmark/data/new_experiments/blocks/dfs_timeout=180s__300steps__03052026/testing/fold3_numtrajs1_gtrate75/conflict_free_models/conflict_free_model_0/metrics.json,final_model
dfs_timeout=180s__300steps__03052026,180,1.0,03052026,PISAM,unclean,3,2,0,280,105,73,0.7272727272727273,0.7932011331444759,benchmark/data/new_experiments/blocks/dfs_timeout=180s__300steps__03052026/testing/fold3_numtrajs2_gtrate0/conflict_free_models/final_model/metrics.json,final_model
dfs_timeout=180s__300steps__03052026,180,1.0,03052026,PISAM,cleaned,3,2,0,287,100,66,0.7416020671834626,0.8130311614730878,benchmark/data/new_experiments/blocks/dfs_timeout=180s__300steps__03052026/testing/fold3_numtrajs2_gtrate0/conflict_free_models/final_model/metrics.json,final_model
dfs_timeout=180s__300steps__03052026,180,1.0,03052026,PISAM,unclean,3,2,10,353,0,0,1.0,1.0,benchmark/data/new_experiments/blocks/dfs_timeout=180s__300steps__03052026/testing/fold3_numtrajs2_gtrate10/conflict_free_models/conflict_free_model_0/metrics.json,final_model
dfs_timeout=180s__300steps__03052026,180,1.0,03052026,PISAM,cleaned,3,2,10,347,0,6,1.0,0.9830028328611898,benchmark/data/new_experiments/blocks/dfs_timeout=180s__300steps__03052026/testing/fold3_numtrajs2_gtrate10/conflict_free_models/conflict_free_model_0/metrics.json,final_model
dfs_timeout=180s__300steps__03052026,180,1.0,03052026,PISAM,unclean,3,2,100,353,0,0,1.0,1.0,benchmark/data/new_experiments/blocks/dfs_timeout=180s__300steps__03052026/testing/fold3_numtrajs2_gtrate100/conflict_free_models/conflict_free_model_0/metrics.json,final_model
dfs_timeout=180s__300steps__03052026,180,1.0,03052026,PISAM,cleaned,3,2,100,353,0,0,1.0,1.0,benchmark/data/new_experiments/blocks/dfs_timeout=180s__300steps__03052026/testing/fold3_numtrajs2_gtrate100/conflict_free_models/conflict_free_model_0/metrics.json,final_model
dfs_timeout=180s__300steps__03052026,180,1.0,03052026,PISAM,unclean,3,2,25,353,0,0,1.0,1.0,benchmark/data/new_experiments/blocks/dfs_timeout=180s__300steps__03052026/testing/fold3_numtrajs2_gtrate25/conflict_free_models/conflict_free_model_0/metrics.json,final_model
dfs_timeout=180s__300steps__03052026,180,1.0,03052026,PISAM,cleaned,3,2,25,349,0,4,1.0,0.9886685552407932,benchmark/data/new_experiments/blocks/dfs_timeout=180s__300steps__03052026/testing/fold3_numtrajs2_gtrate25/conflict_free_models/conflict_free_model_0/metrics.json,final_model
dfs_timeout=180s__300steps__03052026,180,1.0,03052026,PISAM,unclean,3,2,50,353,0,0,1.0,1.0,benchmark/data/new_experiments/blocks/dfs_timeout=180s__300steps__03052026/testing/fold3_numtrajs2_gtrate50/conflict_free_models/conflict_free_model_0/metrics.json,final_model
dfs_timeout=180s__300steps__03052026,180,1.0,03052026,PISAM,cleaned,3,2,50,351,0,2,1.0,0.9943342776203966,benchmark/data/new_experiments/blocks/dfs_timeout=180s__300steps__03052026/testing/fold3_numtrajs2_gtrate50/conflict_free_models/conflict_free_model_0/metrics.json,final_model
dfs_timeout=180s__300steps__03052026,180,1.0,03052026,PISAM,unclean,3,2,75,353,0,0,1.0,1.0,benchmark/data/new_experiments/blocks/dfs_timeout=180s__300steps__03052026/testing/fold3_numtrajs2_gtrate75/conflict_free_models/conflict_free_model_0/metrics.json,final_model
dfs_timeout=180s__300steps__03052026,180,1.0,03052026,PISAM,cleaned,3,2,75,352,0,1,1.0,0.9971671388101983,benchmark/data/new_experiments/blocks/dfs_timeout=180s__300steps__03052026/testing/fold3_numtrajs2_gtrate75/conflict_free_models/conflict_free_model_0/metrics.json,final_model
dfs_timeout=180s__300steps__03052026,180,1.0,03052026,PISAM,unclean,3,3,0,332,114,81,0.7443946188340808,0.8038740920096852,benchmark/data/new_experiments/blocks/dfs_timeout=180s__300steps__03052026/testing/fold3_numtrajs3_gtrate0/conflict_free_models/final_model/metrics.json,final_model
dfs_timeout=180s__300steps__03052026,180,1.0,03052026,PISAM,cleaned,3,3,0,338,122,75,0.7347826086956522,0.8184019370460048,benchmark/data/new_experiments/blocks/dfs_timeout=180s__300steps__03052026/testing/fold3_numtrajs3_gtrate0/conflict_free_models/final_model/metrics.json,final_model
dfs_timeout=180s__300steps__03052026,180,1.0,03052026,PISAM,unclean,3,3,10,413,0,0,1.0,1.0,benchmark/data/new_experiments/blocks/dfs_timeout=180s__300steps__03052026/testing/fold3_numtrajs3_gtrate10/conflict_free_models/conflict_free_model_0/metrics.json,final_model
dfs_timeout=180s__300steps__03052026,180,1.0,03052026,PISAM,cleaned,3,3,10,407,0,6,1.0,0.9854721549636803,benchmark/data/new_experiments/blocks/dfs_timeout=180s__300steps__03052026/testing/fold3_numtrajs3_gtrate10/conflict_free_models/conflict_free_model_0/metrics.json,final_model
dfs_timeout=180s__300steps__03052026,180,1.0,03052026,PISAM,unclean,3,3,100,413,0,0,1.0,1.0,benchmark/data/new_experiments/blocks/dfs_timeout=180s__300steps__03052026/testing/fold3_numtrajs3_gtrate100/conflict_free_models/conflict_free_model_0/metrics.json,final_model
dfs_timeout=180s__300steps__03052026,180,1.0,03052026,PISAM,cleaned,3,3,100,413,0,0,1.0,1.0,benchmark/data/new_experiments/blocks/dfs_timeout=180s__300steps__03052026/testing/fold3_numtrajs3_gtrate100/conflict_free_models/conflict_free_model_0/metrics.json,final_model
dfs_timeout=180s__300steps__03052026,180,1.0,03052026,PISAM,unclean,3,3,25,413,0,0,1.0,1.0,benchmark/data/new_experiments/blocks/dfs_timeout=180s__300steps__03052026/testing/fold3_numtrajs3_gtrate25/conflict_free_models/conflict_free_model_0/metrics.json,final_model
dfs_timeout=180s__300steps__03052026,180,1.0,03052026,PISAM,cleaned,3,3,25,409,0,4,1.0,0.9903147699757869,benchmark/data/new_experiments/blocks/dfs_timeout=180s__300steps__03052026/testing/fold3_numtrajs3_gtrate25/conflict_free_models/conflict_free_model_0/metrics.json,final_model
dfs_timeout=180s__300steps__03052026,180,1.0,03052026,PISAM,unclean,3,3,50,413,0,0,1.0,1.0,benchmark/data/new_experiments/blocks/dfs_timeout=180s__300steps__03052026/testing/fold3_numtrajs3_gtrate50/conflict_free_models/conflict_free_model_0/metrics.json,final_model
dfs_timeout=180s__300steps__03052026,180,1.0,03052026,PISAM,cleaned,3,3,50,411,0,2,1.0,0.9951573849878934,benchmark/data/new_experiments/blocks/dfs_timeout=180s__300steps__03052026/testing/fold3_numtrajs3_gtrate50/conflict_free_models/conflict_free_model_0/metrics.json,final_model
dfs_timeout=180s__300steps__03052026,180,1.0,03052026,PISAM,unclean,3,3,75,413,0,0,1.0,1.0,benchmark/data/new_experiments/blocks/dfs_timeout=180s__300steps__03052026/testing/fold3_numtrajs3_gtrate75/conflict_free_models/conflict_free_model_0/metrics.json,final_model
dfs_timeout=180s__300steps__03052026,180,1.0,03052026,PISAM,cleaned,3,3,75,412,0,1,1.0,0.9975786924939467,benchmark/data/new_experiments/blocks/dfs_timeout=180s__300steps__03052026/testing/fold3_numtrajs3_gtrate75/conflict_free_models/conflict_free_model_0/metrics.json,final_model
dfs_timeout=180s__300steps__03052026,180,1.0,03052026,PISAM,unclean,3,4,0,396,135,96,0.7457627118644068,0.8048780487804879,benchmark/data/new_experiments/blocks/dfs_timeout=180s__300steps__03052026/testing/fold3_numtrajs4_gtrate0/conflict_free_models/final_model/metrics.json,final_model
dfs_timeout=180s__300steps__03052026,180,1.0,03052026,PISAM,cleaned,3,4,0,412,132,80,0.7573529411764706,0.8373983739837398,benchmark/data/new_experiments/blocks/dfs_timeout=180s__300steps__03052026/testing/fold3_numtrajs4_gtrate0/conflict_free_models/final_model/metrics.json,final_model
dfs_timeout=180s__300steps__03052026,180,1.0,03052026,PISAM,unclean,3,4,10,492,0,0,1.0,1.0,benchmark/data/new_experiments/blocks/dfs_timeout=180s__300steps__03052026/testing/fold3_numtrajs4_gtrate10/conflict_free_models/conflict_free_model_0/metrics.json,final_model
dfs_timeout=180s__300steps__03052026,180,1.0,03052026,PISAM,cleaned,3,4,10,485,0,7,1.0,0.9857723577235772,benchmark/data/new_experiments/blocks/dfs_timeout=180s__300steps__03052026/testing/fold3_numtrajs4_gtrate10/conflict_free_models/conflict_free_model_0/metrics.json,final_model
dfs_timeout=180s__300steps__03052026,180,1.0,03052026,PISAM,unclean,3,4,100,492,0,0,1.0,1.0,benchmark/data/new_experiments/blocks/dfs_timeout=180s__300steps__03052026/testing/fold3_numtrajs4_gtrate100/conflict_free_models/conflict_free_model_0/metrics.json,final_model
dfs_timeout=180s__300steps__03052026,180,1.0,03052026,PISAM,cleaned,3,4,100,492,0,0,1.0,1.0,benchmark/data/new_experiments/blocks/dfs_timeout=180s__300steps__03052026/testing/fold3_numtrajs4_gtrate100/conflict_free_models/conflict_free_model_0/metrics.json,final_model
dfs_timeout=180s__300steps__03052026,180,1.0,03052026,PISAM,unclean,3,4,25,492,0,0,1.0,1.0,benchmark/data/new_experiments/blocks/dfs_timeout=180s__300steps__03052026/testing/fold3_numtrajs4_gtrate25/conflict_free_models/conflict_free_model_0/metrics.json,final_model
dfs_timeout=180s__300steps__03052026,180,1.0,03052026,PISAM,cleaned,3,4,25,487,0,5,1.0,0.9898373983739838,benchmark/data/new_experiments/blocks/dfs_timeout=180s__300steps__03052026/testing/fold3_numtrajs4_gtrate25/conflict_free_models/conflict_free_model_0/metrics.json,final_model
dfs_timeout=180s__300steps__03052026,180,1.0,03052026,PISAM,unclean,3,4,50,492,0,0,1.0,1.0,benchmark/data/new_experiments/blocks/dfs_timeout=180s__300steps__03052026/testing/fold3_numtrajs4_gtrate50/conflict_free_models/conflict_free_model_0/metrics.json,final_model
dfs_timeout=180s__300steps__03052026,180,1.0,03052026,PISAM,cleaned,3,4,50,489,0,3,1.0,0.9939024390243902,benchmark/data/new_experiments/blocks/dfs_timeout=180s__300steps__03052026/testing/fold3_numtrajs4_gtrate50/conflict_free_models/conflict_free_model_0/metrics.json,final_model
dfs_timeout=180s__300steps__03052026,180,1.0,03052026,PISAM,unclean,3,4,75,492,0,0,1.0,1.0,benchmark/data/new_experiments/blocks/dfs_timeout=180s__300steps__03052026/testing/fold3_numtrajs4_gtrate75/conflict_free_models/conflict_free_model_0/metrics.json,final_model
dfs_timeout=180s__300steps__03052026,180,1.0,03052026,PISAM,cleaned,3,4,75,491,0,1,1.0,0.9979674796747967,benchmark/data/new_experiments/blocks/dfs_timeout=180s__300steps__03052026/testing/fold3_numtrajs4_gtrate75/conflict_free_models/conflict_free_model_0/metrics.json,final_model
dfs_timeout=180s__300steps__03052026,180,1.0,03052026,PISAM,unclean,3,5,0,483,144,102,0.7703349282296651,0.8256410256410256,benchmark/data/new_experiments/blocks/dfs_timeout=180s__300steps__03052026/testing/fold3_numtrajs5_gtrate0/conflict_free_models/final_model/metrics.json,final_model
dfs_timeout=180s__300steps__03052026,180,1.0,03052026,PISAM,cleaned,3,5,0,496,152,89,0.7654320987654321,0.8478632478632478,benchmark/data/new_experiments/blocks/dfs_timeout=180s__300steps__03052026/testing/fold3_numtrajs5_gtrate0/conflict_free_models/final_model/metrics.json,final_model
dfs_timeout=180s__300steps__03052026,180,1.0,03052026,PISAM,unclean,3,5,10,585,0,0,1.0,1.0,benchmark/data/new_experiments/blocks/dfs_timeout=180s__300steps__03052026/testing/fold3_numtrajs5_gtrate10/conflict_free_models/conflict_free_model_0/metrics.json,final_model
dfs_timeout=180s__300steps__03052026,180,1.0,03052026,PISAM,cleaned,3,5,10,578,0,7,1.0,0.9880341880341881,benchmark/data/new_experiments/blocks/dfs_timeout=180s__300steps__03052026/testing/fold3_numtrajs5_gtrate10/conflict_free_models/conflict_free_model_0/metrics.json,final_model
dfs_timeout=180s__300steps__03052026,180,1.0,03052026,PISAM,unclean,3,5,100,585,0,0,1.0,1.0,benchmark/data/new_experiments/blocks/dfs_timeout=180s__300steps__03052026/testing/fold3_numtrajs5_gtrate100/conflict_free_models/conflict_free_model_0/metrics.json,final_model
dfs_timeout=180s__300steps__03052026,180,1.0,03052026,PISAM,cleaned,3,5,100,585,0,0,1.0,1.0,benchmark/data/new_experiments/blocks/dfs_timeout=180s__300steps__03052026/testing/fold3_numtrajs5_gtrate100/conflict_free_models/conflict_free_model_0/metrics.json,final_model
dfs_timeout=180s__300steps__03052026,180,1.0,03052026,PISAM,unclean,3,5,25,585,0,0,1.0,1.0,benchmark/data/new_experiments/blocks/dfs_timeout=180s__300steps__03052026/testing/fold3_numtrajs5_gtrate25/conflict_free_models/conflict_free_model_0/metrics.json,final_model
dfs_timeout=180s__300steps__03052026,180,1.0,03052026,PISAM,cleaned,3,5,25,580,0,5,1.0,0.9914529914529915,benchmark/data/new_experiments/blocks/dfs_timeout=180s__300steps__03052026/testing/fold3_numtrajs5_gtrate25/conflict_free_models/conflict_free_model_0/metrics.json,final_model
dfs_timeout=180s__300steps__03052026,180,1.0,03052026,PISAM,unclean,3,5,50,585,0,0,1.0,1.0,benchmark/data/new_experiments/blocks/dfs_timeout=180s__300steps__03052026/testing/fold3_numtrajs5_gtrate50/conflict_free_models/conflict_free_model_0/metrics.json,final_model
dfs_timeout=180s__300steps__03052026,180,1.0,03052026,PISAM,cleaned,3,5,50,582,0,3,1.0,0.9948717948717949,benchmark/data/new_experiments/blocks/dfs_timeout=180s__300steps__03052026/testing/fold3_numtrajs5_gtrate50/conflict_free_models/conflict_free_model_0/metrics.json,final_model
dfs_timeout=180s__300steps__03052026,180,1.0,03052026,PISAM,unclean,3,5,75,585,0,0,1.0,1.0,benchmark/data/new_experiments/blocks/dfs_timeout=180s__300steps__03052026/testing/fold3_numtrajs5_gtrate75/conflict_free_models/conflict_free_model_0/metrics.json,final_model
dfs_timeout=180s__300steps__03052026,180,1.0,03052026,PISAM,cleaned,3,5,75,584,0,1,1.0,0.9982905982905983,benchmark/data/new_experiments/blocks/dfs_timeout=180s__300steps__03052026/testing/fold3_numtrajs5_gtrate75/conflict_free_models/conflict_free_model_0/metrics.json,final_model
dfs_timeout=180s__300steps__03052026,180,1.0,03052026,PISAM,unclean,3,6,0,553,148,105,0.7888730385164051,0.8404255319148937,benchmark/data/new_experiments/blocks/dfs_timeout=180s__300steps__03052026/testing/fold3_numtrajs6_gtrate0/conflict_free_models/final_model/metrics.json,final_model
dfs_timeout=180s__300steps__03052026,180,1.0,03052026,PISAM,cleaned,3,6,0,564,180,94,0.7580645161290323,0.8571428571428571,benchmark/data/new_experiments/blocks/dfs_timeout=180s__300steps__03052026/testing/fold3_numtrajs6_gtrate0/conflict_free_models/final_model/metrics.json,final_model
dfs_timeout=180s__300steps__03052026,180,1.0,03052026,PISAM,unclean,3,6,10,658,0,0,1.0,1.0,benchmark/data/new_experiments/blocks/dfs_timeout=180s__300steps__03052026/testing/fold3_numtrajs6_gtrate10/conflict_free_models/conflict_free_model_0/metrics.json,final_model
dfs_timeout=180s__300steps__03052026,180,1.0,03052026,PISAM,cleaned,3,6,10,651,0,7,1.0,0.9893617021276596,benchmark/data/new_experiments/blocks/dfs_timeout=180s__300steps__03052026/testing/fold3_numtrajs6_gtrate10/conflict_free_models/conflict_free_model_0/metrics.json,final_model
dfs_timeout=180s__300steps__03052026,180,1.0,03052026,PISAM,unclean,3,6,100,658,0,0,1.0,1.0,benchmark/data/new_experiments/blocks/dfs_timeout=180s__300steps__03052026/testing/fold3_numtrajs6_gtrate100/conflict_free_models/conflict_free_model_0/metrics.json,final_model
dfs_timeout=180s__300steps__03052026,180,1.0,03052026,PISAM,cleaned,3,6,100,658,0,0,1.0,1.0,benchmark/data/new_experiments/blocks/dfs_timeout=180s__300steps__03052026/testing/fold3_numtrajs6_gtrate100/conflict_free_models/conflict_free_model_0/metrics.json,final_model
dfs_timeout=180s__300steps__03052026,180,1.0,03052026,PISAM,unclean,3,6,25,658,0,0,1.0,1.0,benchmark/data/new_experiments/blocks/dfs_timeout=180s__300steps__03052026/testing/fold3_numtrajs6_gtrate25/conflict_free_models/conflict_free_model_0/metrics.json,final_model
dfs_timeout=180s__300steps__03052026,180,1.0,03052026,PISAM,cleaned,3,6,25,653,0,5,1.0,0.9924012158054711,benchmark/data/new_experiments/blocks/dfs_timeout=180s__300steps__03052026/testing/fold3_numtrajs6_gtrate25/conflict_free_models/conflict_free_model_0/metrics.json,final_model
dfs_timeout=180s__300steps__03052026,180,1.0,03052026,PISAM,unclean,3,6,50,658,0,0,1.0,1.0,benchmark/data/new_experiments/blocks/dfs_timeout=180s__300steps__03052026/testing/fold3_numtrajs6_gtrate50/conflict_free_models/conflict_free_model_0/metrics.json,final_model
dfs_timeout=180s__300steps__03052026,180,1.0,03052026,PISAM,cleaned,3,6,50,655,0,3,1.0,0.9954407294832827,benchmark/data/new_experiments/blocks/dfs_timeout=180s__300steps__03052026/testing/fold3_numtrajs6_gtrate50/conflict_free_models/conflict_free_model_0/metrics.json,final_model
dfs_timeout=180s__300steps__03052026,180,1.0,03052026,PISAM,unclean,3,6,75,658,0,0,1.0,1.0,benchmark/data/new_experiments/blocks/dfs_timeout=180s__300steps__03052026/testing/fold3_numtrajs6_gtrate75/conflict_free_models/conflict_free_model_0/metrics.json,final_model
dfs_timeout=180s__300steps__03052026,180,1.0,03052026,PISAM,cleaned,3,6,75,657,0,1,1.0,0.9984802431610942,benchmark/data/new_experiments/blocks/dfs_timeout=180s__300steps__03052026/testing/fold3_numtrajs6_gtrate75/conflict_free_models/conflict_free_model_0/metrics.json,final_model
dfs_timeout=180s__300steps__03052026,180,1.0,03052026,PISAM,unclean,3,7,0,680,176,131,0.794392523364486,0.8384710234278668,benchmark/data/new_experiments/blocks/dfs_timeout=180s__300steps__03052026/testing/fold3_numtrajs7_gtrate0/conflict_free_models/final_model/metrics.json,final_model
dfs_timeout=180s__300steps__03052026,180,1.0,03052026,PISAM,cleaned,3,7,0,671,218,140,0.7547806524184477,0.8273736128236745,benchmark/data/new_experiments/blocks/dfs_timeout=180s__300steps__03052026/testing/fold3_numtrajs7_gtrate0/conflict_free_models/final_model/metrics.json,final_model
dfs_timeout=180s__300steps__03052026,180,1.0,03052026,PISAM,unclean,3,7,10,811,0,0,1.0,1.0,benchmark/data/new_experiments/blocks/dfs_timeout=180s__300steps__03052026/testing/fold3_numtrajs7_gtrate10/conflict_free_models/conflict_free_model_0/metrics.json,final_model
dfs_timeout=180s__300steps__03052026,180,1.0,03052026,PISAM,cleaned,3,7,10,799,0,12,1.0,0.9852034525277436,benchmark/data/new_experiments/blocks/dfs_timeout=180s__300steps__03052026/testing/fold3_numtrajs7_gtrate10/conflict_free_models/conflict_free_model_0/metrics.json,final_model
dfs_timeout=180s__300steps__03052026,180,1.0,03052026,PISAM,unclean,3,7,100,811,0,0,1.0,1.0,benchmark/data/new_experiments/blocks/dfs_timeout=180s__300steps__03052026/testing/fold3_numtrajs7_gtrate100/conflict_free_models/conflict_free_model_0/metrics.json,final_model
dfs_timeout=180s__300steps__03052026,180,1.0,03052026,PISAM,cleaned,3,7,100,811,0,0,1.0,1.0,benchmark/data/new_experiments/blocks/dfs_timeout=180s__300steps__03052026/testing/fold3_numtrajs7_gtrate100/conflict_free_models/conflict_free_model_0/metrics.json,final_model
dfs_timeout=180s__300steps__03052026,180,1.0,03052026,PISAM,unclean,3,7,25,811,0,0,1.0,1.0,benchmark/data/new_experiments/blocks/dfs_timeout=180s__300steps__03052026/testing/fold3_numtrajs7_gtrate25/conflict_free_models/conflict_free_model_0/metrics.json,final_model
dfs_timeout=180s__300steps__03052026,180,1.0,03052026,PISAM,cleaned,3,7,25,803,0,8,1.0,0.9901356350184957,benchmark/data/new_experiments/blocks/dfs_timeout=180s__300steps__03052026/testing/fold3_numtrajs7_gtrate25/conflict_free_models/conflict_free_model_0/metrics.json,final_model
dfs_timeout=180s__300steps__03052026,180,1.0,03052026,PISAM,unclean,3,7,50,811,0,0,1.0,1.0,benchmark/data/new_experiments/blocks/dfs_timeout=180s__300steps__03052026/testing/fold3_numtrajs7_gtrate50/conflict_free_models/conflict_free_model_0/metrics.json,final_model
dfs_timeout=180s__300steps__03052026,180,1.0,03052026,PISAM,cleaned,3,7,50,808,0,3,1.0,0.9963008631319359,benchmark/data/new_experiments/blocks/dfs_timeout=180s__300steps__03052026/testing/fold3_numtrajs7_gtrate50/conflict_free_models/conflict_free_model_0/metrics.json,final_model
dfs_timeout=180s__300steps__03052026,180,1.0,03052026,PISAM,unclean,3,7,75,811,0,0,1.0,1.0,benchmark/data/new_experiments/blocks/dfs_timeout=180s__300steps__03052026/testing/fold3_numtrajs7_gtrate75/conflict_free_models/conflict_free_model_0/metrics.json,final_model
dfs_timeout=180s__300steps__03052026,180,1.0,03052026,PISAM,cleaned,3,7,75,810,0,1,1.0,0.998766954377312,benchmark/data/new_experiments/blocks/dfs_timeout=180s__300steps__03052026/testing/fold3_numtrajs7_gtrate75/conflict_free_models/conflict_free_model_0/metrics.json,final_model
dfs_timeout=180s__300steps__03052026,180,1.0,03052026,PISAM,unclean,3,8,0,728,178,131,0.8035320088300221,0.8474970896391153,benchmark/data/new_experiments/blocks/dfs_timeout=180s__300steps__03052026/testing/fold3_numtrajs8_gtrate0/conflict_free_models/final_model/metrics.json,final_model
dfs_timeout=180s__300steps__03052026,180,1.0,03052026,PISAM,cleaned,3,8,0,725,233,134,0.7567849686847599,0.8440046565774156,benchmark/data/new_experiments/blocks/dfs_timeout=180s__300steps__03052026/testing/fold3_numtrajs8_gtrate0/conflict_free_models/final_model/metrics.json,final_model
dfs_timeout=180s__300steps__03052026,180,1.0,03052026,PISAM,unclean,3,8,10,859,0,0,1.0,1.0,benchmark/data/new_experiments/blocks/dfs_timeout=180s__300steps__03052026/testing/fold3_numtrajs8_gtrate10/conflict_free_models/conflict_free_model_0/metrics.json,final_model
dfs_timeout=180s__300steps__03052026,180,1.0,03052026,PISAM,cleaned,3,8,10,847,0,12,1.0,0.9860302677532014,benchmark/data/new_experiments/blocks/dfs_timeout=180s__300steps__03052026/testing/fold3_numtrajs8_gtrate10/conflict_free_models/conflict_free_model_0/metrics.json,final_model
dfs_timeout=180s__300steps__03052026,180,1.0,03052026,PISAM,unclean,3,8,100,859,0,0,1.0,1.0,benchmark/data/new_experiments/blocks/dfs_timeout=180s__300steps__03052026/testing/fold3_numtrajs8_gtrate100/conflict_free_models/conflict_free_model_0/metrics.json,final_model
dfs_timeout=180s__300steps__03052026,180,1.0,03052026,PISAM,cleaned,3,8,100,859,0,0,1.0,1.0,benchmark/data/new_experiments/blocks/dfs_timeout=180s__300steps__03052026/testing/fold3_numtrajs8_gtrate100/conflict_free_models/conflict_free_model_0/metrics.json,final_model
dfs_timeout=180s__300steps__03052026,180,1.0,03052026,PISAM,unclean,3,8,25,859,0,0,1.0,1.0,benchmark/data/new_experiments/blocks/dfs_timeout=180s__300steps__03052026/testing/fold3_numtrajs8_gtrate25/conflict_free_models/conflict_free_model_0/metrics.json,final_model
dfs_timeout=180s__300steps__03052026,180,1.0,03052026,PISAM,cleaned,3,8,25,851,0,8,1.0,0.9906868451688009,benchmark/data/new_experiments/blocks/dfs_timeout=180s__300steps__03052026/testing/fold3_numtrajs8_gtrate25/conflict_free_models/conflict_free_model_0/metrics.json,final_model
dfs_timeout=180s__300steps__03052026,180,1.0,03052026,PISAM,unclean,3,8,50,859,0,0,1.0,1.0,benchmark/data/new_experiments/blocks/dfs_timeout=180s__300steps__03052026/testing/fold3_numtrajs8_gtrate50/conflict_free_models/conflict_free_model_0/metrics.json,final_model
dfs_timeout=180s__300steps__03052026,180,1.0,03052026,PISAM,cleaned,3,8,50,856,0,3,1.0,0.9965075669383003,benchmark/data/new_experiments/blocks/dfs_timeout=180s__300steps__03052026/testing/fold3_numtrajs8_gtrate50/conflict_free_models/conflict_free_model_0/metrics.json,final_model
dfs_timeout=180s__300steps__03052026,180,1.0,03052026,PISAM,unclean,3,8,75,859,0,0,1.0,1.0,benchmark/data/new_experiments/blocks/dfs_timeout=180s__300steps__03052026/testing/fold3_numtrajs8_gtrate75/conflict_free_models/conflict_free_model_0/metrics.json,final_model
dfs_timeout=180s__300steps__03052026,180,1.0,03052026,PISAM,cleaned,3,8,75,858,0,1,1.0,0.9988358556461001,benchmark/data/new_experiments/blocks/dfs_timeout=180s__300steps__03052026/testing/fold3_numtrajs8_gtrate75/conflict_free_models/conflict_free_model_0/metrics.json,final_model
dfs_timeout=180s__300steps__03052026,180,1.0,03052026,PISAM,unclean,4,1,0,127,28,26,0.8193548387096774,0.8300653594771242,benchmark/data/new_experiments/blocks/dfs_timeout=180s__300steps__03052026/testing/fold4_numtrajs1_gtrate0/conflict_free_models/conflict_free_model_0/metrics.json,final_model
dfs_timeout=180s__300steps__03052026,180,1.0,03052026,PISAM,cleaned,4,1,0,102,28,51,0.7846153846153846,0.6666666666666666,benchmark/data/new_experiments/blocks/dfs_timeout=180s__300steps__03052026/testing/fold4_numtrajs1_gtrate0/conflict_free_models/conflict_free_model_0/metrics.json,final_model
dfs_timeout=180s__300steps__03052026,180,1.0,03052026,PISAM,unclean,4,1,10,153,0,0,1.0,1.0,benchmark/data/new_experiments/blocks/dfs_timeout=180s__300steps__03052026/testing/fold4_numtrajs1_gtrate10/conflict_free_models/conflict_free_model_0/metrics.json,final_model
dfs_timeout=180s__300steps__03052026,180,1.0,03052026,PISAM,cleaned,4,1,10,148,0,5,1.0,0.9673202614379085,benchmark/data/new_experiments/blocks/dfs_timeout=180s__300steps__03052026/testing/fold4_numtrajs1_gtrate10/conflict_free_models/conflict_free_model_0/metrics.json,final_model
dfs_timeout=180s__300steps__03052026,180,1.0,03052026,PISAM,unclean,4,1,100,153,0,0,1.0,1.0,benchmark/data/new_experiments/blocks/dfs_timeout=180s__300steps__03052026/testing/fold4_numtrajs1_gtrate100/conflict_free_models/conflict_free_model_0/metrics.json,final_model
dfs_timeout=180s__300steps__03052026,180,1.0,03052026,PISAM,cleaned,4,1,100,153,0,0,1.0,1.0,benchmark/data/new_experiments/blocks/dfs_timeout=180s__300steps__03052026/testing/fold4_numtrajs1_gtrate100/conflict_free_models/conflict_free_model_0/metrics.json,final_model
dfs_timeout=180s__300steps__03052026,180,1.0,03052026,PISAM,unclean,4,1,25,153,0,0,1.0,1.0,benchmark/data/new_experiments/blocks/dfs_timeout=180s__300steps__03052026/testing/fold4_numtrajs1_gtrate25/conflict_free_models/conflict_free_model_0/metrics.json,final_model
dfs_timeout=180s__300steps__03052026,180,1.0,03052026,PISAM,cleaned,4,1,25,150,0,3,1.0,0.9803921568627451,benchmark/data/new_experiments/blocks/dfs_timeout=180s__300steps__03052026/testing/fold4_numtrajs1_gtrate25/conflict_free_models/conflict_free_model_0/metrics.json,final_model
dfs_timeout=180s__300steps__03052026,180,1.0,03052026,PISAM,unclean,4,1,50,153,0,0,1.0,1.0,benchmark/data/new_experiments/blocks/dfs_timeout=180s__300steps__03052026/testing/fold4_numtrajs1_gtrate50/conflict_free_models/conflict_free_model_0/metrics.json,final_model
dfs_timeout=180s__300steps__03052026,180,1.0,03052026,PISAM,cleaned,4,1,50,153,0,0,1.0,1.0,benchmark/data/new_experiments/blocks/dfs_timeout=180s__300steps__03052026/testing/fold4_numtrajs1_gtrate50/conflict_free_models/conflict_free_model_0/metrics.json,final_model
dfs_timeout=180s__300steps__03052026,180,1.0,03052026,PISAM,unclean,4,1,75,153,0,0,1.0,1.0,benchmark/data/new_experiments/blocks/dfs_timeout=180s__300steps__03052026/testing/fold4_numtrajs1_gtrate75/conflict_free_models/conflict_free_model_0/metrics.json,final_model
dfs_timeout=180s__300steps__03052026,180,1.0,03052026,PISAM,cleaned,4,1,75,153,0,0,1.0,1.0,benchmark/data/new_experiments/blocks/dfs_timeout=180s__300steps__03052026/testing/fold4_numtrajs1_gtrate75/conflict_free_models/conflict_free_model_0/metrics.json,final_model
dfs_timeout=180s__300steps__03052026,180,1.0,03052026,PISAM,unclean,4,2,0,191,49,41,0.7958333333333333,0.8232758620689655,benchmark/data/new_experiments/blocks/dfs_timeout=180s__300steps__03052026/testing/fold4_numtrajs2_gtrate0/conflict_free_models/final_model/metrics.json,final_model
dfs_timeout=180s__300steps__03052026,180,1.0,03052026,PISAM,cleaned,4,2,0,168,83,64,0.6693227091633466,0.7241379310344828,benchmark/data/new_experiments/blocks/dfs_timeout=180s__300steps__03052026/testing/fold4_numtrajs2_gtrate0/conflict_free_models/final_model/metrics.json,final_model
dfs_timeout=180s__300steps__03052026,180,1.0,03052026,PISAM,unclean,4,2,10,232,0,0,1.0,1.0,benchmark/data/new_experiments/blocks/dfs_timeout=180s__300steps__03052026/testing/fold4_numtrajs2_gtrate10/conflict_free_models/conflict_free_model_0/metrics.json,final_model
dfs_timeout=180s__300steps__03052026,180,1.0,03052026,PISAM,cleaned,4,2,10,226,0,6,1.0,0.9741379310344828,benchmark/data/new_experiments/blocks/dfs_timeout=180s__300steps__03052026/testing/fold4_numtrajs2_gtrate10/conflict_free_models/conflict_free_model_0/metrics.json,final_model
dfs_timeout=180s__300steps__03052026,180,1.0,03052026,PISAM,unclean,4,2,100,232,0,0,1.0,1.0,benchmark/data/new_experiments/blocks/dfs_timeout=180s__300steps__03052026/testing/fold4_numtrajs2_gtrate100/conflict_free_models/conflict_free_model_0/metrics.json,final_model
dfs_timeout=180s__300steps__03052026,180,1.0,03052026,PISAM,cleaned,4,2,100,232,0,0,1.0,1.0,benchmark/data/new_experiments/blocks/dfs_timeout=180s__300steps__03052026/testing/fold4_numtrajs2_gtrate100/conflict_free_models/conflict_free_model_0/metrics.json,final_model
dfs_timeout=180s__300steps__03052026,180,1.0,03052026,PISAM,unclean,4,2,25,232,0,0,1.0,1.0,benchmark/data/new_experiments/blocks/dfs_timeout=180s__300steps__03052026/testing/fold4_numtrajs2_gtrate25/conflict_free_models/conflict_free_model_0/metrics.json,final_model
dfs_timeout=180s__300steps__03052026,180,1.0,03052026,PISAM,cleaned,4,2,25,228,0,4,1.0,0.9827586206896551,benchmark/data/new_experiments/blocks/dfs_timeout=180s__300steps__03052026/testing/fold4_numtrajs2_gtrate25/conflict_free_models/conflict_free_model_0/metrics.json,final_model
dfs_timeout=180s__300steps__03052026,180,1.0,03052026,PISAM,unclean,4,2,50,232,0,0,1.0,1.0,benchmark/data/new_experiments/blocks/dfs_timeout=180s__300steps__03052026/testing/fold4_numtrajs2_gtrate50/conflict_free_models/conflict_free_model_0/metrics.json,final_model
dfs_timeout=180s__300steps__03052026,180,1.0,03052026,PISAM,cleaned,4,2,50,231,0,1,1.0,0.9956896551724138,benchmark/data/new_experiments/blocks/dfs_timeout=180s__300steps__03052026/testing/fold4_numtrajs2_gtrate50/conflict_free_models/conflict_free_model_0/metrics.json,final_model
dfs_timeout=180s__300steps__03052026,180,1.0,03052026,PISAM,unclean,4,2,75,232,0,0,1.0,1.0,benchmark/data/new_experiments/blocks/dfs_timeout=180s__300steps__03052026/testing/fold4_numtrajs2_gtrate75/conflict_free_models/conflict_free_model_0/metrics.json,final_model
dfs_timeout=180s__300steps__03052026,180,1.0,03052026,PISAM,cleaned,4,2,75,232,0,0,1.0,1.0,benchmark/data/new_experiments/blocks/dfs_timeout=180s__300steps__03052026/testing/fold4_numtrajs2_gtrate75/conflict_free_models/conflict_free_model_0/metrics.json,final_model
dfs_timeout=180s__300steps__03052026,180,1.0,03052026,PISAM,unclean,4,3,0,261,53,44,0.8312101910828026,0.8557377049180328,benchmark/data/new_experiments/blocks/dfs_timeout=180s__300steps__03052026/testing/fold4_numtrajs3_gtrate0/conflict_free_models/final_model/metrics.json,final_model
dfs_timeout=180s__300steps__03052026,180,1.0,03052026,PISAM,cleaned,4,3,0,235,104,70,0.6932153392330384,0.7704918032786885,benchmark/data/new_experiments/blocks/dfs_timeout=180s__300steps__03052026/testing/fold4_numtrajs3_gtrate0/conflict_free_models/final_model/metrics.json,final_model
dfs_timeout=180s__300steps__03052026,180,1.0,03052026,PISAM,unclean,4,3,10,305,0,0,1.0,1.0,benchmark/data/new_experiments/blocks/dfs_timeout=180s__300steps__03052026/testing/fold4_numtrajs3_gtrate10/conflict_free_models/conflict_free_model_0/metrics.json,final_model
dfs_timeout=180s__300steps__03052026,180,1.0,03052026,PISAM,cleaned,4,3,10,299,0,6,1.0,0.980327868852459,benchmark/data/new_experiments/blocks/dfs_timeout=180s__300steps__03052026/testing/fold4_numtrajs3_gtrate10/conflict_free_models/conflict_free_model_0/metrics.json,final_model
dfs_timeout=180s__300steps__03052026,180,1.0,03052026,PISAM,unclean,4,3,100,305,0,0,1.0,1.0,benchmark/data/new_experiments/blocks/dfs_timeout=180s__300steps__03052026/testing/fold4_numtrajs3_gtrate100/conflict_free_models/conflict_free_model_0/metrics.json,final_model
dfs_timeout=180s__300steps__03052026,180,1.0,03052026,PISAM,cleaned,4,3,100,305,0,0,1.0,1.0,benchmark/data/new_experiments/blocks/dfs_timeout=180s__300steps__03052026/testing/fold4_numtrajs3_gtrate100/conflict_free_models/conflict_free_model_0/metrics.json,final_model
dfs_timeout=180s__300steps__03052026,180,1.0,03052026,PISAM,unclean,4,3,25,305,0,0,1.0,1.0,benchmark/data/new_experiments/blocks/dfs_timeout=180s__300steps__03052026/testing/fold4_numtrajs3_gtrate25/conflict_free_models/conflict_free_model_0/metrics.json,final_model
dfs_timeout=180s__300steps__03052026,180,1.0,03052026,PISAM,cleaned,4,3,25,301,0,4,1.0,0.9868852459016394,benchmark/data/new_experiments/blocks/dfs_timeout=180s__300steps__03052026/testing/fold4_numtrajs3_gtrate25/conflict_free_models/conflict_free_model_0/metrics.json,final_model
dfs_timeout=180s__300steps__03052026,180,1.0,03052026,PISAM,unclean,4,3,50,305,0,0,1.0,1.0,benchmark/data/new_experiments/blocks/dfs_timeout=180s__300steps__03052026/testing/fold4_numtrajs3_gtrate50/conflict_free_models/conflict_free_model_0/metrics.json,final_model
dfs_timeout=180s__300steps__03052026,180,1.0,03052026,PISAM,cleaned,4,3,50,304,0,1,1.0,0.9967213114754099,benchmark/data/new_experiments/blocks/dfs_timeout=180s__300steps__03052026/testing/fold4_numtrajs3_gtrate50/conflict_free_models/conflict_free_model_0/metrics.json,final_model
dfs_timeout=180s__300steps__03052026,180,1.0,03052026,PISAM,unclean,4,3,75,305,0,0,1.0,1.0,benchmark/data/new_experiments/blocks/dfs_timeout=180s__300steps__03052026/testing/fold4_numtrajs3_gtrate75/conflict_free_models/conflict_free_model_0/metrics.json,final_model
dfs_timeout=180s__300steps__03052026,180,1.0,03052026,PISAM,cleaned,4,3,75,305,0,0,1.0,1.0,benchmark/data/new_experiments/blocks/dfs_timeout=180s__300steps__03052026/testing/fold4_numtrajs3_gtrate75/conflict_free_models/conflict_free_model_0/metrics.json,final_model
dfs_timeout=180s__300steps__03052026,180,1.0,03052026,PISAM,unclean,4,4,0,419,100,81,0.8073217726396917,0.838,benchmark/data/new_experiments/blocks/dfs_timeout=180s__300steps__03052026/testing/fold4_numtrajs4_gtrate0/conflict_free_models/final_model/metrics.json,final_model
dfs_timeout=180s__300steps__03052026,180,1.0,03052026,PISAM,cleaned,4,4,0,357,112,143,0.7611940298507462,0.714,benchmark/data/new_experiments/blocks/dfs_timeout=180s__300steps__03052026/testing/fold4_numtrajs4_gtrate0/conflict_free_models/final_model/metrics.json,final_model
dfs_timeout=180s__300steps__03052026,180,1.0,03052026,PISAM,unclean,4,4,10,500,0,0,1.0,1.0,benchmark/data/new_experiments/blocks/dfs_timeout=180s__300steps__03052026/testing/fold4_numtrajs4_gtrate10/conflict_free_models/conflict_free_model_0/metrics.json,final_model
dfs_timeout=180s__300steps__03052026,180,1.0,03052026,PISAM,cleaned,4,4,10,490,0,10,1.0,0.98,benchmark/data/new_experiments/blocks/dfs_timeout=180s__300steps__03052026/testing/fold4_numtrajs4_gtrate10/conflict_free_models/conflict_free_model_0/metrics.json,final_model
dfs_timeout=180s__300steps__03052026,180,1.0,03052026,PISAM,unclean,4,4,100,500,0,0,1.0,1.0,benchmark/data/new_experiments/blocks/dfs_timeout=180s__300steps__03052026/testing/fold4_numtrajs4_gtrate100/conflict_free_models/conflict_free_model_0/metrics.json,final_model
dfs_timeout=180s__300steps__03052026,180,1.0,03052026,PISAM,cleaned,4,4,100,500,0,0,1.0,1.0,benchmark/data/new_experiments/blocks/dfs_timeout=180s__300steps__03052026/testing/fold4_numtrajs4_gtrate100/conflict_free_models/conflict_free_model_0/metrics.json,final_model
dfs_timeout=180s__300steps__03052026,180,1.0,03052026,PISAM,unclean,4,4,25,500,0,0,1.0,1.0,benchmark/data/new_experiments/blocks/dfs_timeout=180s__300steps__03052026/testing/fold4_numtrajs4_gtrate25/conflict_free_models/conflict_free_model_0/metrics.json,final_model
dfs_timeout=180s__300steps__03052026,180,1.0,03052026,PISAM,cleaned,4,4,25,494,0,6,1.0,0.988,benchmark/data/new_experiments/blocks/dfs_timeout=180s__300steps__03052026/testing/fold4_numtrajs4_gtrate25/conflict_free_models/conflict_free_model_0/metrics.json,final_model
dfs_timeout=180s__300steps__03052026,180,1.0,03052026,PISAM,unclean,4,4,50,500,0,0,1.0,1.0,benchmark/data/new_experiments/blocks/dfs_timeout=180s__300steps__03052026/testing/fold4_numtrajs4_gtrate50/conflict_free_models/conflict_free_model_0/metrics.json,final_model
dfs_timeout=180s__300steps__03052026,180,1.0,03052026,PISAM,cleaned,4,4,50,498,0,2,1.0,0.996,benchmark/data/new_experiments/blocks/dfs_timeout=180s__300steps__03052026/testing/fold4_numtrajs4_gtrate50/conflict_free_models/conflict_free_model_0/metrics.json,final_model
dfs_timeout=180s__300steps__03052026,180,1.0,03052026,PISAM,unclean,4,4,75,500,0,0,1.0,1.0,benchmark/data/new_experiments/blocks/dfs_timeout=180s__300steps__03052026/testing/fold4_numtrajs4_gtrate75/conflict_free_models/conflict_free_model_0/metrics.json,final_model
dfs_timeout=180s__300steps__03052026,180,1.0,03052026,PISAM,cleaned,4,4,75,500,0,0,1.0,1.0,benchmark/data/new_experiments/blocks/dfs_timeout=180s__300steps__03052026/testing/fold4_numtrajs4_gtrate75/conflict_free_models/conflict_free_model_0/metrics.json,final_model
dfs_timeout=180s__300steps__03052026,180,1.0,03052026,PISAM,unclean,4,5,0,467,102,81,0.820738137082601,0.8521897810218978,benchmark/data/new_experiments/blocks/dfs_timeout=180s__300steps__03052026/testing/fold4_numtrajs5_gtrate0/conflict_free_models/final_model/metrics.json,final_model
dfs_timeout=180s__300steps__03052026,180,1.0,03052026,PISAM,cleaned,4,5,0,388,166,160,0.7003610108303249,0.708029197080292,benchmark/data/new_experiments/blocks/dfs_timeout=180s__300steps__03052026/testing/fold4_numtrajs5_gtrate0/conflict_free_models/final_model/metrics.json,final_model
dfs_timeout=180s__300steps__03052026,180,1.0,03052026,PISAM,unclean,4,5,10,548,0,0,1.0,1.0,benchmark/data/new_experiments/blocks/dfs_timeout=180s__300steps__03052026/testing/fold4_numtrajs5_gtrate10/conflict_free_models/conflict_free_model_0/metrics.json,final_model
dfs_timeout=180s__300steps__03052026,180,1.0,03052026,PISAM,cleaned,4,5,10,538,0,10,1.0,0.9817518248175182,benchmark/data/new_experiments/blocks/dfs_timeout=180s__300steps__03052026/testing/fold4_numtrajs5_gtrate10/conflict_free_models/conflict_free_model_0/metrics.json,final_model
dfs_timeout=180s__300steps__03052026,180,1.0,03052026,PISAM,unclean,4,5,100,548,0,0,1.0,1.0,benchmark/data/new_experiments/blocks/dfs_timeout=180s__300steps__03052026/testing/fold4_numtrajs5_gtrate100/conflict_free_models/conflict_free_model_0/metrics.json,final_model
dfs_timeout=180s__300steps__03052026,180,1.0,03052026,PISAM,cleaned,4,5,100,548,0,0,1.0,1.0,benchmark/data/new_experiments/blocks/dfs_timeout=180s__300steps__03052026/testing/fold4_numtrajs5_gtrate100/conflict_free_models/conflict_free_model_0/metrics.json,final_model
dfs_timeout=180s__300steps__03052026,180,1.0,03052026,PISAM,unclean,4,5,25,548,0,0,1.0,1.0,benchmark/data/new_experiments/blocks/dfs_timeout=180s__300steps__03052026/testing/fold4_numtrajs5_gtrate25/conflict_free_models/conflict_free_model_0/metrics.json,final_model
dfs_timeout=180s__300steps__03052026,180,1.0,03052026,PISAM,cleaned,4,5,25,542,0,6,1.0,0.9890510948905109,benchmark/data/new_experiments/blocks/dfs_timeout=180s__300steps__03052026/testing/fold4_numtrajs5_gtrate25/conflict_free_models/conflict_free_model_0/metrics.json,final_model
dfs_timeout=180s__300steps__03052026,180,1.0,03052026,PISAM,unclean,4,5,50,548,0,0,1.0,1.0,benchmark/data/new_experiments/blocks/dfs_timeout=180s__300steps__03052026/testing/fold4_numtrajs5_gtrate50/conflict_free_models/conflict_free_model_0/metrics.json,final_model
dfs_timeout=180s__300steps__03052026,180,1.0,03052026,PISAM,cleaned,4,5,50,546,0,2,1.0,0.9963503649635036,benchmark/data/new_experiments/blocks/dfs_timeout=180s__300steps__03052026/testing/fold4_numtrajs5_gtrate50/conflict_free_models/conflict_free_model_0/metrics.json,final_model
dfs_timeout=180s__300steps__03052026,180,1.0,03052026,PISAM,unclean,4,5,75,548,0,0,1.0,1.0,benchmark/data/new_experiments/blocks/dfs_timeout=180s__300steps__03052026/testing/fold4_numtrajs5_gtrate75/conflict_free_models/conflict_free_model_0/metrics.json,final_model
dfs_timeout=180s__300steps__03052026,180,1.0,03052026,PISAM,cleaned,4,5,75,548,0,0,1.0,1.0,benchmark/data/new_experiments/blocks/dfs_timeout=180s__300steps__03052026/testing/fold4_numtrajs5_gtrate75/conflict_free_models/conflict_free_model_0/metrics.json,final_model
dfs_timeout=180s__300steps__03052026,180,1.0,03052026,PISAM,unclean,4,6,0,519,111,89,0.8238095238095238,0.8536184210526315,benchmark/data/new_experiments/blocks/dfs_timeout=180s__300steps__03052026/testing/fold4_numtrajs6_gtrate0/conflict_free_models/final_model/metrics.json,final_model
dfs_timeout=180s__300steps__03052026,180,1.0,03052026,PISAM,cleaned,4,6,0,486,194,122,0.7147058823529412,0.7993421052631579,benchmark/data/new_experiments/blocks/dfs_timeout=180s__300steps__03052026/testing/fold4_numtrajs6_gtrate0/conflict_free_models/final_model/metrics.json,final_model
dfs_timeout=180s__300steps__03052026,180,1.0,03052026,PISAM,unclean,4,6,10,608,0,0,1.0,1.0,benchmark/data/new_experiments/blocks/dfs_timeout=180s__300steps__03052026/testing/fold4_numtrajs6_gtrate10/conflict_free_models/conflict_free_model_0/metrics.json,final_model
dfs_timeout=180s__300steps__03052026,180,1.0,03052026,PISAM,cleaned,4,6,10,598,0,10,1.0,0.9835526315789473,benchmark/data/new_experiments/blocks/dfs_timeout=180s__300steps__03052026/testing/fold4_numtrajs6_gtrate10/conflict_free_models/conflict_free_model_0/metrics.json,final_model
dfs_timeout=180s__300steps__03052026,180,1.0,03052026,PISAM,unclean,4,6,100,608,0,0,1.0,1.0,benchmark/data/new_experiments/blocks/dfs_timeout=180s__300steps__03052026/testing/fold4_numtrajs6_gtrate100/conflict_free_models/conflict_free_model_0/metrics.json,final_model
dfs_timeout=180s__300steps__03052026,180,1.0,03052026,PISAM,cleaned,4,6,100,608,0,0,1.0,1.0,benchmark/data/new_experiments/blocks/dfs_timeout=180s__300steps__03052026/testing/fold4_numtrajs6_gtrate100/conflict_free_models/conflict_free_model_0/metrics.json,final_model
dfs_timeout=180s__300steps__03052026,180,1.0,03052026,PISAM,unclean,4,6,25,608,0,0,1.0,1.0,benchmark/data/new_experiments/blocks/dfs_timeout=180s__300steps__03052026/testing/fold4_numtrajs6_gtrate25/conflict_free_models/conflict_free_model_0/metrics.json,final_model
dfs_timeout=180s__300steps__03052026,180,1.0,03052026,PISAM,cleaned,4,6,25,602,0,6,1.0,0.9901315789473685,benchmark/data/new_experiments/blocks/dfs_timeout=180s__300steps__03052026/testing/fold4_numtrajs6_gtrate25/conflict_free_models/conflict_free_model_0/metrics.json,final_model
dfs_timeout=180s__300steps__03052026,180,1.0,03052026,PISAM,unclean,4,6,50,608,0,0,1.0,1.0,benchmark/data/new_experiments/blocks/dfs_timeout=180s__300steps__03052026/testing/fold4_numtrajs6_gtrate50/conflict_free_models/conflict_free_model_0/metrics.json,final_model
dfs_timeout=180s__300steps__03052026,180,1.0,03052026,PISAM,cleaned,4,6,50,606,0,2,1.0,0.9967105263157895,benchmark/data/new_experiments/blocks/dfs_timeout=180s__300steps__03052026/testing/fold4_numtrajs6_gtrate50/conflict_free_models/conflict_free_model_0/metrics.json,final_model
dfs_timeout=180s__300steps__03052026,180,1.0,03052026,PISAM,unclean,4,6,75,608,0,0,1.0,1.0,benchmark/data/new_experiments/blocks/dfs_timeout=180s__300steps__03052026/testing/fold4_numtrajs6_gtrate75/conflict_free_models/conflict_free_model_0/metrics.json,final_model
dfs_timeout=180s__300steps__03052026,180,1.0,03052026,PISAM,cleaned,4,6,75,608,0,0,1.0,1.0,benchmark/data/new_experiments/blocks/dfs_timeout=180s__300steps__03052026/testing/fold4_numtrajs6_gtrate75/conflict_free_models/conflict_free_model_0/metrics.json,final_model
dfs_timeout=180s__300steps__03052026,180,1.0,03052026,PISAM,unclean,4,7,0,641,169,125,0.7913580246913581,0.8368146214099217,benchmark/data/new_experiments/blocks/dfs_timeout=180s__300steps__03052026/testing/fold4_numtrajs7_gtrate0/conflict_free_models/final_model/metrics.json,final_model
dfs_timeout=180s__300steps__03052026,180,1.0,03052026,PISAM,cleaned,4,7,0,608,259,158,0.7012687427912342,0.793733681462141,benchmark/data/new_experiments/blocks/dfs_timeout=180s__300steps__03052026/testing/fold4_numtrajs7_gtrate0/conflict_free_models/final_model/metrics.json,final_model
dfs_timeout=180s__300steps__03052026,180,1.0,03052026,PISAM,unclean,4,7,10,766,0,0,1.0,1.0,benchmark/data/new_experiments/blocks/dfs_timeout=180s__300steps__03052026/testing/fold4_numtrajs7_gtrate10/conflict_free_models/conflict_free_model_0/metrics.json,final_model
dfs_timeout=180s__300steps__03052026,180,1.0,03052026,PISAM,cleaned,4,7,10,754,0,12,1.0,0.9843342036553525,benchmark/data/new_experiments/blocks/dfs_timeout=180s__300steps__03052026/testing/fold4_numtrajs7_gtrate10/conflict_free_models/conflict_free_model_0/metrics.json,final_model
dfs_timeout=180s__300steps__03052026,180,1.0,03052026,PISAM,unclean,4,7,100,766,0,0,1.0,1.0,benchmark/data/new_experiments/blocks/dfs_timeout=180s__300steps__03052026/testing/fold4_numtrajs7_gtrate100/conflict_free_models/conflict_free_model_0/metrics.json,final_model
dfs_timeout=180s__300steps__03052026,180,1.0,03052026,PISAM,cleaned,4,7,100,766,0,0,1.0,1.0,benchmark/data/new_experiments/blocks/dfs_timeout=180s__300steps__03052026/testing/fold4_numtrajs7_gtrate100/conflict_free_models/conflict_free_model_0/metrics.json,final_model
dfs_timeout=180s__300steps__03052026,180,1.0,03052026,PISAM,unclean,4,7,25,766,0,0,1.0,1.0,benchmark/data/new_experiments/blocks/dfs_timeout=180s__300steps__03052026/testing/fold4_numtrajs7_gtrate25/conflict_free_models/conflict_free_model_0/metrics.json,final_model
dfs_timeout=180s__300steps__03052026,180,1.0,03052026,PISAM,cleaned,4,7,25,758,0,8,1.0,0.9895561357702349,benchmark/data/new_experiments/blocks/dfs_timeout=180s__300steps__03052026/testing/fold4_numtrajs7_gtrate25/conflict_free_models/conflict_free_model_0/metrics.json,final_model
dfs_timeout=180s__300steps__03052026,180,1.0,03052026,PISAM,unclean,4,7,50,766,0,0,1.0,1.0,benchmark/data/new_experiments/blocks/dfs_timeout=180s__300steps__03052026/testing/fold4_numtrajs7_gtrate50/conflict_free_models/conflict_free_model_0/metrics.json,final_model
dfs_timeout=180s__300steps__03052026,180,1.0,03052026,PISAM,cleaned,4,7,50,763,0,3,1.0,0.9960835509138382,benchmark/data/new_experiments/blocks/dfs_timeout=180s__300steps__03052026/testing/fold4_numtrajs7_gtrate50/conflict_free_models/conflict_free_model_0/metrics.json,final_model
dfs_timeout=180s__300steps__03052026,180,1.0,03052026,PISAM,unclean,4,7,75,766,0,0,1.0,1.0,benchmark/data/new_experiments/blocks/dfs_timeout=180s__300steps__03052026/testing/fold4_numtrajs7_gtrate75/conflict_free_models/conflict_free_model_0/metrics.json,final_model
dfs_timeout=180s__300steps__03052026,180,1.0,03052026,PISAM,cleaned,4,7,75,765,0,1,1.0,0.9986945169712794,benchmark/data/new_experiments/blocks/dfs_timeout=180s__300steps__03052026/testing/fold4_numtrajs7_gtrate75/conflict_free_models/conflict_free_model_0/metrics.json,final_model
dfs_timeout=180s__300steps__03052026,180,1.0,03052026,PISAM,unclean,4,8,0,688,175,133,0.7972190034762456,0.8380024360535931,benchmark/data/new_experiments/blocks/dfs_timeout=180s__300steps__03052026/testing/fold4_numtrajs8_gtrate0/conflict_free_models/final_model/metrics.json,final_model
dfs_timeout=180s__300steps__03052026,180,1.0,03052026,PISAM,cleaned,4,8,0,663,289,158,0.6964285714285714,0.807551766138855,benchmark/data/new_experiments/blocks/dfs_timeout=180s__300steps__03052026/testing/fold4_numtrajs8_gtrate0/conflict_free_models/final_model/metrics.json,final_model
dfs_timeout=180s__300steps__03052026,180,1.0,03052026,PISAM,unclean,4,8,10,821,0,0,1.0,1.0,benchmark/data/new_experiments/blocks/dfs_timeout=180s__300steps__03052026/testing/fold4_numtrajs8_gtrate10/conflict_free_models/conflict_free_model_0/metrics.json,final_model
dfs_timeout=180s__300steps__03052026,180,1.0,03052026,PISAM,cleaned,4,8,10,809,0,12,1.0,0.9853836784409257,benchmark/data/new_experiments/blocks/dfs_timeout=180s__300steps__03052026/testing/fold4_numtrajs8_gtrate10/conflict_free_models/conflict_free_model_0/metrics.json,final_model
dfs_timeout=180s__300steps__03052026,180,1.0,03052026,PISAM,unclean,4,8,100,821,0,0,1.0,1.0,benchmark/data/new_experiments/blocks/dfs_timeout=180s__300steps__03052026/testing/fold4_numtrajs8_gtrate100/conflict_free_models/conflict_free_model_0/metrics.json,final_model
dfs_timeout=180s__300steps__03052026,180,1.0,03052026,PISAM,cleaned,4,8,100,821,0,0,1.0,1.0,benchmark/data/new_experiments/blocks/dfs_timeout=180s__300steps__03052026/testing/fold4_numtrajs8_gtrate100/conflict_free_models/conflict_free_model_0/metrics.json,final_model
dfs_timeout=180s__300steps__03052026,180,1.0,03052026,PISAM,unclean,4,8,25,821,0,0,1.0,1.0,benchmark/data/new_experiments/blocks/dfs_timeout=180s__300steps__03052026/testing/fold4_numtrajs8_gtrate25/conflict_free_models/conflict_free_model_0/metrics.json,final_model
dfs_timeout=180s__300steps__03052026,180,1.0,03052026,PISAM,cleaned,4,8,25,813,0,8,1.0,0.9902557856272838,benchmark/data/new_experiments/blocks/dfs_timeout=180s__300steps__03052026/testing/fold4_numtrajs8_gtrate25/conflict_free_models/conflict_free_model_0/metrics.json,final_model
dfs_timeout=180s__300steps__03052026,180,1.0,03052026,PISAM,unclean,4,8,50,821,0,0,1.0,1.0,benchmark/data/new_experiments/blocks/dfs_timeout=180s__300steps__03052026/testing/fold4_numtrajs8_gtrate50/conflict_free_models/conflict_free_model_0/metrics.json,final_model
dfs_timeout=180s__300steps__03052026,180,1.0,03052026,PISAM,cleaned,4,8,50,818,0,3,1.0,0.9963459196102314,benchmark/data/new_experiments/blocks/dfs_timeout=180s__300steps__03052026/testing/fold4_numtrajs8_gtrate50/conflict_free_models/conflict_free_model_0/metrics.json,final_model
dfs_timeout=180s__300steps__03052026,180,1.0,03052026,PISAM,unclean,4,8,75,821,0,0,1.0,1.0,benchmark/data/new_experiments/blocks/dfs_timeout=180s__300steps__03052026/testing/fold4_numtrajs8_gtrate75/conflict_free_models/conflict_free_model_0/metrics.json,final_model
dfs_timeout=180s__300steps__03052026,180,1.0,03052026,PISAM,cleaned,4,8,75,820,0,1,1.0,0.9987819732034104,benchmark/data/new_experiments/blocks/dfs_timeout=180s__300steps__03052026/testing/fold4_numtrajs8_gtrate75/conflict_free_models/conflict_free_model_0/metrics.json,final_model
dfs_timeout=180s__300steps__28042026,180,0.0,28042026,PISAM,unclean,0,1,0,70,4,3,0.9459459459459459,0.958904109589041,benchmark/data/new_experiments/blocks/dfs_timeout=180s__300steps__28042026/testing/fold0_numtrajs1_gtrate0/conflict_free_models/conflict_free_model_0/metrics.json,final_model
dfs_timeout=180s__300steps__28042026,180,0.0,28042026,PISAM,cleaned,0,1,0,73,5,0,0.9358974358974359,1.0,benchmark/data/new_experiments/blocks/dfs_timeout=180s__300steps__28042026/testing/fold0_numtrajs1_gtrate0/conflict_free_models/conflict_free_model_0/metrics.json,final_model
dfs_timeout=180s__300steps__28042026,180,0.0,28042026,PISAM,unclean,0,1,10,73,0,0,1.0,1.0,benchmark/data/new_experiments/blocks/dfs_timeout=180s__300steps__28042026/testing/fold0_numtrajs1_gtrate10/conflict_free_models/conflict_free_model_0/metrics.json,final_model
dfs_timeout=180s__300steps__28042026,180,0.0,28042026,PISAM,cleaned,0,1,10,73,0,0,1.0,1.0,benchmark/data/new_experiments/blocks/dfs_timeout=180s__300steps__28042026/testing/fold0_numtrajs1_gtrate10/conflict_free_models/conflict_free_model_0/metrics.json,final_model
dfs_timeout=180s__300steps__28042026,180,0.0,28042026,PISAM,unclean,0,1,100,73,0,0,1.0,1.0,benchmark/data/new_experiments/blocks/dfs_timeout=180s__300steps__28042026/testing/fold0_numtrajs1_gtrate100/conflict_free_models/conflict_free_model_0/metrics.json,final_model
dfs_timeout=180s__300steps__28042026,180,0.0,28042026,PISAM,cleaned,0,1,100,73,0,0,1.0,1.0,benchmark/data/new_experiments/blocks/dfs_timeout=180s__300steps__28042026/testing/fold0_numtrajs1_gtrate100/conflict_free_models/conflict_free_model_0/metrics.json,final_model
dfs_timeout=180s__300steps__28042026,180,0.0,28042026,PISAM,unclean,0,1,25,73,0,0,1.0,1.0,benchmark/data/new_experiments/blocks/dfs_timeout=180s__300steps__28042026/testing/fold0_numtrajs1_gtrate25/conflict_free_models/conflict_free_model_0/metrics.json,final_model
dfs_timeout=180s__300steps__28042026,180,0.0,28042026,PISAM,cleaned,0,1,25,73,0,0,1.0,1.0,benchmark/data/new_experiments/blocks/dfs_timeout=180s__300steps__28042026/testing/fold0_numtrajs1_gtrate25/conflict_free_models/conflict_free_model_0/metrics.json,final_model
dfs_timeout=180s__300steps__28042026,180,0.0,28042026,PISAM,unclean,0,1,50,73,0,0,1.0,1.0,benchmark/data/new_experiments/blocks/dfs_timeout=180s__300steps__28042026/testing/fold0_numtrajs1_gtrate50/conflict_free_models/conflict_free_model_0/metrics.json,final_model
dfs_timeout=180s__300steps__28042026,180,0.0,28042026,PISAM,cleaned,0,1,50,73,0,0,1.0,1.0,benchmark/data/new_experiments/blocks/dfs_timeout=180s__300steps__28042026/testing/fold0_numtrajs1_gtrate50/conflict_free_models/conflict_free_model_0/metrics.json,final_model
dfs_timeout=180s__300steps__28042026,180,0.0,28042026,PISAM,unclean,0,1,75,73,0,0,1.0,1.0,benchmark/data/new_experiments/blocks/dfs_timeout=180s__300steps__28042026/testing/fold0_numtrajs1_gtrate75/conflict_free_models/conflict_free_model_0/metrics.json,final_model
dfs_timeout=180s__300steps__28042026,180,0.0,28042026,PISAM,cleaned,0,1,75,73,0,0,1.0,1.0,benchmark/data/new_experiments/blocks/dfs_timeout=180s__300steps__28042026/testing/fold0_numtrajs1_gtrate75/conflict_free_models/conflict_free_model_0/metrics.json,final_model
dfs_timeout=180s__300steps__28042026,180,0.0,28042026,PISAM,unclean,0,2,0,197,32,29,0.8602620087336245,0.8716814159292036,benchmark/data/new_experiments/blocks/dfs_timeout=180s__300steps__28042026/testing/fold0_numtrajs2_gtrate0/conflict_free_models/conflict_free_model_0/metrics.json,final_model
dfs_timeout=180s__300steps__28042026,180,0.0,28042026,PISAM,cleaned,0,2,0,210,40,16,0.84,0.9292035398230089,benchmark/data/new_experiments/blocks/dfs_timeout=180s__300steps__28042026/testing/fold0_numtrajs2_gtrate0/conflict_free_models/conflict_free_model_0/metrics.json,final_model
dfs_timeout=180s__300steps__28042026,180,0.0,28042026,PISAM,unclean,0,2,10,226,0,0,1.0,1.0,benchmark/data/new_experiments/blocks/dfs_timeout=180s__300steps__28042026/testing/fold0_numtrajs2_gtrate10/conflict_free_models/conflict_free_model_0/metrics.json,final_model
dfs_timeout=180s__300steps__28042026,180,0.0,28042026,PISAM,cleaned,0,2,10,221,0,5,1.0,0.9778761061946902,benchmark/data/new_experiments/blocks/dfs_timeout=180s__300steps__28042026/testing/fold0_numtrajs2_gtrate10/conflict_free_models/conflict_free_model_0/metrics.json,final_model
dfs_timeout=180s__300steps__28042026,180,0.0,28042026,PISAM,unclean,0,2,100,226,0,0,1.0,1.0,benchmark/data/new_experiments/blocks/dfs_timeout=180s__300steps__28042026/testing/fold0_numtrajs2_gtrate100/conflict_free_models/conflict_free_model_0/metrics.json,final_model
dfs_timeout=180s__300steps__28042026,180,0.0,28042026,PISAM,cleaned,0,2,100,226,0,0,1.0,1.0,benchmark/data/new_experiments/blocks/dfs_timeout=180s__300steps__28042026/testing/fold0_numtrajs2_gtrate100/conflict_free_models/conflict_free_model_0/metrics.json,final_model
dfs_timeout=180s__300steps__28042026,180,0.0,28042026,PISAM,unclean,0,2,25,226,0,0,1.0,1.0,benchmark/data/new_experiments/blocks/dfs_timeout=180s__300steps__28042026/testing/fold0_numtrajs2_gtrate25/conflict_free_models/conflict_free_model_0/metrics.json,final_model
dfs_timeout=180s__300steps__28042026,180,0.0,28042026,PISAM,cleaned,0,2,25,223,0,3,1.0,0.9867256637168141,benchmark/data/new_experiments/blocks/dfs_timeout=180s__300steps__28042026/testing/fold0_numtrajs2_gtrate25/conflict_free_models/conflict_free_model_0/metrics.json,final_model
dfs_timeout=180s__300steps__28042026,180,0.0,28042026,PISAM,unclean,0,2,50,226,0,0,1.0,1.0,benchmark/data/new_experiments/blocks/dfs_timeout=180s__300steps__28042026/testing/fold0_numtrajs2_gtrate50/conflict_free_models/conflict_free_model_0/metrics.json,final_model
dfs_timeout=180s__300steps__28042026,180,0.0,28042026,PISAM,cleaned,0,2,50,226,0,0,1.0,1.0,benchmark/data/new_experiments/blocks/dfs_timeout=180s__300steps__28042026/testing/fold0_numtrajs2_gtrate50/conflict_free_models/conflict_free_model_0/metrics.json,final_model
dfs_timeout=180s__300steps__28042026,180,0.0,28042026,PISAM,unclean,0,2,75,226,0,0,1.0,1.0,benchmark/data/new_experiments/blocks/dfs_timeout=180s__300steps__28042026/testing/fold0_numtrajs2_gtrate75/conflict_free_models/conflict_free_model_0/metrics.json,final_model
dfs_timeout=180s__300steps__28042026,180,0.0,28042026,PISAM,cleaned,0,2,75,226,0,0,1.0,1.0,benchmark/data/new_experiments/blocks/dfs_timeout=180s__300steps__28042026/testing/fold0_numtrajs2_gtrate75/conflict_free_models/conflict_free_model_0/metrics.json,final_model
dfs_timeout=180s__300steps__28042026,180,0.0,28042026,PISAM,unclean,0,3,0,283,41,33,0.8734567901234568,0.8955696202531646,benchmark/data/new_experiments/blocks/dfs_timeout=180s__300steps__28042026/testing/fold0_numtrajs3_gtrate0/conflict_free_models/conflict_free_model_0/metrics.json,final_model
dfs_timeout=180s__300steps__28042026,180,0.0,28042026,PISAM,cleaned,0,3,0,300,42,16,0.8771929824561403,0.9493670886075949,benchmark/data/new_experiments/blocks/dfs_timeout=180s__300steps__28042026/testing/fold0_numtrajs3_gtrate0/conflict_free_models/conflict_free_model_0/metrics.json,final_model
dfs_timeout=180s__300steps__28042026,180,0.0,28042026,PISAM,unclean,0,3,10,316,0,0,1.0,1.0,benchmark/data/new_experiments/blocks/dfs_timeout=180s__300steps__28042026/testing/fold0_numtrajs3_gtrate10/conflict_free_models/conflict_free_model_0/metrics.json,final_model
dfs_timeout=180s__300steps__28042026,180,0.0,28042026,PISAM,cleaned,0,3,10,311,0,5,1.0,0.9841772151898734,benchmark/data/new_experiments/blocks/dfs_timeout=180s__300steps__28042026/testing/fold0_numtrajs3_gtrate10/conflict_free_models/conflict_free_model_0/metrics.json,final_model
dfs_timeout=180s__300steps__28042026,180,0.0,28042026,PISAM,unclean,0,3,100,316,0,0,1.0,1.0,benchmark/data/new_experiments/blocks/dfs_timeout=180s__300steps__28042026/testing/fold0_numtrajs3_gtrate100/conflict_free_models/conflict_free_model_0/metrics.json,final_model
dfs_timeout=180s__300steps__28042026,180,0.0,28042026,PISAM,cleaned,0,3,100,316,0,0,1.0,1.0,benchmark/data/new_experiments/blocks/dfs_timeout=180s__300steps__28042026/testing/fold0_numtrajs3_gtrate100/conflict_free_models/conflict_free_model_0/metrics.json,final_model
dfs_timeout=180s__300steps__28042026,180,0.0,28042026,PISAM,unclean,0,3,25,316,0,0,1.0,1.0,benchmark/data/new_experiments/blocks/dfs_timeout=180s__300steps__28042026/testing/fold0_numtrajs3_gtrate25/conflict_free_models/conflict_free_model_0/metrics.json,final_model
dfs_timeout=180s__300steps__28042026,180,0.0,28042026,PISAM,cleaned,0,3,25,313,0,3,1.0,0.990506329113924,benchmark/data/new_experiments/blocks/dfs_timeout=180s__300steps__28042026/testing/fold0_numtrajs3_gtrate25/conflict_free_models/conflict_free_model_0/metrics.json,final_model
dfs_timeout=180s__300steps__28042026,180,0.0,28042026,PISAM,unclean,0,3,50,316,0,0,1.0,1.0,benchmark/data/new_experiments/blocks/dfs_timeout=180s__300steps__28042026/testing/fold0_numtrajs3_gtrate50/conflict_free_models/conflict_free_model_0/metrics.json,final_model
dfs_timeout=180s__300steps__28042026,180,0.0,28042026,PISAM,cleaned,0,3,50,316,0,0,1.0,1.0,benchmark/data/new_experiments/blocks/dfs_timeout=180s__300steps__28042026/testing/fold0_numtrajs3_gtrate50/conflict_free_models/conflict_free_model_0/metrics.json,final_model
dfs_timeout=180s__300steps__28042026,180,0.0,28042026,PISAM,unclean,0,3,75,316,0,0,1.0,1.0,benchmark/data/new_experiments/blocks/dfs_timeout=180s__300steps__28042026/testing/fold0_numtrajs3_gtrate75/conflict_free_models/conflict_free_model_0/metrics.json,final_model
dfs_timeout=180s__300steps__28042026,180,0.0,28042026,PISAM,cleaned,0,3,75,316,0,0,1.0,1.0,benchmark/data/new_experiments/blocks/dfs_timeout=180s__300steps__28042026/testing/fold0_numtrajs3_gtrate75/conflict_free_models/conflict_free_model_0/metrics.json,final_model
dfs_timeout=180s__300steps__28042026,180,0.0,28042026,PISAM,unclean,0,4,0,335,50,41,0.8701298701298701,0.8909574468085106,benchmark/data/new_experiments/blocks/dfs_timeout=180s__300steps__28042026/testing/fold0_numtrajs4_gtrate0/conflict_free_models/conflict_free_model_0/metrics.json,final_model
dfs_timeout=180s__300steps__28042026,180,0.0,28042026,PISAM,cleaned,0,4,0,360,48,16,0.8823529411764706,0.9574468085106383,benchmark/data/new_experiments/blocks/dfs_timeout=180s__300steps__28042026/testing/fold0_numtrajs4_gtrate0/conflict_free_models/conflict_free_model_0/metrics.json,final_model
dfs_timeout=180s__300steps__28042026,180,0.0,28042026,PISAM,unclean,0,4,10,376,0,0,1.0,1.0,benchmark/data/new_experiments/blocks/dfs_timeout=180s__300steps__28042026/testing/fold0_numtrajs4_gtrate10/conflict_free_models/conflict_free_model_0/metrics.json,final_model
dfs_timeout=180s__300steps__28042026,180,0.0,28042026,PISAM,cleaned,0,4,10,371,0,5,1.0,0.9867021276595744,benchmark/data/new_experiments/blocks/dfs_timeout=180s__300steps__28042026/testing/fold0_numtrajs4_gtrate10/conflict_free_models/conflict_free_model_0/metrics.json,final_model
dfs_timeout=180s__300steps__28042026,180,0.0,28042026,PISAM,unclean,0,4,100,376,0,0,1.0,1.0,benchmark/data/new_experiments/blocks/dfs_timeout=180s__300steps__28042026/testing/fold0_numtrajs4_gtrate100/conflict_free_models/conflict_free_model_0/metrics.json,final_model
dfs_timeout=180s__300steps__28042026,180,0.0,28042026,PISAM,cleaned,0,4,100,376,0,0,1.0,1.0,benchmark/data/new_experiments/blocks/dfs_timeout=180s__300steps__28042026/testing/fold0_numtrajs4_gtrate100/conflict_free_models/conflict_free_model_0/metrics.json,final_model
dfs_timeout=180s__300steps__28042026,180,0.0,28042026,PISAM,unclean,0,4,25,376,0,0,1.0,1.0,benchmark/data/new_experiments/blocks/dfs_timeout=180s__300steps__28042026/testing/fold0_numtrajs4_gtrate25/conflict_free_models/conflict_free_model_0/metrics.json,final_model
dfs_timeout=180s__300steps__28042026,180,0.0,28042026,PISAM,cleaned,0,4,25,373,0,3,1.0,0.9920212765957447,benchmark/data/new_experiments/blocks/dfs_timeout=180s__300steps__28042026/testing/fold0_numtrajs4_gtrate25/conflict_free_models/conflict_free_model_0/metrics.json,final_model
dfs_timeout=180s__300steps__28042026,180,0.0,28042026,PISAM,unclean,0,4,50,376,0,0,1.0,1.0,benchmark/data/new_experiments/blocks/dfs_timeout=180s__300steps__28042026/testing/fold0_numtrajs4_gtrate50/conflict_free_models/conflict_free_model_0/metrics.json,final_model
dfs_timeout=180s__300steps__28042026,180,0.0,28042026,PISAM,cleaned,0,4,50,376,0,0,1.0,1.0,benchmark/data/new_experiments/blocks/dfs_timeout=180s__300steps__28042026/testing/fold0_numtrajs4_gtrate50/conflict_free_models/conflict_free_model_0/metrics.json,final_model
dfs_timeout=180s__300steps__28042026,180,0.0,28042026,PISAM,unclean,0,4,75,376,0,0,1.0,1.0,benchmark/data/new_experiments/blocks/dfs_timeout=180s__300steps__28042026/testing/fold0_numtrajs4_gtrate75/conflict_free_models/conflict_free_model_0/metrics.json,final_model
dfs_timeout=180s__300steps__28042026,180,0.0,28042026,PISAM,cleaned,0,4,75,376,0,0,1.0,1.0,benchmark/data/new_experiments/blocks/dfs_timeout=180s__300steps__28042026/testing/fold0_numtrajs4_gtrate75/conflict_free_models/conflict_free_model_0/metrics.json,final_model
dfs_timeout=180s__300steps__28042026,180,0.0,28042026,PISAM,unclean,0,5,0,382,56,49,0.8721461187214612,0.8863109048723898,benchmark/data/new_experiments/blocks/dfs_timeout=180s__300steps__28042026/testing/fold0_numtrajs5_gtrate0/conflict_free_models/conflict_free_model_0/metrics.json,final_model
dfs_timeout=180s__300steps__28042026,180,0.0,28042026,PISAM,cleaned,0,5,0,415,57,16,0.8792372881355932,0.962877030162413,benchmark/data/new_experiments/blocks/dfs_timeout=180s__300steps__28042026/testing/fold0_numtrajs5_gtrate0/conflict_free_models/conflict_free_model_0/metrics.json,final_model
dfs_timeout=180s__300steps__28042026,180,0.0,28042026,PISAM,unclean,0,5,10,431,0,0,1.0,1.0,benchmark/data/new_experiments/blocks/dfs_timeout=180s__300steps__28042026/testing/fold0_numtrajs5_gtrate10/conflict_free_models/conflict_free_model_0/metrics.json,final_model
dfs_timeout=180s__300steps__28042026,180,0.0,28042026,PISAM,cleaned,0,5,10,426,0,5,1.0,0.988399071925754,benchmark/data/new_experiments/blocks/dfs_timeout=180s__300steps__28042026/testing/fold0_numtrajs5_gtrate10/conflict_free_models/conflict_free_model_0/metrics.json,final_model
dfs_timeout=180s__300steps__28042026,180,0.0,28042026,PISAM,unclean,0,5,100,431,0,0,1.0,1.0,benchmark/data/new_experiments/blocks/dfs_timeout=180s__300steps__28042026/testing/fold0_numtrajs5_gtrate100/conflict_free_models/conflict_free_model_0/metrics.json,final_model
dfs_timeout=180s__300steps__28042026,180,0.0,28042026,PISAM,cleaned,0,5,100,431,0,0,1.0,1.0,benchmark/data/new_experiments/blocks/dfs_timeout=180s__300steps__28042026/testing/fold0_numtrajs5_gtrate100/conflict_free_models/conflict_free_model_0/metrics.json,final_model
dfs_timeout=180s__300steps__28042026,180,0.0,28042026,PISAM,unclean,0,5,25,431,0,0,1.0,1.0,benchmark/data/new_experiments/blocks/dfs_timeout=180s__300steps__28042026/testing/fold0_numtrajs5_gtrate25/conflict_free_models/conflict_free_model_0/metrics.json,final_model
dfs_timeout=180s__300steps__28042026,180,0.0,28042026,PISAM,cleaned,0,5,25,428,0,3,1.0,0.9930394431554525,benchmark/data/new_experiments/blocks/dfs_timeout=180s__300steps__28042026/testing/fold0_numtrajs5_gtrate25/conflict_free_models/conflict_free_model_0/metrics.json,final_model
dfs_timeout=180s__300steps__28042026,180,0.0,28042026,PISAM,unclean,0,5,50,431,0,0,1.0,1.0,benchmark/data/new_experiments/blocks/dfs_timeout=180s__300steps__28042026/testing/fold0_numtrajs5_gtrate50/conflict_free_models/conflict_free_model_0/metrics.json,final_model
dfs_timeout=180s__300steps__28042026,180,0.0,28042026,PISAM,cleaned,0,5,50,431,0,0,1.0,1.0,benchmark/data/new_experiments/blocks/dfs_timeout=180s__300steps__28042026/testing/fold0_numtrajs5_gtrate50/conflict_free_models/conflict_free_model_0/metrics.json,final_model
dfs_timeout=180s__300steps__28042026,180,0.0,28042026,PISAM,unclean,0,5,75,431,0,0,1.0,1.0,benchmark/data/new_experiments/blocks/dfs_timeout=180s__300steps__28042026/testing/fold0_numtrajs5_gtrate75/conflict_free_models/conflict_free_model_0/metrics.json,final_model
dfs_timeout=180s__300steps__28042026,180,0.0,28042026,PISAM,cleaned,0,5,75,431,0,0,1.0,1.0,benchmark/data/new_experiments/blocks/dfs_timeout=180s__300steps__28042026/testing/fold0_numtrajs5_gtrate75/conflict_free_models/conflict_free_model_0/metrics.json,final_model
dfs_timeout=180s__300steps__28042026,180,0.0,28042026,PISAM,unclean,0,6,0,540,103,86,0.8398133748055988,0.8626198083067093,benchmark/data/new_experiments/blocks/dfs_timeout=180s__300steps__28042026/testing/fold0_numtrajs6_gtrate0/conflict_free_models/final_model/metrics.json,final_model
dfs_timeout=180s__300steps__28042026,180,0.0,28042026,PISAM,cleaned,0,6,0,591,69,35,0.8954545454545455,0.9440894568690096,benchmark/data/new_experiments/blocks/dfs_timeout=180s__300steps__28042026/testing/fold0_numtrajs6_gtrate0/conflict_free_models/final_model/metrics.json,final_model
dfs_timeout=180s__300steps__28042026,180,0.0,28042026,PISAM,unclean,0,6,10,626,0,0,1.0,1.0,benchmark/data/new_experiments/blocks/dfs_timeout=180s__300steps__28042026/testing/fold0_numtrajs6_gtrate10/conflict_free_models/conflict_free_model_0/metrics.json,final_model
dfs_timeout=180s__300steps__28042026,180,0.0,28042026,PISAM,cleaned,0,6,10,617,0,9,1.0,0.9856230031948882,benchmark/data/new_experiments/blocks/dfs_timeout=180s__300steps__28042026/testing/fold0_numtrajs6_gtrate10/conflict_free_models/conflict_free_model_0/metrics.json,final_model
dfs_timeout=180s__300steps__28042026,180,0.0,28042026,PISAM,unclean,0,6,100,626,0,0,1.0,1.0,benchmark/data/new_experiments/blocks/dfs_timeout=180s__300steps__28042026/testing/fold0_numtrajs6_gtrate100/conflict_free_models/conflict_free_model_0/metrics.json,final_model
dfs_timeout=180s__300steps__28042026,180,0.0,28042026,PISAM,cleaned,0,6,100,626,0,0,1.0,1.0,benchmark/data/new_experiments/blocks/dfs_timeout=180s__300steps__28042026/testing/fold0_numtrajs6_gtrate100/conflict_free_models/conflict_free_model_0/metrics.json,final_model
dfs_timeout=180s__300steps__28042026,180,0.0,28042026,PISAM,unclean,0,6,25,626,0,0,1.0,1.0,benchmark/data/new_experiments/blocks/dfs_timeout=180s__300steps__28042026/testing/fold0_numtrajs6_gtrate25/conflict_free_models/conflict_free_model_0/metrics.json,final_model
dfs_timeout=180s__300steps__28042026,180,0.0,28042026,PISAM,cleaned,0,6,25,621,0,5,1.0,0.9920127795527156,benchmark/data/new_experiments/blocks/dfs_timeout=180s__300steps__28042026/testing/fold0_numtrajs6_gtrate25/conflict_free_models/conflict_free_model_0/metrics.json,final_model
dfs_timeout=180s__300steps__28042026,180,0.0,28042026,PISAM,unclean,0,6,50,626,0,0,1.0,1.0,benchmark/data/new_experiments/blocks/dfs_timeout=180s__300steps__28042026/testing/fold0_numtrajs6_gtrate50/conflict_free_models/conflict_free_model_0/metrics.json,final_model
dfs_timeout=180s__300steps__28042026,180,0.0,28042026,PISAM,cleaned,0,6,50,625,0,1,1.0,0.9984025559105432,benchmark/data/new_experiments/blocks/dfs_timeout=180s__300steps__28042026/testing/fold0_numtrajs6_gtrate50/conflict_free_models/conflict_free_model_0/metrics.json,final_model
dfs_timeout=180s__300steps__28042026,180,0.0,28042026,PISAM,unclean,0,6,75,626,0,0,1.0,1.0,benchmark/data/new_experiments/blocks/dfs_timeout=180s__300steps__28042026/testing/fold0_numtrajs6_gtrate75/conflict_free_models/conflict_free_model_0/metrics.json,final_model
dfs_timeout=180s__300steps__28042026,180,0.0,28042026,PISAM,cleaned,0,6,75,626,0,0,1.0,1.0,benchmark/data/new_experiments/blocks/dfs_timeout=180s__300steps__28042026/testing/fold0_numtrajs6_gtrate75/conflict_free_models/conflict_free_model_0/metrics.json,final_model
dfs_timeout=180s__300steps__28042026,180,0.0,28042026,PISAM,unclean,0,7,0,604,124,101,0.8296703296703297,0.8567375886524823,benchmark/data/new_experiments/blocks/dfs_timeout=180s__300steps__28042026/testing/fold0_numtrajs7_gtrate0/conflict_free_models/final_model/metrics.json,final_model
dfs_timeout=180s__300steps__28042026,180,0.0,28042026,PISAM,cleaned,0,7,0,629,106,76,0.85578231292517,0.8921985815602836,benchmark/data/new_experiments/blocks/dfs_timeout=180s__300steps__28042026/testing/fold0_numtrajs7_gtrate0/conflict_free_models/final_model/metrics.json,final_model
dfs_timeout=180s__300steps__28042026,180,0.0,28042026,PISAM,unclean,0,7,10,705,0,0,1.0,1.0,benchmark/data/new_experiments/blocks/dfs_timeout=180s__300steps__28042026/testing/fold0_numtrajs7_gtrate10/conflict_free_models/conflict_free_model_0/metrics.json,final_model
dfs_timeout=180s__300steps__28042026,180,0.0,28042026,PISAM,cleaned,0,7,10,695,0,10,1.0,0.9858156028368794,benchmark/data/new_experiments/blocks/dfs_timeout=180s__300steps__28042026/testing/fold0_numtrajs7_gtrate10/conflict_free_models/conflict_free_model_0/metrics.json,final_model
dfs_timeout=180s__300steps__28042026,180,0.0,28042026,PISAM,unclean,0,7,100,705,0,0,1.0,1.0,benchmark/data/new_experiments/blocks/dfs_timeout=180s__300steps__28042026/testing/fold0_numtrajs7_gtrate100/conflict_free_models/conflict_free_model_0/metrics.json,final_model
dfs_timeout=180s__300steps__28042026,180,0.0,28042026,PISAM,cleaned,0,7,100,705,0,0,1.0,1.0,benchmark/data/new_experiments/blocks/dfs_timeout=180s__300steps__28042026/testing/fold0_numtrajs7_gtrate100/conflict_free_models/conflict_free_model_0/metrics.json,final_model
dfs_timeout=180s__300steps__28042026,180,0.0,28042026,PISAM,unclean,0,7,25,705,0,0,1.0,1.0,benchmark/data/new_experiments/blocks/dfs_timeout=180s__300steps__28042026/testing/fold0_numtrajs7_gtrate25/conflict_free_models/conflict_free_model_0/metrics.json,final_model
dfs_timeout=180s__300steps__28042026,180,0.0,28042026,PISAM,cleaned,0,7,25,699,0,6,1.0,0.9914893617021276,benchmark/data/new_experiments/blocks/dfs_timeout=180s__300steps__28042026/testing/fold0_numtrajs7_gtrate25/conflict_free_models/conflict_free_model_0/metrics.json,final_model
dfs_timeout=180s__300steps__28042026,180,0.0,28042026,PISAM,unclean,0,7,50,705,0,0,1.0,1.0,benchmark/data/new_experiments/blocks/dfs_timeout=180s__300steps__28042026/testing/fold0_numtrajs7_gtrate50/conflict_free_models/conflict_free_model_0/metrics.json,final_model
dfs_timeout=180s__300steps__28042026,180,0.0,28042026,PISAM,cleaned,0,7,50,703,0,2,1.0,0.9971631205673759,benchmark/data/new_experiments/blocks/dfs_timeout=180s__300steps__28042026/testing/fold0_numtrajs7_gtrate50/conflict_free_models/conflict_free_model_0/metrics.json,final_model
dfs_timeout=180s__300steps__28042026,180,0.0,28042026,PISAM,unclean,0,7,75,705,0,0,1.0,1.0,benchmark/data/new_experiments/blocks/dfs_timeout=180s__300steps__28042026/testing/fold0_numtrajs7_gtrate75/conflict_free_models/conflict_free_model_0/metrics.json,final_model
dfs_timeout=180s__300steps__28042026,180,0.0,28042026,PISAM,cleaned,0,7,75,705,0,0,1.0,1.0,benchmark/data/new_experiments/blocks/dfs_timeout=180s__300steps__28042026/testing/fold0_numtrajs7_gtrate75/conflict_free_models/conflict_free_model_0/metrics.json,final_model
dfs_timeout=180s__300steps__28042026,180,0.0,28042026,PISAM,unclean,0,8,0,726,182,137,0.7995594713656388,0.8412514484356894,benchmark/data/new_experiments/blocks/dfs_timeout=180s__300steps__28042026/testing/fold0_numtrajs8_gtrate0/conflict_free_models/final_model/metrics.json,final_model
dfs_timeout=180s__300steps__28042026,180,0.0,28042026,PISAM,cleaned,0,8,0,812,55,51,0.936562860438293,0.9409038238702202,benchmark/data/new_experiments/blocks/dfs_timeout=180s__300steps__28042026/testing/fold0_numtrajs8_gtrate0/conflict_free_models/final_model/metrics.json,final_model
dfs_timeout=180s__300steps__28042026,180,0.0,28042026,PISAM,unclean,0,8,10,863,0,0,1.0,1.0,benchmark/data/new_experiments/blocks/dfs_timeout=180s__300steps__28042026/testing/fold0_numtrajs8_gtrate10/conflict_free_models/conflict_free_model_0/metrics.json,final_model
dfs_timeout=180s__300steps__28042026,180,0.0,28042026,PISAM,cleaned,0,8,10,851,0,12,1.0,0.9860950173812283,benchmark/data/new_experiments/blocks/dfs_timeout=180s__300steps__28042026/testing/fold0_numtrajs8_gtrate10/conflict_free_models/conflict_free_model_0/metrics.json,final_model
dfs_timeout=180s__300steps__28042026,180,0.0,28042026,PISAM,unclean,0,8,100,863,0,0,1.0,1.0,benchmark/data/new_experiments/blocks/dfs_timeout=180s__300steps__28042026/testing/fold0_numtrajs8_gtrate100/conflict_free_models/conflict_free_model_0/metrics.json,final_model
dfs_timeout=180s__300steps__28042026,180,0.0,28042026,PISAM,cleaned,0,8,100,863,0,0,1.0,1.0,benchmark/data/new_experiments/blocks/dfs_timeout=180s__300steps__28042026/testing/fold0_numtrajs8_gtrate100/conflict_free_models/conflict_free_model_0/metrics.json,final_model
dfs_timeout=180s__300steps__28042026,180,0.0,28042026,PISAM,unclean,0,8,25,863,0,0,1.0,1.0,benchmark/data/new_experiments/blocks/dfs_timeout=180s__300steps__28042026/testing/fold0_numtrajs8_gtrate25/conflict_free_models/conflict_free_model_0/metrics.json,final_model
dfs_timeout=180s__300steps__28042026,180,0.0,28042026,PISAM,cleaned,0,8,25,855,0,8,1.0,0.9907300115874855,benchmark/data/new_experiments/blocks/dfs_timeout=180s__300steps__28042026/testing/fold0_numtrajs8_gtrate25/conflict_free_models/conflict_free_model_0/metrics.json,final_model
dfs_timeout=180s__300steps__28042026,180,0.0,28042026,PISAM,unclean,0,8,50,863,0,0,1.0,1.0,benchmark/data/new_experiments/blocks/dfs_timeout=180s__300steps__28042026/testing/fold0_numtrajs8_gtrate50/conflict_free_models/conflict_free_model_0/metrics.json,final_model
dfs_timeout=180s__300steps__28042026,180,0.0,28042026,PISAM,cleaned,0,8,50,860,0,3,1.0,0.996523754345307,benchmark/data/new_experiments/blocks/dfs_timeout=180s__300steps__28042026/testing/fold0_numtrajs8_gtrate50/conflict_free_models/conflict_free_model_0/metrics.json,final_model
dfs_timeout=180s__300steps__28042026,180,0.0,28042026,PISAM,unclean,0,8,75,863,0,0,1.0,1.0,benchmark/data/new_experiments/blocks/dfs_timeout=180s__300steps__28042026/testing/fold0_numtrajs8_gtrate75/conflict_free_models/conflict_free_model_0/metrics.json,final_model
dfs_timeout=180s__300steps__28042026,180,0.0,28042026,PISAM,cleaned,0,8,75,862,0,1,1.0,0.9988412514484357,benchmark/data/new_experiments/blocks/dfs_timeout=180s__300steps__28042026/testing/fold0_numtrajs8_gtrate75/conflict_free_models/conflict_free_model_0/metrics.json,final_model
dfs_timeout=180s__300steps__28042026,180,0.0,28042026,PISAM,unclean,1,1,0,122,58,36,0.6777777777777778,0.7721518987341772,benchmark/data/new_experiments/blocks/dfs_timeout=180s__300steps__28042026/testing/fold1_numtrajs1_gtrate0/conflict_free_models/final_model/metrics.json,final_model
dfs_timeout=180s__300steps__28042026,180,0.0,28042026,PISAM,cleaned,1,1,0,132,44,26,0.75,0.8354430379746836,benchmark/data/new_experiments/blocks/dfs_timeout=180s__300steps__28042026/testing/fold1_numtrajs1_gtrate0/conflict_free_models/final_model/metrics.json,final_model
dfs_timeout=180s__300steps__28042026,180,0.0,28042026,PISAM,unclean,1,1,10,158,0,0,1.0,1.0,benchmark/data/new_experiments/blocks/dfs_timeout=180s__300steps__28042026/testing/fold1_numtrajs1_gtrate10/conflict_free_models/conflict_free_model_0/metrics.json,final_model
dfs_timeout=180s__300steps__28042026,180,0.0,28042026,PISAM,cleaned,1,1,10,156,0,2,1.0,0.9873417721518988,benchmark/data/new_experiments/blocks/dfs_timeout=180s__300steps__28042026/testing/fold1_numtrajs1_gtrate10/conflict_free_models/conflict_free_model_0/metrics.json,final_model
dfs_timeout=180s__300steps__28042026,180,0.0,28042026,PISAM,unclean,1,1,100,158,0,0,1.0,1.0,benchmark/data/new_experiments/blocks/dfs_timeout=180s__300steps__28042026/testing/fold1_numtrajs1_gtrate100/conflict_free_models/conflict_free_model_0/metrics.json,final_model
dfs_timeout=180s__300steps__28042026,180,0.0,28042026,PISAM,cleaned,1,1,100,158,0,0,1.0,1.0,benchmark/data/new_experiments/blocks/dfs_timeout=180s__300steps__28042026/testing/fold1_numtrajs1_gtrate100/conflict_free_models/conflict_free_model_0/metrics.json,final_model
dfs_timeout=180s__300steps__28042026,180,0.0,28042026,PISAM,unclean,1,1,25,158,0,0,1.0,1.0,benchmark/data/new_experiments/blocks/dfs_timeout=180s__300steps__28042026/testing/fold1_numtrajs1_gtrate25/conflict_free_models/conflict_free_model_0/metrics.json,final_model
dfs_timeout=180s__300steps__28042026,180,0.0,28042026,PISAM,cleaned,1,1,25,156,0,2,1.0,0.9873417721518988,benchmark/data/new_experiments/blocks/dfs_timeout=180s__300steps__28042026/testing/fold1_numtrajs1_gtrate25/conflict_free_models/conflict_free_model_0/metrics.json,final_model
dfs_timeout=180s__300steps__28042026,180,0.0,28042026,PISAM,unclean,1,1,50,158,0,0,1.0,1.0,benchmark/data/new_experiments/blocks/dfs_timeout=180s__300steps__28042026/testing/fold1_numtrajs1_gtrate50/conflict_free_models/conflict_free_model_0/metrics.json,final_model
dfs_timeout=180s__300steps__28042026,180,0.0,28042026,PISAM,cleaned,1,1,50,157,0,1,1.0,0.9936708860759493,benchmark/data/new_experiments/blocks/dfs_timeout=180s__300steps__28042026/testing/fold1_numtrajs1_gtrate50/conflict_free_models/conflict_free_model_0/metrics.json,final_model
dfs_timeout=180s__300steps__28042026,180,0.0,28042026,PISAM,unclean,1,1,75,158,0,0,1.0,1.0,benchmark/data/new_experiments/blocks/dfs_timeout=180s__300steps__28042026/testing/fold1_numtrajs1_gtrate75/conflict_free_models/conflict_free_model_0/metrics.json,final_model
dfs_timeout=180s__300steps__28042026,180,0.0,28042026,PISAM,cleaned,1,1,75,157,0,1,1.0,0.9936708860759493,benchmark/data/new_experiments/blocks/dfs_timeout=180s__300steps__28042026/testing/fold1_numtrajs1_gtrate75/conflict_free_models/conflict_free_model_0/metrics.json,final_model
dfs_timeout=180s__300steps__28042026,180,0.0,28042026,PISAM,unclean,1,2,0,186,79,51,0.7018867924528301,0.7848101265822784,benchmark/data/new_experiments/blocks/dfs_timeout=180s__300steps__28042026/testing/fold1_numtrajs2_gtrate0/conflict_free_models/final_model/metrics.json,final_model
dfs_timeout=180s__300steps__28042026,180,0.0,28042026,PISAM,cleaned,1,2,0,180,71,57,0.7171314741035857,0.759493670886076,benchmark/data/new_experiments/blocks/dfs_timeout=180s__300steps__28042026/testing/fold1_numtrajs2_gtrate0/conflict_free_models/final_model/metrics.json,final_model
dfs_timeout=180s__300steps__28042026,180,0.0,28042026,PISAM,unclean,1,2,10,237,0,0,1.0,1.0,benchmark/data/new_experiments/blocks/dfs_timeout=180s__300steps__28042026/testing/fold1_numtrajs2_gtrate10/conflict_free_models/conflict_free_model_0/metrics.json,final_model
dfs_timeout=180s__300steps__28042026,180,0.0,28042026,PISAM,cleaned,1,2,10,234,0,3,1.0,0.9873417721518988,benchmark/data/new_experiments/blocks/dfs_timeout=180s__300steps__28042026/testing/fold1_numtrajs2_gtrate10/conflict_free_models/conflict_free_model_0/metrics.json,final_model
dfs_timeout=180s__300steps__28042026,180,0.0,28042026,PISAM,unclean,1,2,100,237,0,0,1.0,1.0,benchmark/data/new_experiments/blocks/dfs_timeout=180s__300steps__28042026/testing/fold1_numtrajs2_gtrate100/conflict_free_models/conflict_free_model_0/metrics.json,final_model
dfs_timeout=180s__300steps__28042026,180,0.0,28042026,PISAM,cleaned,1,2,100,237,0,0,1.0,1.0,benchmark/data/new_experiments/blocks/dfs_timeout=180s__300steps__28042026/testing/fold1_numtrajs2_gtrate100/conflict_free_models/conflict_free_model_0/metrics.json,final_model
dfs_timeout=180s__300steps__28042026,180,0.0,28042026,PISAM,unclean,1,2,25,237,0,0,1.0,1.0,benchmark/data/new_experiments/blocks/dfs_timeout=180s__300steps__28042026/testing/fold1_numtrajs2_gtrate25/conflict_free_models/conflict_free_model_0/metrics.json,final_model
dfs_timeout=180s__300steps__28042026,180,0.0,28042026,PISAM,cleaned,1,2,25,234,0,3,1.0,0.9873417721518988,benchmark/data/new_experiments/blocks/dfs_timeout=180s__300steps__28042026/testing/fold1_numtrajs2_gtrate25/conflict_free_models/conflict_free_model_0/metrics.json,final_model
dfs_timeout=180s__300steps__28042026,180,0.0,28042026,PISAM,unclean,1,2,50,237,0,0,1.0,1.0,benchmark/data/new_experiments/blocks/dfs_timeout=180s__300steps__28042026/testing/fold1_numtrajs2_gtrate50/conflict_free_models/conflict_free_model_0/metrics.json,final_model
dfs_timeout=180s__300steps__28042026,180,0.0,28042026,PISAM,cleaned,1,2,50,235,0,2,1.0,0.9915611814345991,benchmark/data/new_experiments/blocks/dfs_timeout=180s__300steps__28042026/testing/fold1_numtrajs2_gtrate50/conflict_free_models/conflict_free_model_0/metrics.json,final_model
dfs_timeout=180s__300steps__28042026,180,0.0,28042026,PISAM,unclean,1,2,75,237,0,0,1.0,1.0,benchmark/data/new_experiments/blocks/dfs_timeout=180s__300steps__28042026/testing/fold1_numtrajs2_gtrate75/conflict_free_models/conflict_free_model_0/metrics.json,final_model
dfs_timeout=180s__300steps__28042026,180,0.0,28042026,PISAM,cleaned,1,2,75,236,0,1,1.0,0.9957805907172996,benchmark/data/new_experiments/blocks/dfs_timeout=180s__300steps__28042026/testing/fold1_numtrajs2_gtrate75/conflict_free_models/conflict_free_model_0/metrics.json,final_model
dfs_timeout=180s__300steps__28042026,180,0.0,28042026,PISAM,unclean,1,3,0,313,107,77,0.7452380952380953,0.8025641025641026,benchmark/data/new_experiments/blocks/dfs_timeout=180s__300steps__28042026/testing/fold1_numtrajs3_gtrate0/conflict_free_models/final_model/metrics.json,final_model
dfs_timeout=180s__300steps__28042026,180,0.0,28042026,PISAM,cleaned,1,3,0,307,120,83,0.7189695550351288,0.7871794871794872,benchmark/data/new_experiments/blocks/dfs_timeout=180s__300steps__28042026/testing/fold1_numtrajs3_gtrate0/conflict_free_models/final_model/metrics.json,final_model
dfs_timeout=180s__300steps__28042026,180,0.0,28042026,PISAM,unclean,1,3,10,390,0,0,1.0,1.0,benchmark/data/new_experiments/blocks/dfs_timeout=180s__300steps__28042026/testing/fold1_numtrajs3_gtrate10/conflict_free_models/conflict_free_model_0/metrics.json,final_model
dfs_timeout=180s__300steps__28042026,180,0.0,28042026,PISAM,cleaned,1,3,10,382,0,8,1.0,0.9794871794871794,benchmark/data/new_experiments/blocks/dfs_timeout=180s__300steps__28042026/testing/fold1_numtrajs3_gtrate10/conflict_free_models/conflict_free_model_0/metrics.json,final_model
dfs_timeout=180s__300steps__28042026,180,0.0,28042026,PISAM,unclean,1,3,100,390,0,0,1.0,1.0,benchmark/data/new_experiments/blocks/dfs_timeout=180s__300steps__28042026/testing/fold1_numtrajs3_gtrate100/conflict_free_models/conflict_free_model_0/metrics.json,final_model
dfs_timeout=180s__300steps__28042026,180,0.0,28042026,PISAM,cleaned,1,3,100,390,0,0,1.0,1.0,benchmark/data/new_experiments/blocks/dfs_timeout=180s__300steps__28042026/testing/fold1_numtrajs3_gtrate100/conflict_free_models/conflict_free_model_0/metrics.json,final_model
dfs_timeout=180s__300steps__28042026,180,0.0,28042026,PISAM,unclean,1,3,25,390,0,0,1.0,1.0,benchmark/data/new_experiments/blocks/dfs_timeout=180s__300steps__28042026/testing/fold1_numtrajs3_gtrate25/conflict_free_models/conflict_free_model_0/metrics.json,final_model
dfs_timeout=180s__300steps__28042026,180,0.0,28042026,PISAM,cleaned,1,3,25,384,0,6,1.0,0.9846153846153847,benchmark/data/new_experiments/blocks/dfs_timeout=180s__300steps__28042026/testing/fold1_numtrajs3_gtrate25/conflict_free_models/conflict_free_model_0/metrics.json,final_model
dfs_timeout=180s__300steps__28042026,180,0.0,28042026,PISAM,unclean,1,3,50,390,0,0,1.0,1.0,benchmark/data/new_experiments/blocks/dfs_timeout=180s__300steps__28042026/testing/fold1_numtrajs3_gtrate50/conflict_free_models/conflict_free_model_0/metrics.json,final_model
dfs_timeout=180s__300steps__28042026,180,0.0,28042026,PISAM,cleaned,1,3,50,388,0,2,1.0,0.9948717948717949,benchmark/data/new_experiments/blocks/dfs_timeout=180s__300steps__28042026/testing/fold1_numtrajs3_gtrate50/conflict_free_models/conflict_free_model_0/metrics.json,final_model
dfs_timeout=180s__300steps__28042026,180,0.0,28042026,PISAM,unclean,1,3,75,390,0,0,1.0,1.0,benchmark/data/new_experiments/blocks/dfs_timeout=180s__300steps__28042026/testing/fold1_numtrajs3_gtrate75/conflict_free_models/conflict_free_model_0/metrics.json,final_model
dfs_timeout=180s__300steps__28042026,180,0.0,28042026,PISAM,cleaned,1,3,75,389,0,1,1.0,0.9974358974358974,benchmark/data/new_experiments/blocks/dfs_timeout=180s__300steps__28042026/testing/fold1_numtrajs3_gtrate75/conflict_free_models/conflict_free_model_0/metrics.json,final_model
dfs_timeout=180s__300steps__28042026,180,0.0,28042026,PISAM,unclean,1,4,0,400,116,83,0.7751937984496124,0.8281573498964804,benchmark/data/new_experiments/blocks/dfs_timeout=180s__300steps__28042026/testing/fold1_numtrajs4_gtrate0/conflict_free_models/final_model/metrics.json,final_model
dfs_timeout=180s__300steps__28042026,180,0.0,28042026,PISAM,cleaned,1,4,0,395,128,88,0.7552581261950286,0.8178053830227743,benchmark/data/new_experiments/blocks/dfs_timeout=180s__300steps__28042026/testing/fold1_numtrajs4_gtrate0/conflict_free_models/final_model/metrics.json,final_model
dfs_timeout=180s__300steps__28042026,180,0.0,28042026,PISAM,unclean,1,4,10,483,0,0,1.0,1.0,benchmark/data/new_experiments/blocks/dfs_timeout=180s__300steps__28042026/testing/fold1_numtrajs4_gtrate10/conflict_free_models/conflict_free_model_0/metrics.json,final_model
dfs_timeout=180s__300steps__28042026,180,0.0,28042026,PISAM,cleaned,1,4,10,475,0,8,1.0,0.9834368530020704,benchmark/data/new_experiments/blocks/dfs_timeout=180s__300steps__28042026/testing/fold1_numtrajs4_gtrate10/conflict_free_models/conflict_free_model_0/metrics.json,final_model
dfs_timeout=180s__300steps__28042026,180,0.0,28042026,PISAM,unclean,1,4,100,483,0,0,1.0,1.0,benchmark/data/new_experiments/blocks/dfs_timeout=180s__300steps__28042026/testing/fold1_numtrajs4_gtrate100/conflict_free_models/conflict_free_model_0/metrics.json,final_model
dfs_timeout=180s__300steps__28042026,180,0.0,28042026,PISAM,cleaned,1,4,100,483,0,0,1.0,1.0,benchmark/data/new_experiments/blocks/dfs_timeout=180s__300steps__28042026/testing/fold1_numtrajs4_gtrate100/conflict_free_models/conflict_free_model_0/metrics.json,final_model
dfs_timeout=180s__300steps__28042026,180,0.0,28042026,PISAM,unclean,1,4,25,483,0,0,1.0,1.0,benchmark/data/new_experiments/blocks/dfs_timeout=180s__300steps__28042026/testing/fold1_numtrajs4_gtrate25/conflict_free_models/conflict_free_model_0/metrics.json,final_model
dfs_timeout=180s__300steps__28042026,180,0.0,28042026,PISAM,cleaned,1,4,25,477,0,6,1.0,0.9875776397515528,benchmark/data/new_experiments/blocks/dfs_timeout=180s__300steps__28042026/testing/fold1_numtrajs4_gtrate25/conflict_free_models/conflict_free_model_0/metrics.json,final_model
dfs_timeout=180s__300steps__28042026,180,0.0,28042026,PISAM,unclean,1,4,50,483,0,0,1.0,1.0,benchmark/data/new_experiments/blocks/dfs_timeout=180s__300steps__28042026/testing/fold1_numtrajs4_gtrate50/conflict_free_models/conflict_free_model_0/metrics.json,final_model
dfs_timeout=180s__300steps__28042026,180,0.0,28042026,PISAM,cleaned,1,4,50,481,0,2,1.0,0.9958592132505176,benchmark/data/new_experiments/blocks/dfs_timeout=180s__300steps__28042026/testing/fold1_numtrajs4_gtrate50/conflict_free_models/conflict_free_model_0/metrics.json,final_model
dfs_timeout=180s__300steps__28042026,180,0.0,28042026,PISAM,unclean,1,4,75,483,0,0,1.0,1.0,benchmark/data/new_experiments/blocks/dfs_timeout=180s__300steps__28042026/testing/fold1_numtrajs4_gtrate75/conflict_free_models/conflict_free_model_0/metrics.json,final_model
dfs_timeout=180s__300steps__28042026,180,0.0,28042026,PISAM,cleaned,1,4,75,482,0,1,1.0,0.9979296066252588,benchmark/data/new_experiments/blocks/dfs_timeout=180s__300steps__28042026/testing/fold1_numtrajs4_gtrate75/conflict_free_models/conflict_free_model_0/metrics.json,final_model
dfs_timeout=180s__300steps__28042026,180,0.0,28042026,PISAM,unclean,1,5,0,486,125,87,0.795417348608838,0.8481675392670157,benchmark/data/new_experiments/blocks/dfs_timeout=180s__300steps__28042026/testing/fold1_numtrajs5_gtrate0/conflict_free_models/final_model/metrics.json,final_model
dfs_timeout=180s__300steps__28042026,180,0.0,28042026,PISAM,cleaned,1,5,0,491,152,82,0.7636080870917574,0.8568935427574171,benchmark/data/new_experiments/blocks/dfs_timeout=180s__300steps__28042026/testing/fold1_numtrajs5_gtrate0/conflict_free_models/final_model/metrics.json,final_model
dfs_timeout=180s__300steps__28042026,180,0.0,28042026,PISAM,unclean,1,5,10,573,0,0,1.0,1.0,benchmark/data/new_experiments/blocks/dfs_timeout=180s__300steps__28042026/testing/fold1_numtrajs5_gtrate10/conflict_free_models/conflict_free_model_0/metrics.json,final_model
dfs_timeout=180s__300steps__28042026,180,0.0,28042026,PISAM,cleaned,1,5,10,565,0,8,1.0,0.9860383944153578,benchmark/data/new_experiments/blocks/dfs_timeout=180s__300steps__28042026/testing/fold1_numtrajs5_gtrate10/conflict_free_models/conflict_free_model_0/metrics.json,final_model
dfs_timeout=180s__300steps__28042026,180,0.0,28042026,PISAM,unclean,1,5,100,573,0,0,1.0,1.0,benchmark/data/new_experiments/blocks/dfs_timeout=180s__300steps__28042026/testing/fold1_numtrajs5_gtrate100/conflict_free_models/conflict_free_model_0/metrics.json,final_model
dfs_timeout=180s__300steps__28042026,180,0.0,28042026,PISAM,cleaned,1,5,100,573,0,0,1.0,1.0,benchmark/data/new_experiments/blocks/dfs_timeout=180s__300steps__28042026/testing/fold1_numtrajs5_gtrate100/conflict_free_models/conflict_free_model_0/metrics.json,final_model
dfs_timeout=180s__300steps__28042026,180,0.0,28042026,PISAM,unclean,1,5,25,573,0,0,1.0,1.0,benchmark/data/new_experiments/blocks/dfs_timeout=180s__300steps__28042026/testing/fold1_numtrajs5_gtrate25/conflict_free_models/conflict_free_model_0/metrics.json,final_model
dfs_timeout=180s__300steps__28042026,180,0.0,28042026,PISAM,cleaned,1,5,25,567,0,6,1.0,0.9895287958115183,benchmark/data/new_experiments/blocks/dfs_timeout=180s__300steps__28042026/testing/fold1_numtrajs5_gtrate25/conflict_free_models/conflict_free_model_0/metrics.json,final_model
dfs_timeout=180s__300steps__28042026,180,0.0,28042026,PISAM,unclean,1,5,50,573,0,0,1.0,1.0,benchmark/data/new_experiments/blocks/dfs_timeout=180s__300steps__28042026/testing/fold1_numtrajs5_gtrate50/conflict_free_models/conflict_free_model_0/metrics.json,final_model
dfs_timeout=180s__300steps__28042026,180,0.0,28042026,PISAM,cleaned,1,5,50,571,0,2,1.0,0.9965095986038395,benchmark/data/new_experiments/blocks/dfs_timeout=180s__300steps__28042026/testing/fold1_numtrajs5_gtrate50/conflict_free_models/conflict_free_model_0/metrics.json,final_model
dfs_timeout=180s__300steps__28042026,180,0.0,28042026,PISAM,unclean,1,5,75,573,0,0,1.0,1.0,benchmark/data/new_experiments/blocks/dfs_timeout=180s__300steps__28042026/testing/fold1_numtrajs5_gtrate75/conflict_free_models/conflict_free_model_0/metrics.json,final_model
dfs_timeout=180s__300steps__28042026,180,0.0,28042026,PISAM,cleaned,1,5,75,572,0,1,1.0,0.9982547993019197,benchmark/data/new_experiments/blocks/dfs_timeout=180s__300steps__28042026/testing/fold1_numtrajs5_gtrate75/conflict_free_models/conflict_free_model_0/metrics.json,final_model
dfs_timeout=180s__300steps__28042026,180,0.0,28042026,PISAM,unclean,1,6,0,644,172,124,0.7892156862745098,0.8385416666666666,benchmark/data/new_experiments/blocks/dfs_timeout=180s__300steps__28042026/testing/fold1_numtrajs6_gtrate0/conflict_free_models/final_model/metrics.json,final_model
dfs_timeout=180s__300steps__28042026,180,0.0,28042026,PISAM,cleaned,1,6,0,657,181,111,0.7840095465393795,0.85546875,benchmark/data/new_experiments/blocks/dfs_timeout=180s__300steps__28042026/testing/fold1_numtrajs6_gtrate0/conflict_free_models/final_model/metrics.json,final_model
dfs_timeout=180s__300steps__28042026,180,0.0,28042026,PISAM,unclean,1,6,10,768,0,0,1.0,1.0,benchmark/data/new_experiments/blocks/dfs_timeout=180s__300steps__28042026/testing/fold1_numtrajs6_gtrate10/conflict_free_models/conflict_free_model_0/metrics.json,final_model
dfs_timeout=180s__300steps__28042026,180,0.0,28042026,PISAM,cleaned,1,6,10,756,0,12,1.0,0.984375,benchmark/data/new_experiments/blocks/dfs_timeout=180s__300steps__28042026/testing/fold1_numtrajs6_gtrate10/conflict_free_models/conflict_free_model_0/metrics.json,final_model
dfs_timeout=180s__300steps__28042026,180,0.0,28042026,PISAM,unclean,1,6,100,768,0,0,1.0,1.0,benchmark/data/new_experiments/blocks/dfs_timeout=180s__300steps__28042026/testing/fold1_numtrajs6_gtrate100/conflict_free_models/conflict_free_model_0/metrics.json,final_model
dfs_timeout=180s__300steps__28042026,180,0.0,28042026,PISAM,cleaned,1,6,100,768,0,0,1.0,1.0,benchmark/data/new_experiments/blocks/dfs_timeout=180s__300steps__28042026/testing/fold1_numtrajs6_gtrate100/conflict_free_models/conflict_free_model_0/metrics.json,final_model
dfs_timeout=180s__300steps__28042026,180,0.0,28042026,PISAM,unclean,1,6,25,768,0,0,1.0,1.0,benchmark/data/new_experiments/blocks/dfs_timeout=180s__300steps__28042026/testing/fold1_numtrajs6_gtrate25/conflict_free_models/conflict_free_model_0/metrics.json,final_model
dfs_timeout=180s__300steps__28042026,180,0.0,28042026,PISAM,cleaned,1,6,25,760,0,8,1.0,0.9895833333333334,benchmark/data/new_experiments/blocks/dfs_timeout=180s__300steps__28042026/testing/fold1_numtrajs6_gtrate25/conflict_free_models/conflict_free_model_0/metrics.json,final_model
dfs_timeout=180s__300steps__28042026,180,0.0,28042026,PISAM,unclean,1,6,50,768,0,0,1.0,1.0,benchmark/data/new_experiments/blocks/dfs_timeout=180s__300steps__28042026/testing/fold1_numtrajs6_gtrate50/conflict_free_models/conflict_free_model_0/metrics.json,final_model
dfs_timeout=180s__300steps__28042026,180,0.0,28042026,PISAM,cleaned,1,6,50,765,0,3,1.0,0.99609375,benchmark/data/new_experiments/blocks/dfs_timeout=180s__300steps__28042026/testing/fold1_numtrajs6_gtrate50/conflict_free_models/conflict_free_model_0/metrics.json,final_model
dfs_timeout=180s__300steps__28042026,180,0.0,28042026,PISAM,unclean,1,6,75,768,0,0,1.0,1.0,benchmark/data/new_experiments/blocks/dfs_timeout=180s__300steps__28042026/testing/fold1_numtrajs6_gtrate75/conflict_free_models/conflict_free_model_0/metrics.json,final_model
dfs_timeout=180s__300steps__28042026,180,0.0,28042026,PISAM,cleaned,1,6,75,767,0,1,1.0,0.9986979166666666,benchmark/data/new_experiments/blocks/dfs_timeout=180s__300steps__28042026/testing/fold1_numtrajs6_gtrate75/conflict_free_models/conflict_free_model_0/metrics.json,final_model
dfs_timeout=180s__300steps__28042026,180,0.0,28042026,PISAM,unclean,1,7,0,696,181,132,0.7936145952109465,0.8405797101449275,benchmark/data/new_experiments/blocks/dfs_timeout=180s__300steps__28042026/testing/fold1_numtrajs7_gtrate0/conflict_free_models/final_model/metrics.json,final_model
dfs_timeout=180s__300steps__28042026,180,0.0,28042026,PISAM,cleaned,1,7,0,704,216,124,0.7652173913043478,0.8502415458937198,benchmark/data/new_experiments/blocks/dfs_timeout=180s__300steps__28042026/testing/fold1_numtrajs7_gtrate0/conflict_free_models/final_model/metrics.json,final_model
dfs_timeout=180s__300steps__28042026,180,0.0,28042026,PISAM,unclean,1,7,10,828,0,0,1.0,1.0,benchmark/data/new_experiments/blocks/dfs_timeout=180s__300steps__28042026/testing/fold1_numtrajs7_gtrate10/conflict_free_models/conflict_free_model_0/metrics.json,final_model
dfs_timeout=180s__300steps__28042026,180,0.0,28042026,PISAM,cleaned,1,7,10,816,0,12,1.0,0.9855072463768116,benchmark/data/new_experiments/blocks/dfs_timeout=180s__300steps__28042026/testing/fold1_numtrajs7_gtrate10/conflict_free_models/conflict_free_model_0/metrics.json,final_model
dfs_timeout=180s__300steps__28042026,180,0.0,28042026,PISAM,unclean,1,7,100,828,0,0,1.0,1.0,benchmark/data/new_experiments/blocks/dfs_timeout=180s__300steps__28042026/testing/fold1_numtrajs7_gtrate100/conflict_free_models/conflict_free_model_0/metrics.json,final_model
dfs_timeout=180s__300steps__28042026,180,0.0,28042026,PISAM,cleaned,1,7,100,828,0,0,1.0,1.0,benchmark/data/new_experiments/blocks/dfs_timeout=180s__300steps__28042026/testing/fold1_numtrajs7_gtrate100/conflict_free_models/conflict_free_model_0/metrics.json,final_model
dfs_timeout=180s__300steps__28042026,180,0.0,28042026,PISAM,unclean,1,7,25,828,0,0,1.0,1.0,benchmark/data/new_experiments/blocks/dfs_timeout=180s__300steps__28042026/testing/fold1_numtrajs7_gtrate25/conflict_free_models/conflict_free_model_0/metrics.json,final_model
dfs_timeout=180s__300steps__28042026,180,0.0,28042026,PISAM,cleaned,1,7,25,820,0,8,1.0,0.9903381642512077,benchmark/data/new_experiments/blocks/dfs_timeout=180s__300steps__28042026/testing/fold1_numtrajs7_gtrate25/conflict_free_models/conflict_free_model_0/metrics.json,final_model
dfs_timeout=180s__300steps__28042026,180,0.0,28042026,PISAM,unclean,1,7,50,828,0,0,1.0,1.0,benchmark/data/new_experiments/blocks/dfs_timeout=180s__300steps__28042026/testing/fold1_numtrajs7_gtrate50/conflict_free_models/conflict_free_model_0/metrics.json,final_model
dfs_timeout=180s__300steps__28042026,180,0.0,28042026,PISAM,cleaned,1,7,50,825,0,3,1.0,0.9963768115942029,benchmark/data/new_experiments/blocks/dfs_timeout=180s__300steps__28042026/testing/fold1_numtrajs7_gtrate50/conflict_free_models/conflict_free_model_0/metrics.json,final_model
dfs_timeout=180s__300steps__28042026,180,0.0,28042026,PISAM,unclean,1,7,75,828,0,0,1.0,1.0,benchmark/data/new_experiments/blocks/dfs_timeout=180s__300steps__28042026/testing/fold1_numtrajs7_gtrate75/conflict_free_models/conflict_free_model_0/metrics.json,final_model
dfs_timeout=180s__300steps__28042026,180,0.0,28042026,PISAM,cleaned,1,7,75,827,0,1,1.0,0.998792270531401,benchmark/data/new_experiments/blocks/dfs_timeout=180s__300steps__28042026/testing/fold1_numtrajs7_gtrate75/conflict_free_models/conflict_free_model_0/metrics.json,final_model
dfs_timeout=180s__300steps__28042026,180,0.0,28042026,PISAM,unclean,1,8,0,766,185,135,0.8054679284963197,0.8501664816870145,benchmark/data/new_experiments/blocks/dfs_timeout=180s__300steps__28042026/testing/fold1_numtrajs8_gtrate0/conflict_free_models/final_model/metrics.json,final_model
dfs_timeout=180s__300steps__28042026,180,0.0,28042026,PISAM,cleaned,1,8,0,755,233,146,0.7641700404858299,0.8379578246392897,benchmark/data/new_experiments/blocks/dfs_timeout=180s__300steps__28042026/testing/fold1_numtrajs8_gtrate0/conflict_free_models/final_model/metrics.json,final_model
dfs_timeout=180s__300steps__28042026,180,0.0,28042026,PISAM,unclean,1,8,10,901,0,0,1.0,1.0,benchmark/data/new_experiments/blocks/dfs_timeout=180s__300steps__28042026/testing/fold1_numtrajs8_gtrate10/conflict_free_models/conflict_free_model_0/metrics.json,final_model
dfs_timeout=180s__300steps__28042026,180,0.0,28042026,PISAM,cleaned,1,8,10,889,0,12,1.0,0.9866814650388457,benchmark/data/new_experiments/blocks/dfs_timeout=180s__300steps__28042026/testing/fold1_numtrajs8_gtrate10/conflict_free_models/conflict_free_model_0/metrics.json,final_model
dfs_timeout=180s__300steps__28042026,180,0.0,28042026,PISAM,unclean,1,8,100,901,0,0,1.0,1.0,benchmark/data/new_experiments/blocks/dfs_timeout=180s__300steps__28042026/testing/fold1_numtrajs8_gtrate100/conflict_free_models/conflict_free_model_0/metrics.json,final_model
dfs_timeout=180s__300steps__28042026,180,0.0,28042026,PISAM,cleaned,1,8,100,901,0,0,1.0,1.0,benchmark/data/new_experiments/blocks/dfs_timeout=180s__300steps__28042026/testing/fold1_numtrajs8_gtrate100/conflict_free_models/conflict_free_model_0/metrics.json,final_model
dfs_timeout=180s__300steps__28042026,180,0.0,28042026,PISAM,unclean,1,8,25,901,0,0,1.0,1.0,benchmark/data/new_experiments/blocks/dfs_timeout=180s__300steps__28042026/testing/fold1_numtrajs8_gtrate25/conflict_free_models/conflict_free_model_0/metrics.json,final_model
dfs_timeout=180s__300steps__28042026,180,0.0,28042026,PISAM,cleaned,1,8,25,893,0,8,1.0,0.9911209766925638,benchmark/data/new_experiments/blocks/dfs_timeout=180s__300steps__28042026/testing/fold1_numtrajs8_gtrate25/conflict_free_models/conflict_free_model_0/metrics.json,final_model
dfs_timeout=180s__300steps__28042026,180,0.0,28042026,PISAM,unclean,1,8,50,901,0,0,1.0,1.0,benchmark/data/new_experiments/blocks/dfs_timeout=180s__300steps__28042026/testing/fold1_numtrajs8_gtrate50/conflict_free_models/conflict_free_model_0/metrics.json,final_model
dfs_timeout=180s__300steps__28042026,180,0.0,28042026,PISAM,cleaned,1,8,50,898,0,3,1.0,0.9966703662597114,benchmark/data/new_experiments/blocks/dfs_timeout=180s__300steps__28042026/testing/fold1_numtrajs8_gtrate50/conflict_free_models/conflict_free_model_0/metrics.json,final_model
dfs_timeout=180s__300steps__28042026,180,0.0,28042026,PISAM,unclean,1,8,75,901,0,0,1.0,1.0,benchmark/data/new_experiments/blocks/dfs_timeout=180s__300steps__28042026/testing/fold1_numtrajs8_gtrate75/conflict_free_models/conflict_free_model_0/metrics.json,final_model
dfs_timeout=180s__300steps__28042026,180,0.0,28042026,PISAM,cleaned,1,8,75,900,0,1,1.0,0.9988901220865705,benchmark/data/new_experiments/blocks/dfs_timeout=180s__300steps__28042026/testing/fold1_numtrajs8_gtrate75/conflict_free_models/conflict_free_model_0/metrics.json,final_model
dfs_timeout=180s__300steps__28042026,180,0.0,28042026,PISAM,unclean,2,1,0,127,28,26,0.8193548387096774,0.8300653594771242,benchmark/data/new_experiments/blocks/dfs_timeout=180s__300steps__28042026/testing/fold2_numtrajs1_gtrate0/conflict_free_models/conflict_free_model_0/metrics.json,final_model
dfs_timeout=180s__300steps__28042026,180,0.0,28042026,PISAM,cleaned,2,1,0,102,28,51,0.7846153846153846,0.6666666666666666,benchmark/data/new_experiments/blocks/dfs_timeout=180s__300steps__28042026/testing/fold2_numtrajs1_gtrate0/conflict_free_models/conflict_free_model_0/metrics.json,final_model
dfs_timeout=180s__300steps__28042026,180,0.0,28042026,PISAM,unclean,2,1,10,153,0,0,1.0,1.0,benchmark/data/new_experiments/blocks/dfs_timeout=180s__300steps__28042026/testing/fold2_numtrajs1_gtrate10/conflict_free_models/conflict_free_model_0/metrics.json,final_model
dfs_timeout=180s__300steps__28042026,180,0.0,28042026,PISAM,cleaned,2,1,10,148,0,5,1.0,0.9673202614379085,benchmark/data/new_experiments/blocks/dfs_timeout=180s__300steps__28042026/testing/fold2_numtrajs1_gtrate10/conflict_free_models/conflict_free_model_0/metrics.json,final_model
dfs_timeout=180s__300steps__28042026,180,0.0,28042026,PISAM,unclean,2,1,100,153,0,0,1.0,1.0,benchmark/data/new_experiments/blocks/dfs_timeout=180s__300steps__28042026/testing/fold2_numtrajs1_gtrate100/conflict_free_models/conflict_free_model_0/metrics.json,final_model
dfs_timeout=180s__300steps__28042026,180,0.0,28042026,PISAM,cleaned,2,1,100,153,0,0,1.0,1.0,benchmark/data/new_experiments/blocks/dfs_timeout=180s__300steps__28042026/testing/fold2_numtrajs1_gtrate100/conflict_free_models/conflict_free_model_0/metrics.json,final_model
dfs_timeout=180s__300steps__28042026,180,0.0,28042026,PISAM,unclean,2,1,25,153,0,0,1.0,1.0,benchmark/data/new_experiments/blocks/dfs_timeout=180s__300steps__28042026/testing/fold2_numtrajs1_gtrate25/conflict_free_models/conflict_free_model_0/metrics.json,final_model
dfs_timeout=180s__300steps__28042026,180,0.0,28042026,PISAM,cleaned,2,1,25,150,0,3,1.0,0.9803921568627451,benchmark/data/new_experiments/blocks/dfs_timeout=180s__300steps__28042026/testing/fold2_numtrajs1_gtrate25/conflict_free_models/conflict_free_model_0/metrics.json,final_model
dfs_timeout=180s__300steps__28042026,180,0.0,28042026,PISAM,unclean,2,1,50,153,0,0,1.0,1.0,benchmark/data/new_experiments/blocks/dfs_timeout=180s__300steps__28042026/testing/fold2_numtrajs1_gtrate50/conflict_free_models/conflict_free_model_0/metrics.json,final_model
dfs_timeout=180s__300steps__28042026,180,0.0,28042026,PISAM,cleaned,2,1,50,153,0,0,1.0,1.0,benchmark/data/new_experiments/blocks/dfs_timeout=180s__300steps__28042026/testing/fold2_numtrajs1_gtrate50/conflict_free_models/conflict_free_model_0/metrics.json,final_model
dfs_timeout=180s__300steps__28042026,180,0.0,28042026,PISAM,unclean,2,1,75,153,0,0,1.0,1.0,benchmark/data/new_experiments/blocks/dfs_timeout=180s__300steps__28042026/testing/fold2_numtrajs1_gtrate75/conflict_free_models/conflict_free_model_0/metrics.json,final_model
dfs_timeout=180s__300steps__28042026,180,0.0,28042026,PISAM,cleaned,2,1,75,153,0,0,1.0,1.0,benchmark/data/new_experiments/blocks/dfs_timeout=180s__300steps__28042026/testing/fold2_numtrajs1_gtrate75/conflict_free_models/conflict_free_model_0/metrics.json,final_model
dfs_timeout=180s__300steps__28042026,180,0.0,28042026,PISAM,unclean,2,2,0,285,75,63,0.7916666666666666,0.8189655172413793,benchmark/data/new_experiments/blocks/dfs_timeout=180s__300steps__28042026/testing/fold2_numtrajs2_gtrate0/conflict_free_models/conflict_free_model_0/metrics.json,final_model
dfs_timeout=180s__300steps__28042026,180,0.0,28042026,PISAM,cleaned,2,2,0,279,42,69,0.8691588785046729,0.8017241379310345,benchmark/data/new_experiments/blocks/dfs_timeout=180s__300steps__28042026/testing/fold2_numtrajs2_gtrate0/conflict_free_models/conflict_free_model_0/metrics.json,final_model
dfs_timeout=180s__300steps__28042026,180,0.0,28042026,PISAM,unclean,2,2,10,348,0,0,1.0,1.0,benchmark/data/new_experiments/blocks/dfs_timeout=180s__300steps__28042026/testing/fold2_numtrajs2_gtrate10/conflict_free_models/conflict_free_model_0/metrics.json,final_model
dfs_timeout=180s__300steps__28042026,180,0.0,28042026,PISAM,cleaned,2,2,10,339,0,9,1.0,0.9741379310344828,benchmark/data/new_experiments/blocks/dfs_timeout=180s__300steps__28042026/testing/fold2_numtrajs2_gtrate10/conflict_free_models/conflict_free_model_0/metrics.json,final_model
dfs_timeout=180s__300steps__28042026,180,0.0,28042026,PISAM,unclean,2,2,100,348,0,0,1.0,1.0,benchmark/data/new_experiments/blocks/dfs_timeout=180s__300steps__28042026/testing/fold2_numtrajs2_gtrate100/conflict_free_models/conflict_free_model_0/metrics.json,final_model
dfs_timeout=180s__300steps__28042026,180,0.0,28042026,PISAM,cleaned,2,2,100,348,0,0,1.0,1.0,benchmark/data/new_experiments/blocks/dfs_timeout=180s__300steps__28042026/testing/fold2_numtrajs2_gtrate100/conflict_free_models/conflict_free_model_0/metrics.json,final_model
dfs_timeout=180s__300steps__28042026,180,0.0,28042026,PISAM,unclean,2,2,25,348,0,0,1.0,1.0,benchmark/data/new_experiments/blocks/dfs_timeout=180s__300steps__28042026/testing/fold2_numtrajs2_gtrate25/conflict_free_models/conflict_free_model_0/metrics.json,final_model
dfs_timeout=180s__300steps__28042026,180,0.0,28042026,PISAM,cleaned,2,2,25,343,0,5,1.0,0.985632183908046,benchmark/data/new_experiments/blocks/dfs_timeout=180s__300steps__28042026/testing/fold2_numtrajs2_gtrate25/conflict_free_models/conflict_free_model_0/metrics.json,final_model
dfs_timeout=180s__300steps__28042026,180,0.0,28042026,PISAM,unclean,2,2,50,348,0,0,1.0,1.0,benchmark/data/new_experiments/blocks/dfs_timeout=180s__300steps__28042026/testing/fold2_numtrajs2_gtrate50/conflict_free_models/conflict_free_model_0/metrics.json,final_model
dfs_timeout=180s__300steps__28042026,180,0.0,28042026,PISAM,cleaned,2,2,50,347,0,1,1.0,0.9971264367816092,benchmark/data/new_experiments/blocks/dfs_timeout=180s__300steps__28042026/testing/fold2_numtrajs2_gtrate50/conflict_free_models/conflict_free_model_0/metrics.json,final_model
dfs_timeout=180s__300steps__28042026,180,0.0,28042026,PISAM,unclean,2,2,75,348,0,0,1.0,1.0,benchmark/data/new_experiments/blocks/dfs_timeout=180s__300steps__28042026/testing/fold2_numtrajs2_gtrate75/conflict_free_models/conflict_free_model_0/metrics.json,final_model
dfs_timeout=180s__300steps__28042026,180,0.0,28042026,PISAM,cleaned,2,2,75,348,0,0,1.0,1.0,benchmark/data/new_experiments/blocks/dfs_timeout=180s__300steps__28042026/testing/fold2_numtrajs2_gtrate75/conflict_free_models/conflict_free_model_0/metrics.json,final_model
dfs_timeout=180s__300steps__28042026,180,0.0,28042026,PISAM,unclean,2,3,0,372,84,69,0.8157894736842105,0.8435374149659864,benchmark/data/new_experiments/blocks/dfs_timeout=180s__300steps__28042026/testing/fold2_numtrajs3_gtrate0/conflict_free_models/conflict_free_model_0/metrics.json,final_model
dfs_timeout=180s__300steps__28042026,180,0.0,28042026,PISAM,cleaned,2,3,0,346,52,95,0.8693467336683417,0.7845804988662132,benchmark/data/new_experiments/blocks/dfs_timeout=180s__300steps__28042026/testing/fold2_numtrajs3_gtrate0/conflict_free_models/conflict_free_model_0/metrics.json,final_model
dfs_timeout=180s__300steps__28042026,180,0.0,28042026,PISAM,unclean,2,3,10,441,0,0,1.0,1.0,benchmark/data/new_experiments/blocks/dfs_timeout=180s__300steps__28042026/testing/fold2_numtrajs3_gtrate10/conflict_free_models/conflict_free_model_0/metrics.json,final_model
dfs_timeout=180s__300steps__28042026,180,0.0,28042026,PISAM,cleaned,2,3,10,432,0,9,1.0,0.9795918367346939,benchmark/data/new_experiments/blocks/dfs_timeout=180s__300steps__28042026/testing/fold2_numtrajs3_gtrate10/conflict_free_models/conflict_free_model_0/metrics.json,final_model
dfs_timeout=180s__300steps__28042026,180,0.0,28042026,PISAM,unclean,2,3,100,441,0,0,1.0,1.0,benchmark/data/new_experiments/blocks/dfs_timeout=180s__300steps__28042026/testing/fold2_numtrajs3_gtrate100/conflict_free_models/conflict_free_model_0/metrics.json,final_model
dfs_timeout=180s__300steps__28042026,180,0.0,28042026,PISAM,cleaned,2,3,100,441,0,0,1.0,1.0,benchmark/data/new_experiments/blocks/dfs_timeout=180s__300steps__28042026/testing/fold2_numtrajs3_gtrate100/conflict_free_models/conflict_free_model_0/metrics.json,final_model
dfs_timeout=180s__300steps__28042026,180,0.0,28042026,PISAM,unclean,2,3,25,441,0,0,1.0,1.0,benchmark/data/new_experiments/blocks/dfs_timeout=180s__300steps__28042026/testing/fold2_numtrajs3_gtrate25/conflict_free_models/conflict_free_model_0/metrics.json,final_model
dfs_timeout=180s__300steps__28042026,180,0.0,28042026,PISAM,cleaned,2,3,25,436,0,5,1.0,0.9886621315192744,benchmark/data/new_experiments/blocks/dfs_timeout=180s__300steps__28042026/testing/fold2_numtrajs3_gtrate25/conflict_free_models/conflict_free_model_0/metrics.json,final_model
dfs_timeout=180s__300steps__28042026,180,0.0,28042026,PISAM,unclean,2,3,50,441,0,0,1.0,1.0,benchmark/data/new_experiments/blocks/dfs_timeout=180s__300steps__28042026/testing/fold2_numtrajs3_gtrate50/conflict_free_models/conflict_free_model_0/metrics.json,final_model
dfs_timeout=180s__300steps__28042026,180,0.0,28042026,PISAM,cleaned,2,3,50,440,0,1,1.0,0.9977324263038548,benchmark/data/new_experiments/blocks/dfs_timeout=180s__300steps__28042026/testing/fold2_numtrajs3_gtrate50/conflict_free_models/conflict_free_model_0/metrics.json,final_model
dfs_timeout=180s__300steps__28042026,180,0.0,28042026,PISAM,unclean,2,3,75,441,0,0,1.0,1.0,benchmark/data/new_experiments/blocks/dfs_timeout=180s__300steps__28042026/testing/fold2_numtrajs3_gtrate75/conflict_free_models/conflict_free_model_0/metrics.json,final_model
dfs_timeout=180s__300steps__28042026,180,0.0,28042026,PISAM,cleaned,2,3,75,441,0,0,1.0,1.0,benchmark/data/new_experiments/blocks/dfs_timeout=180s__300steps__28042026/testing/fold2_numtrajs3_gtrate75/conflict_free_models/conflict_free_model_0/metrics.json,final_model
dfs_timeout=180s__300steps__28042026,180,0.0,28042026,PISAM,unclean,2,4,0,419,90,77,0.8231827111984283,0.844758064516129,benchmark/data/new_experiments/blocks/dfs_timeout=180s__300steps__28042026/testing/fold2_numtrajs4_gtrate0/conflict_free_models/conflict_free_model_0/metrics.json,final_model
dfs_timeout=180s__300steps__28042026,180,0.0,28042026,PISAM,cleaned,2,4,0,392,57,104,0.8730512249443207,0.7903225806451613,benchmark/data/new_experiments/blocks/dfs_timeout=180s__300steps__28042026/testing/fold2_numtrajs4_gtrate0/conflict_free_models/conflict_free_model_0/metrics.json,final_model
dfs_timeout=180s__300steps__28042026,180,0.0,28042026,PISAM,unclean,2,4,10,496,0,0,1.0,1.0,benchmark/data/new_experiments/blocks/dfs_timeout=180s__300steps__28042026/testing/fold2_numtrajs4_gtrate10/conflict_free_models/conflict_free_model_0/metrics.json,final_model
dfs_timeout=180s__300steps__28042026,180,0.0,28042026,PISAM,cleaned,2,4,10,487,0,9,1.0,0.9818548387096774,benchmark/data/new_experiments/blocks/dfs_timeout=180s__300steps__28042026/testing/fold2_numtrajs4_gtrate10/conflict_free_models/conflict_free_model_0/metrics.json,final_model
dfs_timeout=180s__300steps__28042026,180,0.0,28042026,PISAM,unclean,2,4,100,496,0,0,1.0,1.0,benchmark/data/new_experiments/blocks/dfs_timeout=180s__300steps__28042026/testing/fold2_numtrajs4_gtrate100/conflict_free_models/conflict_free_model_0/metrics.json,final_model
dfs_timeout=180s__300steps__28042026,180,0.0,28042026,PISAM,cleaned,2,4,100,496,0,0,1.0,1.0,benchmark/data/new_experiments/blocks/dfs_timeout=180s__300steps__28042026/testing/fold2_numtrajs4_gtrate100/conflict_free_models/conflict_free_model_0/metrics.json,final_model
dfs_timeout=180s__300steps__28042026,180,0.0,28042026,PISAM,unclean,2,4,25,496,0,0,1.0,1.0,benchmark/data/new_experiments/blocks/dfs_timeout=180s__300steps__28042026/testing/fold2_numtrajs4_gtrate25/conflict_free_models/conflict_free_model_0/metrics.json,final_model
dfs_timeout=180s__300steps__28042026,180,0.0,28042026,PISAM,cleaned,2,4,25,491,0,5,1.0,0.9899193548387096,benchmark/data/new_experiments/blocks/dfs_timeout=180s__300steps__28042026/testing/fold2_numtrajs4_gtrate25/conflict_free_models/conflict_free_model_0/metrics.json,final_model
dfs_timeout=180s__300steps__28042026,180,0.0,28042026,PISAM,unclean,2,4,50,496,0,0,1.0,1.0,benchmark/data/new_experiments/blocks/dfs_timeout=180s__300steps__28042026/testing/fold2_numtrajs4_gtrate50/conflict_free_models/conflict_free_model_0/metrics.json,final_model
dfs_timeout=180s__300steps__28042026,180,0.0,28042026,PISAM,cleaned,2,4,50,495,0,1,1.0,0.9979838709677419,benchmark/data/new_experiments/blocks/dfs_timeout=180s__300steps__28042026/testing/fold2_numtrajs4_gtrate50/conflict_free_models/conflict_free_model_0/metrics.json,final_model
dfs_timeout=180s__300steps__28042026,180,0.0,28042026,PISAM,unclean,2,4,75,496,0,0,1.0,1.0,benchmark/data/new_experiments/blocks/dfs_timeout=180s__300steps__28042026/testing/fold2_numtrajs4_gtrate75/conflict_free_models/conflict_free_model_0/metrics.json,final_model
dfs_timeout=180s__300steps__28042026,180,0.0,28042026,PISAM,cleaned,2,4,75,496,0,0,1.0,1.0,benchmark/data/new_experiments/blocks/dfs_timeout=180s__300steps__28042026/testing/fold2_numtrajs4_gtrate75/conflict_free_models/conflict_free_model_0/metrics.json,final_model
dfs_timeout=180s__300steps__28042026,180,0.0,28042026,PISAM,unclean,2,5,0,483,111,92,0.8131313131313131,0.84,benchmark/data/new_experiments/blocks/dfs_timeout=180s__300steps__28042026/testing/fold2_numtrajs5_gtrate0/conflict_free_models/final_model/metrics.json,final_model
dfs_timeout=180s__300steps__28042026,180,0.0,28042026,PISAM,cleaned,2,5,0,457,132,118,0.7758913412563667,0.7947826086956522,benchmark/data/new_experiments/blocks/dfs_timeout=180s__300steps__28042026/testing/fold2_numtrajs5_gtrate0/conflict_free_models/final_model/metrics.json,final_model
dfs_timeout=180s__300steps__28042026,180,0.0,28042026,PISAM,unclean,2,5,10,575,0,0,1.0,1.0,benchmark/data/new_experiments/blocks/dfs_timeout=180s__300steps__28042026/testing/fold2_numtrajs5_gtrate10/conflict_free_models/conflict_free_model_0/metrics.json,final_model
dfs_timeout=180s__300steps__28042026,180,0.0,28042026,PISAM,cleaned,2,5,10,565,0,10,1.0,0.9826086956521739,benchmark/data/new_experiments/blocks/dfs_timeout=180s__300steps__28042026/testing/fold2_numtrajs5_gtrate10/conflict_free_models/conflict_free_model_0/metrics.json,final_model
dfs_timeout=180s__300steps__28042026,180,0.0,28042026,PISAM,unclean,2,5,100,575,0,0,1.0,1.0,benchmark/data/new_experiments/blocks/dfs_timeout=180s__300steps__28042026/testing/fold2_numtrajs5_gtrate100/conflict_free_models/conflict_free_model_0/metrics.json,final_model
dfs_timeout=180s__300steps__28042026,180,0.0,28042026,PISAM,cleaned,2,5,100,575,0,0,1.0,1.0,benchmark/data/new_experiments/blocks/dfs_timeout=180s__300steps__28042026/testing/fold2_numtrajs5_gtrate100/conflict_free_models/conflict_free_model_0/metrics.json,final_model
dfs_timeout=180s__300steps__28042026,180,0.0,28042026,PISAM,unclean,2,5,25,575,0,0,1.0,1.0,benchmark/data/new_experiments/blocks/dfs_timeout=180s__300steps__28042026/testing/fold2_numtrajs5_gtrate25/conflict_free_models/conflict_free_model_0/metrics.json,final_model
dfs_timeout=180s__300steps__28042026,180,0.0,28042026,PISAM,cleaned,2,5,25,569,0,6,1.0,0.9895652173913043,benchmark/data/new_experiments/blocks/dfs_timeout=180s__300steps__28042026/testing/fold2_numtrajs5_gtrate25/conflict_free_models/conflict_free_model_0/metrics.json,final_model
dfs_timeout=180s__300steps__28042026,180,0.0,28042026,PISAM,unclean,2,5,50,575,0,0,1.0,1.0,benchmark/data/new_experiments/blocks/dfs_timeout=180s__300steps__28042026/testing/fold2_numtrajs5_gtrate50/conflict_free_models/conflict_free_model_0/metrics.json,final_model
dfs_timeout=180s__300steps__28042026,180,0.0,28042026,PISAM,cleaned,2,5,50,573,0,2,1.0,0.9965217391304347,benchmark/data/new_experiments/blocks/dfs_timeout=180s__300steps__28042026/testing/fold2_numtrajs5_gtrate50/conflict_free_models/conflict_free_model_0/metrics.json,final_model
dfs_timeout=180s__300steps__28042026,180,0.0,28042026,PISAM,unclean,2,5,75,575,0,0,1.0,1.0,benchmark/data/new_experiments/blocks/dfs_timeout=180s__300steps__28042026/testing/fold2_numtrajs5_gtrate75/conflict_free_models/conflict_free_model_0/metrics.json,final_model
dfs_timeout=180s__300steps__28042026,180,0.0,28042026,PISAM,cleaned,2,5,75,575,0,0,1.0,1.0,benchmark/data/new_experiments/blocks/dfs_timeout=180s__300steps__28042026/testing/fold2_numtrajs5_gtrate75/conflict_free_models/conflict_free_model_0/metrics.json,final_model
dfs_timeout=180s__300steps__28042026,180,0.0,28042026,PISAM,unclean,2,6,0,535,120,100,0.816793893129771,0.84251968503937,benchmark/data/new_experiments/blocks/dfs_timeout=180s__300steps__28042026/testing/fold2_numtrajs6_gtrate0/conflict_free_models/final_model/metrics.json,final_model
dfs_timeout=180s__300steps__28042026,180,0.0,28042026,PISAM,cleaned,2,6,0,513,234,122,0.6867469879518072,0.8078740157480315,benchmark/data/new_experiments/blocks/dfs_timeout=180s__300steps__28042026/testing/fold2_numtrajs6_gtrate0/conflict_free_models/final_model/metrics.json,final_model
dfs_timeout=180s__300steps__28042026,180,0.0,28042026,PISAM,unclean,2,6,10,635,0,0,1.0,1.0,benchmark/data/new_experiments/blocks/dfs_timeout=180s__300steps__28042026/testing/fold2_numtrajs6_gtrate10/conflict_free_models/conflict_free_model_0/metrics.json,final_model
dfs_timeout=180s__300steps__28042026,180,0.0,28042026,PISAM,cleaned,2,6,10,625,0,10,1.0,0.984251968503937,benchmark/data/new_experiments/blocks/dfs_timeout=180s__300steps__28042026/testing/fold2_numtrajs6_gtrate10/conflict_free_models/conflict_free_model_0/metrics.json,final_model
dfs_timeout=180s__300steps__28042026,180,0.0,28042026,PISAM,unclean,2,6,100,635,0,0,1.0,1.0,benchmark/data/new_experiments/blocks/dfs_timeout=180s__300steps__28042026/testing/fold2_numtrajs6_gtrate100/conflict_free_models/conflict_free_model_0/metrics.json,final_model
dfs_timeout=180s__300steps__28042026,180,0.0,28042026,PISAM,cleaned,2,6,100,635,0,0,1.0,1.0,benchmark/data/new_experiments/blocks/dfs_timeout=180s__300steps__28042026/testing/fold2_numtrajs6_gtrate100/conflict_free_models/conflict_free_model_0/metrics.json,final_model
dfs_timeout=180s__300steps__28042026,180,0.0,28042026,PISAM,unclean,2,6,25,635,0,0,1.0,1.0,benchmark/data/new_experiments/blocks/dfs_timeout=180s__300steps__28042026/testing/fold2_numtrajs6_gtrate25/conflict_free_models/conflict_free_model_0/metrics.json,final_model
dfs_timeout=180s__300steps__28042026,180,0.0,28042026,PISAM,cleaned,2,6,25,629,0,6,1.0,0.9905511811023622,benchmark/data/new_experiments/blocks/dfs_timeout=180s__300steps__28042026/testing/fold2_numtrajs6_gtrate25/conflict_free_models/conflict_free_model_0/metrics.json,final_model
dfs_timeout=180s__300steps__28042026,180,0.0,28042026,PISAM,unclean,2,6,50,635,0,0,1.0,1.0,benchmark/data/new_experiments/blocks/dfs_timeout=180s__300steps__28042026/testing/fold2_numtrajs6_gtrate50/conflict_free_models/conflict_free_model_0/metrics.json,final_model
dfs_timeout=180s__300steps__28042026,180,0.0,28042026,PISAM,cleaned,2,6,50,633,0,2,1.0,0.9968503937007874,benchmark/data/new_experiments/blocks/dfs_timeout=180s__300steps__28042026/testing/fold2_numtrajs6_gtrate50/conflict_free_models/conflict_free_model_0/metrics.json,final_model
dfs_timeout=180s__300steps__28042026,180,0.0,28042026,PISAM,unclean,2,6,75,635,0,0,1.0,1.0,benchmark/data/new_experiments/blocks/dfs_timeout=180s__300steps__28042026/testing/fold2_numtrajs6_gtrate75/conflict_free_models/conflict_free_model_0/metrics.json,final_model
dfs_timeout=180s__300steps__28042026,180,0.0,28042026,PISAM,cleaned,2,6,75,635,0,0,1.0,1.0,benchmark/data/new_experiments/blocks/dfs_timeout=180s__300steps__28042026/testing/fold2_numtrajs6_gtrate75/conflict_free_models/conflict_free_model_0/metrics.json,final_model
dfs_timeout=180s__300steps__28042026,180,0.0,28042026,PISAM,unclean,2,7,0,605,124,103,0.8299039780521262,0.8545197740112994,benchmark/data/new_experiments/blocks/dfs_timeout=180s__300steps__28042026/testing/fold2_numtrajs7_gtrate0/conflict_free_models/final_model/metrics.json,final_model
dfs_timeout=180s__300steps__28042026,180,0.0,28042026,PISAM,cleaned,2,7,0,568,269,140,0.6786140979689367,0.8022598870056498,benchmark/data/new_experiments/blocks/dfs_timeout=180s__300steps__28042026/testing/fold2_numtrajs7_gtrate0/conflict_free_models/final_model/metrics.json,final_model
dfs_timeout=180s__300steps__28042026,180,0.0,28042026,PISAM,unclean,2,7,10,708,0,0,1.0,1.0,benchmark/data/new_experiments/blocks/dfs_timeout=180s__300steps__28042026/testing/fold2_numtrajs7_gtrate10/conflict_free_models/conflict_free_model_0/metrics.json,final_model
dfs_timeout=180s__300steps__28042026,180,0.0,28042026,PISAM,cleaned,2,7,10,698,0,10,1.0,0.9858757062146892,benchmark/data/new_experiments/blocks/dfs_timeout=180s__300steps__28042026/testing/fold2_numtrajs7_gtrate10/conflict_free_models/conflict_free_model_0/metrics.json,final_model
dfs_timeout=180s__300steps__28042026,180,0.0,28042026,PISAM,unclean,2,7,100,708,0,0,1.0,1.0,benchmark/data/new_experiments/blocks/dfs_timeout=180s__300steps__28042026/testing/fold2_numtrajs7_gtrate100/conflict_free_models/conflict_free_model_0/metrics.json,final_model
dfs_timeout=180s__300steps__28042026,180,0.0,28042026,PISAM,cleaned,2,7,100,708,0,0,1.0,1.0,benchmark/data/new_experiments/blocks/dfs_timeout=180s__300steps__28042026/testing/fold2_numtrajs7_gtrate100/conflict_free_models/conflict_free_model_0/metrics.json,final_model
dfs_timeout=180s__300steps__28042026,180,0.0,28042026,PISAM,unclean,2,7,25,708,0,0,1.0,1.0,benchmark/data/new_experiments/blocks/dfs_timeout=180s__300steps__28042026/testing/fold2_numtrajs7_gtrate25/conflict_free_models/conflict_free_model_0/metrics.json,final_model
dfs_timeout=180s__300steps__28042026,180,0.0,28042026,PISAM,cleaned,2,7,25,702,0,6,1.0,0.9915254237288136,benchmark/data/new_experiments/blocks/dfs_timeout=180s__300steps__28042026/testing/fold2_numtrajs7_gtrate25/conflict_free_models/conflict_free_model_0/metrics.json,final_model
dfs_timeout=180s__300steps__28042026,180,0.0,28042026,PISAM,unclean,2,7,50,708,0,0,1.0,1.0,benchmark/data/new_experiments/blocks/dfs_timeout=180s__300steps__28042026/testing/fold2_numtrajs7_gtrate50/conflict_free_models/conflict_free_model_0/metrics.json,final_model
dfs_timeout=180s__300steps__28042026,180,0.0,28042026,PISAM,cleaned,2,7,50,706,0,2,1.0,0.9971751412429378,benchmark/data/new_experiments/blocks/dfs_timeout=180s__300steps__28042026/testing/fold2_numtrajs7_gtrate50/conflict_free_models/conflict_free_model_0/metrics.json,final_model
dfs_timeout=180s__300steps__28042026,180,0.0,28042026,PISAM,unclean,2,7,75,708,0,0,1.0,1.0,benchmark/data/new_experiments/blocks/dfs_timeout=180s__300steps__28042026/testing/fold2_numtrajs7_gtrate75/conflict_free_models/conflict_free_model_0/metrics.json,final_model
dfs_timeout=180s__300steps__28042026,180,0.0,28042026,PISAM,cleaned,2,7,75,708,0,0,1.0,1.0,benchmark/data/new_experiments/blocks/dfs_timeout=180s__300steps__28042026/testing/fold2_numtrajs7_gtrate75/conflict_free_models/conflict_free_model_0/metrics.json,final_model
dfs_timeout=180s__300steps__28042026,180,0.0,28042026,PISAM,unclean,2,8,0,653,126,103,0.8382541720154044,0.8637566137566137,benchmark/data/new_experiments/blocks/dfs_timeout=180s__300steps__28042026/testing/fold2_numtrajs8_gtrate0/conflict_free_models/final_model/metrics.json,final_model
dfs_timeout=180s__300steps__28042026,180,0.0,28042026,PISAM,cleaned,2,8,0,582,196,174,0.7480719794344473,0.7698412698412699,benchmark/data/new_experiments/blocks/dfs_timeout=180s__300steps__28042026/testing/fold2_numtrajs8_gtrate0/conflict_free_models/final_model/metrics.json,final_model
dfs_timeout=180s__300steps__28042026,180,0.0,28042026,PISAM,unclean,2,8,10,756,0,0,1.0,1.0,benchmark/data/new_experiments/blocks/dfs_timeout=180s__300steps__28042026/testing/fold2_numtrajs8_gtrate10/conflict_free_models/conflict_free_model_0/metrics.json,final_model
dfs_timeout=180s__300steps__28042026,180,0.0,28042026,PISAM,cleaned,2,8,10,746,0,10,1.0,0.9867724867724867,benchmark/data/new_experiments/blocks/dfs_timeout=180s__300steps__28042026/testing/fold2_numtrajs8_gtrate10/conflict_free_models/conflict_free_model_0/metrics.json,final_model
dfs_timeout=180s__300steps__28042026,180,0.0,28042026,PISAM,unclean,2,8,100,756,0,0,1.0,1.0,benchmark/data/new_experiments/blocks/dfs_timeout=180s__300steps__28042026/testing/fold2_numtrajs8_gtrate100/conflict_free_models/conflict_free_model_0/metrics.json,final_model
dfs_timeout=180s__300steps__28042026,180,0.0,28042026,PISAM,cleaned,2,8,100,756,0,0,1.0,1.0,benchmark/data/new_experiments/blocks/dfs_timeout=180s__300steps__28042026/testing/fold2_numtrajs8_gtrate100/conflict_free_models/conflict_free_model_0/metrics.json,final_model
dfs_timeout=180s__300steps__28042026,180,0.0,28042026,PISAM,unclean,2,8,25,756,0,0,1.0,1.0,benchmark/data/new_experiments/blocks/dfs_timeout=180s__300steps__28042026/testing/fold2_numtrajs8_gtrate25/conflict_free_models/conflict_free_model_0/metrics.json,final_model
dfs_timeout=180s__300steps__28042026,180,0.0,28042026,PISAM,cleaned,2,8,25,750,0,6,1.0,0.9920634920634921,benchmark/data/new_experiments/blocks/dfs_timeout=180s__300steps__28042026/testing/fold2_numtrajs8_gtrate25/conflict_free_models/conflict_free_model_0/metrics.json,final_model
dfs_timeout=180s__300steps__28042026,180,0.0,28042026,PISAM,unclean,2,8,50,756,0,0,1.0,1.0,benchmark/data/new_experiments/blocks/dfs_timeout=180s__300steps__28042026/testing/fold2_numtrajs8_gtrate50/conflict_free_models/conflict_free_model_0/metrics.json,final_model
dfs_timeout=180s__300steps__28042026,180,0.0,28042026,PISAM,cleaned,2,8,50,754,0,2,1.0,0.9973544973544973,benchmark/data/new_experiments/blocks/dfs_timeout=180s__300steps__28042026/testing/fold2_numtrajs8_gtrate50/conflict_free_models/conflict_free_model_0/metrics.json,final_model
dfs_timeout=180s__300steps__28042026,180,0.0,28042026,PISAM,unclean,2,8,75,756,0,0,1.0,1.0,benchmark/data/new_experiments/blocks/dfs_timeout=180s__300steps__28042026/testing/fold2_numtrajs8_gtrate75/conflict_free_models/conflict_free_model_0/metrics.json,final_model
dfs_timeout=180s__300steps__28042026,180,0.0,28042026,PISAM,cleaned,2,8,75,756,0,0,1.0,1.0,benchmark/data/new_experiments/blocks/dfs_timeout=180s__300steps__28042026/testing/fold2_numtrajs8_gtrate75/conflict_free_models/conflict_free_model_0/metrics.json,final_model
dfs_timeout=180s__300steps__28042026,180,0.0,28042026,PISAM,unclean,3,1,0,122,58,36,0.6777777777777778,0.7721518987341772,benchmark/data/new_experiments/blocks/dfs_timeout=180s__300steps__28042026/testing/fold3_numtrajs1_gtrate0/conflict_free_models/final_model/metrics.json,final_model
dfs_timeout=180s__300steps__28042026,180,0.0,28042026,PISAM,cleaned,3,1,0,141,45,17,0.7580645161290323,0.8924050632911392,benchmark/data/new_experiments/blocks/dfs_timeout=180s__300steps__28042026/testing/fold3_numtrajs1_gtrate0/conflict_free_models/final_model/metrics.json,final_model
dfs_timeout=180s__300steps__28042026,180,0.0,28042026,PISAM,unclean,3,1,10,158,0,0,1.0,1.0,benchmark/data/new_experiments/blocks/dfs_timeout=180s__300steps__28042026/testing/fold3_numtrajs1_gtrate10/conflict_free_models/conflict_free_model_0/metrics.json,final_model
dfs_timeout=180s__300steps__28042026,180,0.0,28042026,PISAM,cleaned,3,1,10,156,0,2,1.0,0.9873417721518988,benchmark/data/new_experiments/blocks/dfs_timeout=180s__300steps__28042026/testing/fold3_numtrajs1_gtrate10/conflict_free_models/conflict_free_model_0/metrics.json,final_model
dfs_timeout=180s__300steps__28042026,180,0.0,28042026,PISAM,unclean,3,1,100,158,0,0,1.0,1.0,benchmark/data/new_experiments/blocks/dfs_timeout=180s__300steps__28042026/testing/fold3_numtrajs1_gtrate100/conflict_free_models/conflict_free_model_0/metrics.json,final_model
dfs_timeout=180s__300steps__28042026,180,0.0,28042026,PISAM,cleaned,3,1,100,158,0,0,1.0,1.0,benchmark/data/new_experiments/blocks/dfs_timeout=180s__300steps__28042026/testing/fold3_numtrajs1_gtrate100/conflict_free_models/conflict_free_model_0/metrics.json,final_model
dfs_timeout=180s__300steps__28042026,180,0.0,28042026,PISAM,unclean,3,1,25,158,0,0,1.0,1.0,benchmark/data/new_experiments/blocks/dfs_timeout=180s__300steps__28042026/testing/fold3_numtrajs1_gtrate25/conflict_free_models/conflict_free_model_0/metrics.json,final_model
dfs_timeout=180s__300steps__28042026,180,0.0,28042026,PISAM,cleaned,3,1,25,156,0,2,1.0,0.9873417721518988,benchmark/data/new_experiments/blocks/dfs_timeout=180s__300steps__28042026/testing/fold3_numtrajs1_gtrate25/conflict_free_models/conflict_free_model_0/metrics.json,final_model
dfs_timeout=180s__300steps__28042026,180,0.0,28042026,PISAM,unclean,3,1,50,158,0,0,1.0,1.0,benchmark/data/new_experiments/blocks/dfs_timeout=180s__300steps__28042026/testing/fold3_numtrajs1_gtrate50/conflict_free_models/conflict_free_model_0/metrics.json,final_model
dfs_timeout=180s__300steps__28042026,180,0.0,28042026,PISAM,cleaned,3,1,50,157,0,1,1.0,0.9936708860759493,benchmark/data/new_experiments/blocks/dfs_timeout=180s__300steps__28042026/testing/fold3_numtrajs1_gtrate50/conflict_free_models/conflict_free_model_0/metrics.json,final_model
dfs_timeout=180s__300steps__28042026,180,0.0,28042026,PISAM,unclean,3,1,75,158,0,0,1.0,1.0,benchmark/data/new_experiments/blocks/dfs_timeout=180s__300steps__28042026/testing/fold3_numtrajs1_gtrate75/conflict_free_models/conflict_free_model_0/metrics.json,final_model
dfs_timeout=180s__300steps__28042026,180,0.0,28042026,PISAM,cleaned,3,1,75,157,0,1,1.0,0.9936708860759493,benchmark/data/new_experiments/blocks/dfs_timeout=180s__300steps__28042026/testing/fold3_numtrajs1_gtrate75/conflict_free_models/conflict_free_model_0/metrics.json,final_model
dfs_timeout=180s__300steps__28042026,180,0.0,28042026,PISAM,unclean,3,2,0,280,105,73,0.7272727272727273,0.7932011331444759,benchmark/data/new_experiments/blocks/dfs_timeout=180s__300steps__28042026/testing/fold3_numtrajs2_gtrate0/conflict_free_models/final_model/metrics.json,final_model
dfs_timeout=180s__300steps__28042026,180,0.0,28042026,PISAM,cleaned,3,2,0,298,88,55,0.772020725388601,0.8441926345609065,benchmark/data/new_experiments/blocks/dfs_timeout=180s__300steps__28042026/testing/fold3_numtrajs2_gtrate0/conflict_free_models/final_model/metrics.json,final_model
dfs_timeout=180s__300steps__28042026,180,0.0,28042026,PISAM,unclean,3,2,10,353,0,0,1.0,1.0,benchmark/data/new_experiments/blocks/dfs_timeout=180s__300steps__28042026/testing/fold3_numtrajs2_gtrate10/conflict_free_models/conflict_free_model_0/metrics.json,final_model
dfs_timeout=180s__300steps__28042026,180,0.0,28042026,PISAM,cleaned,3,2,10,347,0,6,1.0,0.9830028328611898,benchmark/data/new_experiments/blocks/dfs_timeout=180s__300steps__28042026/testing/fold3_numtrajs2_gtrate10/conflict_free_models/conflict_free_model_0/metrics.json,final_model
dfs_timeout=180s__300steps__28042026,180,0.0,28042026,PISAM,unclean,3,2,100,353,0,0,1.0,1.0,benchmark/data/new_experiments/blocks/dfs_timeout=180s__300steps__28042026/testing/fold3_numtrajs2_gtrate100/conflict_free_models/conflict_free_model_0/metrics.json,final_model
dfs_timeout=180s__300steps__28042026,180,0.0,28042026,PISAM,cleaned,3,2,100,353,0,0,1.0,1.0,benchmark/data/new_experiments/blocks/dfs_timeout=180s__300steps__28042026/testing/fold3_numtrajs2_gtrate100/conflict_free_models/conflict_free_model_0/metrics.json,final_model
dfs_timeout=180s__300steps__28042026,180,0.0,28042026,PISAM,unclean,3,2,25,353,0,0,1.0,1.0,benchmark/data/new_experiments/blocks/dfs_timeout=180s__300steps__28042026/testing/fold3_numtrajs2_gtrate25/conflict_free_models/conflict_free_model_0/metrics.json,final_model
dfs_timeout=180s__300steps__28042026,180,0.0,28042026,PISAM,cleaned,3,2,25,349,0,4,1.0,0.9886685552407932,benchmark/data/new_experiments/blocks/dfs_timeout=180s__300steps__28042026/testing/fold3_numtrajs2_gtrate25/conflict_free_models/conflict_free_model_0/metrics.json,final_model
dfs_timeout=180s__300steps__28042026,180,0.0,28042026,PISAM,unclean,3,2,50,353,0,0,1.0,1.0,benchmark/data/new_experiments/blocks/dfs_timeout=180s__300steps__28042026/testing/fold3_numtrajs2_gtrate50/conflict_free_models/conflict_free_model_0/metrics.json,final_model
dfs_timeout=180s__300steps__28042026,180,0.0,28042026,PISAM,cleaned,3,2,50,351,0,2,1.0,0.9943342776203966,benchmark/data/new_experiments/blocks/dfs_timeout=180s__300steps__28042026/testing/fold3_numtrajs2_gtrate50/conflict_free_models/conflict_free_model_0/metrics.json,final_model
dfs_timeout=180s__300steps__28042026,180,0.0,28042026,PISAM,unclean,3,2,75,353,0,0,1.0,1.0,benchmark/data/new_experiments/blocks/dfs_timeout=180s__300steps__28042026/testing/fold3_numtrajs2_gtrate75/conflict_free_models/conflict_free_model_0/metrics.json,final_model
dfs_timeout=180s__300steps__28042026,180,0.0,28042026,PISAM,cleaned,3,2,75,352,0,1,1.0,0.9971671388101983,benchmark/data/new_experiments/blocks/dfs_timeout=180s__300steps__28042026/testing/fold3_numtrajs2_gtrate75/conflict_free_models/conflict_free_model_0/metrics.json,final_model
dfs_timeout=180s__300steps__28042026,180,0.0,28042026,PISAM,unclean,3,3,0,332,114,81,0.7443946188340808,0.8038740920096852,benchmark/data/new_experiments/blocks/dfs_timeout=180s__300steps__28042026/testing/fold3_numtrajs3_gtrate0/conflict_free_models/final_model/metrics.json,final_model
dfs_timeout=180s__300steps__28042026,180,0.0,28042026,PISAM,cleaned,3,3,0,331,130,82,0.7180043383947939,0.801452784503632,benchmark/data/new_experiments/blocks/dfs_timeout=180s__300steps__28042026/testing/fold3_numtrajs3_gtrate0/conflict_free_models/final_model/metrics.json,final_model
dfs_timeout=180s__300steps__28042026,180,0.0,28042026,PISAM,unclean,3,3,10,413,0,0,1.0,1.0,benchmark/data/new_experiments/blocks/dfs_timeout=180s__300steps__28042026/testing/fold3_numtrajs3_gtrate10/conflict_free_models/conflict_free_model_0/metrics.json,final_model
dfs_timeout=180s__300steps__28042026,180,0.0,28042026,PISAM,cleaned,3,3,10,407,0,6,1.0,0.9854721549636803,benchmark/data/new_experiments/blocks/dfs_timeout=180s__300steps__28042026/testing/fold3_numtrajs3_gtrate10/conflict_free_models/conflict_free_model_0/metrics.json,final_model
dfs_timeout=180s__300steps__28042026,180,0.0,28042026,PISAM,unclean,3,3,100,413,0,0,1.0,1.0,benchmark/data/new_experiments/blocks/dfs_timeout=180s__300steps__28042026/testing/fold3_numtrajs3_gtrate100/conflict_free_models/conflict_free_model_0/metrics.json,final_model
dfs_timeout=180s__300steps__28042026,180,0.0,28042026,PISAM,cleaned,3,3,100,413,0,0,1.0,1.0,benchmark/data/new_experiments/blocks/dfs_timeout=180s__300steps__28042026/testing/fold3_numtrajs3_gtrate100/conflict_free_models/conflict_free_model_0/metrics.json,final_model
dfs_timeout=180s__300steps__28042026,180,0.0,28042026,PISAM,unclean,3,3,25,413,0,0,1.0,1.0,benchmark/data/new_experiments/blocks/dfs_timeout=180s__300steps__28042026/testing/fold3_numtrajs3_gtrate25/conflict_free_models/conflict_free_model_0/metrics.json,final_model
dfs_timeout=180s__300steps__28042026,180,0.0,28042026,PISAM,cleaned,3,3,25,409,0,4,1.0,0.9903147699757869,benchmark/data/new_experiments/blocks/dfs_timeout=180s__300steps__28042026/testing/fold3_numtrajs3_gtrate25/conflict_free_models/conflict_free_model_0/metrics.json,final_model
dfs_timeout=180s__300steps__28042026,180,0.0,28042026,PISAM,unclean,3,3,50,413,0,0,1.0,1.0,benchmark/data/new_experiments/blocks/dfs_timeout=180s__300steps__28042026/testing/fold3_numtrajs3_gtrate50/conflict_free_models/conflict_free_model_0/metrics.json,final_model
dfs_timeout=180s__300steps__28042026,180,0.0,28042026,PISAM,cleaned,3,3,50,411,0,2,1.0,0.9951573849878934,benchmark/data/new_experiments/blocks/dfs_timeout=180s__300steps__28042026/testing/fold3_numtrajs3_gtrate50/conflict_free_models/conflict_free_model_0/metrics.json,final_model
dfs_timeout=180s__300steps__28042026,180,0.0,28042026,PISAM,unclean,3,3,75,413,0,0,1.0,1.0,benchmark/data/new_experiments/blocks/dfs_timeout=180s__300steps__28042026/testing/fold3_numtrajs3_gtrate75/conflict_free_models/conflict_free_model_0/metrics.json,final_model
dfs_timeout=180s__300steps__28042026,180,0.0,28042026,PISAM,cleaned,3,3,75,412,0,1,1.0,0.9975786924939467,benchmark/data/new_experiments/blocks/dfs_timeout=180s__300steps__28042026/testing/fold3_numtrajs3_gtrate75/conflict_free_models/conflict_free_model_0/metrics.json,final_model
dfs_timeout=180s__300steps__28042026,180,0.0,28042026,PISAM,unclean,3,4,0,396,135,96,0.7457627118644068,0.8048780487804879,benchmark/data/new_experiments/blocks/dfs_timeout=180s__300steps__28042026/testing/fold3_numtrajs4_gtrate0/conflict_free_models/final_model/metrics.json,final_model
dfs_timeout=180s__300steps__28042026,180,0.0,28042026,PISAM,cleaned,3,4,0,400,139,92,0.7421150278293135,0.8130081300813008,benchmark/data/new_experiments/blocks/dfs_timeout=180s__300steps__28042026/testing/fold3_numtrajs4_gtrate0/conflict_free_models/final_model/metrics.json,final_model
dfs_timeout=180s__300steps__28042026,180,0.0,28042026,PISAM,unclean,3,4,10,492,0,0,1.0,1.0,benchmark/data/new_experiments/blocks/dfs_timeout=180s__300steps__28042026/testing/fold3_numtrajs4_gtrate10/conflict_free_models/conflict_free_model_0/metrics.json,final_model
dfs_timeout=180s__300steps__28042026,180,0.0,28042026,PISAM,cleaned,3,4,10,485,0,7,1.0,0.9857723577235772,benchmark/data/new_experiments/blocks/dfs_timeout=180s__300steps__28042026/testing/fold3_numtrajs4_gtrate10/conflict_free_models/conflict_free_model_0/metrics.json,final_model
dfs_timeout=180s__300steps__28042026,180,0.0,28042026,PISAM,unclean,3,4,100,492,0,0,1.0,1.0,benchmark/data/new_experiments/blocks/dfs_timeout=180s__300steps__28042026/testing/fold3_numtrajs4_gtrate100/conflict_free_models/conflict_free_model_0/metrics.json,final_model
dfs_timeout=180s__300steps__28042026,180,0.0,28042026,PISAM,cleaned,3,4,100,492,0,0,1.0,1.0,benchmark/data/new_experiments/blocks/dfs_timeout=180s__300steps__28042026/testing/fold3_numtrajs4_gtrate100/conflict_free_models/conflict_free_model_0/metrics.json,final_model
dfs_timeout=180s__300steps__28042026,180,0.0,28042026,PISAM,unclean,3,4,25,492,0,0,1.0,1.0,benchmark/data/new_experiments/blocks/dfs_timeout=180s__300steps__28042026/testing/fold3_numtrajs4_gtrate25/conflict_free_models/conflict_free_model_0/metrics.json,final_model
dfs_timeout=180s__300steps__28042026,180,0.0,28042026,PISAM,cleaned,3,4,25,487,0,5,1.0,0.9898373983739838,benchmark/data/new_experiments/blocks/dfs_timeout=180s__300steps__28042026/testing/fold3_numtrajs4_gtrate25/conflict_free_models/conflict_free_model_0/metrics.json,final_model
dfs_timeout=180s__300steps__28042026,180,0.0,28042026,PISAM,unclean,3,4,50,492,0,0,1.0,1.0,benchmark/data/new_experiments/blocks/dfs_timeout=180s__300steps__28042026/testing/fold3_numtrajs4_gtrate50/conflict_free_models/conflict_free_model_0/metrics.json,final_model
dfs_timeout=180s__300steps__28042026,180,0.0,28042026,PISAM,cleaned,3,4,50,489,0,3,1.0,0.9939024390243902,benchmark/data/new_experiments/blocks/dfs_timeout=180s__300steps__28042026/testing/fold3_numtrajs4_gtrate50/conflict_free_models/conflict_free_model_0/metrics.json,final_model
dfs_timeout=180s__300steps__28042026,180,0.0,28042026,PISAM,unclean,3,4,75,492,0,0,1.0,1.0,benchmark/data/new_experiments/blocks/dfs_timeout=180s__300steps__28042026/testing/fold3_numtrajs4_gtrate75/conflict_free_models/conflict_free_model_0/metrics.json,final_model
dfs_timeout=180s__300steps__28042026,180,0.0,28042026,PISAM,cleaned,3,4,75,491,0,1,1.0,0.9979674796747967,benchmark/data/new_experiments/blocks/dfs_timeout=180s__300steps__28042026/testing/fold3_numtrajs4_gtrate75/conflict_free_models/conflict_free_model_0/metrics.json,final_model
dfs_timeout=180s__300steps__28042026,180,0.0,28042026,PISAM,unclean,3,5,0,483,144,102,0.7703349282296651,0.8256410256410256,benchmark/data/new_experiments/blocks/dfs_timeout=180s__300steps__28042026/testing/fold3_numtrajs5_gtrate0/conflict_free_models/final_model/metrics.json,final_model
dfs_timeout=180s__300steps__28042026,180,0.0,28042026,PISAM,cleaned,3,5,0,486,189,99,0.72,0.8307692307692308,benchmark/data/new_experiments/blocks/dfs_timeout=180s__300steps__28042026/testing/fold3_numtrajs5_gtrate0/conflict_free_models/final_model/metrics.json,final_model
dfs_timeout=180s__300steps__28042026,180,0.0,28042026,PISAM,unclean,3,5,10,585,0,0,1.0,1.0,benchmark/data/new_experiments/blocks/dfs_timeout=180s__300steps__28042026/testing/fold3_numtrajs5_gtrate10/conflict_free_models/conflict_free_model_0/metrics.json,final_model
dfs_timeout=180s__300steps__28042026,180,0.0,28042026,PISAM,cleaned,3,5,10,578,0,7,1.0,0.9880341880341881,benchmark/data/new_experiments/blocks/dfs_timeout=180s__300steps__28042026/testing/fold3_numtrajs5_gtrate10/conflict_free_models/conflict_free_model_0/metrics.json,final_model
dfs_timeout=180s__300steps__28042026,180,0.0,28042026,PISAM,unclean,3,5,100,585,0,0,1.0,1.0,benchmark/data/new_experiments/blocks/dfs_timeout=180s__300steps__28042026/testing/fold3_numtrajs5_gtrate100/conflict_free_models/conflict_free_model_0/metrics.json,final_model
dfs_timeout=180s__300steps__28042026,180,0.0,28042026,PISAM,cleaned,3,5,100,585,0,0,1.0,1.0,benchmark/data/new_experiments/blocks/dfs_timeout=180s__300steps__28042026/testing/fold3_numtrajs5_gtrate100/conflict_free_models/conflict_free_model_0/metrics.json,final_model
dfs_timeout=180s__300steps__28042026,180,0.0,28042026,PISAM,unclean,3,5,25,585,0,0,1.0,1.0,benchmark/data/new_experiments/blocks/dfs_timeout=180s__300steps__28042026/testing/fold3_numtrajs5_gtrate25/conflict_free_models/conflict_free_model_0/metrics.json,final_model
dfs_timeout=180s__300steps__28042026,180,0.0,28042026,PISAM,cleaned,3,5,25,580,0,5,1.0,0.9914529914529915,benchmark/data/new_experiments/blocks/dfs_timeout=180s__300steps__28042026/testing/fold3_numtrajs5_gtrate25/conflict_free_models/conflict_free_model_0/metrics.json,final_model
dfs_timeout=180s__300steps__28042026,180,0.0,28042026,PISAM,unclean,3,5,50,585,0,0,1.0,1.0,benchmark/data/new_experiments/blocks/dfs_timeout=180s__300steps__28042026/testing/fold3_numtrajs5_gtrate50/conflict_free_models/conflict_free_model_0/metrics.json,final_model
dfs_timeout=180s__300steps__28042026,180,0.0,28042026,PISAM,cleaned,3,5,50,582,0,3,1.0,0.9948717948717949,benchmark/data/new_experiments/blocks/dfs_timeout=180s__300steps__28042026/testing/fold3_numtrajs5_gtrate50/conflict_free_models/conflict_free_model_0/metrics.json,final_model
dfs_timeout=180s__300steps__28042026,180,0.0,28042026,PISAM,unclean,3,5,75,585,0,0,1.0,1.0,benchmark/data/new_experiments/blocks/dfs_timeout=180s__300steps__28042026/testing/fold3_numtrajs5_gtrate75/conflict_free_models/conflict_free_model_0/metrics.json,final_model
dfs_timeout=180s__300steps__28042026,180,0.0,28042026,PISAM,cleaned,3,5,75,584,0,1,1.0,0.9982905982905983,benchmark/data/new_experiments/blocks/dfs_timeout=180s__300steps__28042026/testing/fold3_numtrajs5_gtrate75/conflict_free_models/conflict_free_model_0/metrics.json,final_model
dfs_timeout=180s__300steps__28042026,180,0.0,28042026,PISAM,unclean,3,6,0,553,148,105,0.7888730385164051,0.8404255319148937,benchmark/data/new_experiments/blocks/dfs_timeout=180s__300steps__28042026/testing/fold3_numtrajs6_gtrate0/conflict_free_models/final_model/metrics.json,final_model
dfs_timeout=180s__300steps__28042026,180,0.0,28042026,PISAM,cleaned,3,6,0,564,180,94,0.7580645161290323,0.8571428571428571,benchmark/data/new_experiments/blocks/dfs_timeout=180s__300steps__28042026/testing/fold3_numtrajs6_gtrate0/conflict_free_models/final_model/metrics.json,final_model
dfs_timeout=180s__300steps__28042026,180,0.0,28042026,PISAM,unclean,3,6,10,658,0,0,1.0,1.0,benchmark/data/new_experiments/blocks/dfs_timeout=180s__300steps__28042026/testing/fold3_numtrajs6_gtrate10/conflict_free_models/conflict_free_model_0/metrics.json,final_model
dfs_timeout=180s__300steps__28042026,180,0.0,28042026,PISAM,cleaned,3,6,10,651,0,7,1.0,0.9893617021276596,benchmark/data/new_experiments/blocks/dfs_timeout=180s__300steps__28042026/testing/fold3_numtrajs6_gtrate10/conflict_free_models/conflict_free_model_0/metrics.json,final_model
dfs_timeout=180s__300steps__28042026,180,0.0,28042026,PISAM,unclean,3,6,100,658,0,0,1.0,1.0,benchmark/data/new_experiments/blocks/dfs_timeout=180s__300steps__28042026/testing/fold3_numtrajs6_gtrate100/conflict_free_models/conflict_free_model_0/metrics.json,final_model
dfs_timeout=180s__300steps__28042026,180,0.0,28042026,PISAM,cleaned,3,6,100,658,0,0,1.0,1.0,benchmark/data/new_experiments/blocks/dfs_timeout=180s__300steps__28042026/testing/fold3_numtrajs6_gtrate100/conflict_free_models/conflict_free_model_0/metrics.json,final_model
dfs_timeout=180s__300steps__28042026,180,0.0,28042026,PISAM,unclean,3,6,25,658,0,0,1.0,1.0,benchmark/data/new_experiments/blocks/dfs_timeout=180s__300steps__28042026/testing/fold3_numtrajs6_gtrate25/conflict_free_models/conflict_free_model_0/metrics.json,final_model
dfs_timeout=180s__300steps__28042026,180,0.0,28042026,PISAM,cleaned,3,6,25,653,0,5,1.0,0.9924012158054711,benchmark/data/new_experiments/blocks/dfs_timeout=180s__300steps__28042026/testing/fold3_numtrajs6_gtrate25/conflict_free_models/conflict_free_model_0/metrics.json,final_model
dfs_timeout=180s__300steps__28042026,180,0.0,28042026,PISAM,unclean,3,6,50,658,0,0,1.0,1.0,benchmark/data/new_experiments/blocks/dfs_timeout=180s__300steps__28042026/testing/fold3_numtrajs6_gtrate50/conflict_free_models/conflict_free_model_0/metrics.json,final_model
dfs_timeout=180s__300steps__28042026,180,0.0,28042026,PISAM,cleaned,3,6,50,655,0,3,1.0,0.9954407294832827,benchmark/data/new_experiments/blocks/dfs_timeout=180s__300steps__28042026/testing/fold3_numtrajs6_gtrate50/conflict_free_models/conflict_free_model_0/metrics.json,final_model
dfs_timeout=180s__300steps__28042026,180,0.0,28042026,PISAM,unclean,3,6,75,658,0,0,1.0,1.0,benchmark/data/new_experiments/blocks/dfs_timeout=180s__300steps__28042026/testing/fold3_numtrajs6_gtrate75/conflict_free_models/conflict_free_model_0/metrics.json,final_model
dfs_timeout=180s__300steps__28042026,180,0.0,28042026,PISAM,cleaned,3,6,75,657,0,1,1.0,0.9984802431610942,benchmark/data/new_experiments/blocks/dfs_timeout=180s__300steps__28042026/testing/fold3_numtrajs6_gtrate75/conflict_free_models/conflict_free_model_0/metrics.json,final_model
dfs_timeout=180s__300steps__28042026,180,0.0,28042026,PISAM,unclean,3,7,0,680,176,131,0.794392523364486,0.8384710234278668,benchmark/data/new_experiments/blocks/dfs_timeout=180s__300steps__28042026/testing/fold3_numtrajs7_gtrate0/conflict_free_models/final_model/metrics.json,final_model
dfs_timeout=180s__300steps__28042026,180,0.0,28042026,PISAM,cleaned,3,7,0,671,213,140,0.7590497737556561,0.8273736128236745,benchmark/data/new_experiments/blocks/dfs_timeout=180s__300steps__28042026/testing/fold3_numtrajs7_gtrate0/conflict_free_models/final_model/metrics.json,final_model
dfs_timeout=180s__300steps__28042026,180,0.0,28042026,PISAM,unclean,3,7,10,811,0,0,1.0,1.0,benchmark/data/new_experiments/blocks/dfs_timeout=180s__300steps__28042026/testing/fold3_numtrajs7_gtrate10/conflict_free_models/conflict_free_model_0/metrics.json,final_model
dfs_timeout=180s__300steps__28042026,180,0.0,28042026,PISAM,cleaned,3,7,10,799,0,12,1.0,0.9852034525277436,benchmark/data/new_experiments/blocks/dfs_timeout=180s__300steps__28042026/testing/fold3_numtrajs7_gtrate10/conflict_free_models/conflict_free_model_0/metrics.json,final_model
dfs_timeout=180s__300steps__28042026,180,0.0,28042026,PISAM,unclean,3,7,100,811,0,0,1.0,1.0,benchmark/data/new_experiments/blocks/dfs_timeout=180s__300steps__28042026/testing/fold3_numtrajs7_gtrate100/conflict_free_models/conflict_free_model_0/metrics.json,final_model
dfs_timeout=180s__300steps__28042026,180,0.0,28042026,PISAM,cleaned,3,7,100,811,0,0,1.0,1.0,benchmark/data/new_experiments/blocks/dfs_timeout=180s__300steps__28042026/testing/fold3_numtrajs7_gtrate100/conflict_free_models/conflict_free_model_0/metrics.json,final_model
dfs_timeout=180s__300steps__28042026,180,0.0,28042026,PISAM,unclean,3,7,25,811,0,0,1.0,1.0,benchmark/data/new_experiments/blocks/dfs_timeout=180s__300steps__28042026/testing/fold3_numtrajs7_gtrate25/conflict_free_models/conflict_free_model_0/metrics.json,final_model
dfs_timeout=180s__300steps__28042026,180,0.0,28042026,PISAM,cleaned,3,7,25,803,0,8,1.0,0.9901356350184957,benchmark/data/new_experiments/blocks/dfs_timeout=180s__300steps__28042026/testing/fold3_numtrajs7_gtrate25/conflict_free_models/conflict_free_model_0/metrics.json,final_model
dfs_timeout=180s__300steps__28042026,180,0.0,28042026,PISAM,unclean,3,7,50,811,0,0,1.0,1.0,benchmark/data/new_experiments/blocks/dfs_timeout=180s__300steps__28042026/testing/fold3_numtrajs7_gtrate50/conflict_free_models/conflict_free_model_0/metrics.json,final_model
dfs_timeout=180s__300steps__28042026,180,0.0,28042026,PISAM,cleaned,3,7,50,808,0,3,1.0,0.9963008631319359,benchmark/data/new_experiments/blocks/dfs_timeout=180s__300steps__28042026/testing/fold3_numtrajs7_gtrate50/conflict_free_models/conflict_free_model_0/metrics.json,final_model
dfs_timeout=180s__300steps__28042026,180,0.0,28042026,PISAM,unclean,3,7,75,811,0,0,1.0,1.0,benchmark/data/new_experiments/blocks/dfs_timeout=180s__300steps__28042026/testing/fold3_numtrajs7_gtrate75/conflict_free_models/conflict_free_model_0/metrics.json,final_model
dfs_timeout=180s__300steps__28042026,180,0.0,28042026,PISAM,cleaned,3,7,75,810,0,1,1.0,0.998766954377312,benchmark/data/new_experiments/blocks/dfs_timeout=180s__300steps__28042026/testing/fold3_numtrajs7_gtrate75/conflict_free_models/conflict_free_model_0/metrics.json,final_model
dfs_timeout=180s__300steps__28042026,180,0.0,28042026,PISAM,unclean,3,8,0,728,178,131,0.8035320088300221,0.8474970896391153,benchmark/data/new_experiments/blocks/dfs_timeout=180s__300steps__28042026/testing/fold3_numtrajs8_gtrate0/conflict_free_models/final_model/metrics.json,final_model
dfs_timeout=180s__300steps__28042026,180,0.0,28042026,PISAM,cleaned,3,8,0,732,225,127,0.7648902821316614,0.8521536670547147,benchmark/data/new_experiments/blocks/dfs_timeout=180s__300steps__28042026/testing/fold3_numtrajs8_gtrate0/conflict_free_models/final_model/metrics.json,final_model
dfs_timeout=180s__300steps__28042026,180,0.0,28042026,PISAM,unclean,3,8,10,859,0,0,1.0,1.0,benchmark/data/new_experiments/blocks/dfs_timeout=180s__300steps__28042026/testing/fold3_numtrajs8_gtrate10/conflict_free_models/conflict_free_model_0/metrics.json,final_model
dfs_timeout=180s__300steps__28042026,180,0.0,28042026,PISAM,cleaned,3,8,10,847,0,12,1.0,0.9860302677532014,benchmark/data/new_experiments/blocks/dfs_timeout=180s__300steps__28042026/testing/fold3_numtrajs8_gtrate10/conflict_free_models/conflict_free_model_0/metrics.json,final_model
dfs_timeout=180s__300steps__28042026,180,0.0,28042026,PISAM,unclean,3,8,100,859,0,0,1.0,1.0,benchmark/data/new_experiments/blocks/dfs_timeout=180s__300steps__28042026/testing/fold3_numtrajs8_gtrate100/conflict_free_models/conflict_free_model_0/metrics.json,final_model
dfs_timeout=180s__300steps__28042026,180,0.0,28042026,PISAM,cleaned,3,8,100,859,0,0,1.0,1.0,benchmark/data/new_experiments/blocks/dfs_timeout=180s__300steps__28042026/testing/fold3_numtrajs8_gtrate100/conflict_free_models/conflict_free_model_0/metrics.json,final_model
dfs_timeout=180s__300steps__28042026,180,0.0,28042026,PISAM,unclean,3,8,25,859,0,0,1.0,1.0,benchmark/data/new_experiments/blocks/dfs_timeout=180s__300steps__28042026/testing/fold3_numtrajs8_gtrate25/conflict_free_models/conflict_free_model_0/metrics.json,final_model
dfs_timeout=180s__300steps__28042026,180,0.0,28042026,PISAM,cleaned,3,8,25,851,0,8,1.0,0.9906868451688009,benchmark/data/new_experiments/blocks/dfs_timeout=180s__300steps__28042026/testing/fold3_numtrajs8_gtrate25/conflict_free_models/conflict_free_model_0/metrics.json,final_model
dfs_timeout=180s__300steps__28042026,180,0.0,28042026,PISAM,unclean,3,8,50,859,0,0,1.0,1.0,benchmark/data/new_experiments/blocks/dfs_timeout=180s__300steps__28042026/testing/fold3_numtrajs8_gtrate50/conflict_free_models/conflict_free_model_0/metrics.json,final_model
dfs_timeout=180s__300steps__28042026,180,0.0,28042026,PISAM,cleaned,3,8,50,856,0,3,1.0,0.9965075669383003,benchmark/data/new_experiments/blocks/dfs_timeout=180s__300steps__28042026/testing/fold3_numtrajs8_gtrate50/conflict_free_models/conflict_free_model_0/metrics.json,final_model
dfs_timeout=180s__300steps__28042026,180,0.0,28042026,PISAM,unclean,3,8,75,859,0,0,1.0,1.0,benchmark/data/new_experiments/blocks/dfs_timeout=180s__300steps__28042026/testing/fold3_numtrajs8_gtrate75/conflict_free_models/conflict_free_model_0/metrics.json,final_model
dfs_timeout=180s__300steps__28042026,180,0.0,28042026,PISAM,cleaned,3,8,75,858,0,1,1.0,0.9988358556461001,benchmark/data/new_experiments/blocks/dfs_timeout=180s__300steps__28042026/testing/fold3_numtrajs8_gtrate75/conflict_free_models/conflict_free_model_0/metrics.json,final_model
dfs_timeout=180s__300steps__28042026,180,0.0,28042026,PISAM,unclean,4,1,0,127,28,26,0.8193548387096774,0.8300653594771242,benchmark/data/new_experiments/blocks/dfs_timeout=180s__300steps__28042026/testing/fold4_numtrajs1_gtrate0/conflict_free_models/conflict_free_model_0/metrics.json,final_model
dfs_timeout=180s__300steps__28042026,180,0.0,28042026,PISAM,cleaned,4,1,0,102,28,51,0.7846153846153846,0.6666666666666666,benchmark/data/new_experiments/blocks/dfs_timeout=180s__300steps__28042026/testing/fold4_numtrajs1_gtrate0/conflict_free_models/conflict_free_model_0/metrics.json,final_model
dfs_timeout=180s__300steps__28042026,180,0.0,28042026,PISAM,unclean,4,1,10,153,0,0,1.0,1.0,benchmark/data/new_experiments/blocks/dfs_timeout=180s__300steps__28042026/testing/fold4_numtrajs1_gtrate10/conflict_free_models/conflict_free_model_0/metrics.json,final_model
dfs_timeout=180s__300steps__28042026,180,0.0,28042026,PISAM,cleaned,4,1,10,148,0,5,1.0,0.9673202614379085,benchmark/data/new_experiments/blocks/dfs_timeout=180s__300steps__28042026/testing/fold4_numtrajs1_gtrate10/conflict_free_models/conflict_free_model_0/metrics.json,final_model
dfs_timeout=180s__300steps__28042026,180,0.0,28042026,PISAM,unclean,4,1,100,153,0,0,1.0,1.0,benchmark/data/new_experiments/blocks/dfs_timeout=180s__300steps__28042026/testing/fold4_numtrajs1_gtrate100/conflict_free_models/conflict_free_model_0/metrics.json,final_model
dfs_timeout=180s__300steps__28042026,180,0.0,28042026,PISAM,cleaned,4,1,100,153,0,0,1.0,1.0,benchmark/data/new_experiments/blocks/dfs_timeout=180s__300steps__28042026/testing/fold4_numtrajs1_gtrate100/conflict_free_models/conflict_free_model_0/metrics.json,final_model
dfs_timeout=180s__300steps__28042026,180,0.0,28042026,PISAM,unclean,4,1,25,153,0,0,1.0,1.0,benchmark/data/new_experiments/blocks/dfs_timeout=180s__300steps__28042026/testing/fold4_numtrajs1_gtrate25/conflict_free_models/conflict_free_model_0/metrics.json,final_model
dfs_timeout=180s__300steps__28042026,180,0.0,28042026,PISAM,cleaned,4,1,25,150,0,3,1.0,0.9803921568627451,benchmark/data/new_experiments/blocks/dfs_timeout=180s__300steps__28042026/testing/fold4_numtrajs1_gtrate25/conflict_free_models/conflict_free_model_0/metrics.json,final_model
dfs_timeout=180s__300steps__28042026,180,0.0,28042026,PISAM,unclean,4,1,50,153,0,0,1.0,1.0,benchmark/data/new_experiments/blocks/dfs_timeout=180s__300steps__28042026/testing/fold4_numtrajs1_gtrate50/conflict_free_models/conflict_free_model_0/metrics.json,final_model
dfs_timeout=180s__300steps__28042026,180,0.0,28042026,PISAM,cleaned,4,1,50,153,0,0,1.0,1.0,benchmark/data/new_experiments/blocks/dfs_timeout=180s__300steps__28042026/testing/fold4_numtrajs1_gtrate50/conflict_free_models/conflict_free_model_0/metrics.json,final_model
dfs_timeout=180s__300steps__28042026,180,0.0,28042026,PISAM,unclean,4,1,75,153,0,0,1.0,1.0,benchmark/data/new_experiments/blocks/dfs_timeout=180s__300steps__28042026/testing/fold4_numtrajs1_gtrate75/conflict_free_models/conflict_free_model_0/metrics.json,final_model
dfs_timeout=180s__300steps__28042026,180,0.0,28042026,PISAM,cleaned,4,1,75,153,0,0,1.0,1.0,benchmark/data/new_experiments/blocks/dfs_timeout=180s__300steps__28042026/testing/fold4_numtrajs1_gtrate75/conflict_free_models/conflict_free_model_0/metrics.json,final_model
dfs_timeout=180s__300steps__28042026,180,0.0,28042026,PISAM,unclean,4,2,0,191,49,41,0.7958333333333333,0.8232758620689655,benchmark/data/new_experiments/blocks/dfs_timeout=180s__300steps__28042026/testing/fold4_numtrajs2_gtrate0/conflict_free_models/final_model/metrics.json,final_model
dfs_timeout=180s__300steps__28042026,180,0.0,28042026,PISAM,cleaned,4,2,0,160,71,72,0.6926406926406926,0.6896551724137931,benchmark/data/new_experiments/blocks/dfs_timeout=180s__300steps__28042026/testing/fold4_numtrajs2_gtrate0/conflict_free_models/final_model/metrics.json,final_model
dfs_timeout=180s__300steps__28042026,180,0.0,28042026,PISAM,unclean,4,2,10,232,0,0,1.0,1.0,benchmark/data/new_experiments/blocks/dfs_timeout=180s__300steps__28042026/testing/fold4_numtrajs2_gtrate10/conflict_free_models/conflict_free_model_0/metrics.json,final_model
dfs_timeout=180s__300steps__28042026,180,0.0,28042026,PISAM,cleaned,4,2,10,226,0,6,1.0,0.9741379310344828,benchmark/data/new_experiments/blocks/dfs_timeout=180s__300steps__28042026/testing/fold4_numtrajs2_gtrate10/conflict_free_models/conflict_free_model_0/metrics.json,final_model
dfs_timeout=180s__300steps__28042026,180,0.0,28042026,PISAM,unclean,4,2,100,232,0,0,1.0,1.0,benchmark/data/new_experiments/blocks/dfs_timeout=180s__300steps__28042026/testing/fold4_numtrajs2_gtrate100/conflict_free_models/conflict_free_model_0/metrics.json,final_model
dfs_timeout=180s__300steps__28042026,180,0.0,28042026,PISAM,cleaned,4,2,100,232,0,0,1.0,1.0,benchmark/data/new_experiments/blocks/dfs_timeout=180s__300steps__28042026/testing/fold4_numtrajs2_gtrate100/conflict_free_models/conflict_free_model_0/metrics.json,final_model
dfs_timeout=180s__300steps__28042026,180,0.0,28042026,PISAM,unclean,4,2,25,232,0,0,1.0,1.0,benchmark/data/new_experiments/blocks/dfs_timeout=180s__300steps__28042026/testing/fold4_numtrajs2_gtrate25/conflict_free_models/conflict_free_model_0/metrics.json,final_model
dfs_timeout=180s__300steps__28042026,180,0.0,28042026,PISAM,cleaned,4,2,25,228,0,4,1.0,0.9827586206896551,benchmark/data/new_experiments/blocks/dfs_timeout=180s__300steps__28042026/testing/fold4_numtrajs2_gtrate25/conflict_free_models/conflict_free_model_0/metrics.json,final_model
dfs_timeout=180s__300steps__28042026,180,0.0,28042026,PISAM,unclean,4,2,50,232,0,0,1.0,1.0,benchmark/data/new_experiments/blocks/dfs_timeout=180s__300steps__28042026/testing/fold4_numtrajs2_gtrate50/conflict_free_models/conflict_free_model_0/metrics.json,final_model
dfs_timeout=180s__300steps__28042026,180,0.0,28042026,PISAM,cleaned,4,2,50,231,0,1,1.0,0.9956896551724138,benchmark/data/new_experiments/blocks/dfs_timeout=180s__300steps__28042026/testing/fold4_numtrajs2_gtrate50/conflict_free_models/conflict_free_model_0/metrics.json,final_model
dfs_timeout=180s__300steps__28042026,180,0.0,28042026,PISAM,unclean,4,2,75,232,0,0,1.0,1.0,benchmark/data/new_experiments/blocks/dfs_timeout=180s__300steps__28042026/testing/fold4_numtrajs2_gtrate75/conflict_free_models/conflict_free_model_0/metrics.json,final_model
dfs_timeout=180s__300steps__28042026,180,0.0,28042026,PISAM,cleaned,4,2,75,232,0,0,1.0,1.0,benchmark/data/new_experiments/blocks/dfs_timeout=180s__300steps__28042026/testing/fold4_numtrajs2_gtrate75/conflict_free_models/conflict_free_model_0/metrics.json,final_model
dfs_timeout=180s__300steps__28042026,180,0.0,28042026,PISAM,unclean,4,3,0,261,53,44,0.8312101910828026,0.8557377049180328,benchmark/data/new_experiments/blocks/dfs_timeout=180s__300steps__28042026/testing/fold4_numtrajs3_gtrate0/conflict_free_models/final_model/metrics.json,final_model
dfs_timeout=180s__300steps__28042026,180,0.0,28042026,PISAM,cleaned,4,3,0,229,114,76,0.6676384839650146,0.7508196721311475,benchmark/data/new_experiments/blocks/dfs_timeout=180s__300steps__28042026/testing/fold4_numtrajs3_gtrate0/conflict_free_models/final_model/metrics.json,final_model
dfs_timeout=180s__300steps__28042026,180,0.0,28042026,PISAM,unclean,4,3,10,305,0,0,1.0,1.0,benchmark/data/new_experiments/blocks/dfs_timeout=180s__300steps__28042026/testing/fold4_numtrajs3_gtrate10/conflict_free_models/conflict_free_model_0/metrics.json,final_model
dfs_timeout=180s__300steps__28042026,180,0.0,28042026,PISAM,cleaned,4,3,10,299,0,6,1.0,0.980327868852459,benchmark/data/new_experiments/blocks/dfs_timeout=180s__300steps__28042026/testing/fold4_numtrajs3_gtrate10/conflict_free_models/conflict_free_model_0/metrics.json,final_model
dfs_timeout=180s__300steps__28042026,180,0.0,28042026,PISAM,unclean,4,3,100,305,0,0,1.0,1.0,benchmark/data/new_experiments/blocks/dfs_timeout=180s__300steps__28042026/testing/fold4_numtrajs3_gtrate100/conflict_free_models/conflict_free_model_0/metrics.json,final_model
dfs_timeout=180s__300steps__28042026,180,0.0,28042026,PISAM,cleaned,4,3,100,305,0,0,1.0,1.0,benchmark/data/new_experiments/blocks/dfs_timeout=180s__300steps__28042026/testing/fold4_numtrajs3_gtrate100/conflict_free_models/conflict_free_model_0/metrics.json,final_model
dfs_timeout=180s__300steps__28042026,180,0.0,28042026,PISAM,unclean,4,3,25,305,0,0,1.0,1.0,benchmark/data/new_experiments/blocks/dfs_timeout=180s__300steps__28042026/testing/fold4_numtrajs3_gtrate25/conflict_free_models/conflict_free_model_0/metrics.json,final_model
dfs_timeout=180s__300steps__28042026,180,0.0,28042026,PISAM,cleaned,4,3,25,301,0,4,1.0,0.9868852459016394,benchmark/data/new_experiments/blocks/dfs_timeout=180s__300steps__28042026/testing/fold4_numtrajs3_gtrate25/conflict_free_models/conflict_free_model_0/metrics.json,final_model
dfs_timeout=180s__300steps__28042026,180,0.0,28042026,PISAM,unclean,4,3,50,305,0,0,1.0,1.0,benchmark/data/new_experiments/blocks/dfs_timeout=180s__300steps__28042026/testing/fold4_numtrajs3_gtrate50/conflict_free_models/conflict_free_model_0/metrics.json,final_model
dfs_timeout=180s__300steps__28042026,180,0.0,28042026,PISAM,cleaned,4,3,50,304,0,1,1.0,0.9967213114754099,benchmark/data/new_experiments/blocks/dfs_timeout=180s__300steps__28042026/testing/fold4_numtrajs3_gtrate50/conflict_free_models/conflict_free_model_0/metrics.json,final_model
dfs_timeout=180s__300steps__28042026,180,0.0,28042026,PISAM,unclean,4,3,75,305,0,0,1.0,1.0,benchmark/data/new_experiments/blocks/dfs_timeout=180s__300steps__28042026/testing/fold4_numtrajs3_gtrate75/conflict_free_models/conflict_free_model_0/metrics.json,final_model
dfs_timeout=180s__300steps__28042026,180,0.0,28042026,PISAM,cleaned,4,3,75,305,0,0,1.0,1.0,benchmark/data/new_experiments/blocks/dfs_timeout=180s__300steps__28042026/testing/fold4_numtrajs3_gtrate75/conflict_free_models/conflict_free_model_0/metrics.json,final_model
dfs_timeout=180s__300steps__28042026,180,0.0,28042026,PISAM,unclean,4,4,0,419,100,81,0.8073217726396917,0.838,benchmark/data/new_experiments/blocks/dfs_timeout=180s__300steps__28042026/testing/fold4_numtrajs4_gtrate0/conflict_free_models/final_model/metrics.json,final_model
dfs_timeout=180s__300steps__28042026,180,0.0,28042026,PISAM,cleaned,4,4,0,357,152,143,0.7013752455795678,0.714,benchmark/data/new_experiments/blocks/dfs_timeout=180s__300steps__28042026/testing/fold4_numtrajs4_gtrate0/conflict_free_models/final_model/metrics.json,final_model
dfs_timeout=180s__300steps__28042026,180,0.0,28042026,PISAM,unclean,4,4,10,500,0,0,1.0,1.0,benchmark/data/new_experiments/blocks/dfs_timeout=180s__300steps__28042026/testing/fold4_numtrajs4_gtrate10/conflict_free_models/conflict_free_model_0/metrics.json,final_model
dfs_timeout=180s__300steps__28042026,180,0.0,28042026,PISAM,cleaned,4,4,10,490,0,10,1.0,0.98,benchmark/data/new_experiments/blocks/dfs_timeout=180s__300steps__28042026/testing/fold4_numtrajs4_gtrate10/conflict_free_models/conflict_free_model_0/metrics.json,final_model
dfs_timeout=180s__300steps__28042026,180,0.0,28042026,PISAM,unclean,4,4,100,500,0,0,1.0,1.0,benchmark/data/new_experiments/blocks/dfs_timeout=180s__300steps__28042026/testing/fold4_numtrajs4_gtrate100/conflict_free_models/conflict_free_model_0/metrics.json,final_model
dfs_timeout=180s__300steps__28042026,180,0.0,28042026,PISAM,cleaned,4,4,100,500,0,0,1.0,1.0,benchmark/data/new_experiments/blocks/dfs_timeout=180s__300steps__28042026/testing/fold4_numtrajs4_gtrate100/conflict_free_models/conflict_free_model_0/metrics.json,final_model
dfs_timeout=180s__300steps__28042026,180,0.0,28042026,PISAM,unclean,4,4,25,500,0,0,1.0,1.0,benchmark/data/new_experiments/blocks/dfs_timeout=180s__300steps__28042026/testing/fold4_numtrajs4_gtrate25/conflict_free_models/conflict_free_model_0/metrics.json,final_model
dfs_timeout=180s__300steps__28042026,180,0.0,28042026,PISAM,cleaned,4,4,25,494,0,6,1.0,0.988,benchmark/data/new_experiments/blocks/dfs_timeout=180s__300steps__28042026/testing/fold4_numtrajs4_gtrate25/conflict_free_models/conflict_free_model_0/metrics.json,final_model
dfs_timeout=180s__300steps__28042026,180,0.0,28042026,PISAM,unclean,4,4,50,500,0,0,1.0,1.0,benchmark/data/new_experiments/blocks/dfs_timeout=180s__300steps__28042026/testing/fold4_numtrajs4_gtrate50/conflict_free_models/conflict_free_model_0/metrics.json,final_model
dfs_timeout=180s__300steps__28042026,180,0.0,28042026,PISAM,cleaned,4,4,50,498,0,2,1.0,0.996,benchmark/data/new_experiments/blocks/dfs_timeout=180s__300steps__28042026/testing/fold4_numtrajs4_gtrate50/conflict_free_models/conflict_free_model_0/metrics.json,final_model
dfs_timeout=180s__300steps__28042026,180,0.0,28042026,PISAM,unclean,4,4,75,500,0,0,1.0,1.0,benchmark/data/new_experiments/blocks/dfs_timeout=180s__300steps__28042026/testing/fold4_numtrajs4_gtrate75/conflict_free_models/conflict_free_model_0/metrics.json,final_model
dfs_timeout=180s__300steps__28042026,180,0.0,28042026,PISAM,cleaned,4,4,75,500,0,0,1.0,1.0,benchmark/data/new_experiments/blocks/dfs_timeout=180s__300steps__28042026/testing/fold4_numtrajs4_gtrate75/conflict_free_models/conflict_free_model_0/metrics.json,final_model
dfs_timeout=180s__300steps__28042026,180,0.0,28042026,PISAM,unclean,4,5,0,467,102,81,0.820738137082601,0.8521897810218978,benchmark/data/new_experiments/blocks/dfs_timeout=180s__300steps__28042026/testing/fold4_numtrajs5_gtrate0/conflict_free_models/final_model/metrics.json,final_model
dfs_timeout=180s__300steps__28042026,180,0.0,28042026,PISAM,cleaned,4,5,0,418,128,130,0.7655677655677655,0.7627737226277372,benchmark/data/new_experiments/blocks/dfs_timeout=180s__300steps__28042026/testing/fold4_numtrajs5_gtrate0/conflict_free_models/final_model/metrics.json,final_model
dfs_timeout=180s__300steps__28042026,180,0.0,28042026,PISAM,unclean,4,5,10,548,0,0,1.0,1.0,benchmark/data/new_experiments/blocks/dfs_timeout=180s__300steps__28042026/testing/fold4_numtrajs5_gtrate10/conflict_free_models/conflict_free_model_0/metrics.json,final_model
dfs_timeout=180s__300steps__28042026,180,0.0,28042026,PISAM,cleaned,4,5,10,538,0,10,1.0,0.9817518248175182,benchmark/data/new_experiments/blocks/dfs_timeout=180s__300steps__28042026/testing/fold4_numtrajs5_gtrate10/conflict_free_models/conflict_free_model_0/metrics.json,final_model
dfs_timeout=180s__300steps__28042026,180,0.0,28042026,PISAM,unclean,4,5,100,548,0,0,1.0,1.0,benchmark/data/new_experiments/blocks/dfs_timeout=180s__300steps__28042026/testing/fold4_numtrajs5_gtrate100/conflict_free_models/conflict_free_model_0/metrics.json,final_model
dfs_timeout=180s__300steps__28042026,180,0.0,28042026,PISAM,cleaned,4,5,100,548,0,0,1.0,1.0,benchmark/data/new_experiments/blocks/dfs_timeout=180s__300steps__28042026/testing/fold4_numtrajs5_gtrate100/conflict_free_models/conflict_free_model_0/metrics.json,final_model
dfs_timeout=180s__300steps__28042026,180,0.0,28042026,PISAM,unclean,4,5,25,548,0,0,1.0,1.0,benchmark/data/new_experiments/blocks/dfs_timeout=180s__300steps__28042026/testing/fold4_numtrajs5_gtrate25/conflict_free_models/conflict_free_model_0/metrics.json,final_model
dfs_timeout=180s__300steps__28042026,180,0.0,28042026,PISAM,cleaned,4,5,25,542,0,6,1.0,0.9890510948905109,benchmark/data/new_experiments/blocks/dfs_timeout=180s__300steps__28042026/testing/fold4_numtrajs5_gtrate25/conflict_free_models/conflict_free_model_0/metrics.json,final_model
dfs_timeout=180s__300steps__28042026,180,0.0,28042026,PISAM,unclean,4,5,50,548,0,0,1.0,1.0,benchmark/data/new_experiments/blocks/dfs_timeout=180s__300steps__28042026/testing/fold4_numtrajs5_gtrate50/conflict_free_models/conflict_free_model_0/metrics.json,final_model
dfs_timeout=180s__300steps__28042026,180,0.0,28042026,PISAM,cleaned,4,5,50,546,0,2,1.0,0.9963503649635036,benchmark/data/new_experiments/blocks/dfs_timeout=180s__300steps__28042026/testing/fold4_numtrajs5_gtrate50/conflict_free_models/conflict_free_model_0/metrics.json,final_model
dfs_timeout=180s__300steps__28042026,180,0.0,28042026,PISAM,unclean,4,5,75,548,0,0,1.0,1.0,benchmark/data/new_experiments/blocks/dfs_timeout=180s__300steps__28042026/testing/fold4_numtrajs5_gtrate75/conflict_free_models/conflict_free_model_0/metrics.json,final_model
dfs_timeout=180s__300steps__28042026,180,0.0,28042026,PISAM,cleaned,4,5,75,548,0,0,1.0,1.0,benchmark/data/new_experiments/blocks/dfs_timeout=180s__300steps__28042026/testing/fold4_numtrajs5_gtrate75/conflict_free_models/conflict_free_model_0/metrics.json,final_model
dfs_timeout=180s__300steps__28042026,180,0.0,28042026,PISAM,unclean,4,6,0,519,111,89,0.8238095238095238,0.8536184210526315,benchmark/data/new_experiments/blocks/dfs_timeout=180s__300steps__28042026/testing/fold4_numtrajs6_gtrate0/conflict_free_models/final_model/metrics.json,final_model
dfs_timeout=180s__300steps__28042026,180,0.0,28042026,PISAM,cleaned,4,6,0,484,151,124,0.7622047244094489,0.7960526315789473,benchmark/data/new_experiments/blocks/dfs_timeout=180s__300steps__28042026/testing/fold4_numtrajs6_gtrate0/conflict_free_models/final_model/metrics.json,final_model
dfs_timeout=180s__300steps__28042026,180,0.0,28042026,PISAM,unclean,4,6,10,608,0,0,1.0,1.0,benchmark/data/new_experiments/blocks/dfs_timeout=180s__300steps__28042026/testing/fold4_numtrajs6_gtrate10/conflict_free_models/conflict_free_model_0/metrics.json,final_model
dfs_timeout=180s__300steps__28042026,180,0.0,28042026,PISAM,cleaned,4,6,10,598,0,10,1.0,0.9835526315789473,benchmark/data/new_experiments/blocks/dfs_timeout=180s__300steps__28042026/testing/fold4_numtrajs6_gtrate10/conflict_free_models/conflict_free_model_0/metrics.json,final_model
dfs_timeout=180s__300steps__28042026,180,0.0,28042026,PISAM,unclean,4,6,100,608,0,0,1.0,1.0,benchmark/data/new_experiments/blocks/dfs_timeout=180s__300steps__28042026/testing/fold4_numtrajs6_gtrate100/conflict_free_models/conflict_free_model_0/metrics.json,final_model
dfs_timeout=180s__300steps__28042026,180,0.0,28042026,PISAM,cleaned,4,6,100,608,0,0,1.0,1.0,benchmark/data/new_experiments/blocks/dfs_timeout=180s__300steps__28042026/testing/fold4_numtrajs6_gtrate100/conflict_free_models/conflict_free_model_0/metrics.json,final_model
dfs_timeout=180s__300steps__28042026,180,0.0,28042026,PISAM,unclean,4,6,25,608,0,0,1.0,1.0,benchmark/data/new_experiments/blocks/dfs_timeout=180s__300steps__28042026/testing/fold4_numtrajs6_gtrate25/conflict_free_models/conflict_free_model_0/metrics.json,final_model
dfs_timeout=180s__300steps__28042026,180,0.0,28042026,PISAM,cleaned,4,6,25,602,0,6,1.0,0.9901315789473685,benchmark/data/new_experiments/blocks/dfs_timeout=180s__300steps__28042026/testing/fold4_numtrajs6_gtrate25/conflict_free_models/conflict_free_model_0/metrics.json,final_model
dfs_timeout=180s__300steps__28042026,180,0.0,28042026,PISAM,unclean,4,6,50,608,0,0,1.0,1.0,benchmark/data/new_experiments/blocks/dfs_timeout=180s__300steps__28042026/testing/fold4_numtrajs6_gtrate50/conflict_free_models/conflict_free_model_0/metrics.json,final_model
dfs_timeout=180s__300steps__28042026,180,0.0,28042026,PISAM,cleaned,4,6,50,606,0,2,1.0,0.9967105263157895,benchmark/data/new_experiments/blocks/dfs_timeout=180s__300steps__28042026/testing/fold4_numtrajs6_gtrate50/conflict_free_models/conflict_free_model_0/metrics.json,final_model
dfs_timeout=180s__300steps__28042026,180,0.0,28042026,PISAM,unclean,4,6,75,608,0,0,1.0,1.0,benchmark/data/new_experiments/blocks/dfs_timeout=180s__300steps__28042026/testing/fold4_numtrajs6_gtrate75/conflict_free_models/conflict_free_model_0/metrics.json,final_model
dfs_timeout=180s__300steps__28042026,180,0.0,28042026,PISAM,cleaned,4,6,75,608,0,0,1.0,1.0,benchmark/data/new_experiments/blocks/dfs_timeout=180s__300steps__28042026/testing/fold4_numtrajs6_gtrate75/conflict_free_models/conflict_free_model_0/metrics.json,final_model
dfs_timeout=180s__300steps__28042026,180,0.0,28042026,PISAM,unclean,4,7,0,641,169,125,0.7913580246913581,0.8368146214099217,benchmark/data/new_experiments/blocks/dfs_timeout=180s__300steps__28042026/testing/fold4_numtrajs7_gtrate0/conflict_free_models/final_model/metrics.json,final_model
dfs_timeout=180s__300steps__28042026,180,0.0,28042026,PISAM,cleaned,4,7,0,607,202,159,0.7503090234857849,0.7924281984334204,benchmark/data/new_experiments/blocks/dfs_timeout=180s__300steps__28042026/testing/fold4_numtrajs7_gtrate0/conflict_free_models/final_model/metrics.json,final_model
dfs_timeout=180s__300steps__28042026,180,0.0,28042026,PISAM,unclean,4,7,10,766,0,0,1.0,1.0,benchmark/data/new_experiments/blocks/dfs_timeout=180s__300steps__28042026/testing/fold4_numtrajs7_gtrate10/conflict_free_models/conflict_free_model_0/metrics.json,final_model
dfs_timeout=180s__300steps__28042026,180,0.0,28042026,PISAM,cleaned,4,7,10,754,0,12,1.0,0.9843342036553525,benchmark/data/new_experiments/blocks/dfs_timeout=180s__300steps__28042026/testing/fold4_numtrajs7_gtrate10/conflict_free_models/conflict_free_model_0/metrics.json,final_model
dfs_timeout=180s__300steps__28042026,180,0.0,28042026,PISAM,unclean,4,7,100,766,0,0,1.0,1.0,benchmark/data/new_experiments/blocks/dfs_timeout=180s__300steps__28042026/testing/fold4_numtrajs7_gtrate100/conflict_free_models/conflict_free_model_0/metrics.json,final_model
dfs_timeout=180s__300steps__28042026,180,0.0,28042026,PISAM,cleaned,4,7,100,766,0,0,1.0,1.0,benchmark/data/new_experiments/blocks/dfs_timeout=180s__300steps__28042026/testing/fold4_numtrajs7_gtrate100/conflict_free_models/conflict_free_model_0/metrics.json,final_model
dfs_timeout=180s__300steps__28042026,180,0.0,28042026,PISAM,unclean,4,7,25,766,0,0,1.0,1.0,benchmark/data/new_experiments/blocks/dfs_timeout=180s__300steps__28042026/testing/fold4_numtrajs7_gtrate25/conflict_free_models/conflict_free_model_0/metrics.json,final_model
dfs_timeout=180s__300steps__28042026,180,0.0,28042026,PISAM,cleaned,4,7,25,758,0,8,1.0,0.9895561357702349,benchmark/data/new_experiments/blocks/dfs_timeout=180s__300steps__28042026/testing/fold4_numtrajs7_gtrate25/conflict_free_models/conflict_free_model_0/metrics.json,final_model
dfs_timeout=180s__300steps__28042026,180,0.0,28042026,PISAM,unclean,4,7,50,766,0,0,1.0,1.0,benchmark/data/new_experiments/blocks/dfs_timeout=180s__300steps__28042026/testing/fold4_numtrajs7_gtrate50/conflict_free_models/conflict_free_model_0/metrics.json,final_model
dfs_timeout=180s__300steps__28042026,180,0.0,28042026,PISAM,cleaned,4,7,50,763,0,3,1.0,0.9960835509138382,benchmark/data/new_experiments/blocks/dfs_timeout=180s__300steps__28042026/testing/fold4_numtrajs7_gtrate50/conflict_free_models/conflict_free_model_0/metrics.json,final_model
dfs_timeout=180s__300steps__28042026,180,0.0,28042026,PISAM,unclean,4,7,75,766,0,0,1.0,1.0,benchmark/data/new_experiments/blocks/dfs_timeout=180s__300steps__28042026/testing/fold4_numtrajs7_gtrate75/conflict_free_models/conflict_free_model_0/metrics.json,final_model
dfs_timeout=180s__300steps__28042026,180,0.0,28042026,PISAM,cleaned,4,7,75,765,0,1,1.0,0.9986945169712794,benchmark/data/new_experiments/blocks/dfs_timeout=180s__300steps__28042026/testing/fold4_numtrajs7_gtrate75/conflict_free_models/conflict_free_model_0/metrics.json,final_model
dfs_timeout=180s__300steps__28042026,180,0.0,28042026,PISAM,unclean,4,8,0,688,175,133,0.7972190034762456,0.8380024360535931,benchmark/data/new_experiments/blocks/dfs_timeout=180s__300steps__28042026/testing/fold4_numtrajs8_gtrate0/conflict_free_models/final_model/metrics.json,final_model
dfs_timeout=180s__300steps__28042026,180,0.0,28042026,PISAM,cleaned,4,8,0,649,202,172,0.7626321974148061,0.7904993909866017,benchmark/data/new_experiments/blocks/dfs_timeout=180s__300steps__28042026/testing/fold4_numtrajs8_gtrate0/conflict_free_models/final_model/metrics.json,final_model
dfs_timeout=180s__300steps__28042026,180,0.0,28042026,PISAM,unclean,4,8,10,821,0,0,1.0,1.0,benchmark/data/new_experiments/blocks/dfs_timeout=180s__300steps__28042026/testing/fold4_numtrajs8_gtrate10/conflict_free_models/conflict_free_model_0/metrics.json,final_model
dfs_timeout=180s__300steps__28042026,180,0.0,28042026,PISAM,cleaned,4,8,10,809,0,12,1.0,0.9853836784409257,benchmark/data/new_experiments/blocks/dfs_timeout=180s__300steps__28042026/testing/fold4_numtrajs8_gtrate10/conflict_free_models/conflict_free_model_0/metrics.json,final_model
dfs_timeout=180s__300steps__28042026,180,0.0,28042026,PISAM,unclean,4,8,100,821,0,0,1.0,1.0,benchmark/data/new_experiments/blocks/dfs_timeout=180s__300steps__28042026/testing/fold4_numtrajs8_gtrate100/conflict_free_models/conflict_free_model_0/metrics.json,final_model
dfs_timeout=180s__300steps__28042026,180,0.0,28042026,PISAM,cleaned,4,8,100,821,0,0,1.0,1.0,benchmark/data/new_experiments/blocks/dfs_timeout=180s__300steps__28042026/testing/fold4_numtrajs8_gtrate100/conflict_free_models/conflict_free_model_0/metrics.json,final_model
dfs_timeout=180s__300steps__28042026,180,0.0,28042026,PISAM,unclean,4,8,25,821,0,0,1.0,1.0,benchmark/data/new_experiments/blocks/dfs_timeout=180s__300steps__28042026/testing/fold4_numtrajs8_gtrate25/conflict_free_models/conflict_free_model_0/metrics.json,final_model
dfs_timeout=180s__300steps__28042026,180,0.0,28042026,PISAM,cleaned,4,8,25,813,0,8,1.0,0.9902557856272838,benchmark/data/new_experiments/blocks/dfs_timeout=180s__300steps__28042026/testing/fold4_numtrajs8_gtrate25/conflict_free_models/conflict_free_model_0/metrics.json,final_model
dfs_timeout=180s__300steps__28042026,180,0.0,28042026,PISAM,unclean,4,8,50,821,0,0,1.0,1.0,benchmark/data/new_experiments/blocks/dfs_timeout=180s__300steps__28042026/testing/fold4_numtrajs8_gtrate50/conflict_free_models/conflict_free_model_0/metrics.json,final_model
dfs_timeout=180s__300steps__28042026,180,0.0,28042026,PISAM,cleaned,4,8,50,818,0,3,1.0,0.9963459196102314,benchmark/data/new_experiments/blocks/dfs_timeout=180s__300steps__28042026/testing/fold4_numtrajs8_gtrate50/conflict_free_models/conflict_free_model_0/metrics.json,final_model
dfs_timeout=180s__300steps__28042026,180,0.0,28042026,PISAM,unclean,4,8,75,821,0,0,1.0,1.0,benchmark/data/new_experiments/blocks/dfs_timeout=180s__300steps__28042026/testing/fold4_numtrajs8_gtrate75/conflict_free_models/conflict_free_model_0/metrics.json,final_model
dfs_timeout=180s__300steps__28042026,180,0.0,28042026,PISAM,cleaned,4,8,75,820,0,1,1.0,0.9987819732034104,benchmark/data/new_experiments/blocks/dfs_timeout=180s__300steps__28042026/testing/fold4_numtrajs8_gtrate75/conflict_free_models/conflict_free_model_0/metrics.json,final_model
dfs_timeout=60s__300steps__02052026,60,1.0,02052026,PISAM,unclean,0,1,0,70,4,3,0.9459459459459459,0.958904109589041,benchmark/data/new_experiments/blocks/dfs_timeout=60s__300steps__02052026/testing/fold0_numtrajs1_gtrate0/conflict_free_models/conflict_free_model_0/metrics.json,final_model
dfs_timeout=60s__300steps__02052026,60,1.0,02052026,PISAM,cleaned,0,1,0,73,5,0,0.9358974358974359,1.0,benchmark/data/new_experiments/blocks/dfs_timeout=60s__300steps__02052026/testing/fold0_numtrajs1_gtrate0/conflict_free_models/conflict_free_model_0/metrics.json,final_model
dfs_timeout=60s__300steps__02052026,60,1.0,02052026,PISAM,unclean,0,1,10,73,0,0,1.0,1.0,benchmark/data/new_experiments/blocks/dfs_timeout=60s__300steps__02052026/testing/fold0_numtrajs1_gtrate10/conflict_free_models/conflict_free_model_0/metrics.json,final_model
dfs_timeout=60s__300steps__02052026,60,1.0,02052026,PISAM,cleaned,0,1,10,73,0,0,1.0,1.0,benchmark/data/new_experiments/blocks/dfs_timeout=60s__300steps__02052026/testing/fold0_numtrajs1_gtrate10/conflict_free_models/conflict_free_model_0/metrics.json,final_model
dfs_timeout=60s__300steps__02052026,60,1.0,02052026,PISAM,unclean,0,1,100,73,0,0,1.0,1.0,benchmark/data/new_experiments/blocks/dfs_timeout=60s__300steps__02052026/testing/fold0_numtrajs1_gtrate100/conflict_free_models/conflict_free_model_0/metrics.json,final_model
dfs_timeout=60s__300steps__02052026,60,1.0,02052026,PISAM,cleaned,0,1,100,73,0,0,1.0,1.0,benchmark/data/new_experiments/blocks/dfs_timeout=60s__300steps__02052026/testing/fold0_numtrajs1_gtrate100/conflict_free_models/conflict_free_model_0/metrics.json,final_model
dfs_timeout=60s__300steps__02052026,60,1.0,02052026,PISAM,unclean,0,1,25,73,0,0,1.0,1.0,benchmark/data/new_experiments/blocks/dfs_timeout=60s__300steps__02052026/testing/fold0_numtrajs1_gtrate25/conflict_free_models/conflict_free_model_0/metrics.json,final_model
dfs_timeout=60s__300steps__02052026,60,1.0,02052026,PISAM,cleaned,0,1,25,73,0,0,1.0,1.0,benchmark/data/new_experiments/blocks/dfs_timeout=60s__300steps__02052026/testing/fold0_numtrajs1_gtrate25/conflict_free_models/conflict_free_model_0/metrics.json,final_model
dfs_timeout=60s__300steps__02052026,60,1.0,02052026,PISAM,unclean,0,1,50,73,0,0,1.0,1.0,benchmark/data/new_experiments/blocks/dfs_timeout=60s__300steps__02052026/testing/fold0_numtrajs1_gtrate50/conflict_free_models/conflict_free_model_0/metrics.json,final_model
dfs_timeout=60s__300steps__02052026,60,1.0,02052026,PISAM,cleaned,0,1,50,73,0,0,1.0,1.0,benchmark/data/new_experiments/blocks/dfs_timeout=60s__300steps__02052026/testing/fold0_numtrajs1_gtrate50/conflict_free_models/conflict_free_model_0/metrics.json,final_model
dfs_timeout=60s__300steps__02052026,60,1.0,02052026,PISAM,unclean,0,1,75,73,0,0,1.0,1.0,benchmark/data/new_experiments/blocks/dfs_timeout=60s__300steps__02052026/testing/fold0_numtrajs1_gtrate75/conflict_free_models/conflict_free_model_0/metrics.json,final_model
dfs_timeout=60s__300steps__02052026,60,1.0,02052026,PISAM,cleaned,0,1,75,73,0,0,1.0,1.0,benchmark/data/new_experiments/blocks/dfs_timeout=60s__300steps__02052026/testing/fold0_numtrajs1_gtrate75/conflict_free_models/conflict_free_model_0/metrics.json,final_model
dfs_timeout=60s__300steps__02052026,60,1.0,02052026,PISAM,unclean,0,2,0,197,32,29,0.8602620087336245,0.8716814159292036,benchmark/data/new_experiments/blocks/dfs_timeout=60s__300steps__02052026/testing/fold0_numtrajs2_gtrate0/conflict_free_models/conflict_free_model_0/metrics.json,final_model
dfs_timeout=60s__300steps__02052026,60,1.0,02052026,PISAM,cleaned,0,2,0,210,40,16,0.84,0.9292035398230089,benchmark/data/new_experiments/blocks/dfs_timeout=60s__300steps__02052026/testing/fold0_numtrajs2_gtrate0/conflict_free_models/conflict_free_model_0/metrics.json,final_model
dfs_timeout=60s__300steps__02052026,60,1.0,02052026,PISAM,unclean,0,2,10,226,0,0,1.0,1.0,benchmark/data/new_experiments/blocks/dfs_timeout=60s__300steps__02052026/testing/fold0_numtrajs2_gtrate10/conflict_free_models/conflict_free_model_0/metrics.json,final_model
dfs_timeout=60s__300steps__02052026,60,1.0,02052026,PISAM,cleaned,0,2,10,221,0,5,1.0,0.9778761061946902,benchmark/data/new_experiments/blocks/dfs_timeout=60s__300steps__02052026/testing/fold0_numtrajs2_gtrate10/conflict_free_models/conflict_free_model_0/metrics.json,final_model
dfs_timeout=60s__300steps__02052026,60,1.0,02052026,PISAM,unclean,0,2,100,226,0,0,1.0,1.0,benchmark/data/new_experiments/blocks/dfs_timeout=60s__300steps__02052026/testing/fold0_numtrajs2_gtrate100/conflict_free_models/conflict_free_model_0/metrics.json,final_model
dfs_timeout=60s__300steps__02052026,60,1.0,02052026,PISAM,cleaned,0,2,100,226,0,0,1.0,1.0,benchmark/data/new_experiments/blocks/dfs_timeout=60s__300steps__02052026/testing/fold0_numtrajs2_gtrate100/conflict_free_models/conflict_free_model_0/metrics.json,final_model
dfs_timeout=60s__300steps__02052026,60,1.0,02052026,PISAM,unclean,0,2,25,226,0,0,1.0,1.0,benchmark/data/new_experiments/blocks/dfs_timeout=60s__300steps__02052026/testing/fold0_numtrajs2_gtrate25/conflict_free_models/conflict_free_model_0/metrics.json,final_model
dfs_timeout=60s__300steps__02052026,60,1.0,02052026,PISAM,cleaned,0,2,25,223,0,3,1.0,0.9867256637168141,benchmark/data/new_experiments/blocks/dfs_timeout=60s__300steps__02052026/testing/fold0_numtrajs2_gtrate25/conflict_free_models/conflict_free_model_0/metrics.json,final_model
dfs_timeout=60s__300steps__02052026,60,1.0,02052026,PISAM,unclean,0,2,50,226,0,0,1.0,1.0,benchmark/data/new_experiments/blocks/dfs_timeout=60s__300steps__02052026/testing/fold0_numtrajs2_gtrate50/conflict_free_models/conflict_free_model_0/metrics.json,final_model
dfs_timeout=60s__300steps__02052026,60,1.0,02052026,PISAM,cleaned,0,2,50,226,0,0,1.0,1.0,benchmark/data/new_experiments/blocks/dfs_timeout=60s__300steps__02052026/testing/fold0_numtrajs2_gtrate50/conflict_free_models/conflict_free_model_0/metrics.json,final_model
dfs_timeout=60s__300steps__02052026,60,1.0,02052026,PISAM,unclean,0,2,75,226,0,0,1.0,1.0,benchmark/data/new_experiments/blocks/dfs_timeout=60s__300steps__02052026/testing/fold0_numtrajs2_gtrate75/conflict_free_models/conflict_free_model_0/metrics.json,final_model
dfs_timeout=60s__300steps__02052026,60,1.0,02052026,PISAM,cleaned,0,2,75,226,0,0,1.0,1.0,benchmark/data/new_experiments/blocks/dfs_timeout=60s__300steps__02052026/testing/fold0_numtrajs2_gtrate75/conflict_free_models/conflict_free_model_0/metrics.json,final_model
dfs_timeout=60s__300steps__02052026,60,1.0,02052026,PISAM,unclean,0,3,0,283,41,33,0.8734567901234568,0.8955696202531646,benchmark/data/new_experiments/blocks/dfs_timeout=60s__300steps__02052026/testing/fold0_numtrajs3_gtrate0/conflict_free_models/final_model/metrics.json,final_model
dfs_timeout=60s__300steps__02052026,60,1.0,02052026,PISAM,cleaned,0,3,0,289,37,27,0.8865030674846626,0.9145569620253164,benchmark/data/new_experiments/blocks/dfs_timeout=60s__300steps__02052026/testing/fold0_numtrajs3_gtrate0/conflict_free_models/final_model/metrics.json,final_model
dfs_timeout=60s__300steps__02052026,60,1.0,02052026,PISAM,unclean,0,3,10,316,0,0,1.0,1.0,benchmark/data/new_experiments/blocks/dfs_timeout=60s__300steps__02052026/testing/fold0_numtrajs3_gtrate10/conflict_free_models/conflict_free_model_0/metrics.json,final_model
dfs_timeout=60s__300steps__02052026,60,1.0,02052026,PISAM,cleaned,0,3,10,311,0,5,1.0,0.9841772151898734,benchmark/data/new_experiments/blocks/dfs_timeout=60s__300steps__02052026/testing/fold0_numtrajs3_gtrate10/conflict_free_models/conflict_free_model_0/metrics.json,final_model
dfs_timeout=60s__300steps__02052026,60,1.0,02052026,PISAM,unclean,0,3,100,316,0,0,1.0,1.0,benchmark/data/new_experiments/blocks/dfs_timeout=60s__300steps__02052026/testing/fold0_numtrajs3_gtrate100/conflict_free_models/conflict_free_model_0/metrics.json,final_model
dfs_timeout=60s__300steps__02052026,60,1.0,02052026,PISAM,cleaned,0,3,100,316,0,0,1.0,1.0,benchmark/data/new_experiments/blocks/dfs_timeout=60s__300steps__02052026/testing/fold0_numtrajs3_gtrate100/conflict_free_models/conflict_free_model_0/metrics.json,final_model
dfs_timeout=60s__300steps__02052026,60,1.0,02052026,PISAM,unclean,0,3,25,316,0,0,1.0,1.0,benchmark/data/new_experiments/blocks/dfs_timeout=60s__300steps__02052026/testing/fold0_numtrajs3_gtrate25/conflict_free_models/conflict_free_model_0/metrics.json,final_model
dfs_timeout=60s__300steps__02052026,60,1.0,02052026,PISAM,cleaned,0,3,25,313,0,3,1.0,0.990506329113924,benchmark/data/new_experiments/blocks/dfs_timeout=60s__300steps__02052026/testing/fold0_numtrajs3_gtrate25/conflict_free_models/conflict_free_model_0/metrics.json,final_model
dfs_timeout=60s__300steps__02052026,60,1.0,02052026,PISAM,unclean,0,3,50,316,0,0,1.0,1.0,benchmark/data/new_experiments/blocks/dfs_timeout=60s__300steps__02052026/testing/fold0_numtrajs3_gtrate50/conflict_free_models/conflict_free_model_0/metrics.json,final_model
dfs_timeout=60s__300steps__02052026,60,1.0,02052026,PISAM,cleaned,0,3,50,316,0,0,1.0,1.0,benchmark/data/new_experiments/blocks/dfs_timeout=60s__300steps__02052026/testing/fold0_numtrajs3_gtrate50/conflict_free_models/conflict_free_model_0/metrics.json,final_model
dfs_timeout=60s__300steps__02052026,60,1.0,02052026,PISAM,unclean,0,3,75,316,0,0,1.0,1.0,benchmark/data/new_experiments/blocks/dfs_timeout=60s__300steps__02052026/testing/fold0_numtrajs3_gtrate75/conflict_free_models/conflict_free_model_0/metrics.json,final_model
dfs_timeout=60s__300steps__02052026,60,1.0,02052026,PISAM,cleaned,0,3,75,316,0,0,1.0,1.0,benchmark/data/new_experiments/blocks/dfs_timeout=60s__300steps__02052026/testing/fold0_numtrajs3_gtrate75/conflict_free_models/conflict_free_model_0/metrics.json,final_model
dfs_timeout=60s__300steps__02052026,60,1.0,02052026,PISAM,unclean,0,4,0,335,50,41,0.8701298701298701,0.8909574468085106,benchmark/data/new_experiments/blocks/dfs_timeout=60s__300steps__02052026/testing/fold0_numtrajs4_gtrate0/conflict_free_models/final_model/metrics.json,final_model
dfs_timeout=60s__300steps__02052026,60,1.0,02052026,PISAM,cleaned,0,4,0,344,39,32,0.8981723237597912,0.9148936170212766,benchmark/data/new_experiments/blocks/dfs_timeout=60s__300steps__02052026/testing/fold0_numtrajs4_gtrate0/conflict_free_models/final_model/metrics.json,final_model
dfs_timeout=60s__300steps__02052026,60,1.0,02052026,PISAM,unclean,0,4,10,376,0,0,1.0,1.0,benchmark/data/new_experiments/blocks/dfs_timeout=60s__300steps__02052026/testing/fold0_numtrajs4_gtrate10/conflict_free_models/conflict_free_model_0/metrics.json,final_model
dfs_timeout=60s__300steps__02052026,60,1.0,02052026,PISAM,cleaned,0,4,10,371,0,5,1.0,0.9867021276595744,benchmark/data/new_experiments/blocks/dfs_timeout=60s__300steps__02052026/testing/fold0_numtrajs4_gtrate10/conflict_free_models/conflict_free_model_0/metrics.json,final_model
dfs_timeout=60s__300steps__02052026,60,1.0,02052026,PISAM,unclean,0,4,100,376,0,0,1.0,1.0,benchmark/data/new_experiments/blocks/dfs_timeout=60s__300steps__02052026/testing/fold0_numtrajs4_gtrate100/conflict_free_models/conflict_free_model_0/metrics.json,final_model
dfs_timeout=60s__300steps__02052026,60,1.0,02052026,PISAM,cleaned,0,4,100,376,0,0,1.0,1.0,benchmark/data/new_experiments/blocks/dfs_timeout=60s__300steps__02052026/testing/fold0_numtrajs4_gtrate100/conflict_free_models/conflict_free_model_0/metrics.json,final_model
dfs_timeout=60s__300steps__02052026,60,1.0,02052026,PISAM,unclean,0,4,25,376,0,0,1.0,1.0,benchmark/data/new_experiments/blocks/dfs_timeout=60s__300steps__02052026/testing/fold0_numtrajs4_gtrate25/conflict_free_models/conflict_free_model_0/metrics.json,final_model
dfs_timeout=60s__300steps__02052026,60,1.0,02052026,PISAM,cleaned,0,4,25,373,0,3,1.0,0.9920212765957447,benchmark/data/new_experiments/blocks/dfs_timeout=60s__300steps__02052026/testing/fold0_numtrajs4_gtrate25/conflict_free_models/conflict_free_model_0/metrics.json,final_model
dfs_timeout=60s__300steps__02052026,60,1.0,02052026,PISAM,unclean,0,4,50,376,0,0,1.0,1.0,benchmark/data/new_experiments/blocks/dfs_timeout=60s__300steps__02052026/testing/fold0_numtrajs4_gtrate50/conflict_free_models/conflict_free_model_0/metrics.json,final_model
dfs_timeout=60s__300steps__02052026,60,1.0,02052026,PISAM,cleaned,0,4,50,376,0,0,1.0,1.0,benchmark/data/new_experiments/blocks/dfs_timeout=60s__300steps__02052026/testing/fold0_numtrajs4_gtrate50/conflict_free_models/conflict_free_model_0/metrics.json,final_model
dfs_timeout=60s__300steps__02052026,60,1.0,02052026,PISAM,unclean,0,4,75,376,0,0,1.0,1.0,benchmark/data/new_experiments/blocks/dfs_timeout=60s__300steps__02052026/testing/fold0_numtrajs4_gtrate75/conflict_free_models/conflict_free_model_0/metrics.json,final_model
dfs_timeout=60s__300steps__02052026,60,1.0,02052026,PISAM,cleaned,0,4,75,376,0,0,1.0,1.0,benchmark/data/new_experiments/blocks/dfs_timeout=60s__300steps__02052026/testing/fold0_numtrajs4_gtrate75/conflict_free_models/conflict_free_model_0/metrics.json,final_model
dfs_timeout=60s__300steps__02052026,60,1.0,02052026,PISAM,unclean,0,5,0,382,56,49,0.8721461187214612,0.8863109048723898,benchmark/data/new_experiments/blocks/dfs_timeout=60s__300steps__02052026/testing/fold0_numtrajs5_gtrate0/conflict_free_models/conflict_free_model_0/metrics.json,final_model
dfs_timeout=60s__300steps__02052026,60,1.0,02052026,PISAM,cleaned,0,5,0,415,57,16,0.8792372881355932,0.962877030162413,benchmark/data/new_experiments/blocks/dfs_timeout=60s__300steps__02052026/testing/fold0_numtrajs5_gtrate0/conflict_free_models/conflict_free_model_0/metrics.json,final_model
dfs_timeout=60s__300steps__02052026,60,1.0,02052026,PISAM,unclean,0,5,10,431,0,0,1.0,1.0,benchmark/data/new_experiments/blocks/dfs_timeout=60s__300steps__02052026/testing/fold0_numtrajs5_gtrate10/conflict_free_models/conflict_free_model_0/metrics.json,final_model
dfs_timeout=60s__300steps__02052026,60,1.0,02052026,PISAM,cleaned,0,5,10,426,0,5,1.0,0.988399071925754,benchmark/data/new_experiments/blocks/dfs_timeout=60s__300steps__02052026/testing/fold0_numtrajs5_gtrate10/conflict_free_models/conflict_free_model_0/metrics.json,final_model
dfs_timeout=60s__300steps__02052026,60,1.0,02052026,PISAM,unclean,0,5,100,431,0,0,1.0,1.0,benchmark/data/new_experiments/blocks/dfs_timeout=60s__300steps__02052026/testing/fold0_numtrajs5_gtrate100/conflict_free_models/conflict_free_model_0/metrics.json,final_model
dfs_timeout=60s__300steps__02052026,60,1.0,02052026,PISAM,cleaned,0,5,100,431,0,0,1.0,1.0,benchmark/data/new_experiments/blocks/dfs_timeout=60s__300steps__02052026/testing/fold0_numtrajs5_gtrate100/conflict_free_models/conflict_free_model_0/metrics.json,final_model
dfs_timeout=60s__300steps__02052026,60,1.0,02052026,PISAM,unclean,0,5,25,431,0,0,1.0,1.0,benchmark/data/new_experiments/blocks/dfs_timeout=60s__300steps__02052026/testing/fold0_numtrajs5_gtrate25/conflict_free_models/conflict_free_model_0/metrics.json,final_model
dfs_timeout=60s__300steps__02052026,60,1.0,02052026,PISAM,cleaned,0,5,25,428,0,3,1.0,0.9930394431554525,benchmark/data/new_experiments/blocks/dfs_timeout=60s__300steps__02052026/testing/fold0_numtrajs5_gtrate25/conflict_free_models/conflict_free_model_0/metrics.json,final_model
dfs_timeout=60s__300steps__02052026,60,1.0,02052026,PISAM,unclean,0,5,50,431,0,0,1.0,1.0,benchmark/data/new_experiments/blocks/dfs_timeout=60s__300steps__02052026/testing/fold0_numtrajs5_gtrate50/conflict_free_models/conflict_free_model_0/metrics.json,final_model
dfs_timeout=60s__300steps__02052026,60,1.0,02052026,PISAM,cleaned,0,5,50,431,0,0,1.0,1.0,benchmark/data/new_experiments/blocks/dfs_timeout=60s__300steps__02052026/testing/fold0_numtrajs5_gtrate50/conflict_free_models/conflict_free_model_0/metrics.json,final_model
dfs_timeout=60s__300steps__02052026,60,1.0,02052026,PISAM,unclean,0,5,75,431,0,0,1.0,1.0,benchmark/data/new_experiments/blocks/dfs_timeout=60s__300steps__02052026/testing/fold0_numtrajs5_gtrate75/conflict_free_models/conflict_free_model_0/metrics.json,final_model
dfs_timeout=60s__300steps__02052026,60,1.0,02052026,PISAM,cleaned,0,5,75,431,0,0,1.0,1.0,benchmark/data/new_experiments/blocks/dfs_timeout=60s__300steps__02052026/testing/fold0_numtrajs5_gtrate75/conflict_free_models/conflict_free_model_0/metrics.json,final_model
dfs_timeout=60s__300steps__02052026,60,1.0,02052026,PISAM,unclean,0,6,0,540,103,86,0.8398133748055988,0.8626198083067093,benchmark/data/new_experiments/blocks/dfs_timeout=60s__300steps__02052026/testing/fold0_numtrajs6_gtrate0/conflict_free_models/final_model/metrics.json,final_model
dfs_timeout=60s__300steps__02052026,60,1.0,02052026,PISAM,cleaned,0,6,0,526,55,100,0.9053356282271945,0.8402555910543131,benchmark/data/new_experiments/blocks/dfs_timeout=60s__300steps__02052026/testing/fold0_numtrajs6_gtrate0/conflict_free_models/final_model/metrics.json,final_model
dfs_timeout=60s__300steps__02052026,60,1.0,02052026,PISAM,unclean,0,6,10,626,0,0,1.0,1.0,benchmark/data/new_experiments/blocks/dfs_timeout=60s__300steps__02052026/testing/fold0_numtrajs6_gtrate10/conflict_free_models/conflict_free_model_0/metrics.json,final_model
dfs_timeout=60s__300steps__02052026,60,1.0,02052026,PISAM,cleaned,0,6,10,617,0,9,1.0,0.9856230031948882,benchmark/data/new_experiments/blocks/dfs_timeout=60s__300steps__02052026/testing/fold0_numtrajs6_gtrate10/conflict_free_models/conflict_free_model_0/metrics.json,final_model
dfs_timeout=60s__300steps__02052026,60,1.0,02052026,PISAM,unclean,0,6,100,626,0,0,1.0,1.0,benchmark/data/new_experiments/blocks/dfs_timeout=60s__300steps__02052026/testing/fold0_numtrajs6_gtrate100/conflict_free_models/conflict_free_model_0/metrics.json,final_model
dfs_timeout=60s__300steps__02052026,60,1.0,02052026,PISAM,cleaned,0,6,100,626,0,0,1.0,1.0,benchmark/data/new_experiments/blocks/dfs_timeout=60s__300steps__02052026/testing/fold0_numtrajs6_gtrate100/conflict_free_models/conflict_free_model_0/metrics.json,final_model
dfs_timeout=60s__300steps__02052026,60,1.0,02052026,PISAM,unclean,0,6,25,626,0,0,1.0,1.0,benchmark/data/new_experiments/blocks/dfs_timeout=60s__300steps__02052026/testing/fold0_numtrajs6_gtrate25/conflict_free_models/conflict_free_model_0/metrics.json,final_model
dfs_timeout=60s__300steps__02052026,60,1.0,02052026,PISAM,cleaned,0,6,25,621,0,5,1.0,0.9920127795527156,benchmark/data/new_experiments/blocks/dfs_timeout=60s__300steps__02052026/testing/fold0_numtrajs6_gtrate25/conflict_free_models/conflict_free_model_0/metrics.json,final_model
dfs_timeout=60s__300steps__02052026,60,1.0,02052026,PISAM,unclean,0,6,50,626,0,0,1.0,1.0,benchmark/data/new_experiments/blocks/dfs_timeout=60s__300steps__02052026/testing/fold0_numtrajs6_gtrate50/conflict_free_models/conflict_free_model_0/metrics.json,final_model
dfs_timeout=60s__300steps__02052026,60,1.0,02052026,PISAM,cleaned,0,6,50,625,0,1,1.0,0.9984025559105432,benchmark/data/new_experiments/blocks/dfs_timeout=60s__300steps__02052026/testing/fold0_numtrajs6_gtrate50/conflict_free_models/conflict_free_model_0/metrics.json,final_model
dfs_timeout=60s__300steps__02052026,60,1.0,02052026,PISAM,unclean,0,6,75,626,0,0,1.0,1.0,benchmark/data/new_experiments/blocks/dfs_timeout=60s__300steps__02052026/testing/fold0_numtrajs6_gtrate75/conflict_free_models/conflict_free_model_0/metrics.json,final_model
dfs_timeout=60s__300steps__02052026,60,1.0,02052026,PISAM,cleaned,0,6,75,626,0,0,1.0,1.0,benchmark/data/new_experiments/blocks/dfs_timeout=60s__300steps__02052026/testing/fold0_numtrajs6_gtrate75/conflict_free_models/conflict_free_model_0/metrics.json,final_model
dfs_timeout=60s__300steps__02052026,60,1.0,02052026,PISAM,unclean,0,7,0,604,124,101,0.8296703296703297,0.8567375886524823,benchmark/data/new_experiments/blocks/dfs_timeout=60s__300steps__02052026/testing/fold0_numtrajs7_gtrate0/conflict_free_models/final_model/metrics.json,final_model
dfs_timeout=60s__300steps__02052026,60,1.0,02052026,PISAM,cleaned,0,7,0,664,69,41,0.9058663028649386,0.9418439716312057,benchmark/data/new_experiments/blocks/dfs_timeout=60s__300steps__02052026/testing/fold0_numtrajs7_gtrate0/conflict_free_models/final_model/metrics.json,final_model
dfs_timeout=60s__300steps__02052026,60,1.0,02052026,PISAM,unclean,0,7,10,705,0,0,1.0,1.0,benchmark/data/new_experiments/blocks/dfs_timeout=60s__300steps__02052026/testing/fold0_numtrajs7_gtrate10/conflict_free_models/conflict_free_model_0/metrics.json,final_model
dfs_timeout=60s__300steps__02052026,60,1.0,02052026,PISAM,cleaned,0,7,10,695,0,10,1.0,0.9858156028368794,benchmark/data/new_experiments/blocks/dfs_timeout=60s__300steps__02052026/testing/fold0_numtrajs7_gtrate10/conflict_free_models/conflict_free_model_0/metrics.json,final_model
dfs_timeout=60s__300steps__02052026,60,1.0,02052026,PISAM,unclean,0,7,100,705,0,0,1.0,1.0,benchmark/data/new_experiments/blocks/dfs_timeout=60s__300steps__02052026/testing/fold0_numtrajs7_gtrate100/conflict_free_models/conflict_free_model_0/metrics.json,final_model
dfs_timeout=60s__300steps__02052026,60,1.0,02052026,PISAM,cleaned,0,7,100,705,0,0,1.0,1.0,benchmark/data/new_experiments/blocks/dfs_timeout=60s__300steps__02052026/testing/fold0_numtrajs7_gtrate100/conflict_free_models/conflict_free_model_0/metrics.json,final_model
dfs_timeout=60s__300steps__02052026,60,1.0,02052026,PISAM,unclean,0,7,25,705,0,0,1.0,1.0,benchmark/data/new_experiments/blocks/dfs_timeout=60s__300steps__02052026/testing/fold0_numtrajs7_gtrate25/conflict_free_models/conflict_free_model_0/metrics.json,final_model
dfs_timeout=60s__300steps__02052026,60,1.0,02052026,PISAM,cleaned,0,7,25,699,0,6,1.0,0.9914893617021276,benchmark/data/new_experiments/blocks/dfs_timeout=60s__300steps__02052026/testing/fold0_numtrajs7_gtrate25/conflict_free_models/conflict_free_model_0/metrics.json,final_model
dfs_timeout=60s__300steps__02052026,60,1.0,02052026,PISAM,unclean,0,7,50,705,0,0,1.0,1.0,benchmark/data/new_experiments/blocks/dfs_timeout=60s__300steps__02052026/testing/fold0_numtrajs7_gtrate50/conflict_free_models/conflict_free_model_0/metrics.json,final_model
dfs_timeout=60s__300steps__02052026,60,1.0,02052026,PISAM,cleaned,0,7,50,703,0,2,1.0,0.9971631205673759,benchmark/data/new_experiments/blocks/dfs_timeout=60s__300steps__02052026/testing/fold0_numtrajs7_gtrate50/conflict_free_models/conflict_free_model_0/metrics.json,final_model
dfs_timeout=60s__300steps__02052026,60,1.0,02052026,PISAM,unclean,0,7,75,705,0,0,1.0,1.0,benchmark/data/new_experiments/blocks/dfs_timeout=60s__300steps__02052026/testing/fold0_numtrajs7_gtrate75/conflict_free_models/conflict_free_model_0/metrics.json,final_model
dfs_timeout=60s__300steps__02052026,60,1.0,02052026,PISAM,cleaned,0,7,75,705,0,0,1.0,1.0,benchmark/data/new_experiments/blocks/dfs_timeout=60s__300steps__02052026/testing/fold0_numtrajs7_gtrate75/conflict_free_models/conflict_free_model_0/metrics.json,final_model
dfs_timeout=60s__300steps__02052026,60,1.0,02052026,PISAM,unclean,0,8,0,726,182,137,0.7995594713656388,0.8412514484356894,benchmark/data/new_experiments/blocks/dfs_timeout=60s__300steps__02052026/testing/fold0_numtrajs8_gtrate0/conflict_free_models/final_model/metrics.json,final_model
dfs_timeout=60s__300steps__02052026,60,1.0,02052026,PISAM,cleaned,0,8,0,746,146,117,0.8363228699551569,0.8644264194669756,benchmark/data/new_experiments/blocks/dfs_timeout=60s__300steps__02052026/testing/fold0_numtrajs8_gtrate0/conflict_free_models/final_model/metrics.json,final_model
dfs_timeout=60s__300steps__02052026,60,1.0,02052026,PISAM,unclean,0,8,10,863,0,0,1.0,1.0,benchmark/data/new_experiments/blocks/dfs_timeout=60s__300steps__02052026/testing/fold0_numtrajs8_gtrate10/conflict_free_models/conflict_free_model_0/metrics.json,final_model
dfs_timeout=60s__300steps__02052026,60,1.0,02052026,PISAM,cleaned,0,8,10,851,0,12,1.0,0.9860950173812283,benchmark/data/new_experiments/blocks/dfs_timeout=60s__300steps__02052026/testing/fold0_numtrajs8_gtrate10/conflict_free_models/conflict_free_model_0/metrics.json,final_model
dfs_timeout=60s__300steps__02052026,60,1.0,02052026,PISAM,unclean,0,8,100,863,0,0,1.0,1.0,benchmark/data/new_experiments/blocks/dfs_timeout=60s__300steps__02052026/testing/fold0_numtrajs8_gtrate100/conflict_free_models/conflict_free_model_0/metrics.json,final_model
dfs_timeout=60s__300steps__02052026,60,1.0,02052026,PISAM,cleaned,0,8,100,863,0,0,1.0,1.0,benchmark/data/new_experiments/blocks/dfs_timeout=60s__300steps__02052026/testing/fold0_numtrajs8_gtrate100/conflict_free_models/conflict_free_model_0/metrics.json,final_model
dfs_timeout=60s__300steps__02052026,60,1.0,02052026,PISAM,unclean,0,8,25,863,0,0,1.0,1.0,benchmark/data/new_experiments/blocks/dfs_timeout=60s__300steps__02052026/testing/fold0_numtrajs8_gtrate25/conflict_free_models/conflict_free_model_0/metrics.json,final_model
dfs_timeout=60s__300steps__02052026,60,1.0,02052026,PISAM,cleaned,0,8,25,855,0,8,1.0,0.9907300115874855,benchmark/data/new_experiments/blocks/dfs_timeout=60s__300steps__02052026/testing/fold0_numtrajs8_gtrate25/conflict_free_models/conflict_free_model_0/metrics.json,final_model
dfs_timeout=60s__300steps__02052026,60,1.0,02052026,PISAM,unclean,0,8,50,863,0,0,1.0,1.0,benchmark/data/new_experiments/blocks/dfs_timeout=60s__300steps__02052026/testing/fold0_numtrajs8_gtrate50/conflict_free_models/conflict_free_model_0/metrics.json,final_model
dfs_timeout=60s__300steps__02052026,60,1.0,02052026,PISAM,cleaned,0,8,50,860,0,3,1.0,0.996523754345307,benchmark/data/new_experiments/blocks/dfs_timeout=60s__300steps__02052026/testing/fold0_numtrajs8_gtrate50/conflict_free_models/conflict_free_model_0/metrics.json,final_model
dfs_timeout=60s__300steps__02052026,60,1.0,02052026,PISAM,unclean,0,8,75,863,0,0,1.0,1.0,benchmark/data/new_experiments/blocks/dfs_timeout=60s__300steps__02052026/testing/fold0_numtrajs8_gtrate75/conflict_free_models/conflict_free_model_0/metrics.json,final_model
dfs_timeout=60s__300steps__02052026,60,1.0,02052026,PISAM,cleaned,0,8,75,862,0,1,1.0,0.9988412514484357,benchmark/data/new_experiments/blocks/dfs_timeout=60s__300steps__02052026/testing/fold0_numtrajs8_gtrate75/conflict_free_models/conflict_free_model_0/metrics.json,final_model
dfs_timeout=60s__300steps__02052026,60,1.0,02052026,PISAM,unclean,1,1,0,122,58,36,0.6777777777777778,0.7721518987341772,benchmark/data/new_experiments/blocks/dfs_timeout=60s__300steps__02052026/testing/fold1_numtrajs1_gtrate0/conflict_free_models/final_model/metrics.json,final_model
dfs_timeout=60s__300steps__02052026,60,1.0,02052026,PISAM,cleaned,1,1,0,129,43,29,0.75,0.8164556962025317,benchmark/data/new_experiments/blocks/dfs_timeout=60s__300steps__02052026/testing/fold1_numtrajs1_gtrate0/conflict_free_models/final_model/metrics.json,final_model
dfs_timeout=60s__300steps__02052026,60,1.0,02052026,PISAM,unclean,1,1,10,158,0,0,1.0,1.0,benchmark/data/new_experiments/blocks/dfs_timeout=60s__300steps__02052026/testing/fold1_numtrajs1_gtrate10/conflict_free_models/conflict_free_model_0/metrics.json,final_model
dfs_timeout=60s__300steps__02052026,60,1.0,02052026,PISAM,cleaned,1,1,10,156,0,2,1.0,0.9873417721518988,benchmark/data/new_experiments/blocks/dfs_timeout=60s__300steps__02052026/testing/fold1_numtrajs1_gtrate10/conflict_free_models/conflict_free_model_0/metrics.json,final_model
dfs_timeout=60s__300steps__02052026,60,1.0,02052026,PISAM,unclean,1,1,100,158,0,0,1.0,1.0,benchmark/data/new_experiments/blocks/dfs_timeout=60s__300steps__02052026/testing/fold1_numtrajs1_gtrate100/conflict_free_models/conflict_free_model_0/metrics.json,final_model
dfs_timeout=60s__300steps__02052026,60,1.0,02052026,PISAM,cleaned,1,1,100,158,0,0,1.0,1.0,benchmark/data/new_experiments/blocks/dfs_timeout=60s__300steps__02052026/testing/fold1_numtrajs1_gtrate100/conflict_free_models/conflict_free_model_0/metrics.json,final_model
dfs_timeout=60s__300steps__02052026,60,1.0,02052026,PISAM,unclean,1,1,25,158,0,0,1.0,1.0,benchmark/data/new_experiments/blocks/dfs_timeout=60s__300steps__02052026/testing/fold1_numtrajs1_gtrate25/conflict_free_models/conflict_free_model_0/metrics.json,final_model
dfs_timeout=60s__300steps__02052026,60,1.0,02052026,PISAM,cleaned,1,1,25,156,0,2,1.0,0.9873417721518988,benchmark/data/new_experiments/blocks/dfs_timeout=60s__300steps__02052026/testing/fold1_numtrajs1_gtrate25/conflict_free_models/conflict_free_model_0/metrics.json,final_model
dfs_timeout=60s__300steps__02052026,60,1.0,02052026,PISAM,unclean,1,1,50,158,0,0,1.0,1.0,benchmark/data/new_experiments/blocks/dfs_timeout=60s__300steps__02052026/testing/fold1_numtrajs1_gtrate50/conflict_free_models/conflict_free_model_0/metrics.json,final_model
dfs_timeout=60s__300steps__02052026,60,1.0,02052026,PISAM,cleaned,1,1,50,157,0,1,1.0,0.9936708860759493,benchmark/data/new_experiments/blocks/dfs_timeout=60s__300steps__02052026/testing/fold1_numtrajs1_gtrate50/conflict_free_models/conflict_free_model_0/metrics.json,final_model
dfs_timeout=60s__300steps__02052026,60,1.0,02052026,PISAM,unclean,1,1,75,158,0,0,1.0,1.0,benchmark/data/new_experiments/blocks/dfs_timeout=60s__300steps__02052026/testing/fold1_numtrajs1_gtrate75/conflict_free_models/conflict_free_model_0/metrics.json,final_model
dfs_timeout=60s__300steps__02052026,60,1.0,02052026,PISAM,cleaned,1,1,75,157,0,1,1.0,0.9936708860759493,benchmark/data/new_experiments/blocks/dfs_timeout=60s__300steps__02052026/testing/fold1_numtrajs1_gtrate75/conflict_free_models/conflict_free_model_0/metrics.json,final_model
dfs_timeout=60s__300steps__02052026,60,1.0,02052026,PISAM,unclean,1,2,0,186,79,51,0.7018867924528301,0.7848101265822784,benchmark/data/new_experiments/blocks/dfs_timeout=60s__300steps__02052026/testing/fold1_numtrajs2_gtrate0/conflict_free_models/final_model/metrics.json,final_model
dfs_timeout=60s__300steps__02052026,60,1.0,02052026,PISAM,cleaned,1,2,0,195,54,42,0.7831325301204819,0.8227848101265823,benchmark/data/new_experiments/blocks/dfs_timeout=60s__300steps__02052026/testing/fold1_numtrajs2_gtrate0/conflict_free_models/final_model/metrics.json,final_model
dfs_timeout=60s__300steps__02052026,60,1.0,02052026,PISAM,unclean,1,2,10,237,0,0,1.0,1.0,benchmark/data/new_experiments/blocks/dfs_timeout=60s__300steps__02052026/testing/fold1_numtrajs2_gtrate10/conflict_free_models/conflict_free_model_0/metrics.json,final_model
dfs_timeout=60s__300steps__02052026,60,1.0,02052026,PISAM,cleaned,1,2,10,234,0,3,1.0,0.9873417721518988,benchmark/data/new_experiments/blocks/dfs_timeout=60s__300steps__02052026/testing/fold1_numtrajs2_gtrate10/conflict_free_models/conflict_free_model_0/metrics.json,final_model
dfs_timeout=60s__300steps__02052026,60,1.0,02052026,PISAM,unclean,1,2,100,237,0,0,1.0,1.0,benchmark/data/new_experiments/blocks/dfs_timeout=60s__300steps__02052026/testing/fold1_numtrajs2_gtrate100/conflict_free_models/conflict_free_model_0/metrics.json,final_model
dfs_timeout=60s__300steps__02052026,60,1.0,02052026,PISAM,cleaned,1,2,100,237,0,0,1.0,1.0,benchmark/data/new_experiments/blocks/dfs_timeout=60s__300steps__02052026/testing/fold1_numtrajs2_gtrate100/conflict_free_models/conflict_free_model_0/metrics.json,final_model
dfs_timeout=60s__300steps__02052026,60,1.0,02052026,PISAM,unclean,1,2,25,237,0,0,1.0,1.0,benchmark/data/new_experiments/blocks/dfs_timeout=60s__300steps__02052026/testing/fold1_numtrajs2_gtrate25/conflict_free_models/conflict_free_model_0/metrics.json,final_model
dfs_timeout=60s__300steps__02052026,60,1.0,02052026,PISAM,cleaned,1,2,25,234,0,3,1.0,0.9873417721518988,benchmark/data/new_experiments/blocks/dfs_timeout=60s__300steps__02052026/testing/fold1_numtrajs2_gtrate25/conflict_free_models/conflict_free_model_0/metrics.json,final_model
dfs_timeout=60s__300steps__02052026,60,1.0,02052026,PISAM,unclean,1,2,50,237,0,0,1.0,1.0,benchmark/data/new_experiments/blocks/dfs_timeout=60s__300steps__02052026/testing/fold1_numtrajs2_gtrate50/conflict_free_models/conflict_free_model_0/metrics.json,final_model
dfs_timeout=60s__300steps__02052026,60,1.0,02052026,PISAM,cleaned,1,2,50,235,0,2,1.0,0.9915611814345991,benchmark/data/new_experiments/blocks/dfs_timeout=60s__300steps__02052026/testing/fold1_numtrajs2_gtrate50/conflict_free_models/conflict_free_model_0/metrics.json,final_model
dfs_timeout=60s__300steps__02052026,60,1.0,02052026,PISAM,unclean,1,2,75,237,0,0,1.0,1.0,benchmark/data/new_experiments/blocks/dfs_timeout=60s__300steps__02052026/testing/fold1_numtrajs2_gtrate75/conflict_free_models/conflict_free_model_0/metrics.json,final_model
dfs_timeout=60s__300steps__02052026,60,1.0,02052026,PISAM,cleaned,1,2,75,236,0,1,1.0,0.9957805907172996,benchmark/data/new_experiments/blocks/dfs_timeout=60s__300steps__02052026/testing/fold1_numtrajs2_gtrate75/conflict_free_models/conflict_free_model_0/metrics.json,final_model
dfs_timeout=60s__300steps__02052026,60,1.0,02052026,PISAM,unclean,1,3,0,313,107,77,0.7452380952380953,0.8025641025641026,benchmark/data/new_experiments/blocks/dfs_timeout=60s__300steps__02052026/testing/fold1_numtrajs3_gtrate0/conflict_free_models/final_model/metrics.json,final_model
dfs_timeout=60s__300steps__02052026,60,1.0,02052026,PISAM,cleaned,1,3,0,317,107,73,0.7476415094339622,0.8128205128205128,benchmark/data/new_experiments/blocks/dfs_timeout=60s__300steps__02052026/testing/fold1_numtrajs3_gtrate0/conflict_free_models/final_model/metrics.json,final_model
dfs_timeout=60s__300steps__02052026,60,1.0,02052026,PISAM,unclean,1,3,10,390,0,0,1.0,1.0,benchmark/data/new_experiments/blocks/dfs_timeout=60s__300steps__02052026/testing/fold1_numtrajs3_gtrate10/conflict_free_models/conflict_free_model_0/metrics.json,final_model
dfs_timeout=60s__300steps__02052026,60,1.0,02052026,PISAM,cleaned,1,3,10,382,0,8,1.0,0.9794871794871794,benchmark/data/new_experiments/blocks/dfs_timeout=60s__300steps__02052026/testing/fold1_numtrajs3_gtrate10/conflict_free_models/conflict_free_model_0/metrics.json,final_model
dfs_timeout=60s__300steps__02052026,60,1.0,02052026,PISAM,unclean,1,3,100,390,0,0,1.0,1.0,benchmark/data/new_experiments/blocks/dfs_timeout=60s__300steps__02052026/testing/fold1_numtrajs3_gtrate100/conflict_free_models/conflict_free_model_0/metrics.json,final_model
dfs_timeout=60s__300steps__02052026,60,1.0,02052026,PISAM,cleaned,1,3,100,390,0,0,1.0,1.0,benchmark/data/new_experiments/blocks/dfs_timeout=60s__300steps__02052026/testing/fold1_numtrajs3_gtrate100/conflict_free_models/conflict_free_model_0/metrics.json,final_model
dfs_timeout=60s__300steps__02052026,60,1.0,02052026,PISAM,unclean,1,3,25,390,0,0,1.0,1.0,benchmark/data/new_experiments/blocks/dfs_timeout=60s__300steps__02052026/testing/fold1_numtrajs3_gtrate25/conflict_free_models/conflict_free_model_0/metrics.json,final_model
dfs_timeout=60s__300steps__02052026,60,1.0,02052026,PISAM,cleaned,1,3,25,384,0,6,1.0,0.9846153846153847,benchmark/data/new_experiments/blocks/dfs_timeout=60s__300steps__02052026/testing/fold1_numtrajs3_gtrate25/conflict_free_models/conflict_free_model_0/metrics.json,final_model
dfs_timeout=60s__300steps__02052026,60,1.0,02052026,PISAM,unclean,1,3,50,390,0,0,1.0,1.0,benchmark/data/new_experiments/blocks/dfs_timeout=60s__300steps__02052026/testing/fold1_numtrajs3_gtrate50/conflict_free_models/conflict_free_model_0/metrics.json,final_model
dfs_timeout=60s__300steps__02052026,60,1.0,02052026,PISAM,cleaned,1,3,50,388,0,2,1.0,0.9948717948717949,benchmark/data/new_experiments/blocks/dfs_timeout=60s__300steps__02052026/testing/fold1_numtrajs3_gtrate50/conflict_free_models/conflict_free_model_0/metrics.json,final_model
dfs_timeout=60s__300steps__02052026,60,1.0,02052026,PISAM,unclean,1,3,75,390,0,0,1.0,1.0,benchmark/data/new_experiments/blocks/dfs_timeout=60s__300steps__02052026/testing/fold1_numtrajs3_gtrate75/conflict_free_models/conflict_free_model_0/metrics.json,final_model
dfs_timeout=60s__300steps__02052026,60,1.0,02052026,PISAM,cleaned,1,3,75,389,0,1,1.0,0.9974358974358974,benchmark/data/new_experiments/blocks/dfs_timeout=60s__300steps__02052026/testing/fold1_numtrajs3_gtrate75/conflict_free_models/conflict_free_model_0/metrics.json,final_model
dfs_timeout=60s__300steps__02052026,60,1.0,02052026,PISAM,unclean,1,4,0,400,116,83,0.7751937984496124,0.8281573498964804,benchmark/data/new_experiments/blocks/dfs_timeout=60s__300steps__02052026/testing/fold1_numtrajs4_gtrate0/conflict_free_models/final_model/metrics.json,final_model
dfs_timeout=60s__300steps__02052026,60,1.0,02052026,PISAM,cleaned,1,4,0,394,112,89,0.7786561264822134,0.8157349896480331,benchmark/data/new_experiments/blocks/dfs_timeout=60s__300steps__02052026/testing/fold1_numtrajs4_gtrate0/conflict_free_models/final_model/metrics.json,final_model
dfs_timeout=60s__300steps__02052026,60,1.0,02052026,PISAM,unclean,1,4,10,483,0,0,1.0,1.0,benchmark/data/new_experiments/blocks/dfs_timeout=60s__300steps__02052026/testing/fold1_numtrajs4_gtrate10/conflict_free_models/conflict_free_model_0/metrics.json,final_model
dfs_timeout=60s__300steps__02052026,60,1.0,02052026,PISAM,cleaned,1,4,10,475,0,8,1.0,0.9834368530020704,benchmark/data/new_experiments/blocks/dfs_timeout=60s__300steps__02052026/testing/fold1_numtrajs4_gtrate10/conflict_free_models/conflict_free_model_0/metrics.json,final_model
dfs_timeout=60s__300steps__02052026,60,1.0,02052026,PISAM,unclean,1,4,100,483,0,0,1.0,1.0,benchmark/data/new_experiments/blocks/dfs_timeout=60s__300steps__02052026/testing/fold1_numtrajs4_gtrate100/conflict_free_models/conflict_free_model_0/metrics.json,final_model
dfs_timeout=60s__300steps__02052026,60,1.0,02052026,PISAM,cleaned,1,4,100,483,0,0,1.0,1.0,benchmark/data/new_experiments/blocks/dfs_timeout=60s__300steps__02052026/testing/fold1_numtrajs4_gtrate100/conflict_free_models/conflict_free_model_0/metrics.json,final_model
dfs_timeout=60s__300steps__02052026,60,1.0,02052026,PISAM,unclean,1,4,25,483,0,0,1.0,1.0,benchmark/data/new_experiments/blocks/dfs_timeout=60s__300steps__02052026/testing/fold1_numtrajs4_gtrate25/conflict_free_models/conflict_free_model_0/metrics.json,final_model
dfs_timeout=60s__300steps__02052026,60,1.0,02052026,PISAM,cleaned,1,4,25,477,0,6,1.0,0.9875776397515528,benchmark/data/new_experiments/blocks/dfs_timeout=60s__300steps__02052026/testing/fold1_numtrajs4_gtrate25/conflict_free_models/conflict_free_model_0/metrics.json,final_model
dfs_timeout=60s__300steps__02052026,60,1.0,02052026,PISAM,unclean,1,4,50,483,0,0,1.0,1.0,benchmark/data/new_experiments/blocks/dfs_timeout=60s__300steps__02052026/testing/fold1_numtrajs4_gtrate50/conflict_free_models/conflict_free_model_0/metrics.json,final_model
dfs_timeout=60s__300steps__02052026,60,1.0,02052026,PISAM,cleaned,1,4,50,481,0,2,1.0,0.9958592132505176,benchmark/data/new_experiments/blocks/dfs_timeout=60s__300steps__02052026/testing/fold1_numtrajs4_gtrate50/conflict_free_models/conflict_free_model_0/metrics.json,final_model
dfs_timeout=60s__300steps__02052026,60,1.0,02052026,PISAM,unclean,1,4,75,483,0,0,1.0,1.0,benchmark/data/new_experiments/blocks/dfs_timeout=60s__300steps__02052026/testing/fold1_numtrajs4_gtrate75/conflict_free_models/conflict_free_model_0/metrics.json,final_model
dfs_timeout=60s__300steps__02052026,60,1.0,02052026,PISAM,cleaned,1,4,75,482,0,1,1.0,0.9979296066252588,benchmark/data/new_experiments/blocks/dfs_timeout=60s__300steps__02052026/testing/fold1_numtrajs4_gtrate75/conflict_free_models/conflict_free_model_0/metrics.json,final_model
dfs_timeout=60s__300steps__02052026,60,1.0,02052026,PISAM,unclean,1,5,0,486,125,87,0.795417348608838,0.8481675392670157,benchmark/data/new_experiments/blocks/dfs_timeout=60s__300steps__02052026/testing/fold1_numtrajs5_gtrate0/conflict_free_models/final_model/metrics.json,final_model
dfs_timeout=60s__300steps__02052026,60,1.0,02052026,PISAM,cleaned,1,5,0,493,137,80,0.7825396825396825,0.8603839441535777,benchmark/data/new_experiments/blocks/dfs_timeout=60s__300steps__02052026/testing/fold1_numtrajs5_gtrate0/conflict_free_models/final_model/metrics.json,final_model
dfs_timeout=60s__300steps__02052026,60,1.0,02052026,PISAM,unclean,1,5,10,573,0,0,1.0,1.0,benchmark/data/new_experiments/blocks/dfs_timeout=60s__300steps__02052026/testing/fold1_numtrajs5_gtrate10/conflict_free_models/conflict_free_model_0/metrics.json,final_model
dfs_timeout=60s__300steps__02052026,60,1.0,02052026,PISAM,cleaned,1,5,10,565,0,8,1.0,0.9860383944153578,benchmark/data/new_experiments/blocks/dfs_timeout=60s__300steps__02052026/testing/fold1_numtrajs5_gtrate10/conflict_free_models/conflict_free_model_0/metrics.json,final_model
dfs_timeout=60s__300steps__02052026,60,1.0,02052026,PISAM,unclean,1,5,100,573,0,0,1.0,1.0,benchmark/data/new_experiments/blocks/dfs_timeout=60s__300steps__02052026/testing/fold1_numtrajs5_gtrate100/conflict_free_models/conflict_free_model_0/metrics.json,final_model
dfs_timeout=60s__300steps__02052026,60,1.0,02052026,PISAM,cleaned,1,5,100,573,0,0,1.0,1.0,benchmark/data/new_experiments/blocks/dfs_timeout=60s__300steps__02052026/testing/fold1_numtrajs5_gtrate100/conflict_free_models/conflict_free_model_0/metrics.json,final_model
dfs_timeout=60s__300steps__02052026,60,1.0,02052026,PISAM,unclean,1,5,25,573,0,0,1.0,1.0,benchmark/data/new_experiments/blocks/dfs_timeout=60s__300steps__02052026/testing/fold1_numtrajs5_gtrate25/conflict_free_models/conflict_free_model_0/metrics.json,final_model
dfs_timeout=60s__300steps__02052026,60,1.0,02052026,PISAM,cleaned,1,5,25,567,0,6,1.0,0.9895287958115183,benchmark/data/new_experiments/blocks/dfs_timeout=60s__300steps__02052026/testing/fold1_numtrajs5_gtrate25/conflict_free_models/conflict_free_model_0/metrics.json,final_model
dfs_timeout=60s__300steps__02052026,60,1.0,02052026,PISAM,unclean,1,5,50,573,0,0,1.0,1.0,benchmark/data/new_experiments/blocks/dfs_timeout=60s__300steps__02052026/testing/fold1_numtrajs5_gtrate50/conflict_free_models/conflict_free_model_0/metrics.json,final_model
dfs_timeout=60s__300steps__02052026,60,1.0,02052026,PISAM,cleaned,1,5,50,571,0,2,1.0,0.9965095986038395,benchmark/data/new_experiments/blocks/dfs_timeout=60s__300steps__02052026/testing/fold1_numtrajs5_gtrate50/conflict_free_models/conflict_free_model_0/metrics.json,final_model
dfs_timeout=60s__300steps__02052026,60,1.0,02052026,PISAM,unclean,1,5,75,573,0,0,1.0,1.0,benchmark/data/new_experiments/blocks/dfs_timeout=60s__300steps__02052026/testing/fold1_numtrajs5_gtrate75/conflict_free_models/conflict_free_model_0/metrics.json,final_model
dfs_timeout=60s__300steps__02052026,60,1.0,02052026,PISAM,cleaned,1,5,75,572,0,1,1.0,0.9982547993019197,benchmark/data/new_experiments/blocks/dfs_timeout=60s__300steps__02052026/testing/fold1_numtrajs5_gtrate75/conflict_free_models/conflict_free_model_0/metrics.json,final_model
dfs_timeout=60s__300steps__02052026,60,1.0,02052026,PISAM,unclean,1,6,0,644,172,124,0.7892156862745098,0.8385416666666666,benchmark/data/new_experiments/blocks/dfs_timeout=60s__300steps__02052026/testing/fold1_numtrajs6_gtrate0/conflict_free_models/final_model/metrics.json,final_model
dfs_timeout=60s__300steps__02052026,60,1.0,02052026,PISAM,cleaned,1,6,0,657,162,111,0.8021978021978022,0.85546875,benchmark/data/new_experiments/blocks/dfs_timeout=60s__300steps__02052026/testing/fold1_numtrajs6_gtrate0/conflict_free_models/final_model/metrics.json,final_model
dfs_timeout=60s__300steps__02052026,60,1.0,02052026,PISAM,unclean,1,6,10,768,0,0,1.0,1.0,benchmark/data/new_experiments/blocks/dfs_timeout=60s__300steps__02052026/testing/fold1_numtrajs6_gtrate10/conflict_free_models/conflict_free_model_0/metrics.json,final_model
dfs_timeout=60s__300steps__02052026,60,1.0,02052026,PISAM,cleaned,1,6,10,756,0,12,1.0,0.984375,benchmark/data/new_experiments/blocks/dfs_timeout=60s__300steps__02052026/testing/fold1_numtrajs6_gtrate10/conflict_free_models/conflict_free_model_0/metrics.json,final_model
dfs_timeout=60s__300steps__02052026,60,1.0,02052026,PISAM,unclean,1,6,100,768,0,0,1.0,1.0,benchmark/data/new_experiments/blocks/dfs_timeout=60s__300steps__02052026/testing/fold1_numtrajs6_gtrate100/conflict_free_models/conflict_free_model_0/metrics.json,final_model
dfs_timeout=60s__300steps__02052026,60,1.0,02052026,PISAM,cleaned,1,6,100,768,0,0,1.0,1.0,benchmark/data/new_experiments/blocks/dfs_timeout=60s__300steps__02052026/testing/fold1_numtrajs6_gtrate100/conflict_free_models/conflict_free_model_0/metrics.json,final_model
dfs_timeout=60s__300steps__02052026,60,1.0,02052026,PISAM,unclean,1,6,25,768,0,0,1.0,1.0,benchmark/data/new_experiments/blocks/dfs_timeout=60s__300steps__02052026/testing/fold1_numtrajs6_gtrate25/conflict_free_models/conflict_free_model_0/metrics.json,final_model
dfs_timeout=60s__300steps__02052026,60,1.0,02052026,PISAM,cleaned,1,6,25,760,0,8,1.0,0.9895833333333334,benchmark/data/new_experiments/blocks/dfs_timeout=60s__300steps__02052026/testing/fold1_numtrajs6_gtrate25/conflict_free_models/conflict_free_model_0/metrics.json,final_model
dfs_timeout=60s__300steps__02052026,60,1.0,02052026,PISAM,unclean,1,6,50,768,0,0,1.0,1.0,benchmark/data/new_experiments/blocks/dfs_timeout=60s__300steps__02052026/testing/fold1_numtrajs6_gtrate50/conflict_free_models/conflict_free_model_0/metrics.json,final_model
dfs_timeout=60s__300steps__02052026,60,1.0,02052026,PISAM,cleaned,1,6,50,765,0,3,1.0,0.99609375,benchmark/data/new_experiments/blocks/dfs_timeout=60s__300steps__02052026/testing/fold1_numtrajs6_gtrate50/conflict_free_models/conflict_free_model_0/metrics.json,final_model
dfs_timeout=60s__300steps__02052026,60,1.0,02052026,PISAM,unclean,1,6,75,768,0,0,1.0,1.0,benchmark/data/new_experiments/blocks/dfs_timeout=60s__300steps__02052026/testing/fold1_numtrajs6_gtrate75/conflict_free_models/conflict_free_model_0/metrics.json,final_model
dfs_timeout=60s__300steps__02052026,60,1.0,02052026,PISAM,cleaned,1,6,75,767,0,1,1.0,0.9986979166666666,benchmark/data/new_experiments/blocks/dfs_timeout=60s__300steps__02052026/testing/fold1_numtrajs6_gtrate75/conflict_free_models/conflict_free_model_0/metrics.json,final_model
dfs_timeout=60s__300steps__02052026,60,1.0,02052026,PISAM,unclean,1,7,0,696,181,132,0.7936145952109465,0.8405797101449275,benchmark/data/new_experiments/blocks/dfs_timeout=60s__300steps__02052026/testing/fold1_numtrajs7_gtrate0/conflict_free_models/final_model/metrics.json,final_model
dfs_timeout=60s__300steps__02052026,60,1.0,02052026,PISAM,cleaned,1,7,0,705,173,123,0.8029612756264237,0.8514492753623188,benchmark/data/new_experiments/blocks/dfs_timeout=60s__300steps__02052026/testing/fold1_numtrajs7_gtrate0/conflict_free_models/final_model/metrics.json,final_model
dfs_timeout=60s__300steps__02052026,60,1.0,02052026,PISAM,unclean,1,7,10,828,0,0,1.0,1.0,benchmark/data/new_experiments/blocks/dfs_timeout=60s__300steps__02052026/testing/fold1_numtrajs7_gtrate10/conflict_free_models/conflict_free_model_0/metrics.json,final_model
dfs_timeout=60s__300steps__02052026,60,1.0,02052026,PISAM,cleaned,1,7,10,816,0,12,1.0,0.9855072463768116,benchmark/data/new_experiments/blocks/dfs_timeout=60s__300steps__02052026/testing/fold1_numtrajs7_gtrate10/conflict_free_models/conflict_free_model_0/metrics.json,final_model
dfs_timeout=60s__300steps__02052026,60,1.0,02052026,PISAM,unclean,1,7,100,828,0,0,1.0,1.0,benchmark/data/new_experiments/blocks/dfs_timeout=60s__300steps__02052026/testing/fold1_numtrajs7_gtrate100/conflict_free_models/conflict_free_model_0/metrics.json,final_model
dfs_timeout=60s__300steps__02052026,60,1.0,02052026,PISAM,cleaned,1,7,100,828,0,0,1.0,1.0,benchmark/data/new_experiments/blocks/dfs_timeout=60s__300steps__02052026/testing/fold1_numtrajs7_gtrate100/conflict_free_models/conflict_free_model_0/metrics.json,final_model
dfs_timeout=60s__300steps__02052026,60,1.0,02052026,PISAM,unclean,1,7,25,828,0,0,1.0,1.0,benchmark/data/new_experiments/blocks/dfs_timeout=60s__300steps__02052026/testing/fold1_numtrajs7_gtrate25/conflict_free_models/conflict_free_model_0/metrics.json,final_model
dfs_timeout=60s__300steps__02052026,60,1.0,02052026,PISAM,cleaned,1,7,25,820,0,8,1.0,0.9903381642512077,benchmark/data/new_experiments/blocks/dfs_timeout=60s__300steps__02052026/testing/fold1_numtrajs7_gtrate25/conflict_free_models/conflict_free_model_0/metrics.json,final_model
dfs_timeout=60s__300steps__02052026,60,1.0,02052026,PISAM,unclean,1,7,50,828,0,0,1.0,1.0,benchmark/data/new_experiments/blocks/dfs_timeout=60s__300steps__02052026/testing/fold1_numtrajs7_gtrate50/conflict_free_models/conflict_free_model_0/metrics.json,final_model
dfs_timeout=60s__300steps__02052026,60,1.0,02052026,PISAM,cleaned,1,7,50,825,0,3,1.0,0.9963768115942029,benchmark/data/new_experiments/blocks/dfs_timeout=60s__300steps__02052026/testing/fold1_numtrajs7_gtrate50/conflict_free_models/conflict_free_model_0/metrics.json,final_model
dfs_timeout=60s__300steps__02052026,60,1.0,02052026,PISAM,unclean,1,7,75,828,0,0,1.0,1.0,benchmark/data/new_experiments/blocks/dfs_timeout=60s__300steps__02052026/testing/fold1_numtrajs7_gtrate75/conflict_free_models/conflict_free_model_0/metrics.json,final_model
dfs_timeout=60s__300steps__02052026,60,1.0,02052026,PISAM,cleaned,1,7,75,827,0,1,1.0,0.998792270531401,benchmark/data/new_experiments/blocks/dfs_timeout=60s__300steps__02052026/testing/fold1_numtrajs7_gtrate75/conflict_free_models/conflict_free_model_0/metrics.json,final_model
dfs_timeout=60s__300steps__02052026,60,1.0,02052026,PISAM,unclean,1,8,0,766,185,135,0.8054679284963197,0.8501664816870145,benchmark/data/new_experiments/blocks/dfs_timeout=60s__300steps__02052026/testing/fold1_numtrajs8_gtrate0/conflict_free_models/final_model/metrics.json,final_model
dfs_timeout=60s__300steps__02052026,60,1.0,02052026,PISAM,cleaned,1,8,0,764,227,137,0.7709384460141272,0.8479467258601554,benchmark/data/new_experiments/blocks/dfs_timeout=60s__300steps__02052026/testing/fold1_numtrajs8_gtrate0/conflict_free_models/final_model/metrics.json,final_model
dfs_timeout=60s__300steps__02052026,60,1.0,02052026,PISAM,unclean,1,8,10,901,0,0,1.0,1.0,benchmark/data/new_experiments/blocks/dfs_timeout=60s__300steps__02052026/testing/fold1_numtrajs8_gtrate10/conflict_free_models/conflict_free_model_0/metrics.json,final_model
dfs_timeout=60s__300steps__02052026,60,1.0,02052026,PISAM,cleaned,1,8,10,889,0,12,1.0,0.9866814650388457,benchmark/data/new_experiments/blocks/dfs_timeout=60s__300steps__02052026/testing/fold1_numtrajs8_gtrate10/conflict_free_models/conflict_free_model_0/metrics.json,final_model
dfs_timeout=60s__300steps__02052026,60,1.0,02052026,PISAM,unclean,1,8,100,901,0,0,1.0,1.0,benchmark/data/new_experiments/blocks/dfs_timeout=60s__300steps__02052026/testing/fold1_numtrajs8_gtrate100/conflict_free_models/conflict_free_model_0/metrics.json,final_model
dfs_timeout=60s__300steps__02052026,60,1.0,02052026,PISAM,cleaned,1,8,100,901,0,0,1.0,1.0,benchmark/data/new_experiments/blocks/dfs_timeout=60s__300steps__02052026/testing/fold1_numtrajs8_gtrate100/conflict_free_models/conflict_free_model_0/metrics.json,final_model
dfs_timeout=60s__300steps__02052026,60,1.0,02052026,PISAM,unclean,1,8,25,901,0,0,1.0,1.0,benchmark/data/new_experiments/blocks/dfs_timeout=60s__300steps__02052026/testing/fold1_numtrajs8_gtrate25/conflict_free_models/conflict_free_model_0/metrics.json,final_model
dfs_timeout=60s__300steps__02052026,60,1.0,02052026,PISAM,cleaned,1,8,25,893,0,8,1.0,0.9911209766925638,benchmark/data/new_experiments/blocks/dfs_timeout=60s__300steps__02052026/testing/fold1_numtrajs8_gtrate25/conflict_free_models/conflict_free_model_0/metrics.json,final_model
dfs_timeout=60s__300steps__02052026,60,1.0,02052026,PISAM,unclean,1,8,50,901,0,0,1.0,1.0,benchmark/data/new_experiments/blocks/dfs_timeout=60s__300steps__02052026/testing/fold1_numtrajs8_gtrate50/conflict_free_models/conflict_free_model_0/metrics.json,final_model
dfs_timeout=60s__300steps__02052026,60,1.0,02052026,PISAM,cleaned,1,8,50,898,0,3,1.0,0.9966703662597114,benchmark/data/new_experiments/blocks/dfs_timeout=60s__300steps__02052026/testing/fold1_numtrajs8_gtrate50/conflict_free_models/conflict_free_model_0/metrics.json,final_model
dfs_timeout=60s__300steps__02052026,60,1.0,02052026,PISAM,unclean,1,8,75,901,0,0,1.0,1.0,benchmark/data/new_experiments/blocks/dfs_timeout=60s__300steps__02052026/testing/fold1_numtrajs8_gtrate75/conflict_free_models/conflict_free_model_0/metrics.json,final_model
dfs_timeout=60s__300steps__02052026,60,1.0,02052026,PISAM,cleaned,1,8,75,900,0,1,1.0,0.9988901220865705,benchmark/data/new_experiments/blocks/dfs_timeout=60s__300steps__02052026/testing/fold1_numtrajs8_gtrate75/conflict_free_models/conflict_free_model_0/metrics.json,final_model
dfs_timeout=60s__300steps__02052026,60,1.0,02052026,PISAM,unclean,2,1,0,127,28,26,0.8193548387096774,0.8300653594771242,benchmark/data/new_experiments/blocks/dfs_timeout=60s__300steps__02052026/testing/fold2_numtrajs1_gtrate0/conflict_free_models/conflict_free_model_0/metrics.json,final_model
dfs_timeout=60s__300steps__02052026,60,1.0,02052026,PISAM,cleaned,2,1,0,102,28,51,0.7846153846153846,0.6666666666666666,benchmark/data/new_experiments/blocks/dfs_timeout=60s__300steps__02052026/testing/fold2_numtrajs1_gtrate0/conflict_free_models/conflict_free_model_0/metrics.json,final_model
dfs_timeout=60s__300steps__02052026,60,1.0,02052026,PISAM,unclean,2,1,10,153,0,0,1.0,1.0,benchmark/data/new_experiments/blocks/dfs_timeout=60s__300steps__02052026/testing/fold2_numtrajs1_gtrate10/conflict_free_models/conflict_free_model_0/metrics.json,final_model
dfs_timeout=60s__300steps__02052026,60,1.0,02052026,PISAM,cleaned,2,1,10,148,0,5,1.0,0.9673202614379085,benchmark/data/new_experiments/blocks/dfs_timeout=60s__300steps__02052026/testing/fold2_numtrajs1_gtrate10/conflict_free_models/conflict_free_model_0/metrics.json,final_model
dfs_timeout=60s__300steps__02052026,60,1.0,02052026,PISAM,unclean,2,1,100,153,0,0,1.0,1.0,benchmark/data/new_experiments/blocks/dfs_timeout=60s__300steps__02052026/testing/fold2_numtrajs1_gtrate100/conflict_free_models/conflict_free_model_0/metrics.json,final_model
dfs_timeout=60s__300steps__02052026,60,1.0,02052026,PISAM,cleaned,2,1,100,153,0,0,1.0,1.0,benchmark/data/new_experiments/blocks/dfs_timeout=60s__300steps__02052026/testing/fold2_numtrajs1_gtrate100/conflict_free_models/conflict_free_model_0/metrics.json,final_model
dfs_timeout=60s__300steps__02052026,60,1.0,02052026,PISAM,unclean,2,1,25,153,0,0,1.0,1.0,benchmark/data/new_experiments/blocks/dfs_timeout=60s__300steps__02052026/testing/fold2_numtrajs1_gtrate25/conflict_free_models/conflict_free_model_0/metrics.json,final_model
dfs_timeout=60s__300steps__02052026,60,1.0,02052026,PISAM,cleaned,2,1,25,150,0,3,1.0,0.9803921568627451,benchmark/data/new_experiments/blocks/dfs_timeout=60s__300steps__02052026/testing/fold2_numtrajs1_gtrate25/conflict_free_models/conflict_free_model_0/metrics.json,final_model
dfs_timeout=60s__300steps__02052026,60,1.0,02052026,PISAM,unclean,2,1,50,153,0,0,1.0,1.0,benchmark/data/new_experiments/blocks/dfs_timeout=60s__300steps__02052026/testing/fold2_numtrajs1_gtrate50/conflict_free_models/conflict_free_model_0/metrics.json,final_model
dfs_timeout=60s__300steps__02052026,60,1.0,02052026,PISAM,cleaned,2,1,50,153,0,0,1.0,1.0,benchmark/data/new_experiments/blocks/dfs_timeout=60s__300steps__02052026/testing/fold2_numtrajs1_gtrate50/conflict_free_models/conflict_free_model_0/metrics.json,final_model
dfs_timeout=60s__300steps__02052026,60,1.0,02052026,PISAM,unclean,2,1,75,153,0,0,1.0,1.0,benchmark/data/new_experiments/blocks/dfs_timeout=60s__300steps__02052026/testing/fold2_numtrajs1_gtrate75/conflict_free_models/conflict_free_model_0/metrics.json,final_model
dfs_timeout=60s__300steps__02052026,60,1.0,02052026,PISAM,cleaned,2,1,75,153,0,0,1.0,1.0,benchmark/data/new_experiments/blocks/dfs_timeout=60s__300steps__02052026/testing/fold2_numtrajs1_gtrate75/conflict_free_models/conflict_free_model_0/metrics.json,final_model
dfs_timeout=60s__300steps__02052026,60,1.0,02052026,PISAM,unclean,2,2,0,285,75,63,0.7916666666666666,0.8189655172413793,benchmark/data/new_experiments/blocks/dfs_timeout=60s__300steps__02052026/testing/fold2_numtrajs2_gtrate0/conflict_free_models/conflict_free_model_0/metrics.json,final_model
dfs_timeout=60s__300steps__02052026,60,1.0,02052026,PISAM,cleaned,2,2,0,279,42,69,0.8691588785046729,0.8017241379310345,benchmark/data/new_experiments/blocks/dfs_timeout=60s__300steps__02052026/testing/fold2_numtrajs2_gtrate0/conflict_free_models/conflict_free_model_0/metrics.json,final_model
dfs_timeout=60s__300steps__02052026,60,1.0,02052026,PISAM,unclean,2,2,10,348,0,0,1.0,1.0,benchmark/data/new_experiments/blocks/dfs_timeout=60s__300steps__02052026/testing/fold2_numtrajs2_gtrate10/conflict_free_models/conflict_free_model_0/metrics.json,final_model
dfs_timeout=60s__300steps__02052026,60,1.0,02052026,PISAM,cleaned,2,2,10,339,0,9,1.0,0.9741379310344828,benchmark/data/new_experiments/blocks/dfs_timeout=60s__300steps__02052026/testing/fold2_numtrajs2_gtrate10/conflict_free_models/conflict_free_model_0/metrics.json,final_model
dfs_timeout=60s__300steps__02052026,60,1.0,02052026,PISAM,unclean,2,2,100,348,0,0,1.0,1.0,benchmark/data/new_experiments/blocks/dfs_timeout=60s__300steps__02052026/testing/fold2_numtrajs2_gtrate100/conflict_free_models/conflict_free_model_0/metrics.json,final_model
dfs_timeout=60s__300steps__02052026,60,1.0,02052026,PISAM,cleaned,2,2,100,348,0,0,1.0,1.0,benchmark/data/new_experiments/blocks/dfs_timeout=60s__300steps__02052026/testing/fold2_numtrajs2_gtrate100/conflict_free_models/conflict_free_model_0/metrics.json,final_model
dfs_timeout=60s__300steps__02052026,60,1.0,02052026,PISAM,unclean,2,2,25,348,0,0,1.0,1.0,benchmark/data/new_experiments/blocks/dfs_timeout=60s__300steps__02052026/testing/fold2_numtrajs2_gtrate25/conflict_free_models/conflict_free_model_0/metrics.json,final_model
dfs_timeout=60s__300steps__02052026,60,1.0,02052026,PISAM,cleaned,2,2,25,343,0,5,1.0,0.985632183908046,benchmark/data/new_experiments/blocks/dfs_timeout=60s__300steps__02052026/testing/fold2_numtrajs2_gtrate25/conflict_free_models/conflict_free_model_0/metrics.json,final_model
dfs_timeout=60s__300steps__02052026,60,1.0,02052026,PISAM,unclean,2,2,50,348,0,0,1.0,1.0,benchmark/data/new_experiments/blocks/dfs_timeout=60s__300steps__02052026/testing/fold2_numtrajs2_gtrate50/conflict_free_models/conflict_free_model_0/metrics.json,final_model
dfs_timeout=60s__300steps__02052026,60,1.0,02052026,PISAM,cleaned,2,2,50,347,0,1,1.0,0.9971264367816092,benchmark/data/new_experiments/blocks/dfs_timeout=60s__300steps__02052026/testing/fold2_numtrajs2_gtrate50/conflict_free_models/conflict_free_model_0/metrics.json,final_model
dfs_timeout=60s__300steps__02052026,60,1.0,02052026,PISAM,unclean,2,2,75,348,0,0,1.0,1.0,benchmark/data/new_experiments/blocks/dfs_timeout=60s__300steps__02052026/testing/fold2_numtrajs2_gtrate75/conflict_free_models/conflict_free_model_0/metrics.json,final_model
dfs_timeout=60s__300steps__02052026,60,1.0,02052026,PISAM,cleaned,2,2,75,348,0,0,1.0,1.0,benchmark/data/new_experiments/blocks/dfs_timeout=60s__300steps__02052026/testing/fold2_numtrajs2_gtrate75/conflict_free_models/conflict_free_model_0/metrics.json,final_model
dfs_timeout=60s__300steps__02052026,60,1.0,02052026,PISAM,unclean,2,3,0,372,84,69,0.8157894736842105,0.8435374149659864,benchmark/data/new_experiments/blocks/dfs_timeout=60s__300steps__02052026/testing/fold2_numtrajs3_gtrate0/conflict_free_models/final_model/metrics.json,final_model
dfs_timeout=60s__300steps__02052026,60,1.0,02052026,PISAM,cleaned,2,3,0,369,82,72,0.8181818181818182,0.8367346938775511,benchmark/data/new_experiments/blocks/dfs_timeout=60s__300steps__02052026/testing/fold2_numtrajs3_gtrate0/conflict_free_models/final_model/metrics.json,final_model
dfs_timeout=60s__300steps__02052026,60,1.0,02052026,PISAM,unclean,2,3,10,441,0,0,1.0,1.0,benchmark/data/new_experiments/blocks/dfs_timeout=60s__300steps__02052026/testing/fold2_numtrajs3_gtrate10/conflict_free_models/conflict_free_model_0/metrics.json,final_model
dfs_timeout=60s__300steps__02052026,60,1.0,02052026,PISAM,cleaned,2,3,10,432,0,9,1.0,0.9795918367346939,benchmark/data/new_experiments/blocks/dfs_timeout=60s__300steps__02052026/testing/fold2_numtrajs3_gtrate10/conflict_free_models/conflict_free_model_0/metrics.json,final_model
dfs_timeout=60s__300steps__02052026,60,1.0,02052026,PISAM,unclean,2,3,100,441,0,0,1.0,1.0,benchmark/data/new_experiments/blocks/dfs_timeout=60s__300steps__02052026/testing/fold2_numtrajs3_gtrate100/conflict_free_models/conflict_free_model_0/metrics.json,final_model
dfs_timeout=60s__300steps__02052026,60,1.0,02052026,PISAM,cleaned,2,3,100,441,0,0,1.0,1.0,benchmark/data/new_experiments/blocks/dfs_timeout=60s__300steps__02052026/testing/fold2_numtrajs3_gtrate100/conflict_free_models/conflict_free_model_0/metrics.json,final_model
dfs_timeout=60s__300steps__02052026,60,1.0,02052026,PISAM,unclean,2,3,25,441,0,0,1.0,1.0,benchmark/data/new_experiments/blocks/dfs_timeout=60s__300steps__02052026/testing/fold2_numtrajs3_gtrate25/conflict_free_models/conflict_free_model_0/metrics.json,final_model
dfs_timeout=60s__300steps__02052026,60,1.0,02052026,PISAM,cleaned,2,3,25,436,0,5,1.0,0.9886621315192744,benchmark/data/new_experiments/blocks/dfs_timeout=60s__300steps__02052026/testing/fold2_numtrajs3_gtrate25/conflict_free_models/conflict_free_model_0/metrics.json,final_model
dfs_timeout=60s__300steps__02052026,60,1.0,02052026,PISAM,unclean,2,3,50,441,0,0,1.0,1.0,benchmark/data/new_experiments/blocks/dfs_timeout=60s__300steps__02052026/testing/fold2_numtrajs3_gtrate50/conflict_free_models/conflict_free_model_0/metrics.json,final_model
dfs_timeout=60s__300steps__02052026,60,1.0,02052026,PISAM,cleaned,2,3,50,440,0,1,1.0,0.9977324263038548,benchmark/data/new_experiments/blocks/dfs_timeout=60s__300steps__02052026/testing/fold2_numtrajs3_gtrate50/conflict_free_models/conflict_free_model_0/metrics.json,final_model
dfs_timeout=60s__300steps__02052026,60,1.0,02052026,PISAM,unclean,2,3,75,441,0,0,1.0,1.0,benchmark/data/new_experiments/blocks/dfs_timeout=60s__300steps__02052026/testing/fold2_numtrajs3_gtrate75/conflict_free_models/conflict_free_model_0/metrics.json,final_model
dfs_timeout=60s__300steps__02052026,60,1.0,02052026,PISAM,cleaned,2,3,75,441,0,0,1.0,1.0,benchmark/data/new_experiments/blocks/dfs_timeout=60s__300steps__02052026/testing/fold2_numtrajs3_gtrate75/conflict_free_models/conflict_free_model_0/metrics.json,final_model
dfs_timeout=60s__300steps__02052026,60,1.0,02052026,PISAM,unclean,2,4,0,419,90,77,0.8231827111984283,0.844758064516129,benchmark/data/new_experiments/blocks/dfs_timeout=60s__300steps__02052026/testing/fold2_numtrajs4_gtrate0/conflict_free_models/final_model/metrics.json,final_model
dfs_timeout=60s__300steps__02052026,60,1.0,02052026,PISAM,cleaned,2,4,0,416,95,80,0.8140900195694716,0.8387096774193549,benchmark/data/new_experiments/blocks/dfs_timeout=60s__300steps__02052026/testing/fold2_numtrajs4_gtrate0/conflict_free_models/final_model/metrics.json,final_model
dfs_timeout=60s__300steps__02052026,60,1.0,02052026,PISAM,unclean,2,4,10,496,0,0,1.0,1.0,benchmark/data/new_experiments/blocks/dfs_timeout=60s__300steps__02052026/testing/fold2_numtrajs4_gtrate10/conflict_free_models/conflict_free_model_0/metrics.json,final_model
dfs_timeout=60s__300steps__02052026,60,1.0,02052026,PISAM,cleaned,2,4,10,487,0,9,1.0,0.9818548387096774,benchmark/data/new_experiments/blocks/dfs_timeout=60s__300steps__02052026/testing/fold2_numtrajs4_gtrate10/conflict_free_models/conflict_free_model_0/metrics.json,final_model
dfs_timeout=60s__300steps__02052026,60,1.0,02052026,PISAM,unclean,2,4,100,496,0,0,1.0,1.0,benchmark/data/new_experiments/blocks/dfs_timeout=60s__300steps__02052026/testing/fold2_numtrajs4_gtrate100/conflict_free_models/conflict_free_model_0/metrics.json,final_model
dfs_timeout=60s__300steps__02052026,60,1.0,02052026,PISAM,cleaned,2,4,100,496,0,0,1.0,1.0,benchmark/data/new_experiments/blocks/dfs_timeout=60s__300steps__02052026/testing/fold2_numtrajs4_gtrate100/conflict_free_models/conflict_free_model_0/metrics.json,final_model
dfs_timeout=60s__300steps__02052026,60,1.0,02052026,PISAM,unclean,2,4,25,496,0,0,1.0,1.0,benchmark/data/new_experiments/blocks/dfs_timeout=60s__300steps__02052026/testing/fold2_numtrajs4_gtrate25/conflict_free_models/conflict_free_model_0/metrics.json,final_model
dfs_timeout=60s__300steps__02052026,60,1.0,02052026,PISAM,cleaned,2,4,25,491,0,5,1.0,0.9899193548387096,benchmark/data/new_experiments/blocks/dfs_timeout=60s__300steps__02052026/testing/fold2_numtrajs4_gtrate25/conflict_free_models/conflict_free_model_0/metrics.json,final_model
dfs_timeout=60s__300steps__02052026,60,1.0,02052026,PISAM,unclean,2,4,50,496,0,0,1.0,1.0,benchmark/data/new_experiments/blocks/dfs_timeout=60s__300steps__02052026/testing/fold2_numtrajs4_gtrate50/conflict_free_models/conflict_free_model_0/metrics.json,final_model
dfs_timeout=60s__300steps__02052026,60,1.0,02052026,PISAM,cleaned,2,4,50,495,0,1,1.0,0.9979838709677419,benchmark/data/new_experiments/blocks/dfs_timeout=60s__300steps__02052026/testing/fold2_numtrajs4_gtrate50/conflict_free_models/conflict_free_model_0/metrics.json,final_model
dfs_timeout=60s__300steps__02052026,60,1.0,02052026,PISAM,unclean,2,4,75,496,0,0,1.0,1.0,benchmark/data/new_experiments/blocks/dfs_timeout=60s__300steps__02052026/testing/fold2_numtrajs4_gtrate75/conflict_free_models/conflict_free_model_0/metrics.json,final_model
dfs_timeout=60s__300steps__02052026,60,1.0,02052026,PISAM,cleaned,2,4,75,496,0,0,1.0,1.0,benchmark/data/new_experiments/blocks/dfs_timeout=60s__300steps__02052026/testing/fold2_numtrajs4_gtrate75/conflict_free_models/conflict_free_model_0/metrics.json,final_model
dfs_timeout=60s__300steps__02052026,60,1.0,02052026,PISAM,unclean,2,5,0,483,111,92,0.8131313131313131,0.84,benchmark/data/new_experiments/blocks/dfs_timeout=60s__300steps__02052026/testing/fold2_numtrajs5_gtrate0/conflict_free_models/final_model/metrics.json,final_model
dfs_timeout=60s__300steps__02052026,60,1.0,02052026,PISAM,cleaned,2,5,0,484,142,91,0.7731629392971247,0.8417391304347827,benchmark/data/new_experiments/blocks/dfs_timeout=60s__300steps__02052026/testing/fold2_numtrajs5_gtrate0/conflict_free_models/final_model/metrics.json,final_model
dfs_timeout=60s__300steps__02052026,60,1.0,02052026,PISAM,unclean,2,5,10,575,0,0,1.0,1.0,benchmark/data/new_experiments/blocks/dfs_timeout=60s__300steps__02052026/testing/fold2_numtrajs5_gtrate10/conflict_free_models/conflict_free_model_0/metrics.json,final_model
dfs_timeout=60s__300steps__02052026,60,1.0,02052026,PISAM,cleaned,2,5,10,565,0,10,1.0,0.9826086956521739,benchmark/data/new_experiments/blocks/dfs_timeout=60s__300steps__02052026/testing/fold2_numtrajs5_gtrate10/conflict_free_models/conflict_free_model_0/metrics.json,final_model
dfs_timeout=60s__300steps__02052026,60,1.0,02052026,PISAM,unclean,2,5,100,575,0,0,1.0,1.0,benchmark/data/new_experiments/blocks/dfs_timeout=60s__300steps__02052026/testing/fold2_numtrajs5_gtrate100/conflict_free_models/conflict_free_model_0/metrics.json,final_model
dfs_timeout=60s__300steps__02052026,60,1.0,02052026,PISAM,cleaned,2,5,100,575,0,0,1.0,1.0,benchmark/data/new_experiments/blocks/dfs_timeout=60s__300steps__02052026/testing/fold2_numtrajs5_gtrate100/conflict_free_models/conflict_free_model_0/metrics.json,final_model
dfs_timeout=60s__300steps__02052026,60,1.0,02052026,PISAM,unclean,2,5,25,575,0,0,1.0,1.0,benchmark/data/new_experiments/blocks/dfs_timeout=60s__300steps__02052026/testing/fold2_numtrajs5_gtrate25/conflict_free_models/conflict_free_model_0/metrics.json,final_model
dfs_timeout=60s__300steps__02052026,60,1.0,02052026,PISAM,cleaned,2,5,25,569,0,6,1.0,0.9895652173913043,benchmark/data/new_experiments/blocks/dfs_timeout=60s__300steps__02052026/testing/fold2_numtrajs5_gtrate25/conflict_free_models/conflict_free_model_0/metrics.json,final_model
dfs_timeout=60s__300steps__02052026,60,1.0,02052026,PISAM,unclean,2,5,50,575,0,0,1.0,1.0,benchmark/data/new_experiments/blocks/dfs_timeout=60s__300steps__02052026/testing/fold2_numtrajs5_gtrate50/conflict_free_models/conflict_free_model_0/metrics.json,final_model
dfs_timeout=60s__300steps__02052026,60,1.0,02052026,PISAM,cleaned,2,5,50,573,0,2,1.0,0.9965217391304347,benchmark/data/new_experiments/blocks/dfs_timeout=60s__300steps__02052026/testing/fold2_numtrajs5_gtrate50/conflict_free_models/conflict_free_model_0/metrics.json,final_model
dfs_timeout=60s__300steps__02052026,60,1.0,02052026,PISAM,unclean,2,5,75,575,0,0,1.0,1.0,benchmark/data/new_experiments/blocks/dfs_timeout=60s__300steps__02052026/testing/fold2_numtrajs5_gtrate75/conflict_free_models/conflict_free_model_0/metrics.json,final_model
dfs_timeout=60s__300steps__02052026,60,1.0,02052026,PISAM,cleaned,2,5,75,575,0,0,1.0,1.0,benchmark/data/new_experiments/blocks/dfs_timeout=60s__300steps__02052026/testing/fold2_numtrajs5_gtrate75/conflict_free_models/conflict_free_model_0/metrics.json,final_model
dfs_timeout=60s__300steps__02052026,60,1.0,02052026,PISAM,unclean,2,6,0,535,120,100,0.816793893129771,0.84251968503937,benchmark/data/new_experiments/blocks/dfs_timeout=60s__300steps__02052026/testing/fold2_numtrajs6_gtrate0/conflict_free_models/final_model/metrics.json,final_model
dfs_timeout=60s__300steps__02052026,60,1.0,02052026,PISAM,cleaned,2,6,0,528,155,107,0.7730600292825769,0.831496062992126,benchmark/data/new_experiments/blocks/dfs_timeout=60s__300steps__02052026/testing/fold2_numtrajs6_gtrate0/conflict_free_models/final_model/metrics.json,final_model
dfs_timeout=60s__300steps__02052026,60,1.0,02052026,PISAM,unclean,2,6,10,635,0,0,1.0,1.0,benchmark/data/new_experiments/blocks/dfs_timeout=60s__300steps__02052026/testing/fold2_numtrajs6_gtrate10/conflict_free_models/conflict_free_model_0/metrics.json,final_model
dfs_timeout=60s__300steps__02052026,60,1.0,02052026,PISAM,cleaned,2,6,10,625,0,10,1.0,0.984251968503937,benchmark/data/new_experiments/blocks/dfs_timeout=60s__300steps__02052026/testing/fold2_numtrajs6_gtrate10/conflict_free_models/conflict_free_model_0/metrics.json,final_model
dfs_timeout=60s__300steps__02052026,60,1.0,02052026,PISAM,unclean,2,6,100,635,0,0,1.0,1.0,benchmark/data/new_experiments/blocks/dfs_timeout=60s__300steps__02052026/testing/fold2_numtrajs6_gtrate100/conflict_free_models/conflict_free_model_0/metrics.json,final_model
dfs_timeout=60s__300steps__02052026,60,1.0,02052026,PISAM,cleaned,2,6,100,635,0,0,1.0,1.0,benchmark/data/new_experiments/blocks/dfs_timeout=60s__300steps__02052026/testing/fold2_numtrajs6_gtrate100/conflict_free_models/conflict_free_model_0/metrics.json,final_model
dfs_timeout=60s__300steps__02052026,60,1.0,02052026,PISAM,unclean,2,6,25,635,0,0,1.0,1.0,benchmark/data/new_experiments/blocks/dfs_timeout=60s__300steps__02052026/testing/fold2_numtrajs6_gtrate25/conflict_free_models/conflict_free_model_0/metrics.json,final_model
dfs_timeout=60s__300steps__02052026,60,1.0,02052026,PISAM,cleaned,2,6,25,629,0,6,1.0,0.9905511811023622,benchmark/data/new_experiments/blocks/dfs_timeout=60s__300steps__02052026/testing/fold2_numtrajs6_gtrate25/conflict_free_models/conflict_free_model_0/metrics.json,final_model
dfs_timeout=60s__300steps__02052026,60,1.0,02052026,PISAM,unclean,2,6,50,635,0,0,1.0,1.0,benchmark/data/new_experiments/blocks/dfs_timeout=60s__300steps__02052026/testing/fold2_numtrajs6_gtrate50/conflict_free_models/conflict_free_model_0/metrics.json,final_model
dfs_timeout=60s__300steps__02052026,60,1.0,02052026,PISAM,cleaned,2,6,50,633,0,2,1.0,0.9968503937007874,benchmark/data/new_experiments/blocks/dfs_timeout=60s__300steps__02052026/testing/fold2_numtrajs6_gtrate50/conflict_free_models/conflict_free_model_0/metrics.json,final_model
dfs_timeout=60s__300steps__02052026,60,1.0,02052026,PISAM,unclean,2,6,75,635,0,0,1.0,1.0,benchmark/data/new_experiments/blocks/dfs_timeout=60s__300steps__02052026/testing/fold2_numtrajs6_gtrate75/conflict_free_models/conflict_free_model_0/metrics.json,final_model
dfs_timeout=60s__300steps__02052026,60,1.0,02052026,PISAM,cleaned,2,6,75,635,0,0,1.0,1.0,benchmark/data/new_experiments/blocks/dfs_timeout=60s__300steps__02052026/testing/fold2_numtrajs6_gtrate75/conflict_free_models/conflict_free_model_0/metrics.json,final_model
dfs_timeout=60s__300steps__02052026,60,1.0,02052026,PISAM,unclean,2,7,0,605,124,103,0.8299039780521262,0.8545197740112994,benchmark/data/new_experiments/blocks/dfs_timeout=60s__300steps__02052026/testing/fold2_numtrajs7_gtrate0/conflict_free_models/final_model/metrics.json,final_model
dfs_timeout=60s__300steps__02052026,60,1.0,02052026,PISAM,cleaned,2,7,0,589,159,119,0.7874331550802139,0.8319209039548022,benchmark/data/new_experiments/blocks/dfs_timeout=60s__300steps__02052026/testing/fold2_numtrajs7_gtrate0/conflict_free_models/final_model/metrics.json,final_model
dfs_timeout=60s__300steps__02052026,60,1.0,02052026,PISAM,unclean,2,7,10,708,0,0,1.0,1.0,benchmark/data/new_experiments/blocks/dfs_timeout=60s__300steps__02052026/testing/fold2_numtrajs7_gtrate10/conflict_free_models/conflict_free_model_0/metrics.json,final_model
dfs_timeout=60s__300steps__02052026,60,1.0,02052026,PISAM,cleaned,2,7,10,698,0,10,1.0,0.9858757062146892,benchmark/data/new_experiments/blocks/dfs_timeout=60s__300steps__02052026/testing/fold2_numtrajs7_gtrate10/conflict_free_models/conflict_free_model_0/metrics.json,final_model
dfs_timeout=60s__300steps__02052026,60,1.0,02052026,PISAM,unclean,2,7,100,708,0,0,1.0,1.0,benchmark/data/new_experiments/blocks/dfs_timeout=60s__300steps__02052026/testing/fold2_numtrajs7_gtrate100/conflict_free_models/conflict_free_model_0/metrics.json,final_model
dfs_timeout=60s__300steps__02052026,60,1.0,02052026,PISAM,cleaned,2,7,100,708,0,0,1.0,1.0,benchmark/data/new_experiments/blocks/dfs_timeout=60s__300steps__02052026/testing/fold2_numtrajs7_gtrate100/conflict_free_models/conflict_free_model_0/metrics.json,final_model
dfs_timeout=60s__300steps__02052026,60,1.0,02052026,PISAM,unclean,2,7,25,708,0,0,1.0,1.0,benchmark/data/new_experiments/blocks/dfs_timeout=60s__300steps__02052026/testing/fold2_numtrajs7_gtrate25/conflict_free_models/conflict_free_model_0/metrics.json,final_model
dfs_timeout=60s__300steps__02052026,60,1.0,02052026,PISAM,cleaned,2,7,25,702,0,6,1.0,0.9915254237288136,benchmark/data/new_experiments/blocks/dfs_timeout=60s__300steps__02052026/testing/fold2_numtrajs7_gtrate25/conflict_free_models/conflict_free_model_0/metrics.json,final_model
dfs_timeout=60s__300steps__02052026,60,1.0,02052026,PISAM,unclean,2,7,50,708,0,0,1.0,1.0,benchmark/data/new_experiments/blocks/dfs_timeout=60s__300steps__02052026/testing/fold2_numtrajs7_gtrate50/conflict_free_models/conflict_free_model_0/metrics.json,final_model
dfs_timeout=60s__300steps__02052026,60,1.0,02052026,PISAM,cleaned,2,7,50,706,0,2,1.0,0.9971751412429378,benchmark/data/new_experiments/blocks/dfs_timeout=60s__300steps__02052026/testing/fold2_numtrajs7_gtrate50/conflict_free_models/conflict_free_model_0/metrics.json,final_model
dfs_timeout=60s__300steps__02052026,60,1.0,02052026,PISAM,unclean,2,7,75,708,0,0,1.0,1.0,benchmark/data/new_experiments/blocks/dfs_timeout=60s__300steps__02052026/testing/fold2_numtrajs7_gtrate75/conflict_free_models/conflict_free_model_0/metrics.json,final_model
dfs_timeout=60s__300steps__02052026,60,1.0,02052026,PISAM,cleaned,2,7,75,708,0,0,1.0,1.0,benchmark/data/new_experiments/blocks/dfs_timeout=60s__300steps__02052026/testing/fold2_numtrajs7_gtrate75/conflict_free_models/conflict_free_model_0/metrics.json,final_model
dfs_timeout=60s__300steps__02052026,60,1.0,02052026,PISAM,unclean,2,8,0,653,126,103,0.8382541720154044,0.8637566137566137,benchmark/data/new_experiments/blocks/dfs_timeout=60s__300steps__02052026/testing/fold2_numtrajs8_gtrate0/conflict_free_models/final_model/metrics.json,final_model
dfs_timeout=60s__300steps__02052026,60,1.0,02052026,PISAM,cleaned,2,8,0,648,190,108,0.7732696897374701,0.8571428571428571,benchmark/data/new_experiments/blocks/dfs_timeout=60s__300steps__02052026/testing/fold2_numtrajs8_gtrate0/conflict_free_models/final_model/metrics.json,final_model
dfs_timeout=60s__300steps__02052026,60,1.0,02052026,PISAM,unclean,2,8,10,756,0,0,1.0,1.0,benchmark/data/new_experiments/blocks/dfs_timeout=60s__300steps__02052026/testing/fold2_numtrajs8_gtrate10/conflict_free_models/conflict_free_model_0/metrics.json,final_model
dfs_timeout=60s__300steps__02052026,60,1.0,02052026,PISAM,cleaned,2,8,10,746,0,10,1.0,0.9867724867724867,benchmark/data/new_experiments/blocks/dfs_timeout=60s__300steps__02052026/testing/fold2_numtrajs8_gtrate10/conflict_free_models/conflict_free_model_0/metrics.json,final_model
dfs_timeout=60s__300steps__02052026,60,1.0,02052026,PISAM,unclean,2,8,100,756,0,0,1.0,1.0,benchmark/data/new_experiments/blocks/dfs_timeout=60s__300steps__02052026/testing/fold2_numtrajs8_gtrate100/conflict_free_models/conflict_free_model_0/metrics.json,final_model
dfs_timeout=60s__300steps__02052026,60,1.0,02052026,PISAM,cleaned,2,8,100,756,0,0,1.0,1.0,benchmark/data/new_experiments/blocks/dfs_timeout=60s__300steps__02052026/testing/fold2_numtrajs8_gtrate100/conflict_free_models/conflict_free_model_0/metrics.json,final_model
dfs_timeout=60s__300steps__02052026,60,1.0,02052026,PISAM,unclean,2,8,25,756,0,0,1.0,1.0,benchmark/data/new_experiments/blocks/dfs_timeout=60s__300steps__02052026/testing/fold2_numtrajs8_gtrate25/conflict_free_models/conflict_free_model_0/metrics.json,final_model
dfs_timeout=60s__300steps__02052026,60,1.0,02052026,PISAM,cleaned,2,8,25,750,0,6,1.0,0.9920634920634921,benchmark/data/new_experiments/blocks/dfs_timeout=60s__300steps__02052026/testing/fold2_numtrajs8_gtrate25/conflict_free_models/conflict_free_model_0/metrics.json,final_model
dfs_timeout=60s__300steps__02052026,60,1.0,02052026,PISAM,unclean,2,8,50,756,0,0,1.0,1.0,benchmark/data/new_experiments/blocks/dfs_timeout=60s__300steps__02052026/testing/fold2_numtrajs8_gtrate50/conflict_free_models/conflict_free_model_0/metrics.json,final_model
dfs_timeout=60s__300steps__02052026,60,1.0,02052026,PISAM,cleaned,2,8,50,754,0,2,1.0,0.9973544973544973,benchmark/data/new_experiments/blocks/dfs_timeout=60s__300steps__02052026/testing/fold2_numtrajs8_gtrate50/conflict_free_models/conflict_free_model_0/metrics.json,final_model
dfs_timeout=60s__300steps__02052026,60,1.0,02052026,PISAM,unclean,2,8,75,756,0,0,1.0,1.0,benchmark/data/new_experiments/blocks/dfs_timeout=60s__300steps__02052026/testing/fold2_numtrajs8_gtrate75/conflict_free_models/conflict_free_model_0/metrics.json,final_model
dfs_timeout=60s__300steps__02052026,60,1.0,02052026,PISAM,cleaned,2,8,75,756,0,0,1.0,1.0,benchmark/data/new_experiments/blocks/dfs_timeout=60s__300steps__02052026/testing/fold2_numtrajs8_gtrate75/conflict_free_models/conflict_free_model_0/metrics.json,final_model
dfs_timeout=60s__300steps__02052026,60,1.0,02052026,PISAM,unclean,3,1,0,122,58,36,0.6777777777777778,0.7721518987341772,benchmark/data/new_experiments/blocks/dfs_timeout=60s__300steps__02052026/testing/fold3_numtrajs1_gtrate0/conflict_free_models/final_model/metrics.json,final_model
dfs_timeout=60s__300steps__02052026,60,1.0,02052026,PISAM,cleaned,3,1,0,131,42,27,0.7572254335260116,0.8291139240506329,benchmark/data/new_experiments/blocks/dfs_timeout=60s__300steps__02052026/testing/fold3_numtrajs1_gtrate0/conflict_free_models/final_model/metrics.json,final_model
dfs_timeout=60s__300steps__02052026,60,1.0,02052026,PISAM,unclean,3,1,10,158,0,0,1.0,1.0,benchmark/data/new_experiments/blocks/dfs_timeout=60s__300steps__02052026/testing/fold3_numtrajs1_gtrate10/conflict_free_models/conflict_free_model_0/metrics.json,final_model
dfs_timeout=60s__300steps__02052026,60,1.0,02052026,PISAM,cleaned,3,1,10,156,0,2,1.0,0.9873417721518988,benchmark/data/new_experiments/blocks/dfs_timeout=60s__300steps__02052026/testing/fold3_numtrajs1_gtrate10/conflict_free_models/conflict_free_model_0/metrics.json,final_model
dfs_timeout=60s__300steps__02052026,60,1.0,02052026,PISAM,unclean,3,1,100,158,0,0,1.0,1.0,benchmark/data/new_experiments/blocks/dfs_timeout=60s__300steps__02052026/testing/fold3_numtrajs1_gtrate100/conflict_free_models/conflict_free_model_0/metrics.json,final_model
dfs_timeout=60s__300steps__02052026,60,1.0,02052026,PISAM,cleaned,3,1,100,158,0,0,1.0,1.0,benchmark/data/new_experiments/blocks/dfs_timeout=60s__300steps__02052026/testing/fold3_numtrajs1_gtrate100/conflict_free_models/conflict_free_model_0/metrics.json,final_model
dfs_timeout=60s__300steps__02052026,60,1.0,02052026,PISAM,unclean,3,1,25,158,0,0,1.0,1.0,benchmark/data/new_experiments/blocks/dfs_timeout=60s__300steps__02052026/testing/fold3_numtrajs1_gtrate25/conflict_free_models/conflict_free_model_0/metrics.json,final_model
dfs_timeout=60s__300steps__02052026,60,1.0,02052026,PISAM,cleaned,3,1,25,156,0,2,1.0,0.9873417721518988,benchmark/data/new_experiments/blocks/dfs_timeout=60s__300steps__02052026/testing/fold3_numtrajs1_gtrate25/conflict_free_models/conflict_free_model_0/metrics.json,final_model
dfs_timeout=60s__300steps__02052026,60,1.0,02052026,PISAM,unclean,3,1,50,158,0,0,1.0,1.0,benchmark/data/new_experiments/blocks/dfs_timeout=60s__300steps__02052026/testing/fold3_numtrajs1_gtrate50/conflict_free_models/conflict_free_model_0/metrics.json,final_model
dfs_timeout=60s__300steps__02052026,60,1.0,02052026,PISAM,cleaned,3,1,50,157,0,1,1.0,0.9936708860759493,benchmark/data/new_experiments/blocks/dfs_timeout=60s__300steps__02052026/testing/fold3_numtrajs1_gtrate50/conflict_free_models/conflict_free_model_0/metrics.json,final_model
dfs_timeout=60s__300steps__02052026,60,1.0,02052026,PISAM,unclean,3,1,75,158,0,0,1.0,1.0,benchmark/data/new_experiments/blocks/dfs_timeout=60s__300steps__02052026/testing/fold3_numtrajs1_gtrate75/conflict_free_models/conflict_free_model_0/metrics.json,final_model
dfs_timeout=60s__300steps__02052026,60,1.0,02052026,PISAM,cleaned,3,1,75,157,0,1,1.0,0.9936708860759493,benchmark/data/new_experiments/blocks/dfs_timeout=60s__300steps__02052026/testing/fold3_numtrajs1_gtrate75/conflict_free_models/conflict_free_model_0/metrics.json,final_model
dfs_timeout=60s__300steps__02052026,60,1.0,02052026,PISAM,unclean,3,2,0,280,105,73,0.7272727272727273,0.7932011331444759,benchmark/data/new_experiments/blocks/dfs_timeout=60s__300steps__02052026/testing/fold3_numtrajs2_gtrate0/conflict_free_models/final_model/metrics.json,final_model
dfs_timeout=60s__300steps__02052026,60,1.0,02052026,PISAM,cleaned,3,2,0,271,110,82,0.7112860892388452,0.7677053824362606,benchmark/data/new_experiments/blocks/dfs_timeout=60s__300steps__02052026/testing/fold3_numtrajs2_gtrate0/conflict_free_models/final_model/metrics.json,final_model
dfs_timeout=60s__300steps__02052026,60,1.0,02052026,PISAM,unclean,3,2,10,353,0,0,1.0,1.0,benchmark/data/new_experiments/blocks/dfs_timeout=60s__300steps__02052026/testing/fold3_numtrajs2_gtrate10/conflict_free_models/conflict_free_model_0/metrics.json,final_model
dfs_timeout=60s__300steps__02052026,60,1.0,02052026,PISAM,cleaned,3,2,10,347,0,6,1.0,0.9830028328611898,benchmark/data/new_experiments/blocks/dfs_timeout=60s__300steps__02052026/testing/fold3_numtrajs2_gtrate10/conflict_free_models/conflict_free_model_0/metrics.json,final_model
dfs_timeout=60s__300steps__02052026,60,1.0,02052026,PISAM,unclean,3,2,100,353,0,0,1.0,1.0,benchmark/data/new_experiments/blocks/dfs_timeout=60s__300steps__02052026/testing/fold3_numtrajs2_gtrate100/conflict_free_models/conflict_free_model_0/metrics.json,final_model
dfs_timeout=60s__300steps__02052026,60,1.0,02052026,PISAM,cleaned,3,2,100,353,0,0,1.0,1.0,benchmark/data/new_experiments/blocks/dfs_timeout=60s__300steps__02052026/testing/fold3_numtrajs2_gtrate100/conflict_free_models/conflict_free_model_0/metrics.json,final_model
dfs_timeout=60s__300steps__02052026,60,1.0,02052026,PISAM,unclean,3,2,25,353,0,0,1.0,1.0,benchmark/data/new_experiments/blocks/dfs_timeout=60s__300steps__02052026/testing/fold3_numtrajs2_gtrate25/conflict_free_models/conflict_free_model_0/metrics.json,final_model
dfs_timeout=60s__300steps__02052026,60,1.0,02052026,PISAM,cleaned,3,2,25,349,0,4,1.0,0.9886685552407932,benchmark/data/new_experiments/blocks/dfs_timeout=60s__300steps__02052026/testing/fold3_numtrajs2_gtrate25/conflict_free_models/conflict_free_model_0/metrics.json,final_model
dfs_timeout=60s__300steps__02052026,60,1.0,02052026,PISAM,unclean,3,2,50,353,0,0,1.0,1.0,benchmark/data/new_experiments/blocks/dfs_timeout=60s__300steps__02052026/testing/fold3_numtrajs2_gtrate50/conflict_free_models/conflict_free_model_0/metrics.json,final_model
dfs_timeout=60s__300steps__02052026,60,1.0,02052026,PISAM,cleaned,3,2,50,351,0,2,1.0,0.9943342776203966,benchmark/data/new_experiments/blocks/dfs_timeout=60s__300steps__02052026/testing/fold3_numtrajs2_gtrate50/conflict_free_models/conflict_free_model_0/metrics.json,final_model
dfs_timeout=60s__300steps__02052026,60,1.0,02052026,PISAM,unclean,3,2,75,353,0,0,1.0,1.0,benchmark/data/new_experiments/blocks/dfs_timeout=60s__300steps__02052026/testing/fold3_numtrajs2_gtrate75/conflict_free_models/conflict_free_model_0/metrics.json,final_model
dfs_timeout=60s__300steps__02052026,60,1.0,02052026,PISAM,cleaned,3,2,75,352,0,1,1.0,0.9971671388101983,benchmark/data/new_experiments/blocks/dfs_timeout=60s__300steps__02052026/testing/fold3_numtrajs2_gtrate75/conflict_free_models/conflict_free_model_0/metrics.json,final_model
dfs_timeout=60s__300steps__02052026,60,1.0,02052026,PISAM,unclean,3,3,0,332,114,81,0.7443946188340808,0.8038740920096852,benchmark/data/new_experiments/blocks/dfs_timeout=60s__300steps__02052026/testing/fold3_numtrajs3_gtrate0/conflict_free_models/final_model/metrics.json,final_model
dfs_timeout=60s__300steps__02052026,60,1.0,02052026,PISAM,cleaned,3,3,0,331,111,82,0.748868778280543,0.801452784503632,benchmark/data/new_experiments/blocks/dfs_timeout=60s__300steps__02052026/testing/fold3_numtrajs3_gtrate0/conflict_free_models/final_model/metrics.json,final_model
dfs_timeout=60s__300steps__02052026,60,1.0,02052026,PISAM,unclean,3,3,10,413,0,0,1.0,1.0,benchmark/data/new_experiments/blocks/dfs_timeout=60s__300steps__02052026/testing/fold3_numtrajs3_gtrate10/conflict_free_models/conflict_free_model_0/metrics.json,final_model
dfs_timeout=60s__300steps__02052026,60,1.0,02052026,PISAM,cleaned,3,3,10,407,0,6,1.0,0.9854721549636803,benchmark/data/new_experiments/blocks/dfs_timeout=60s__300steps__02052026/testing/fold3_numtrajs3_gtrate10/conflict_free_models/conflict_free_model_0/metrics.json,final_model
dfs_timeout=60s__300steps__02052026,60,1.0,02052026,PISAM,unclean,3,3,100,413,0,0,1.0,1.0,benchmark/data/new_experiments/blocks/dfs_timeout=60s__300steps__02052026/testing/fold3_numtrajs3_gtrate100/conflict_free_models/conflict_free_model_0/metrics.json,final_model
dfs_timeout=60s__300steps__02052026,60,1.0,02052026,PISAM,cleaned,3,3,100,413,0,0,1.0,1.0,benchmark/data/new_experiments/blocks/dfs_timeout=60s__300steps__02052026/testing/fold3_numtrajs3_gtrate100/conflict_free_models/conflict_free_model_0/metrics.json,final_model
dfs_timeout=60s__300steps__02052026,60,1.0,02052026,PISAM,unclean,3,3,25,413,0,0,1.0,1.0,benchmark/data/new_experiments/blocks/dfs_timeout=60s__300steps__02052026/testing/fold3_numtrajs3_gtrate25/conflict_free_models/conflict_free_model_0/metrics.json,final_model
dfs_timeout=60s__300steps__02052026,60,1.0,02052026,PISAM,cleaned,3,3,25,409,0,4,1.0,0.9903147699757869,benchmark/data/new_experiments/blocks/dfs_timeout=60s__300steps__02052026/testing/fold3_numtrajs3_gtrate25/conflict_free_models/conflict_free_model_0/metrics.json,final_model
dfs_timeout=60s__300steps__02052026,60,1.0,02052026,PISAM,unclean,3,3,50,413,0,0,1.0,1.0,benchmark/data/new_experiments/blocks/dfs_timeout=60s__300steps__02052026/testing/fold3_numtrajs3_gtrate50/conflict_free_models/conflict_free_model_0/metrics.json,final_model
dfs_timeout=60s__300steps__02052026,60,1.0,02052026,PISAM,cleaned,3,3,50,411,0,2,1.0,0.9951573849878934,benchmark/data/new_experiments/blocks/dfs_timeout=60s__300steps__02052026/testing/fold3_numtrajs3_gtrate50/conflict_free_models/conflict_free_model_0/metrics.json,final_model
dfs_timeout=60s__300steps__02052026,60,1.0,02052026,PISAM,unclean,3,3,75,413,0,0,1.0,1.0,benchmark/data/new_experiments/blocks/dfs_timeout=60s__300steps__02052026/testing/fold3_numtrajs3_gtrate75/conflict_free_models/conflict_free_model_0/metrics.json,final_model
dfs_timeout=60s__300steps__02052026,60,1.0,02052026,PISAM,cleaned,3,3,75,412,0,1,1.0,0.9975786924939467,benchmark/data/new_experiments/blocks/dfs_timeout=60s__300steps__02052026/testing/fold3_numtrajs3_gtrate75/conflict_free_models/conflict_free_model_0/metrics.json,final_model
dfs_timeout=60s__300steps__02052026,60,1.0,02052026,PISAM,unclean,3,4,0,396,135,96,0.7457627118644068,0.8048780487804879,benchmark/data/new_experiments/blocks/dfs_timeout=60s__300steps__02052026/testing/fold3_numtrajs4_gtrate0/conflict_free_models/final_model/metrics.json,final_model
dfs_timeout=60s__300steps__02052026,60,1.0,02052026,PISAM,cleaned,3,4,0,397,130,95,0.7533206831119544,0.806910569105691,benchmark/data/new_experiments/blocks/dfs_timeout=60s__300steps__02052026/testing/fold3_numtrajs4_gtrate0/conflict_free_models/final_model/metrics.json,final_model
dfs_timeout=60s__300steps__02052026,60,1.0,02052026,PISAM,unclean,3,4,10,492,0,0,1.0,1.0,benchmark/data/new_experiments/blocks/dfs_timeout=60s__300steps__02052026/testing/fold3_numtrajs4_gtrate10/conflict_free_models/conflict_free_model_0/metrics.json,final_model
dfs_timeout=60s__300steps__02052026,60,1.0,02052026,PISAM,cleaned,3,4,10,485,0,7,1.0,0.9857723577235772,benchmark/data/new_experiments/blocks/dfs_timeout=60s__300steps__02052026/testing/fold3_numtrajs4_gtrate10/conflict_free_models/conflict_free_model_0/metrics.json,final_model
dfs_timeout=60s__300steps__02052026,60,1.0,02052026,PISAM,unclean,3,4,100,492,0,0,1.0,1.0,benchmark/data/new_experiments/blocks/dfs_timeout=60s__300steps__02052026/testing/fold3_numtrajs4_gtrate100/conflict_free_models/conflict_free_model_0/metrics.json,final_model
dfs_timeout=60s__300steps__02052026,60,1.0,02052026,PISAM,cleaned,3,4,100,492,0,0,1.0,1.0,benchmark/data/new_experiments/blocks/dfs_timeout=60s__300steps__02052026/testing/fold3_numtrajs4_gtrate100/conflict_free_models/conflict_free_model_0/metrics.json,final_model
dfs_timeout=60s__300steps__02052026,60,1.0,02052026,PISAM,unclean,3,4,25,492,0,0,1.0,1.0,benchmark/data/new_experiments/blocks/dfs_timeout=60s__300steps__02052026/testing/fold3_numtrajs4_gtrate25/conflict_free_models/conflict_free_model_0/metrics.json,final_model
dfs_timeout=60s__300steps__02052026,60,1.0,02052026,PISAM,cleaned,3,4,25,487,0,5,1.0,0.9898373983739838,benchmark/data/new_experiments/blocks/dfs_timeout=60s__300steps__02052026/testing/fold3_numtrajs4_gtrate25/conflict_free_models/conflict_free_model_0/metrics.json,final_model
dfs_timeout=60s__300steps__02052026,60,1.0,02052026,PISAM,unclean,3,4,50,492,0,0,1.0,1.0,benchmark/data/new_experiments/blocks/dfs_timeout=60s__300steps__02052026/testing/fold3_numtrajs4_gtrate50/conflict_free_models/conflict_free_model_0/metrics.json,final_model
dfs_timeout=60s__300steps__02052026,60,1.0,02052026,PISAM,cleaned,3,4,50,489,0,3,1.0,0.9939024390243902,benchmark/data/new_experiments/blocks/dfs_timeout=60s__300steps__02052026/testing/fold3_numtrajs4_gtrate50/conflict_free_models/conflict_free_model_0/metrics.json,final_model
dfs_timeout=60s__300steps__02052026,60,1.0,02052026,PISAM,unclean,3,4,75,492,0,0,1.0,1.0,benchmark/data/new_experiments/blocks/dfs_timeout=60s__300steps__02052026/testing/fold3_numtrajs4_gtrate75/conflict_free_models/conflict_free_model_0/metrics.json,final_model
dfs_timeout=60s__300steps__02052026,60,1.0,02052026,PISAM,cleaned,3,4,75,491,0,1,1.0,0.9979674796747967,benchmark/data/new_experiments/blocks/dfs_timeout=60s__300steps__02052026/testing/fold3_numtrajs4_gtrate75/conflict_free_models/conflict_free_model_0/metrics.json,final_model
dfs_timeout=60s__300steps__02052026,60,1.0,02052026,PISAM,unclean,3,5,0,483,144,102,0.7703349282296651,0.8256410256410256,benchmark/data/new_experiments/blocks/dfs_timeout=60s__300steps__02052026/testing/fold3_numtrajs5_gtrate0/conflict_free_models/final_model/metrics.json,final_model
dfs_timeout=60s__300steps__02052026,60,1.0,02052026,PISAM,cleaned,3,5,0,496,155,89,0.7619047619047619,0.8478632478632478,benchmark/data/new_experiments/blocks/dfs_timeout=60s__300steps__02052026/testing/fold3_numtrajs5_gtrate0/conflict_free_models/final_model/metrics.json,final_model
dfs_timeout=60s__300steps__02052026,60,1.0,02052026,PISAM,unclean,3,5,10,585,0,0,1.0,1.0,benchmark/data/new_experiments/blocks/dfs_timeout=60s__300steps__02052026/testing/fold3_numtrajs5_gtrate10/conflict_free_models/conflict_free_model_0/metrics.json,final_model
dfs_timeout=60s__300steps__02052026,60,1.0,02052026,PISAM,cleaned,3,5,10,578,0,7,1.0,0.9880341880341881,benchmark/data/new_experiments/blocks/dfs_timeout=60s__300steps__02052026/testing/fold3_numtrajs5_gtrate10/conflict_free_models/conflict_free_model_0/metrics.json,final_model
dfs_timeout=60s__300steps__02052026,60,1.0,02052026,PISAM,unclean,3,5,100,585,0,0,1.0,1.0,benchmark/data/new_experiments/blocks/dfs_timeout=60s__300steps__02052026/testing/fold3_numtrajs5_gtrate100/conflict_free_models/conflict_free_model_0/metrics.json,final_model
dfs_timeout=60s__300steps__02052026,60,1.0,02052026,PISAM,cleaned,3,5,100,585,0,0,1.0,1.0,benchmark/data/new_experiments/blocks/dfs_timeout=60s__300steps__02052026/testing/fold3_numtrajs5_gtrate100/conflict_free_models/conflict_free_model_0/metrics.json,final_model
dfs_timeout=60s__300steps__02052026,60,1.0,02052026,PISAM,unclean,3,5,25,585,0,0,1.0,1.0,benchmark/data/new_experiments/blocks/dfs_timeout=60s__300steps__02052026/testing/fold3_numtrajs5_gtrate25/conflict_free_models/conflict_free_model_0/metrics.json,final_model
dfs_timeout=60s__300steps__02052026,60,1.0,02052026,PISAM,cleaned,3,5,25,580,0,5,1.0,0.9914529914529915,benchmark/data/new_experiments/blocks/dfs_timeout=60s__300steps__02052026/testing/fold3_numtrajs5_gtrate25/conflict_free_models/conflict_free_model_0/metrics.json,final_model
dfs_timeout=60s__300steps__02052026,60,1.0,02052026,PISAM,unclean,3,5,50,585,0,0,1.0,1.0,benchmark/data/new_experiments/blocks/dfs_timeout=60s__300steps__02052026/testing/fold3_numtrajs5_gtrate50/conflict_free_models/conflict_free_model_0/metrics.json,final_model
dfs_timeout=60s__300steps__02052026,60,1.0,02052026,PISAM,cleaned,3,5,50,582,0,3,1.0,0.9948717948717949,benchmark/data/new_experiments/blocks/dfs_timeout=60s__300steps__02052026/testing/fold3_numtrajs5_gtrate50/conflict_free_models/conflict_free_model_0/metrics.json,final_model
dfs_timeout=60s__300steps__02052026,60,1.0,02052026,PISAM,unclean,3,5,75,585,0,0,1.0,1.0,benchmark/data/new_experiments/blocks/dfs_timeout=60s__300steps__02052026/testing/fold3_numtrajs5_gtrate75/conflict_free_models/conflict_free_model_0/metrics.json,final_model
dfs_timeout=60s__300steps__02052026,60,1.0,02052026,PISAM,cleaned,3,5,75,584,0,1,1.0,0.9982905982905983,benchmark/data/new_experiments/blocks/dfs_timeout=60s__300steps__02052026/testing/fold3_numtrajs5_gtrate75/conflict_free_models/conflict_free_model_0/metrics.json,final_model
dfs_timeout=60s__300steps__02052026,60,1.0,02052026,PISAM,unclean,3,6,0,553,148,105,0.7888730385164051,0.8404255319148937,benchmark/data/new_experiments/blocks/dfs_timeout=60s__300steps__02052026/testing/fold3_numtrajs6_gtrate0/conflict_free_models/final_model/metrics.json,final_model
dfs_timeout=60s__300steps__02052026,60,1.0,02052026,PISAM,cleaned,3,6,0,555,167,103,0.7686980609418282,0.8434650455927052,benchmark/data/new_experiments/blocks/dfs_timeout=60s__300steps__02052026/testing/fold3_numtrajs6_gtrate0/conflict_free_models/final_model/metrics.json,final_model
dfs_timeout=60s__300steps__02052026,60,1.0,02052026,PISAM,unclean,3,6,10,658,0,0,1.0,1.0,benchmark/data/new_experiments/blocks/dfs_timeout=60s__300steps__02052026/testing/fold3_numtrajs6_gtrate10/conflict_free_models/conflict_free_model_0/metrics.json,final_model
dfs_timeout=60s__300steps__02052026,60,1.0,02052026,PISAM,cleaned,3,6,10,651,0,7,1.0,0.9893617021276596,benchmark/data/new_experiments/blocks/dfs_timeout=60s__300steps__02052026/testing/fold3_numtrajs6_gtrate10/conflict_free_models/conflict_free_model_0/metrics.json,final_model
dfs_timeout=60s__300steps__02052026,60,1.0,02052026,PISAM,unclean,3,6,100,658,0,0,1.0,1.0,benchmark/data/new_experiments/blocks/dfs_timeout=60s__300steps__02052026/testing/fold3_numtrajs6_gtrate100/conflict_free_models/conflict_free_model_0/metrics.json,final_model
dfs_timeout=60s__300steps__02052026,60,1.0,02052026,PISAM,cleaned,3,6,100,658,0,0,1.0,1.0,benchmark/data/new_experiments/blocks/dfs_timeout=60s__300steps__02052026/testing/fold3_numtrajs6_gtrate100/conflict_free_models/conflict_free_model_0/metrics.json,final_model
dfs_timeout=60s__300steps__02052026,60,1.0,02052026,PISAM,unclean,3,6,25,658,0,0,1.0,1.0,benchmark/data/new_experiments/blocks/dfs_timeout=60s__300steps__02052026/testing/fold3_numtrajs6_gtrate25/conflict_free_models/conflict_free_model_0/metrics.json,final_model
dfs_timeout=60s__300steps__02052026,60,1.0,02052026,PISAM,cleaned,3,6,25,653,0,5,1.0,0.9924012158054711,benchmark/data/new_experiments/blocks/dfs_timeout=60s__300steps__02052026/testing/fold3_numtrajs6_gtrate25/conflict_free_models/conflict_free_model_0/metrics.json,final_model
dfs_timeout=60s__300steps__02052026,60,1.0,02052026,PISAM,unclean,3,6,50,658,0,0,1.0,1.0,benchmark/data/new_experiments/blocks/dfs_timeout=60s__300steps__02052026/testing/fold3_numtrajs6_gtrate50/conflict_free_models/conflict_free_model_0/metrics.json,final_model
dfs_timeout=60s__300steps__02052026,60,1.0,02052026,PISAM,cleaned,3,6,50,655,0,3,1.0,0.9954407294832827,benchmark/data/new_experiments/blocks/dfs_timeout=60s__300steps__02052026/testing/fold3_numtrajs6_gtrate50/conflict_free_models/conflict_free_model_0/metrics.json,final_model
dfs_timeout=60s__300steps__02052026,60,1.0,02052026,PISAM,unclean,3,6,75,658,0,0,1.0,1.0,benchmark/data/new_experiments/blocks/dfs_timeout=60s__300steps__02052026/testing/fold3_numtrajs6_gtrate75/conflict_free_models/conflict_free_model_0/metrics.json,final_model
dfs_timeout=60s__300steps__02052026,60,1.0,02052026,PISAM,cleaned,3,6,75,657,0,1,1.0,0.9984802431610942,benchmark/data/new_experiments/blocks/dfs_timeout=60s__300steps__02052026/testing/fold3_numtrajs6_gtrate75/conflict_free_models/conflict_free_model_0/metrics.json,final_model
dfs_timeout=60s__300steps__02052026,60,1.0,02052026,PISAM,unclean,3,7,0,680,176,131,0.794392523364486,0.8384710234278668,benchmark/data/new_experiments/blocks/dfs_timeout=60s__300steps__02052026/testing/fold3_numtrajs7_gtrate0/conflict_free_models/final_model/metrics.json,final_model
dfs_timeout=60s__300steps__02052026,60,1.0,02052026,PISAM,cleaned,3,7,0,671,224,140,0.7497206703910615,0.8273736128236745,benchmark/data/new_experiments/blocks/dfs_timeout=60s__300steps__02052026/testing/fold3_numtrajs7_gtrate0/conflict_free_models/final_model/metrics.json,final_model
dfs_timeout=60s__300steps__02052026,60,1.0,02052026,PISAM,unclean,3,7,10,811,0,0,1.0,1.0,benchmark/data/new_experiments/blocks/dfs_timeout=60s__300steps__02052026/testing/fold3_numtrajs7_gtrate10/conflict_free_models/conflict_free_model_0/metrics.json,final_model
dfs_timeout=60s__300steps__02052026,60,1.0,02052026,PISAM,cleaned,3,7,10,799,0,12,1.0,0.9852034525277436,benchmark/data/new_experiments/blocks/dfs_timeout=60s__300steps__02052026/testing/fold3_numtrajs7_gtrate10/conflict_free_models/conflict_free_model_0/metrics.json,final_model
dfs_timeout=60s__300steps__02052026,60,1.0,02052026,PISAM,unclean,3,7,100,811,0,0,1.0,1.0,benchmark/data/new_experiments/blocks/dfs_timeout=60s__300steps__02052026/testing/fold3_numtrajs7_gtrate100/conflict_free_models/conflict_free_model_0/metrics.json,final_model
dfs_timeout=60s__300steps__02052026,60,1.0,02052026,PISAM,cleaned,3,7,100,811,0,0,1.0,1.0,benchmark/data/new_experiments/blocks/dfs_timeout=60s__300steps__02052026/testing/fold3_numtrajs7_gtrate100/conflict_free_models/conflict_free_model_0/metrics.json,final_model
dfs_timeout=60s__300steps__02052026,60,1.0,02052026,PISAM,unclean,3,7,25,811,0,0,1.0,1.0,benchmark/data/new_experiments/blocks/dfs_timeout=60s__300steps__02052026/testing/fold3_numtrajs7_gtrate25/conflict_free_models/conflict_free_model_0/metrics.json,final_model
dfs_timeout=60s__300steps__02052026,60,1.0,02052026,PISAM,cleaned,3,7,25,803,0,8,1.0,0.9901356350184957,benchmark/data/new_experiments/blocks/dfs_timeout=60s__300steps__02052026/testing/fold3_numtrajs7_gtrate25/conflict_free_models/conflict_free_model_0/metrics.json,final_model
dfs_timeout=60s__300steps__02052026,60,1.0,02052026,PISAM,unclean,3,7,50,811,0,0,1.0,1.0,benchmark/data/new_experiments/blocks/dfs_timeout=60s__300steps__02052026/testing/fold3_numtrajs7_gtrate50/conflict_free_models/conflict_free_model_0/metrics.json,final_model
dfs_timeout=60s__300steps__02052026,60,1.0,02052026,PISAM,cleaned,3,7,50,808,0,3,1.0,0.9963008631319359,benchmark/data/new_experiments/blocks/dfs_timeout=60s__300steps__02052026/testing/fold3_numtrajs7_gtrate50/conflict_free_models/conflict_free_model_0/metrics.json,final_model
dfs_timeout=60s__300steps__02052026,60,1.0,02052026,PISAM,unclean,3,7,75,811,0,0,1.0,1.0,benchmark/data/new_experiments/blocks/dfs_timeout=60s__300steps__02052026/testing/fold3_numtrajs7_gtrate75/conflict_free_models/conflict_free_model_0/metrics.json,final_model
dfs_timeout=60s__300steps__02052026,60,1.0,02052026,PISAM,cleaned,3,7,75,810,0,1,1.0,0.998766954377312,benchmark/data/new_experiments/blocks/dfs_timeout=60s__300steps__02052026/testing/fold3_numtrajs7_gtrate75/conflict_free_models/conflict_free_model_0/metrics.json,final_model
dfs_timeout=60s__300steps__02052026,60,1.0,02052026,PISAM,unclean,3,8,0,728,178,131,0.8035320088300221,0.8474970896391153,benchmark/data/new_experiments/blocks/dfs_timeout=60s__300steps__02052026/testing/fold3_numtrajs8_gtrate0/conflict_free_models/final_model/metrics.json,final_model
dfs_timeout=60s__300steps__02052026,60,1.0,02052026,PISAM,cleaned,3,8,0,728,189,131,0.7938931297709924,0.8474970896391153,benchmark/data/new_experiments/blocks/dfs_timeout=60s__300steps__02052026/testing/fold3_numtrajs8_gtrate0/conflict_free_models/final_model/metrics.json,final_model
dfs_timeout=60s__300steps__02052026,60,1.0,02052026,PISAM,unclean,3,8,10,859,0,0,1.0,1.0,benchmark/data/new_experiments/blocks/dfs_timeout=60s__300steps__02052026/testing/fold3_numtrajs8_gtrate10/conflict_free_models/conflict_free_model_0/metrics.json,final_model
dfs_timeout=60s__300steps__02052026,60,1.0,02052026,PISAM,cleaned,3,8,10,847,0,12,1.0,0.9860302677532014,benchmark/data/new_experiments/blocks/dfs_timeout=60s__300steps__02052026/testing/fold3_numtrajs8_gtrate10/conflict_free_models/conflict_free_model_0/metrics.json,final_model
dfs_timeout=60s__300steps__02052026,60,1.0,02052026,PISAM,unclean,3,8,100,859,0,0,1.0,1.0,benchmark/data/new_experiments/blocks/dfs_timeout=60s__300steps__02052026/testing/fold3_numtrajs8_gtrate100/conflict_free_models/conflict_free_model_0/metrics.json,final_model
dfs_timeout=60s__300steps__02052026,60,1.0,02052026,PISAM,cleaned,3,8,100,859,0,0,1.0,1.0,benchmark/data/new_experiments/blocks/dfs_timeout=60s__300steps__02052026/testing/fold3_numtrajs8_gtrate100/conflict_free_models/conflict_free_model_0/metrics.json,final_model
dfs_timeout=60s__300steps__02052026,60,1.0,02052026,PISAM,unclean,3,8,25,859,0,0,1.0,1.0,benchmark/data/new_experiments/blocks/dfs_timeout=60s__300steps__02052026/testing/fold3_numtrajs8_gtrate25/conflict_free_models/conflict_free_model_0/metrics.json,final_model
dfs_timeout=60s__300steps__02052026,60,1.0,02052026,PISAM,cleaned,3,8,25,851,0,8,1.0,0.9906868451688009,benchmark/data/new_experiments/blocks/dfs_timeout=60s__300steps__02052026/testing/fold3_numtrajs8_gtrate25/conflict_free_models/conflict_free_model_0/metrics.json,final_model
dfs_timeout=60s__300steps__02052026,60,1.0,02052026,PISAM,unclean,3,8,50,859,0,0,1.0,1.0,benchmark/data/new_experiments/blocks/dfs_timeout=60s__300steps__02052026/testing/fold3_numtrajs8_gtrate50/conflict_free_models/conflict_free_model_0/metrics.json,final_model
dfs_timeout=60s__300steps__02052026,60,1.0,02052026,PISAM,cleaned,3,8,50,856,0,3,1.0,0.9965075669383003,benchmark/data/new_experiments/blocks/dfs_timeout=60s__300steps__02052026/testing/fold3_numtrajs8_gtrate50/conflict_free_models/conflict_free_model_0/metrics.json,final_model
dfs_timeout=60s__300steps__02052026,60,1.0,02052026,PISAM,unclean,3,8,75,859,0,0,1.0,1.0,benchmark/data/new_experiments/blocks/dfs_timeout=60s__300steps__02052026/testing/fold3_numtrajs8_gtrate75/conflict_free_models/conflict_free_model_0/metrics.json,final_model
dfs_timeout=60s__300steps__02052026,60,1.0,02052026,PISAM,cleaned,3,8,75,858,0,1,1.0,0.9988358556461001,benchmark/data/new_experiments/blocks/dfs_timeout=60s__300steps__02052026/testing/fold3_numtrajs8_gtrate75/conflict_free_models/conflict_free_model_0/metrics.json,final_model
dfs_timeout=60s__300steps__02052026,60,1.0,02052026,PISAM,unclean,4,1,0,127,28,26,0.8193548387096774,0.8300653594771242,benchmark/data/new_experiments/blocks/dfs_timeout=60s__300steps__02052026/testing/fold4_numtrajs1_gtrate0/conflict_free_models/conflict_free_model_0/metrics.json,final_model
dfs_timeout=60s__300steps__02052026,60,1.0,02052026,PISAM,cleaned,4,1,0,102,28,51,0.7846153846153846,0.6666666666666666,benchmark/data/new_experiments/blocks/dfs_timeout=60s__300steps__02052026/testing/fold4_numtrajs1_gtrate0/conflict_free_models/conflict_free_model_0/metrics.json,final_model
dfs_timeout=60s__300steps__02052026,60,1.0,02052026,PISAM,unclean,4,1,10,153,0,0,1.0,1.0,benchmark/data/new_experiments/blocks/dfs_timeout=60s__300steps__02052026/testing/fold4_numtrajs1_gtrate10/conflict_free_models/conflict_free_model_0/metrics.json,final_model
dfs_timeout=60s__300steps__02052026,60,1.0,02052026,PISAM,cleaned,4,1,10,148,0,5,1.0,0.9673202614379085,benchmark/data/new_experiments/blocks/dfs_timeout=60s__300steps__02052026/testing/fold4_numtrajs1_gtrate10/conflict_free_models/conflict_free_model_0/metrics.json,final_model
dfs_timeout=60s__300steps__02052026,60,1.0,02052026,PISAM,unclean,4,1,100,153,0,0,1.0,1.0,benchmark/data/new_experiments/blocks/dfs_timeout=60s__300steps__02052026/testing/fold4_numtrajs1_gtrate100/conflict_free_models/conflict_free_model_0/metrics.json,final_model
dfs_timeout=60s__300steps__02052026,60,1.0,02052026,PISAM,cleaned,4,1,100,153,0,0,1.0,1.0,benchmark/data/new_experiments/blocks/dfs_timeout=60s__300steps__02052026/testing/fold4_numtrajs1_gtrate100/conflict_free_models/conflict_free_model_0/metrics.json,final_model
dfs_timeout=60s__300steps__02052026,60,1.0,02052026,PISAM,unclean,4,1,25,153,0,0,1.0,1.0,benchmark/data/new_experiments/blocks/dfs_timeout=60s__300steps__02052026/testing/fold4_numtrajs1_gtrate25/conflict_free_models/conflict_free_model_0/metrics.json,final_model
dfs_timeout=60s__300steps__02052026,60,1.0,02052026,PISAM,cleaned,4,1,25,150,0,3,1.0,0.9803921568627451,benchmark/data/new_experiments/blocks/dfs_timeout=60s__300steps__02052026/testing/fold4_numtrajs1_gtrate25/conflict_free_models/conflict_free_model_0/metrics.json,final_model
dfs_timeout=60s__300steps__02052026,60,1.0,02052026,PISAM,unclean,4,1,50,153,0,0,1.0,1.0,benchmark/data/new_experiments/blocks/dfs_timeout=60s__300steps__02052026/testing/fold4_numtrajs1_gtrate50/conflict_free_models/conflict_free_model_0/metrics.json,final_model
dfs_timeout=60s__300steps__02052026,60,1.0,02052026,PISAM,cleaned,4,1,50,153,0,0,1.0,1.0,benchmark/data/new_experiments/blocks/dfs_timeout=60s__300steps__02052026/testing/fold4_numtrajs1_gtrate50/conflict_free_models/conflict_free_model_0/metrics.json,final_model
dfs_timeout=60s__300steps__02052026,60,1.0,02052026,PISAM,unclean,4,1,75,153,0,0,1.0,1.0,benchmark/data/new_experiments/blocks/dfs_timeout=60s__300steps__02052026/testing/fold4_numtrajs1_gtrate75/conflict_free_models/conflict_free_model_0/metrics.json,final_model
dfs_timeout=60s__300steps__02052026,60,1.0,02052026,PISAM,cleaned,4,1,75,153,0,0,1.0,1.0,benchmark/data/new_experiments/blocks/dfs_timeout=60s__300steps__02052026/testing/fold4_numtrajs1_gtrate75/conflict_free_models/conflict_free_model_0/metrics.json,final_model
dfs_timeout=60s__300steps__02052026,60,1.0,02052026,PISAM,unclean,4,2,0,191,49,41,0.7958333333333333,0.8232758620689655,benchmark/data/new_experiments/blocks/dfs_timeout=60s__300steps__02052026/testing/fold4_numtrajs2_gtrate0/conflict_free_models/final_model/metrics.json,final_model
dfs_timeout=60s__300steps__02052026,60,1.0,02052026,PISAM,cleaned,4,2,0,169,62,63,0.7316017316017316,0.728448275862069,benchmark/data/new_experiments/blocks/dfs_timeout=60s__300steps__02052026/testing/fold4_numtrajs2_gtrate0/conflict_free_models/final_model/metrics.json,final_model
dfs_timeout=60s__300steps__02052026,60,1.0,02052026,PISAM,unclean,4,2,10,232,0,0,1.0,1.0,benchmark/data/new_experiments/blocks/dfs_timeout=60s__300steps__02052026/testing/fold4_numtrajs2_gtrate10/conflict_free_models/conflict_free_model_0/metrics.json,final_model
dfs_timeout=60s__300steps__02052026,60,1.0,02052026,PISAM,cleaned,4,2,10,226,0,6,1.0,0.9741379310344828,benchmark/data/new_experiments/blocks/dfs_timeout=60s__300steps__02052026/testing/fold4_numtrajs2_gtrate10/conflict_free_models/conflict_free_model_0/metrics.json,final_model
dfs_timeout=60s__300steps__02052026,60,1.0,02052026,PISAM,unclean,4,2,100,232,0,0,1.0,1.0,benchmark/data/new_experiments/blocks/dfs_timeout=60s__300steps__02052026/testing/fold4_numtrajs2_gtrate100/conflict_free_models/conflict_free_model_0/metrics.json,final_model
dfs_timeout=60s__300steps__02052026,60,1.0,02052026,PISAM,cleaned,4,2,100,232,0,0,1.0,1.0,benchmark/data/new_experiments/blocks/dfs_timeout=60s__300steps__02052026/testing/fold4_numtrajs2_gtrate100/conflict_free_models/conflict_free_model_0/metrics.json,final_model
dfs_timeout=60s__300steps__02052026,60,1.0,02052026,PISAM,unclean,4,2,25,232,0,0,1.0,1.0,benchmark/data/new_experiments/blocks/dfs_timeout=60s__300steps__02052026/testing/fold4_numtrajs2_gtrate25/conflict_free_models/conflict_free_model_0/metrics.json,final_model
dfs_timeout=60s__300steps__02052026,60,1.0,02052026,PISAM,cleaned,4,2,25,228,0,4,1.0,0.9827586206896551,benchmark/data/new_experiments/blocks/dfs_timeout=60s__300steps__02052026/testing/fold4_numtrajs2_gtrate25/conflict_free_models/conflict_free_model_0/metrics.json,final_model
dfs_timeout=60s__300steps__02052026,60,1.0,02052026,PISAM,unclean,4,2,50,232,0,0,1.0,1.0,benchmark/data/new_experiments/blocks/dfs_timeout=60s__300steps__02052026/testing/fold4_numtrajs2_gtrate50/conflict_free_models/conflict_free_model_0/metrics.json,final_model
dfs_timeout=60s__300steps__02052026,60,1.0,02052026,PISAM,cleaned,4,2,50,231,0,1,1.0,0.9956896551724138,benchmark/data/new_experiments/blocks/dfs_timeout=60s__300steps__02052026/testing/fold4_numtrajs2_gtrate50/conflict_free_models/conflict_free_model_0/metrics.json,final_model
dfs_timeout=60s__300steps__02052026,60,1.0,02052026,PISAM,unclean,4,2,75,232,0,0,1.0,1.0,benchmark/data/new_experiments/blocks/dfs_timeout=60s__300steps__02052026/testing/fold4_numtrajs2_gtrate75/conflict_free_models/conflict_free_model_0/metrics.json,final_model
dfs_timeout=60s__300steps__02052026,60,1.0,02052026,PISAM,cleaned,4,2,75,232,0,0,1.0,1.0,benchmark/data/new_experiments/blocks/dfs_timeout=60s__300steps__02052026/testing/fold4_numtrajs2_gtrate75/conflict_free_models/conflict_free_model_0/metrics.json,final_model
dfs_timeout=60s__300steps__02052026,60,1.0,02052026,PISAM,unclean,4,3,0,261,53,44,0.8312101910828026,0.8557377049180328,benchmark/data/new_experiments/blocks/dfs_timeout=60s__300steps__02052026/testing/fold4_numtrajs3_gtrate0/conflict_free_models/final_model/metrics.json,final_model
dfs_timeout=60s__300steps__02052026,60,1.0,02052026,PISAM,cleaned,4,3,0,252,60,53,0.8076923076923077,0.8262295081967214,benchmark/data/new_experiments/blocks/dfs_timeout=60s__300steps__02052026/testing/fold4_numtrajs3_gtrate0/conflict_free_models/final_model/metrics.json,final_model
dfs_timeout=60s__300steps__02052026,60,1.0,02052026,PISAM,unclean,4,3,10,305,0,0,1.0,1.0,benchmark/data/new_experiments/blocks/dfs_timeout=60s__300steps__02052026/testing/fold4_numtrajs3_gtrate10/conflict_free_models/conflict_free_model_0/metrics.json,final_model
dfs_timeout=60s__300steps__02052026,60,1.0,02052026,PISAM,cleaned,4,3,10,299,0,6,1.0,0.980327868852459,benchmark/data/new_experiments/blocks/dfs_timeout=60s__300steps__02052026/testing/fold4_numtrajs3_gtrate10/conflict_free_models/conflict_free_model_0/metrics.json,final_model
dfs_timeout=60s__300steps__02052026,60,1.0,02052026,PISAM,unclean,4,3,100,305,0,0,1.0,1.0,benchmark/data/new_experiments/blocks/dfs_timeout=60s__300steps__02052026/testing/fold4_numtrajs3_gtrate100/conflict_free_models/conflict_free_model_0/metrics.json,final_model
dfs_timeout=60s__300steps__02052026,60,1.0,02052026,PISAM,cleaned,4,3,100,305,0,0,1.0,1.0,benchmark/data/new_experiments/blocks/dfs_timeout=60s__300steps__02052026/testing/fold4_numtrajs3_gtrate100/conflict_free_models/conflict_free_model_0/metrics.json,final_model
dfs_timeout=60s__300steps__02052026,60,1.0,02052026,PISAM,unclean,4,3,25,305,0,0,1.0,1.0,benchmark/data/new_experiments/blocks/dfs_timeout=60s__300steps__02052026/testing/fold4_numtrajs3_gtrate25/conflict_free_models/conflict_free_model_0/metrics.json,final_model
dfs_timeout=60s__300steps__02052026,60,1.0,02052026,PISAM,cleaned,4,3,25,301,0,4,1.0,0.9868852459016394,benchmark/data/new_experiments/blocks/dfs_timeout=60s__300steps__02052026/testing/fold4_numtrajs3_gtrate25/conflict_free_models/conflict_free_model_0/metrics.json,final_model
dfs_timeout=60s__300steps__02052026,60,1.0,02052026,PISAM,unclean,4,3,50,305,0,0,1.0,1.0,benchmark/data/new_experiments/blocks/dfs_timeout=60s__300steps__02052026/testing/fold4_numtrajs3_gtrate50/conflict_free_models/conflict_free_model_0/metrics.json,final_model
dfs_timeout=60s__300steps__02052026,60,1.0,02052026,PISAM,cleaned,4,3,50,304,0,1,1.0,0.9967213114754099,benchmark/data/new_experiments/blocks/dfs_timeout=60s__300steps__02052026/testing/fold4_numtrajs3_gtrate50/conflict_free_models/conflict_free_model_0/metrics.json,final_model
dfs_timeout=60s__300steps__02052026,60,1.0,02052026,PISAM,unclean,4,3,75,305,0,0,1.0,1.0,benchmark/data/new_experiments/blocks/dfs_timeout=60s__300steps__02052026/testing/fold4_numtrajs3_gtrate75/conflict_free_models/conflict_free_model_0/metrics.json,final_model
dfs_timeout=60s__300steps__02052026,60,1.0,02052026,PISAM,cleaned,4,3,75,305,0,0,1.0,1.0,benchmark/data/new_experiments/blocks/dfs_timeout=60s__300steps__02052026/testing/fold4_numtrajs3_gtrate75/conflict_free_models/conflict_free_model_0/metrics.json,final_model
dfs_timeout=60s__300steps__02052026,60,1.0,02052026,PISAM,unclean,4,4,0,419,100,81,0.8073217726396917,0.838,benchmark/data/new_experiments/blocks/dfs_timeout=60s__300steps__02052026/testing/fold4_numtrajs4_gtrate0/conflict_free_models/final_model/metrics.json,final_model
dfs_timeout=60s__300steps__02052026,60,1.0,02052026,PISAM,cleaned,4,4,0,412,109,88,0.7907869481765835,0.824,benchmark/data/new_experiments/blocks/dfs_timeout=60s__300steps__02052026/testing/fold4_numtrajs4_gtrate0/conflict_free_models/final_model/metrics.json,final_model
dfs_timeout=60s__300steps__02052026,60,1.0,02052026,PISAM,unclean,4,4,10,500,0,0,1.0,1.0,benchmark/data/new_experiments/blocks/dfs_timeout=60s__300steps__02052026/testing/fold4_numtrajs4_gtrate10/conflict_free_models/conflict_free_model_0/metrics.json,final_model
dfs_timeout=60s__300steps__02052026,60,1.0,02052026,PISAM,cleaned,4,4,10,490,0,10,1.0,0.98,benchmark/data/new_experiments/blocks/dfs_timeout=60s__300steps__02052026/testing/fold4_numtrajs4_gtrate10/conflict_free_models/conflict_free_model_0/metrics.json,final_model
dfs_timeout=60s__300steps__02052026,60,1.0,02052026,PISAM,unclean,4,4,100,500,0,0,1.0,1.0,benchmark/data/new_experiments/blocks/dfs_timeout=60s__300steps__02052026/testing/fold4_numtrajs4_gtrate100/conflict_free_models/conflict_free_model_0/metrics.json,final_model
dfs_timeout=60s__300steps__02052026,60,1.0,02052026,PISAM,cleaned,4,4,100,500,0,0,1.0,1.0,benchmark/data/new_experiments/blocks/dfs_timeout=60s__300steps__02052026/testing/fold4_numtrajs4_gtrate100/conflict_free_models/conflict_free_model_0/metrics.json,final_model
dfs_timeout=60s__300steps__02052026,60,1.0,02052026,PISAM,unclean,4,4,25,500,0,0,1.0,1.0,benchmark/data/new_experiments/blocks/dfs_timeout=60s__300steps__02052026/testing/fold4_numtrajs4_gtrate25/conflict_free_models/conflict_free_model_0/metrics.json,final_model
dfs_timeout=60s__300steps__02052026,60,1.0,02052026,PISAM,cleaned,4,4,25,494,0,6,1.0,0.988,benchmark/data/new_experiments/blocks/dfs_timeout=60s__300steps__02052026/testing/fold4_numtrajs4_gtrate25/conflict_free_models/conflict_free_model_0/metrics.json,final_model
dfs_timeout=60s__300steps__02052026,60,1.0,02052026,PISAM,unclean,4,4,50,500,0,0,1.0,1.0,benchmark/data/new_experiments/blocks/dfs_timeout=60s__300steps__02052026/testing/fold4_numtrajs4_gtrate50/conflict_free_models/conflict_free_model_0/metrics.json,final_model
dfs_timeout=60s__300steps__02052026,60,1.0,02052026,PISAM,cleaned,4,4,50,498,0,2,1.0,0.996,benchmark/data/new_experiments/blocks/dfs_timeout=60s__300steps__02052026/testing/fold4_numtrajs4_gtrate50/conflict_free_models/conflict_free_model_0/metrics.json,final_model
dfs_timeout=60s__300steps__02052026,60,1.0,02052026,PISAM,unclean,4,4,75,500,0,0,1.0,1.0,benchmark/data/new_experiments/blocks/dfs_timeout=60s__300steps__02052026/testing/fold4_numtrajs4_gtrate75/conflict_free_models/conflict_free_model_0/metrics.json,final_model
dfs_timeout=60s__300steps__02052026,60,1.0,02052026,PISAM,cleaned,4,4,75,500,0,0,1.0,1.0,benchmark/data/new_experiments/blocks/dfs_timeout=60s__300steps__02052026/testing/fold4_numtrajs4_gtrate75/conflict_free_models/conflict_free_model_0/metrics.json,final_model
dfs_timeout=60s__300steps__02052026,60,1.0,02052026,PISAM,unclean,4,5,0,467,102,81,0.820738137082601,0.8521897810218978,benchmark/data/new_experiments/blocks/dfs_timeout=60s__300steps__02052026/testing/fold4_numtrajs5_gtrate0/conflict_free_models/final_model/metrics.json,final_model
dfs_timeout=60s__300steps__02052026,60,1.0,02052026,PISAM,cleaned,4,5,0,415,98,133,0.8089668615984406,0.7572992700729927,benchmark/data/new_experiments/blocks/dfs_timeout=60s__300steps__02052026/testing/fold4_numtrajs5_gtrate0/conflict_free_models/final_model/metrics.json,final_model
dfs_timeout=60s__300steps__02052026,60,1.0,02052026,PISAM,unclean,4,5,10,548,0,0,1.0,1.0,benchmark/data/new_experiments/blocks/dfs_timeout=60s__300steps__02052026/testing/fold4_numtrajs5_gtrate10/conflict_free_models/conflict_free_model_0/metrics.json,final_model
dfs_timeout=60s__300steps__02052026,60,1.0,02052026,PISAM,cleaned,4,5,10,538,0,10,1.0,0.9817518248175182,benchmark/data/new_experiments/blocks/dfs_timeout=60s__300steps__02052026/testing/fold4_numtrajs5_gtrate10/conflict_free_models/conflict_free_model_0/metrics.json,final_model
dfs_timeout=60s__300steps__02052026,60,1.0,02052026,PISAM,unclean,4,5,100,548,0,0,1.0,1.0,benchmark/data/new_experiments/blocks/dfs_timeout=60s__300steps__02052026/testing/fold4_numtrajs5_gtrate100/conflict_free_models/conflict_free_model_0/metrics.json,final_model
dfs_timeout=60s__300steps__02052026,60,1.0,02052026,PISAM,cleaned,4,5,100,548,0,0,1.0,1.0,benchmark/data/new_experiments/blocks/dfs_timeout=60s__300steps__02052026/testing/fold4_numtrajs5_gtrate100/conflict_free_models/conflict_free_model_0/metrics.json,final_model
dfs_timeout=60s__300steps__02052026,60,1.0,02052026,PISAM,unclean,4,5,25,548,0,0,1.0,1.0,benchmark/data/new_experiments/blocks/dfs_timeout=60s__300steps__02052026/testing/fold4_numtrajs5_gtrate25/conflict_free_models/conflict_free_model_0/metrics.json,final_model
dfs_timeout=60s__300steps__02052026,60,1.0,02052026,PISAM,cleaned,4,5,25,542,0,6,1.0,0.9890510948905109,benchmark/data/new_experiments/blocks/dfs_timeout=60s__300steps__02052026/testing/fold4_numtrajs5_gtrate25/conflict_free_models/conflict_free_model_0/metrics.json,final_model
dfs_timeout=60s__300steps__02052026,60,1.0,02052026,PISAM,unclean,4,5,50,548,0,0,1.0,1.0,benchmark/data/new_experiments/blocks/dfs_timeout=60s__300steps__02052026/testing/fold4_numtrajs5_gtrate50/conflict_free_models/conflict_free_model_0/metrics.json,final_model
dfs_timeout=60s__300steps__02052026,60,1.0,02052026,PISAM,cleaned,4,5,50,546,0,2,1.0,0.9963503649635036,benchmark/data/new_experiments/blocks/dfs_timeout=60s__300steps__02052026/testing/fold4_numtrajs5_gtrate50/conflict_free_models/conflict_free_model_0/metrics.json,final_model
dfs_timeout=60s__300steps__02052026,60,1.0,02052026,PISAM,unclean,4,5,75,548,0,0,1.0,1.0,benchmark/data/new_experiments/blocks/dfs_timeout=60s__300steps__02052026/testing/fold4_numtrajs5_gtrate75/conflict_free_models/conflict_free_model_0/metrics.json,final_model
dfs_timeout=60s__300steps__02052026,60,1.0,02052026,PISAM,cleaned,4,5,75,548,0,0,1.0,1.0,benchmark/data/new_experiments/blocks/dfs_timeout=60s__300steps__02052026/testing/fold4_numtrajs5_gtrate75/conflict_free_models/conflict_free_model_0/metrics.json,final_model
dfs_timeout=60s__300steps__02052026,60,1.0,02052026,PISAM,unclean,4,6,0,519,111,89,0.8238095238095238,0.8536184210526315,benchmark/data/new_experiments/blocks/dfs_timeout=60s__300steps__02052026/testing/fold4_numtrajs6_gtrate0/conflict_free_models/final_model/metrics.json,final_model
dfs_timeout=60s__300steps__02052026,60,1.0,02052026,PISAM,cleaned,4,6,0,488,135,120,0.78330658105939,0.8026315789473685,benchmark/data/new_experiments/blocks/dfs_timeout=60s__300steps__02052026/testing/fold4_numtrajs6_gtrate0/conflict_free_models/final_model/metrics.json,final_model
dfs_timeout=60s__300steps__02052026,60,1.0,02052026,PISAM,unclean,4,6,10,608,0,0,1.0,1.0,benchmark/data/new_experiments/blocks/dfs_timeout=60s__300steps__02052026/testing/fold4_numtrajs6_gtrate10/conflict_free_models/conflict_free_model_0/metrics.json,final_model
dfs_timeout=60s__300steps__02052026,60,1.0,02052026,PISAM,cleaned,4,6,10,598,0,10,1.0,0.9835526315789473,benchmark/data/new_experiments/blocks/dfs_timeout=60s__300steps__02052026/testing/fold4_numtrajs6_gtrate10/conflict_free_models/conflict_free_model_0/metrics.json,final_model
dfs_timeout=60s__300steps__02052026,60,1.0,02052026,PISAM,unclean,4,6,100,608,0,0,1.0,1.0,benchmark/data/new_experiments/blocks/dfs_timeout=60s__300steps__02052026/testing/fold4_numtrajs6_gtrate100/conflict_free_models/conflict_free_model_0/metrics.json,final_model
dfs_timeout=60s__300steps__02052026,60,1.0,02052026,PISAM,cleaned,4,6,100,608,0,0,1.0,1.0,benchmark/data/new_experiments/blocks/dfs_timeout=60s__300steps__02052026/testing/fold4_numtrajs6_gtrate100/conflict_free_models/conflict_free_model_0/metrics.json,final_model
dfs_timeout=60s__300steps__02052026,60,1.0,02052026,PISAM,unclean,4,6,25,608,0,0,1.0,1.0,benchmark/data/new_experiments/blocks/dfs_timeout=60s__300steps__02052026/testing/fold4_numtrajs6_gtrate25/conflict_free_models/conflict_free_model_0/metrics.json,final_model
dfs_timeout=60s__300steps__02052026,60,1.0,02052026,PISAM,cleaned,4,6,25,602,0,6,1.0,0.9901315789473685,benchmark/data/new_experiments/blocks/dfs_timeout=60s__300steps__02052026/testing/fold4_numtrajs6_gtrate25/conflict_free_models/conflict_free_model_0/metrics.json,final_model
dfs_timeout=60s__300steps__02052026,60,1.0,02052026,PISAM,unclean,4,6,50,608,0,0,1.0,1.0,benchmark/data/new_experiments/blocks/dfs_timeout=60s__300steps__02052026/testing/fold4_numtrajs6_gtrate50/conflict_free_models/conflict_free_model_0/metrics.json,final_model
dfs_timeout=60s__300steps__02052026,60,1.0,02052026,PISAM,cleaned,4,6,50,606,0,2,1.0,0.9967105263157895,benchmark/data/new_experiments/blocks/dfs_timeout=60s__300steps__02052026/testing/fold4_numtrajs6_gtrate50/conflict_free_models/conflict_free_model_0/metrics.json,final_model
dfs_timeout=60s__300steps__02052026,60,1.0,02052026,PISAM,unclean,4,6,75,608,0,0,1.0,1.0,benchmark/data/new_experiments/blocks/dfs_timeout=60s__300steps__02052026/testing/fold4_numtrajs6_gtrate75/conflict_free_models/conflict_free_model_0/metrics.json,final_model
dfs_timeout=60s__300steps__02052026,60,1.0,02052026,PISAM,cleaned,4,6,75,608,0,0,1.0,1.0,benchmark/data/new_experiments/blocks/dfs_timeout=60s__300steps__02052026/testing/fold4_numtrajs6_gtrate75/conflict_free_models/conflict_free_model_0/metrics.json,final_model
dfs_timeout=60s__300steps__02052026,60,1.0,02052026,PISAM,unclean,4,7,0,641,169,125,0.7913580246913581,0.8368146214099217,benchmark/data/new_experiments/blocks/dfs_timeout=60s__300steps__02052026/testing/fold4_numtrajs7_gtrate0/conflict_free_models/final_model/metrics.json,final_model
dfs_timeout=60s__300steps__02052026,60,1.0,02052026,PISAM,cleaned,4,7,0,644,262,122,0.7108167770419426,0.8407310704960835,benchmark/data/new_experiments/blocks/dfs_timeout=60s__300steps__02052026/testing/fold4_numtrajs7_gtrate0/conflict_free_models/final_model/metrics.json,final_model
dfs_timeout=60s__300steps__02052026,60,1.0,02052026,PISAM,unclean,4,7,10,766,0,0,1.0,1.0,benchmark/data/new_experiments/blocks/dfs_timeout=60s__300steps__02052026/testing/fold4_numtrajs7_gtrate10/conflict_free_models/conflict_free_model_0/metrics.json,final_model
dfs_timeout=60s__300steps__02052026,60,1.0,02052026,PISAM,cleaned,4,7,10,754,0,12,1.0,0.9843342036553525,benchmark/data/new_experiments/blocks/dfs_timeout=60s__300steps__02052026/testing/fold4_numtrajs7_gtrate10/conflict_free_models/conflict_free_model_0/metrics.json,final_model
dfs_timeout=60s__300steps__02052026,60,1.0,02052026,PISAM,unclean,4,7,100,766,0,0,1.0,1.0,benchmark/data/new_experiments/blocks/dfs_timeout=60s__300steps__02052026/testing/fold4_numtrajs7_gtrate100/conflict_free_models/conflict_free_model_0/metrics.json,final_model
dfs_timeout=60s__300steps__02052026,60,1.0,02052026,PISAM,cleaned,4,7,100,766,0,0,1.0,1.0,benchmark/data/new_experiments/blocks/dfs_timeout=60s__300steps__02052026/testing/fold4_numtrajs7_gtrate100/conflict_free_models/conflict_free_model_0/metrics.json,final_model
dfs_timeout=60s__300steps__02052026,60,1.0,02052026,PISAM,unclean,4,7,25,766,0,0,1.0,1.0,benchmark/data/new_experiments/blocks/dfs_timeout=60s__300steps__02052026/testing/fold4_numtrajs7_gtrate25/conflict_free_models/conflict_free_model_0/metrics.json,final_model
dfs_timeout=60s__300steps__02052026,60,1.0,02052026,PISAM,cleaned,4,7,25,758,0,8,1.0,0.9895561357702349,benchmark/data/new_experiments/blocks/dfs_timeout=60s__300steps__02052026/testing/fold4_numtrajs7_gtrate25/conflict_free_models/conflict_free_model_0/metrics.json,final_model
dfs_timeout=60s__300steps__02052026,60,1.0,02052026,PISAM,unclean,4,7,50,766,0,0,1.0,1.0,benchmark/data/new_experiments/blocks/dfs_timeout=60s__300steps__02052026/testing/fold4_numtrajs7_gtrate50/conflict_free_models/conflict_free_model_0/metrics.json,final_model
dfs_timeout=60s__300steps__02052026,60,1.0,02052026,PISAM,cleaned,4,7,50,763,0,3,1.0,0.9960835509138382,benchmark/data/new_experiments/blocks/dfs_timeout=60s__300steps__02052026/testing/fold4_numtrajs7_gtrate50/conflict_free_models/conflict_free_model_0/metrics.json,final_model
dfs_timeout=60s__300steps__02052026,60,1.0,02052026,PISAM,unclean,4,7,75,766,0,0,1.0,1.0,benchmark/data/new_experiments/blocks/dfs_timeout=60s__300steps__02052026/testing/fold4_numtrajs7_gtrate75/conflict_free_models/conflict_free_model_0/metrics.json,final_model
dfs_timeout=60s__300steps__02052026,60,1.0,02052026,PISAM,cleaned,4,7,75,765,0,1,1.0,0.9986945169712794,benchmark/data/new_experiments/blocks/dfs_timeout=60s__300steps__02052026/testing/fold4_numtrajs7_gtrate75/conflict_free_models/conflict_free_model_0/metrics.json,final_model
dfs_timeout=60s__300steps__02052026,60,1.0,02052026,PISAM,unclean,4,8,0,688,175,133,0.7972190034762456,0.8380024360535931,benchmark/data/new_experiments/blocks/dfs_timeout=60s__300steps__02052026/testing/fold4_numtrajs8_gtrate0/conflict_free_models/final_model/metrics.json,final_model
dfs_timeout=60s__300steps__02052026,60,1.0,02052026,PISAM,cleaned,4,8,0,696,211,125,0.7673649393605292,0.8477466504263094,benchmark/data/new_experiments/blocks/dfs_timeout=60s__300steps__02052026/testing/fold4_numtrajs8_gtrate0/conflict_free_models/final_model/metrics.json,final_model
dfs_timeout=60s__300steps__02052026,60,1.0,02052026,PISAM,unclean,4,8,10,821,0,0,1.0,1.0,benchmark/data/new_experiments/blocks/dfs_timeout=60s__300steps__02052026/testing/fold4_numtrajs8_gtrate10/conflict_free_models/conflict_free_model_0/metrics.json,final_model
dfs_timeout=60s__300steps__02052026,60,1.0,02052026,PISAM,cleaned,4,8,10,809,0,12,1.0,0.9853836784409257,benchmark/data/new_experiments/blocks/dfs_timeout=60s__300steps__02052026/testing/fold4_numtrajs8_gtrate10/conflict_free_models/conflict_free_model_0/metrics.json,final_model
dfs_timeout=60s__300steps__02052026,60,1.0,02052026,PISAM,unclean,4,8,100,821,0,0,1.0,1.0,benchmark/data/new_experiments/blocks/dfs_timeout=60s__300steps__02052026/testing/fold4_numtrajs8_gtrate100/conflict_free_models/conflict_free_model_0/metrics.json,final_model
dfs_timeout=60s__300steps__02052026,60,1.0,02052026,PISAM,cleaned,4,8,100,821,0,0,1.0,1.0,benchmark/data/new_experiments/blocks/dfs_timeout=60s__300steps__02052026/testing/fold4_numtrajs8_gtrate100/conflict_free_models/conflict_free_model_0/metrics.json,final_model
dfs_timeout=60s__300steps__02052026,60,1.0,02052026,PISAM,unclean,4,8,25,821,0,0,1.0,1.0,benchmark/data/new_experiments/blocks/dfs_timeout=60s__300steps__02052026/testing/fold4_numtrajs8_gtrate25/conflict_free_models/conflict_free_model_0/metrics.json,final_model
dfs_timeout=60s__300steps__02052026,60,1.0,02052026,PISAM,cleaned,4,8,25,813,0,8,1.0,0.9902557856272838,benchmark/data/new_experiments/blocks/dfs_timeout=60s__300steps__02052026/testing/fold4_numtrajs8_gtrate25/conflict_free_models/conflict_free_model_0/metrics.json,final_model
dfs_timeout=60s__300steps__02052026,60,1.0,02052026,PISAM,unclean,4,8,50,821,0,0,1.0,1.0,benchmark/data/new_experiments/blocks/dfs_timeout=60s__300steps__02052026/testing/fold4_numtrajs8_gtrate50/conflict_free_models/conflict_free_model_0/metrics.json,final_model
dfs_timeout=60s__300steps__02052026,60,1.0,02052026,PISAM,cleaned,4,8,50,818,0,3,1.0,0.9963459196102314,benchmark/data/new_experiments/blocks/dfs_timeout=60s__300steps__02052026/testing/fold4_numtrajs8_gtrate50/conflict_free_models/conflict_free_model_0/metrics.json,final_model
dfs_timeout=60s__300steps__02052026,60,1.0,02052026,PISAM,unclean,4,8,75,821,0,0,1.0,1.0,benchmark/data/new_experiments/blocks/dfs_timeout=60s__300steps__02052026/testing/fold4_numtrajs8_gtrate75/conflict_free_models/conflict_free_model_0/metrics.json,final_model
dfs_timeout=60s__300steps__02052026,60,1.0,02052026,PISAM,cleaned,4,8,75,820,0,1,1.0,0.9987819732034104,benchmark/data/new_experiments/blocks/dfs_timeout=60s__300steps__02052026/testing/fold4_numtrajs8_gtrate75/conflict_free_models/conflict_free_model_0/metrics.json,final_model
dfs_timeout=60s__300steps__28042026,60,0.0,28042026,PISAM,unclean,0,1,0,70,4,3,0.9459459459459459,0.958904109589041,benchmark/data/new_experiments/blocks/dfs_timeout=60s__300steps__28042026/testing/fold0_numtrajs1_gtrate0/conflict_free_models/conflict_free_model_0/metrics.json,final_model
dfs_timeout=60s__300steps__28042026,60,0.0,28042026,PISAM,cleaned,0,1,0,73,5,0,0.9358974358974359,1.0,benchmark/data/new_experiments/blocks/dfs_timeout=60s__300steps__28042026/testing/fold0_numtrajs1_gtrate0/conflict_free_models/conflict_free_model_0/metrics.json,final_model
dfs_timeout=60s__300steps__28042026,60,0.0,28042026,PISAM,unclean,0,1,10,73,0,0,1.0,1.0,benchmark/data/new_experiments/blocks/dfs_timeout=60s__300steps__28042026/testing/fold0_numtrajs1_gtrate10/conflict_free_models/conflict_free_model_0/metrics.json,final_model
dfs_timeout=60s__300steps__28042026,60,0.0,28042026,PISAM,cleaned,0,1,10,73,0,0,1.0,1.0,benchmark/data/new_experiments/blocks/dfs_timeout=60s__300steps__28042026/testing/fold0_numtrajs1_gtrate10/conflict_free_models/conflict_free_model_0/metrics.json,final_model
dfs_timeout=60s__300steps__28042026,60,0.0,28042026,PISAM,unclean,0,1,100,73,0,0,1.0,1.0,benchmark/data/new_experiments/blocks/dfs_timeout=60s__300steps__28042026/testing/fold0_numtrajs1_gtrate100/conflict_free_models/conflict_free_model_0/metrics.json,final_model
dfs_timeout=60s__300steps__28042026,60,0.0,28042026,PISAM,cleaned,0,1,100,73,0,0,1.0,1.0,benchmark/data/new_experiments/blocks/dfs_timeout=60s__300steps__28042026/testing/fold0_numtrajs1_gtrate100/conflict_free_models/conflict_free_model_0/metrics.json,final_model
dfs_timeout=60s__300steps__28042026,60,0.0,28042026,PISAM,unclean,0,1,25,73,0,0,1.0,1.0,benchmark/data/new_experiments/blocks/dfs_timeout=60s__300steps__28042026/testing/fold0_numtrajs1_gtrate25/conflict_free_models/conflict_free_model_0/metrics.json,final_model
dfs_timeout=60s__300steps__28042026,60,0.0,28042026,PISAM,cleaned,0,1,25,73,0,0,1.0,1.0,benchmark/data/new_experiments/blocks/dfs_timeout=60s__300steps__28042026/testing/fold0_numtrajs1_gtrate25/conflict_free_models/conflict_free_model_0/metrics.json,final_model
dfs_timeout=60s__300steps__28042026,60,0.0,28042026,PISAM,unclean,0,1,50,73,0,0,1.0,1.0,benchmark/data/new_experiments/blocks/dfs_timeout=60s__300steps__28042026/testing/fold0_numtrajs1_gtrate50/conflict_free_models/conflict_free_model_0/metrics.json,final_model
dfs_timeout=60s__300steps__28042026,60,0.0,28042026,PISAM,cleaned,0,1,50,73,0,0,1.0,1.0,benchmark/data/new_experiments/blocks/dfs_timeout=60s__300steps__28042026/testing/fold0_numtrajs1_gtrate50/conflict_free_models/conflict_free_model_0/metrics.json,final_model
dfs_timeout=60s__300steps__28042026,60,0.0,28042026,PISAM,unclean,0,1,75,73,0,0,1.0,1.0,benchmark/data/new_experiments/blocks/dfs_timeout=60s__300steps__28042026/testing/fold0_numtrajs1_gtrate75/conflict_free_models/conflict_free_model_0/metrics.json,final_model
dfs_timeout=60s__300steps__28042026,60,0.0,28042026,PISAM,cleaned,0,1,75,73,0,0,1.0,1.0,benchmark/data/new_experiments/blocks/dfs_timeout=60s__300steps__28042026/testing/fold0_numtrajs1_gtrate75/conflict_free_models/conflict_free_model_0/metrics.json,final_model
dfs_timeout=60s__300steps__28042026,60,0.0,28042026,PISAM,unclean,0,2,0,197,32,29,0.8602620087336245,0.8716814159292036,benchmark/data/new_experiments/blocks/dfs_timeout=60s__300steps__28042026/testing/fold0_numtrajs2_gtrate0/conflict_free_models/conflict_free_model_0/metrics.json,final_model
dfs_timeout=60s__300steps__28042026,60,0.0,28042026,PISAM,cleaned,0,2,0,210,40,16,0.84,0.9292035398230089,benchmark/data/new_experiments/blocks/dfs_timeout=60s__300steps__28042026/testing/fold0_numtrajs2_gtrate0/conflict_free_models/conflict_free_model_0/metrics.json,final_model
dfs_timeout=60s__300steps__28042026,60,0.0,28042026,PISAM,unclean,0,2,10,226,0,0,1.0,1.0,benchmark/data/new_experiments/blocks/dfs_timeout=60s__300steps__28042026/testing/fold0_numtrajs2_gtrate10/conflict_free_models/conflict_free_model_0/metrics.json,final_model
dfs_timeout=60s__300steps__28042026,60,0.0,28042026,PISAM,cleaned,0,2,10,221,0,5,1.0,0.9778761061946902,benchmark/data/new_experiments/blocks/dfs_timeout=60s__300steps__28042026/testing/fold0_numtrajs2_gtrate10/conflict_free_models/conflict_free_model_0/metrics.json,final_model
dfs_timeout=60s__300steps__28042026,60,0.0,28042026,PISAM,unclean,0,2,100,226,0,0,1.0,1.0,benchmark/data/new_experiments/blocks/dfs_timeout=60s__300steps__28042026/testing/fold0_numtrajs2_gtrate100/conflict_free_models/conflict_free_model_0/metrics.json,final_model
dfs_timeout=60s__300steps__28042026,60,0.0,28042026,PISAM,cleaned,0,2,100,226,0,0,1.0,1.0,benchmark/data/new_experiments/blocks/dfs_timeout=60s__300steps__28042026/testing/fold0_numtrajs2_gtrate100/conflict_free_models/conflict_free_model_0/metrics.json,final_model
dfs_timeout=60s__300steps__28042026,60,0.0,28042026,PISAM,unclean,0,2,25,226,0,0,1.0,1.0,benchmark/data/new_experiments/blocks/dfs_timeout=60s__300steps__28042026/testing/fold0_numtrajs2_gtrate25/conflict_free_models/conflict_free_model_0/metrics.json,final_model
dfs_timeout=60s__300steps__28042026,60,0.0,28042026,PISAM,cleaned,0,2,25,223,0,3,1.0,0.9867256637168141,benchmark/data/new_experiments/blocks/dfs_timeout=60s__300steps__28042026/testing/fold0_numtrajs2_gtrate25/conflict_free_models/conflict_free_model_0/metrics.json,final_model
dfs_timeout=60s__300steps__28042026,60,0.0,28042026,PISAM,unclean,0,2,50,226,0,0,1.0,1.0,benchmark/data/new_experiments/blocks/dfs_timeout=60s__300steps__28042026/testing/fold0_numtrajs2_gtrate50/conflict_free_models/conflict_free_model_0/metrics.json,final_model
dfs_timeout=60s__300steps__28042026,60,0.0,28042026,PISAM,cleaned,0,2,50,226,0,0,1.0,1.0,benchmark/data/new_experiments/blocks/dfs_timeout=60s__300steps__28042026/testing/fold0_numtrajs2_gtrate50/conflict_free_models/conflict_free_model_0/metrics.json,final_model
dfs_timeout=60s__300steps__28042026,60,0.0,28042026,PISAM,unclean,0,2,75,226,0,0,1.0,1.0,benchmark/data/new_experiments/blocks/dfs_timeout=60s__300steps__28042026/testing/fold0_numtrajs2_gtrate75/conflict_free_models/conflict_free_model_0/metrics.json,final_model
dfs_timeout=60s__300steps__28042026,60,0.0,28042026,PISAM,cleaned,0,2,75,226,0,0,1.0,1.0,benchmark/data/new_experiments/blocks/dfs_timeout=60s__300steps__28042026/testing/fold0_numtrajs2_gtrate75/conflict_free_models/conflict_free_model_0/metrics.json,final_model
dfs_timeout=60s__300steps__28042026,60,0.0,28042026,PISAM,unclean,0,3,0,283,41,33,0.8734567901234568,0.8955696202531646,benchmark/data/new_experiments/blocks/dfs_timeout=60s__300steps__28042026/testing/fold0_numtrajs3_gtrate0/conflict_free_models/conflict_free_model_0/metrics.json,final_model
dfs_timeout=60s__300steps__28042026,60,0.0,28042026,PISAM,cleaned,0,3,0,300,42,16,0.8771929824561403,0.9493670886075949,benchmark/data/new_experiments/blocks/dfs_timeout=60s__300steps__28042026/testing/fold0_numtrajs3_gtrate0/conflict_free_models/conflict_free_model_0/metrics.json,final_model
dfs_timeout=60s__300steps__28042026,60,0.0,28042026,PISAM,unclean,0,3,10,316,0,0,1.0,1.0,benchmark/data/new_experiments/blocks/dfs_timeout=60s__300steps__28042026/testing/fold0_numtrajs3_gtrate10/conflict_free_models/conflict_free_model_0/metrics.json,final_model
dfs_timeout=60s__300steps__28042026,60,0.0,28042026,PISAM,cleaned,0,3,10,311,0,5,1.0,0.9841772151898734,benchmark/data/new_experiments/blocks/dfs_timeout=60s__300steps__28042026/testing/fold0_numtrajs3_gtrate10/conflict_free_models/conflict_free_model_0/metrics.json,final_model
dfs_timeout=60s__300steps__28042026,60,0.0,28042026,PISAM,unclean,0,3,100,316,0,0,1.0,1.0,benchmark/data/new_experiments/blocks/dfs_timeout=60s__300steps__28042026/testing/fold0_numtrajs3_gtrate100/conflict_free_models/conflict_free_model_0/metrics.json,final_model
dfs_timeout=60s__300steps__28042026,60,0.0,28042026,PISAM,cleaned,0,3,100,316,0,0,1.0,1.0,benchmark/data/new_experiments/blocks/dfs_timeout=60s__300steps__28042026/testing/fold0_numtrajs3_gtrate100/conflict_free_models/conflict_free_model_0/metrics.json,final_model
dfs_timeout=60s__300steps__28042026,60,0.0,28042026,PISAM,unclean,0,3,25,316,0,0,1.0,1.0,benchmark/data/new_experiments/blocks/dfs_timeout=60s__300steps__28042026/testing/fold0_numtrajs3_gtrate25/conflict_free_models/conflict_free_model_0/metrics.json,final_model
dfs_timeout=60s__300steps__28042026,60,0.0,28042026,PISAM,cleaned,0,3,25,313,0,3,1.0,0.990506329113924,benchmark/data/new_experiments/blocks/dfs_timeout=60s__300steps__28042026/testing/fold0_numtrajs3_gtrate25/conflict_free_models/conflict_free_model_0/metrics.json,final_model
dfs_timeout=60s__300steps__28042026,60,0.0,28042026,PISAM,unclean,0,3,50,316,0,0,1.0,1.0,benchmark/data/new_experiments/blocks/dfs_timeout=60s__300steps__28042026/testing/fold0_numtrajs3_gtrate50/conflict_free_models/conflict_free_model_0/metrics.json,final_model
dfs_timeout=60s__300steps__28042026,60,0.0,28042026,PISAM,cleaned,0,3,50,316,0,0,1.0,1.0,benchmark/data/new_experiments/blocks/dfs_timeout=60s__300steps__28042026/testing/fold0_numtrajs3_gtrate50/conflict_free_models/conflict_free_model_0/metrics.json,final_model
dfs_timeout=60s__300steps__28042026,60,0.0,28042026,PISAM,unclean,0,3,75,316,0,0,1.0,1.0,benchmark/data/new_experiments/blocks/dfs_timeout=60s__300steps__28042026/testing/fold0_numtrajs3_gtrate75/conflict_free_models/conflict_free_model_0/metrics.json,final_model
dfs_timeout=60s__300steps__28042026,60,0.0,28042026,PISAM,cleaned,0,3,75,316,0,0,1.0,1.0,benchmark/data/new_experiments/blocks/dfs_timeout=60s__300steps__28042026/testing/fold0_numtrajs3_gtrate75/conflict_free_models/conflict_free_model_0/metrics.json,final_model
dfs_timeout=60s__300steps__28042026,60,0.0,28042026,PISAM,unclean,0,4,0,335,50,41,0.8701298701298701,0.8909574468085106,benchmark/data/new_experiments/blocks/dfs_timeout=60s__300steps__28042026/testing/fold0_numtrajs4_gtrate0/conflict_free_models/conflict_free_model_0/metrics.json,final_model
dfs_timeout=60s__300steps__28042026,60,0.0,28042026,PISAM,cleaned,0,4,0,360,48,16,0.8823529411764706,0.9574468085106383,benchmark/data/new_experiments/blocks/dfs_timeout=60s__300steps__28042026/testing/fold0_numtrajs4_gtrate0/conflict_free_models/conflict_free_model_0/metrics.json,final_model
dfs_timeout=60s__300steps__28042026,60,0.0,28042026,PISAM,unclean,0,4,10,376,0,0,1.0,1.0,benchmark/data/new_experiments/blocks/dfs_timeout=60s__300steps__28042026/testing/fold0_numtrajs4_gtrate10/conflict_free_models/conflict_free_model_0/metrics.json,final_model
dfs_timeout=60s__300steps__28042026,60,0.0,28042026,PISAM,cleaned,0,4,10,371,0,5,1.0,0.9867021276595744,benchmark/data/new_experiments/blocks/dfs_timeout=60s__300steps__28042026/testing/fold0_numtrajs4_gtrate10/conflict_free_models/conflict_free_model_0/metrics.json,final_model
dfs_timeout=60s__300steps__28042026,60,0.0,28042026,PISAM,unclean,0,4,100,376,0,0,1.0,1.0,benchmark/data/new_experiments/blocks/dfs_timeout=60s__300steps__28042026/testing/fold0_numtrajs4_gtrate100/conflict_free_models/conflict_free_model_0/metrics.json,final_model
dfs_timeout=60s__300steps__28042026,60,0.0,28042026,PISAM,cleaned,0,4,100,376,0,0,1.0,1.0,benchmark/data/new_experiments/blocks/dfs_timeout=60s__300steps__28042026/testing/fold0_numtrajs4_gtrate100/conflict_free_models/conflict_free_model_0/metrics.json,final_model
dfs_timeout=60s__300steps__28042026,60,0.0,28042026,PISAM,unclean,0,4,25,376,0,0,1.0,1.0,benchmark/data/new_experiments/blocks/dfs_timeout=60s__300steps__28042026/testing/fold0_numtrajs4_gtrate25/conflict_free_models/conflict_free_model_0/metrics.json,final_model
dfs_timeout=60s__300steps__28042026,60,0.0,28042026,PISAM,cleaned,0,4,25,373,0,3,1.0,0.9920212765957447,benchmark/data/new_experiments/blocks/dfs_timeout=60s__300steps__28042026/testing/fold0_numtrajs4_gtrate25/conflict_free_models/conflict_free_model_0/metrics.json,final_model
dfs_timeout=60s__300steps__28042026,60,0.0,28042026,PISAM,unclean,0,4,50,376,0,0,1.0,1.0,benchmark/data/new_experiments/blocks/dfs_timeout=60s__300steps__28042026/testing/fold0_numtrajs4_gtrate50/conflict_free_models/conflict_free_model_0/metrics.json,final_model
dfs_timeout=60s__300steps__28042026,60,0.0,28042026,PISAM,cleaned,0,4,50,376,0,0,1.0,1.0,benchmark/data/new_experiments/blocks/dfs_timeout=60s__300steps__28042026/testing/fold0_numtrajs4_gtrate50/conflict_free_models/conflict_free_model_0/metrics.json,final_model
dfs_timeout=60s__300steps__28042026,60,0.0,28042026,PISAM,unclean,0,4,75,376,0,0,1.0,1.0,benchmark/data/new_experiments/blocks/dfs_timeout=60s__300steps__28042026/testing/fold0_numtrajs4_gtrate75/conflict_free_models/conflict_free_model_0/metrics.json,final_model
dfs_timeout=60s__300steps__28042026,60,0.0,28042026,PISAM,cleaned,0,4,75,376,0,0,1.0,1.0,benchmark/data/new_experiments/blocks/dfs_timeout=60s__300steps__28042026/testing/fold0_numtrajs4_gtrate75/conflict_free_models/conflict_free_model_0/metrics.json,final_model
dfs_timeout=60s__300steps__28042026,60,0.0,28042026,PISAM,unclean,0,5,0,382,56,49,0.8721461187214612,0.8863109048723898,benchmark/data/new_experiments/blocks/dfs_timeout=60s__300steps__28042026/testing/fold0_numtrajs5_gtrate0/conflict_free_models/conflict_free_model_0/metrics.json,final_model
dfs_timeout=60s__300steps__28042026,60,0.0,28042026,PISAM,cleaned,0,5,0,415,57,16,0.8792372881355932,0.962877030162413,benchmark/data/new_experiments/blocks/dfs_timeout=60s__300steps__28042026/testing/fold0_numtrajs5_gtrate0/conflict_free_models/conflict_free_model_0/metrics.json,final_model
dfs_timeout=60s__300steps__28042026,60,0.0,28042026,PISAM,unclean,0,5,10,431,0,0,1.0,1.0,benchmark/data/new_experiments/blocks/dfs_timeout=60s__300steps__28042026/testing/fold0_numtrajs5_gtrate10/conflict_free_models/conflict_free_model_0/metrics.json,final_model
dfs_timeout=60s__300steps__28042026,60,0.0,28042026,PISAM,cleaned,0,5,10,426,0,5,1.0,0.988399071925754,benchmark/data/new_experiments/blocks/dfs_timeout=60s__300steps__28042026/testing/fold0_numtrajs5_gtrate10/conflict_free_models/conflict_free_model_0/metrics.json,final_model
dfs_timeout=60s__300steps__28042026,60,0.0,28042026,PISAM,unclean,0,5,100,431,0,0,1.0,1.0,benchmark/data/new_experiments/blocks/dfs_timeout=60s__300steps__28042026/testing/fold0_numtrajs5_gtrate100/conflict_free_models/conflict_free_model_0/metrics.json,final_model
dfs_timeout=60s__300steps__28042026,60,0.0,28042026,PISAM,cleaned,0,5,100,431,0,0,1.0,1.0,benchmark/data/new_experiments/blocks/dfs_timeout=60s__300steps__28042026/testing/fold0_numtrajs5_gtrate100/conflict_free_models/conflict_free_model_0/metrics.json,final_model
dfs_timeout=60s__300steps__28042026,60,0.0,28042026,PISAM,unclean,0,5,25,431,0,0,1.0,1.0,benchmark/data/new_experiments/blocks/dfs_timeout=60s__300steps__28042026/testing/fold0_numtrajs5_gtrate25/conflict_free_models/conflict_free_model_0/metrics.json,final_model
dfs_timeout=60s__300steps__28042026,60,0.0,28042026,PISAM,cleaned,0,5,25,428,0,3,1.0,0.9930394431554525,benchmark/data/new_experiments/blocks/dfs_timeout=60s__300steps__28042026/testing/fold0_numtrajs5_gtrate25/conflict_free_models/conflict_free_model_0/metrics.json,final_model
dfs_timeout=60s__300steps__28042026,60,0.0,28042026,PISAM,unclean,0,5,50,431,0,0,1.0,1.0,benchmark/data/new_experiments/blocks/dfs_timeout=60s__300steps__28042026/testing/fold0_numtrajs5_gtrate50/conflict_free_models/conflict_free_model_0/metrics.json,final_model
dfs_timeout=60s__300steps__28042026,60,0.0,28042026,PISAM,cleaned,0,5,50,431,0,0,1.0,1.0,benchmark/data/new_experiments/blocks/dfs_timeout=60s__300steps__28042026/testing/fold0_numtrajs5_gtrate50/conflict_free_models/conflict_free_model_0/metrics.json,final_model
dfs_timeout=60s__300steps__28042026,60,0.0,28042026,PISAM,unclean,0,5,75,431,0,0,1.0,1.0,benchmark/data/new_experiments/blocks/dfs_timeout=60s__300steps__28042026/testing/fold0_numtrajs5_gtrate75/conflict_free_models/conflict_free_model_0/metrics.json,final_model
dfs_timeout=60s__300steps__28042026,60,0.0,28042026,PISAM,cleaned,0,5,75,431,0,0,1.0,1.0,benchmark/data/new_experiments/blocks/dfs_timeout=60s__300steps__28042026/testing/fold0_numtrajs5_gtrate75/conflict_free_models/conflict_free_model_0/metrics.json,final_model
dfs_timeout=60s__300steps__28042026,60,0.0,28042026,PISAM,unclean,0,6,0,540,103,86,0.8398133748055988,0.8626198083067093,benchmark/data/new_experiments/blocks/dfs_timeout=60s__300steps__28042026/testing/fold0_numtrajs6_gtrate0/conflict_free_models/final_model/metrics.json,final_model
dfs_timeout=60s__300steps__28042026,60,0.0,28042026,PISAM,cleaned,0,6,0,559,36,67,0.9394957983193277,0.8929712460063898,benchmark/data/new_experiments/blocks/dfs_timeout=60s__300steps__28042026/testing/fold0_numtrajs6_gtrate0/conflict_free_models/final_model/metrics.json,final_model
dfs_timeout=60s__300steps__28042026,60,0.0,28042026,PISAM,unclean,0,6,10,626,0,0,1.0,1.0,benchmark/data/new_experiments/blocks/dfs_timeout=60s__300steps__28042026/testing/fold0_numtrajs6_gtrate10/conflict_free_models/conflict_free_model_0/metrics.json,final_model
dfs_timeout=60s__300steps__28042026,60,0.0,28042026,PISAM,cleaned,0,6,10,617,0,9,1.0,0.9856230031948882,benchmark/data/new_experiments/blocks/dfs_timeout=60s__300steps__28042026/testing/fold0_numtrajs6_gtrate10/conflict_free_models/conflict_free_model_0/metrics.json,final_model
dfs_timeout=60s__300steps__28042026,60,0.0,28042026,PISAM,unclean,0,6,100,626,0,0,1.0,1.0,benchmark/data/new_experiments/blocks/dfs_timeout=60s__300steps__28042026/testing/fold0_numtrajs6_gtrate100/conflict_free_models/conflict_free_model_0/metrics.json,final_model
dfs_timeout=60s__300steps__28042026,60,0.0,28042026,PISAM,cleaned,0,6,100,626,0,0,1.0,1.0,benchmark/data/new_experiments/blocks/dfs_timeout=60s__300steps__28042026/testing/fold0_numtrajs6_gtrate100/conflict_free_models/conflict_free_model_0/metrics.json,final_model
dfs_timeout=60s__300steps__28042026,60,0.0,28042026,PISAM,unclean,0,6,25,626,0,0,1.0,1.0,benchmark/data/new_experiments/blocks/dfs_timeout=60s__300steps__28042026/testing/fold0_numtrajs6_gtrate25/conflict_free_models/conflict_free_model_0/metrics.json,final_model
dfs_timeout=60s__300steps__28042026,60,0.0,28042026,PISAM,cleaned,0,6,25,621,0,5,1.0,0.9920127795527156,benchmark/data/new_experiments/blocks/dfs_timeout=60s__300steps__28042026/testing/fold0_numtrajs6_gtrate25/conflict_free_models/conflict_free_model_0/metrics.json,final_model
dfs_timeout=60s__300steps__28042026,60,0.0,28042026,PISAM,unclean,0,6,50,626,0,0,1.0,1.0,benchmark/data/new_experiments/blocks/dfs_timeout=60s__300steps__28042026/testing/fold0_numtrajs6_gtrate50/conflict_free_models/conflict_free_model_0/metrics.json,final_model
dfs_timeout=60s__300steps__28042026,60,0.0,28042026,PISAM,cleaned,0,6,50,625,0,1,1.0,0.9984025559105432,benchmark/data/new_experiments/blocks/dfs_timeout=60s__300steps__28042026/testing/fold0_numtrajs6_gtrate50/conflict_free_models/conflict_free_model_0/metrics.json,final_model
dfs_timeout=60s__300steps__28042026,60,0.0,28042026,PISAM,unclean,0,6,75,626,0,0,1.0,1.0,benchmark/data/new_experiments/blocks/dfs_timeout=60s__300steps__28042026/testing/fold0_numtrajs6_gtrate75/conflict_free_models/conflict_free_model_0/metrics.json,final_model
dfs_timeout=60s__300steps__28042026,60,0.0,28042026,PISAM,cleaned,0,6,75,626,0,0,1.0,1.0,benchmark/data/new_experiments/blocks/dfs_timeout=60s__300steps__28042026/testing/fold0_numtrajs6_gtrate75/conflict_free_models/conflict_free_model_0/metrics.json,final_model
dfs_timeout=60s__300steps__28042026,60,0.0,28042026,PISAM,unclean,0,7,0,604,124,101,0.8296703296703297,0.8567375886524823,benchmark/data/new_experiments/blocks/dfs_timeout=60s__300steps__28042026/testing/fold0_numtrajs7_gtrate0/conflict_free_models/final_model/metrics.json,final_model
dfs_timeout=60s__300steps__28042026,60,0.0,28042026,PISAM,cleaned,0,7,0,661,82,44,0.8896366083445492,0.9375886524822695,benchmark/data/new_experiments/blocks/dfs_timeout=60s__300steps__28042026/testing/fold0_numtrajs7_gtrate0/conflict_free_models/final_model/metrics.json,final_model
dfs_timeout=60s__300steps__28042026,60,0.0,28042026,PISAM,unclean,0,7,10,705,0,0,1.0,1.0,benchmark/data/new_experiments/blocks/dfs_timeout=60s__300steps__28042026/testing/fold0_numtrajs7_gtrate10/conflict_free_models/conflict_free_model_0/metrics.json,final_model
dfs_timeout=60s__300steps__28042026,60,0.0,28042026,PISAM,cleaned,0,7,10,695,0,10,1.0,0.9858156028368794,benchmark/data/new_experiments/blocks/dfs_timeout=60s__300steps__28042026/testing/fold0_numtrajs7_gtrate10/conflict_free_models/conflict_free_model_0/metrics.json,final_model
dfs_timeout=60s__300steps__28042026,60,0.0,28042026,PISAM,unclean,0,7,100,705,0,0,1.0,1.0,benchmark/data/new_experiments/blocks/dfs_timeout=60s__300steps__28042026/testing/fold0_numtrajs7_gtrate100/conflict_free_models/conflict_free_model_0/metrics.json,final_model
dfs_timeout=60s__300steps__28042026,60,0.0,28042026,PISAM,cleaned,0,7,100,705,0,0,1.0,1.0,benchmark/data/new_experiments/blocks/dfs_timeout=60s__300steps__28042026/testing/fold0_numtrajs7_gtrate100/conflict_free_models/conflict_free_model_0/metrics.json,final_model
dfs_timeout=60s__300steps__28042026,60,0.0,28042026,PISAM,unclean,0,7,25,705,0,0,1.0,1.0,benchmark/data/new_experiments/blocks/dfs_timeout=60s__300steps__28042026/testing/fold0_numtrajs7_gtrate25/conflict_free_models/conflict_free_model_0/metrics.json,final_model
dfs_timeout=60s__300steps__28042026,60,0.0,28042026,PISAM,cleaned,0,7,25,699,0,6,1.0,0.9914893617021276,benchmark/data/new_experiments/blocks/dfs_timeout=60s__300steps__28042026/testing/fold0_numtrajs7_gtrate25/conflict_free_models/conflict_free_model_0/metrics.json,final_model
dfs_timeout=60s__300steps__28042026,60,0.0,28042026,PISAM,unclean,0,7,50,705,0,0,1.0,1.0,benchmark/data/new_experiments/blocks/dfs_timeout=60s__300steps__28042026/testing/fold0_numtrajs7_gtrate50/conflict_free_models/conflict_free_model_0/metrics.json,final_model
dfs_timeout=60s__300steps__28042026,60,0.0,28042026,PISAM,cleaned,0,7,50,703,0,2,1.0,0.9971631205673759,benchmark/data/new_experiments/blocks/dfs_timeout=60s__300steps__28042026/testing/fold0_numtrajs7_gtrate50/conflict_free_models/conflict_free_model_0/metrics.json,final_model
dfs_timeout=60s__300steps__28042026,60,0.0,28042026,PISAM,unclean,0,7,75,705,0,0,1.0,1.0,benchmark/data/new_experiments/blocks/dfs_timeout=60s__300steps__28042026/testing/fold0_numtrajs7_gtrate75/conflict_free_models/conflict_free_model_0/metrics.json,final_model
dfs_timeout=60s__300steps__28042026,60,0.0,28042026,PISAM,cleaned,0,7,75,705,0,0,1.0,1.0,benchmark/data/new_experiments/blocks/dfs_timeout=60s__300steps__28042026/testing/fold0_numtrajs7_gtrate75/conflict_free_models/conflict_free_model_0/metrics.json,final_model
dfs_timeout=60s__300steps__28042026,60,0.0,28042026,PISAM,unclean,0,8,0,726,182,137,0.7995594713656388,0.8412514484356894,benchmark/data/new_experiments/blocks/dfs_timeout=60s__300steps__28042026/testing/fold0_numtrajs8_gtrate0/conflict_free_models/final_model/metrics.json,final_model
dfs_timeout=60s__300steps__28042026,60,0.0,28042026,PISAM,cleaned,0,8,0,758,163,105,0.8230184581976113,0.8783314020857474,benchmark/data/new_experiments/blocks/dfs_timeout=60s__300steps__28042026/testing/fold0_numtrajs8_gtrate0/conflict_free_models/final_model/metrics.json,final_model
dfs_timeout=60s__300steps__28042026,60,0.0,28042026,PISAM,unclean,0,8,10,863,0,0,1.0,1.0,benchmark/data/new_experiments/blocks/dfs_timeout=60s__300steps__28042026/testing/fold0_numtrajs8_gtrate10/conflict_free_models/conflict_free_model_0/metrics.json,final_model
dfs_timeout=60s__300steps__28042026,60,0.0,28042026,PISAM,cleaned,0,8,10,851,0,12,1.0,0.9860950173812283,benchmark/data/new_experiments/blocks/dfs_timeout=60s__300steps__28042026/testing/fold0_numtrajs8_gtrate10/conflict_free_models/conflict_free_model_0/metrics.json,final_model
dfs_timeout=60s__300steps__28042026,60,0.0,28042026,PISAM,unclean,0,8,100,863,0,0,1.0,1.0,benchmark/data/new_experiments/blocks/dfs_timeout=60s__300steps__28042026/testing/fold0_numtrajs8_gtrate100/conflict_free_models/conflict_free_model_0/metrics.json,final_model
dfs_timeout=60s__300steps__28042026,60,0.0,28042026,PISAM,cleaned,0,8,100,863,0,0,1.0,1.0,benchmark/data/new_experiments/blocks/dfs_timeout=60s__300steps__28042026/testing/fold0_numtrajs8_gtrate100/conflict_free_models/conflict_free_model_0/metrics.json,final_model
dfs_timeout=60s__300steps__28042026,60,0.0,28042026,PISAM,unclean,0,8,25,863,0,0,1.0,1.0,benchmark/data/new_experiments/blocks/dfs_timeout=60s__300steps__28042026/testing/fold0_numtrajs8_gtrate25/conflict_free_models/conflict_free_model_0/metrics.json,final_model
dfs_timeout=60s__300steps__28042026,60,0.0,28042026,PISAM,cleaned,0,8,25,855,0,8,1.0,0.9907300115874855,benchmark/data/new_experiments/blocks/dfs_timeout=60s__300steps__28042026/testing/fold0_numtrajs8_gtrate25/conflict_free_models/conflict_free_model_0/metrics.json,final_model
dfs_timeout=60s__300steps__28042026,60,0.0,28042026,PISAM,unclean,0,8,50,863,0,0,1.0,1.0,benchmark/data/new_experiments/blocks/dfs_timeout=60s__300steps__28042026/testing/fold0_numtrajs8_gtrate50/conflict_free_models/conflict_free_model_0/metrics.json,final_model
dfs_timeout=60s__300steps__28042026,60,0.0,28042026,PISAM,cleaned,0,8,50,860,0,3,1.0,0.996523754345307,benchmark/data/new_experiments/blocks/dfs_timeout=60s__300steps__28042026/testing/fold0_numtrajs8_gtrate50/conflict_free_models/conflict_free_model_0/metrics.json,final_model
dfs_timeout=60s__300steps__28042026,60,0.0,28042026,PISAM,unclean,0,8,75,863,0,0,1.0,1.0,benchmark/data/new_experiments/blocks/dfs_timeout=60s__300steps__28042026/testing/fold0_numtrajs8_gtrate75/conflict_free_models/conflict_free_model_0/metrics.json,final_model
dfs_timeout=60s__300steps__28042026,60,0.0,28042026,PISAM,cleaned,0,8,75,862,0,1,1.0,0.9988412514484357,benchmark/data/new_experiments/blocks/dfs_timeout=60s__300steps__28042026/testing/fold0_numtrajs8_gtrate75/conflict_free_models/conflict_free_model_0/metrics.json,final_model
dfs_timeout=60s__300steps__28042026,60,0.0,28042026,PISAM,unclean,1,1,0,122,58,36,0.6777777777777778,0.7721518987341772,benchmark/data/new_experiments/blocks/dfs_timeout=60s__300steps__28042026/testing/fold1_numtrajs1_gtrate0/conflict_free_models/final_model/metrics.json,final_model
dfs_timeout=60s__300steps__28042026,60,0.0,28042026,PISAM,cleaned,1,1,0,118,60,40,0.6629213483146067,0.7468354430379747,benchmark/data/new_experiments/blocks/dfs_timeout=60s__300steps__28042026/testing/fold1_numtrajs1_gtrate0/conflict_free_models/final_model/metrics.json,final_model
dfs_timeout=60s__300steps__28042026,60,0.0,28042026,PISAM,unclean,1,1,10,158,0,0,1.0,1.0,benchmark/data/new_experiments/blocks/dfs_timeout=60s__300steps__28042026/testing/fold1_numtrajs1_gtrate10/conflict_free_models/conflict_free_model_0/metrics.json,final_model
dfs_timeout=60s__300steps__28042026,60,0.0,28042026,PISAM,cleaned,1,1,10,156,0,2,1.0,0.9873417721518988,benchmark/data/new_experiments/blocks/dfs_timeout=60s__300steps__28042026/testing/fold1_numtrajs1_gtrate10/conflict_free_models/conflict_free_model_0/metrics.json,final_model
dfs_timeout=60s__300steps__28042026,60,0.0,28042026,PISAM,unclean,1,1,100,158,0,0,1.0,1.0,benchmark/data/new_experiments/blocks/dfs_timeout=60s__300steps__28042026/testing/fold1_numtrajs1_gtrate100/conflict_free_models/conflict_free_model_0/metrics.json,final_model
dfs_timeout=60s__300steps__28042026,60,0.0,28042026,PISAM,cleaned,1,1,100,158,0,0,1.0,1.0,benchmark/data/new_experiments/blocks/dfs_timeout=60s__300steps__28042026/testing/fold1_numtrajs1_gtrate100/conflict_free_models/conflict_free_model_0/metrics.json,final_model
dfs_timeout=60s__300steps__28042026,60,0.0,28042026,PISAM,unclean,1,1,25,158,0,0,1.0,1.0,benchmark/data/new_experiments/blocks/dfs_timeout=60s__300steps__28042026/testing/fold1_numtrajs1_gtrate25/conflict_free_models/conflict_free_model_0/metrics.json,final_model
dfs_timeout=60s__300steps__28042026,60,0.0,28042026,PISAM,cleaned,1,1,25,156,0,2,1.0,0.9873417721518988,benchmark/data/new_experiments/blocks/dfs_timeout=60s__300steps__28042026/testing/fold1_numtrajs1_gtrate25/conflict_free_models/conflict_free_model_0/metrics.json,final_model
dfs_timeout=60s__300steps__28042026,60,0.0,28042026,PISAM,unclean,1,1,50,158,0,0,1.0,1.0,benchmark/data/new_experiments/blocks/dfs_timeout=60s__300steps__28042026/testing/fold1_numtrajs1_gtrate50/conflict_free_models/conflict_free_model_0/metrics.json,final_model
dfs_timeout=60s__300steps__28042026,60,0.0,28042026,PISAM,cleaned,1,1,50,157,0,1,1.0,0.9936708860759493,benchmark/data/new_experiments/blocks/dfs_timeout=60s__300steps__28042026/testing/fold1_numtrajs1_gtrate50/conflict_free_models/conflict_free_model_0/metrics.json,final_model
dfs_timeout=60s__300steps__28042026,60,0.0,28042026,PISAM,unclean,1,1,75,158,0,0,1.0,1.0,benchmark/data/new_experiments/blocks/dfs_timeout=60s__300steps__28042026/testing/fold1_numtrajs1_gtrate75/conflict_free_models/conflict_free_model_0/metrics.json,final_model
dfs_timeout=60s__300steps__28042026,60,0.0,28042026,PISAM,cleaned,1,1,75,157,0,1,1.0,0.9936708860759493,benchmark/data/new_experiments/blocks/dfs_timeout=60s__300steps__28042026/testing/fold1_numtrajs1_gtrate75/conflict_free_models/conflict_free_model_0/metrics.json,final_model
dfs_timeout=60s__300steps__28042026,60,0.0,28042026,PISAM,unclean,1,2,0,186,79,51,0.7018867924528301,0.7848101265822784,benchmark/data/new_experiments/blocks/dfs_timeout=60s__300steps__28042026/testing/fold1_numtrajs2_gtrate0/conflict_free_models/final_model/metrics.json,final_model
dfs_timeout=60s__300steps__28042026,60,0.0,28042026,PISAM,cleaned,1,2,0,192,52,45,0.7868852459016393,0.810126582278481,benchmark/data/new_experiments/blocks/dfs_timeout=60s__300steps__28042026/testing/fold1_numtrajs2_gtrate0/conflict_free_models/final_model/metrics.json,final_model
dfs_timeout=60s__300steps__28042026,60,0.0,28042026,PISAM,unclean,1,2,10,237,0,0,1.0,1.0,benchmark/data/new_experiments/blocks/dfs_timeout=60s__300steps__28042026/testing/fold1_numtrajs2_gtrate10/conflict_free_models/conflict_free_model_0/metrics.json,final_model
dfs_timeout=60s__300steps__28042026,60,0.0,28042026,PISAM,cleaned,1,2,10,234,0,3,1.0,0.9873417721518988,benchmark/data/new_experiments/blocks/dfs_timeout=60s__300steps__28042026/testing/fold1_numtrajs2_gtrate10/conflict_free_models/conflict_free_model_0/metrics.json,final_model
dfs_timeout=60s__300steps__28042026,60,0.0,28042026,PISAM,unclean,1,2,100,237,0,0,1.0,1.0,benchmark/data/new_experiments/blocks/dfs_timeout=60s__300steps__28042026/testing/fold1_numtrajs2_gtrate100/conflict_free_models/conflict_free_model_0/metrics.json,final_model
dfs_timeout=60s__300steps__28042026,60,0.0,28042026,PISAM,cleaned,1,2,100,237,0,0,1.0,1.0,benchmark/data/new_experiments/blocks/dfs_timeout=60s__300steps__28042026/testing/fold1_numtrajs2_gtrate100/conflict_free_models/conflict_free_model_0/metrics.json,final_model
dfs_timeout=60s__300steps__28042026,60,0.0,28042026,PISAM,unclean,1,2,25,237,0,0,1.0,1.0,benchmark/data/new_experiments/blocks/dfs_timeout=60s__300steps__28042026/testing/fold1_numtrajs2_gtrate25/conflict_free_models/conflict_free_model_0/metrics.json,final_model
dfs_timeout=60s__300steps__28042026,60,0.0,28042026,PISAM,cleaned,1,2,25,234,0,3,1.0,0.9873417721518988,benchmark/data/new_experiments/blocks/dfs_timeout=60s__300steps__28042026/testing/fold1_numtrajs2_gtrate25/conflict_free_models/conflict_free_model_0/metrics.json,final_model
dfs_timeout=60s__300steps__28042026,60,0.0,28042026,PISAM,unclean,1,2,50,237,0,0,1.0,1.0,benchmark/data/new_experiments/blocks/dfs_timeout=60s__300steps__28042026/testing/fold1_numtrajs2_gtrate50/conflict_free_models/conflict_free_model_0/metrics.json,final_model
dfs_timeout=60s__300steps__28042026,60,0.0,28042026,PISAM,cleaned,1,2,50,235,0,2,1.0,0.9915611814345991,benchmark/data/new_experiments/blocks/dfs_timeout=60s__300steps__28042026/testing/fold1_numtrajs2_gtrate50/conflict_free_models/conflict_free_model_0/metrics.json,final_model
dfs_timeout=60s__300steps__28042026,60,0.0,28042026,PISAM,unclean,1,2,75,237,0,0,1.0,1.0,benchmark/data/new_experiments/blocks/dfs_timeout=60s__300steps__28042026/testing/fold1_numtrajs2_gtrate75/conflict_free_models/conflict_free_model_0/metrics.json,final_model
dfs_timeout=60s__300steps__28042026,60,0.0,28042026,PISAM,cleaned,1,2,75,236,0,1,1.0,0.9957805907172996,benchmark/data/new_experiments/blocks/dfs_timeout=60s__300steps__28042026/testing/fold1_numtrajs2_gtrate75/conflict_free_models/conflict_free_model_0/metrics.json,final_model
dfs_timeout=60s__300steps__28042026,60,0.0,28042026,PISAM,unclean,1,3,0,313,107,77,0.7452380952380953,0.8025641025641026,benchmark/data/new_experiments/blocks/dfs_timeout=60s__300steps__28042026/testing/fold1_numtrajs3_gtrate0/conflict_free_models/final_model/metrics.json,final_model
dfs_timeout=60s__300steps__28042026,60,0.0,28042026,PISAM,cleaned,1,3,0,323,107,67,0.7511627906976744,0.8282051282051283,benchmark/data/new_experiments/blocks/dfs_timeout=60s__300steps__28042026/testing/fold1_numtrajs3_gtrate0/conflict_free_models/final_model/metrics.json,final_model
dfs_timeout=60s__300steps__28042026,60,0.0,28042026,PISAM,unclean,1,3,10,390,0,0,1.0,1.0,benchmark/data/new_experiments/blocks/dfs_timeout=60s__300steps__28042026/testing/fold1_numtrajs3_gtrate10/conflict_free_models/conflict_free_model_0/metrics.json,final_model
dfs_timeout=60s__300steps__28042026,60,0.0,28042026,PISAM,cleaned,1,3,10,382,0,8,1.0,0.9794871794871794,benchmark/data/new_experiments/blocks/dfs_timeout=60s__300steps__28042026/testing/fold1_numtrajs3_gtrate10/conflict_free_models/conflict_free_model_0/metrics.json,final_model
dfs_timeout=60s__300steps__28042026,60,0.0,28042026,PISAM,unclean,1,3,100,390,0,0,1.0,1.0,benchmark/data/new_experiments/blocks/dfs_timeout=60s__300steps__28042026/testing/fold1_numtrajs3_gtrate100/conflict_free_models/conflict_free_model_0/metrics.json,final_model
dfs_timeout=60s__300steps__28042026,60,0.0,28042026,PISAM,cleaned,1,3,100,390,0,0,1.0,1.0,benchmark/data/new_experiments/blocks/dfs_timeout=60s__300steps__28042026/testing/fold1_numtrajs3_gtrate100/conflict_free_models/conflict_free_model_0/metrics.json,final_model
dfs_timeout=60s__300steps__28042026,60,0.0,28042026,PISAM,unclean,1,3,25,390,0,0,1.0,1.0,benchmark/data/new_experiments/blocks/dfs_timeout=60s__300steps__28042026/testing/fold1_numtrajs3_gtrate25/conflict_free_models/conflict_free_model_0/metrics.json,final_model
dfs_timeout=60s__300steps__28042026,60,0.0,28042026,PISAM,cleaned,1,3,25,384,0,6,1.0,0.9846153846153847,benchmark/data/new_experiments/blocks/dfs_timeout=60s__300steps__28042026/testing/fold1_numtrajs3_gtrate25/conflict_free_models/conflict_free_model_0/metrics.json,final_model
dfs_timeout=60s__300steps__28042026,60,0.0,28042026,PISAM,unclean,1,3,50,390,0,0,1.0,1.0,benchmark/data/new_experiments/blocks/dfs_timeout=60s__300steps__28042026/testing/fold1_numtrajs3_gtrate50/conflict_free_models/conflict_free_model_0/metrics.json,final_model
dfs_timeout=60s__300steps__28042026,60,0.0,28042026,PISAM,cleaned,1,3,50,388,0,2,1.0,0.9948717948717949,benchmark/data/new_experiments/blocks/dfs_timeout=60s__300steps__28042026/testing/fold1_numtrajs3_gtrate50/conflict_free_models/conflict_free_model_0/metrics.json,final_model
dfs_timeout=60s__300steps__28042026,60,0.0,28042026,PISAM,unclean,1,3,75,390,0,0,1.0,1.0,benchmark/data/new_experiments/blocks/dfs_timeout=60s__300steps__28042026/testing/fold1_numtrajs3_gtrate75/conflict_free_models/conflict_free_model_0/metrics.json,final_model
dfs_timeout=60s__300steps__28042026,60,0.0,28042026,PISAM,cleaned,1,3,75,389,0,1,1.0,0.9974358974358974,benchmark/data/new_experiments/blocks/dfs_timeout=60s__300steps__28042026/testing/fold1_numtrajs3_gtrate75/conflict_free_models/conflict_free_model_0/metrics.json,final_model
dfs_timeout=60s__300steps__28042026,60,0.0,28042026,PISAM,unclean,1,4,0,400,116,83,0.7751937984496124,0.8281573498964804,benchmark/data/new_experiments/blocks/dfs_timeout=60s__300steps__28042026/testing/fold1_numtrajs4_gtrate0/conflict_free_models/final_model/metrics.json,final_model
dfs_timeout=60s__300steps__28042026,60,0.0,28042026,PISAM,cleaned,1,4,0,402,136,81,0.7472118959107806,0.8322981366459627,benchmark/data/new_experiments/blocks/dfs_timeout=60s__300steps__28042026/testing/fold1_numtrajs4_gtrate0/conflict_free_models/final_model/metrics.json,final_model
dfs_timeout=60s__300steps__28042026,60,0.0,28042026,PISAM,unclean,1,4,10,483,0,0,1.0,1.0,benchmark/data/new_experiments/blocks/dfs_timeout=60s__300steps__28042026/testing/fold1_numtrajs4_gtrate10/conflict_free_models/conflict_free_model_0/metrics.json,final_model
dfs_timeout=60s__300steps__28042026,60,0.0,28042026,PISAM,cleaned,1,4,10,475,0,8,1.0,0.9834368530020704,benchmark/data/new_experiments/blocks/dfs_timeout=60s__300steps__28042026/testing/fold1_numtrajs4_gtrate10/conflict_free_models/conflict_free_model_0/metrics.json,final_model
dfs_timeout=60s__300steps__28042026,60,0.0,28042026,PISAM,unclean,1,4,100,483,0,0,1.0,1.0,benchmark/data/new_experiments/blocks/dfs_timeout=60s__300steps__28042026/testing/fold1_numtrajs4_gtrate100/conflict_free_models/conflict_free_model_0/metrics.json,final_model
dfs_timeout=60s__300steps__28042026,60,0.0,28042026,PISAM,cleaned,1,4,100,483,0,0,1.0,1.0,benchmark/data/new_experiments/blocks/dfs_timeout=60s__300steps__28042026/testing/fold1_numtrajs4_gtrate100/conflict_free_models/conflict_free_model_0/metrics.json,final_model
dfs_timeout=60s__300steps__28042026,60,0.0,28042026,PISAM,unclean,1,4,25,483,0,0,1.0,1.0,benchmark/data/new_experiments/blocks/dfs_timeout=60s__300steps__28042026/testing/fold1_numtrajs4_gtrate25/conflict_free_models/conflict_free_model_0/metrics.json,final_model
dfs_timeout=60s__300steps__28042026,60,0.0,28042026,PISAM,cleaned,1,4,25,477,0,6,1.0,0.9875776397515528,benchmark/data/new_experiments/blocks/dfs_timeout=60s__300steps__28042026/testing/fold1_numtrajs4_gtrate25/conflict_free_models/conflict_free_model_0/metrics.json,final_model
dfs_timeout=60s__300steps__28042026,60,0.0,28042026,PISAM,unclean,1,4,50,483,0,0,1.0,1.0,benchmark/data/new_experiments/blocks/dfs_timeout=60s__300steps__28042026/testing/fold1_numtrajs4_gtrate50/conflict_free_models/conflict_free_model_0/metrics.json,final_model
dfs_timeout=60s__300steps__28042026,60,0.0,28042026,PISAM,cleaned,1,4,50,481,0,2,1.0,0.9958592132505176,benchmark/data/new_experiments/blocks/dfs_timeout=60s__300steps__28042026/testing/fold1_numtrajs4_gtrate50/conflict_free_models/conflict_free_model_0/metrics.json,final_model
dfs_timeout=60s__300steps__28042026,60,0.0,28042026,PISAM,unclean,1,4,75,483,0,0,1.0,1.0,benchmark/data/new_experiments/blocks/dfs_timeout=60s__300steps__28042026/testing/fold1_numtrajs4_gtrate75/conflict_free_models/conflict_free_model_0/metrics.json,final_model
dfs_timeout=60s__300steps__28042026,60,0.0,28042026,PISAM,cleaned,1,4,75,482,0,1,1.0,0.9979296066252588,benchmark/data/new_experiments/blocks/dfs_timeout=60s__300steps__28042026/testing/fold1_numtrajs4_gtrate75/conflict_free_models/conflict_free_model_0/metrics.json,final_model
dfs_timeout=60s__300steps__28042026,60,0.0,28042026,PISAM,unclean,1,5,0,486,125,87,0.795417348608838,0.8481675392670157,benchmark/data/new_experiments/blocks/dfs_timeout=60s__300steps__28042026/testing/fold1_numtrajs5_gtrate0/conflict_free_models/final_model/metrics.json,final_model
dfs_timeout=60s__300steps__28042026,60,0.0,28042026,PISAM,cleaned,1,5,0,484,143,89,0.7719298245614035,0.8446771378708552,benchmark/data/new_experiments/blocks/dfs_timeout=60s__300steps__28042026/testing/fold1_numtrajs5_gtrate0/conflict_free_models/final_model/metrics.json,final_model
dfs_timeout=60s__300steps__28042026,60,0.0,28042026,PISAM,unclean,1,5,10,573,0,0,1.0,1.0,benchmark/data/new_experiments/blocks/dfs_timeout=60s__300steps__28042026/testing/fold1_numtrajs5_gtrate10/conflict_free_models/conflict_free_model_0/metrics.json,final_model
dfs_timeout=60s__300steps__28042026,60,0.0,28042026,PISAM,cleaned,1,5,10,565,0,8,1.0,0.9860383944153578,benchmark/data/new_experiments/blocks/dfs_timeout=60s__300steps__28042026/testing/fold1_numtrajs5_gtrate10/conflict_free_models/conflict_free_model_0/metrics.json,final_model
dfs_timeout=60s__300steps__28042026,60,0.0,28042026,PISAM,unclean,1,5,100,573,0,0,1.0,1.0,benchmark/data/new_experiments/blocks/dfs_timeout=60s__300steps__28042026/testing/fold1_numtrajs5_gtrate100/conflict_free_models/conflict_free_model_0/metrics.json,final_model
dfs_timeout=60s__300steps__28042026,60,0.0,28042026,PISAM,cleaned,1,5,100,573,0,0,1.0,1.0,benchmark/data/new_experiments/blocks/dfs_timeout=60s__300steps__28042026/testing/fold1_numtrajs5_gtrate100/conflict_free_models/conflict_free_model_0/metrics.json,final_model
dfs_timeout=60s__300steps__28042026,60,0.0,28042026,PISAM,unclean,1,5,25,573,0,0,1.0,1.0,benchmark/data/new_experiments/blocks/dfs_timeout=60s__300steps__28042026/testing/fold1_numtrajs5_gtrate25/conflict_free_models/conflict_free_model_0/metrics.json,final_model
dfs_timeout=60s__300steps__28042026,60,0.0,28042026,PISAM,cleaned,1,5,25,567,0,6,1.0,0.9895287958115183,benchmark/data/new_experiments/blocks/dfs_timeout=60s__300steps__28042026/testing/fold1_numtrajs5_gtrate25/conflict_free_models/conflict_free_model_0/metrics.json,final_model
dfs_timeout=60s__300steps__28042026,60,0.0,28042026,PISAM,unclean,1,5,50,573,0,0,1.0,1.0,benchmark/data/new_experiments/blocks/dfs_timeout=60s__300steps__28042026/testing/fold1_numtrajs5_gtrate50/conflict_free_models/conflict_free_model_0/metrics.json,final_model
dfs_timeout=60s__300steps__28042026,60,0.0,28042026,PISAM,cleaned,1,5,50,571,0,2,1.0,0.9965095986038395,benchmark/data/new_experiments/blocks/dfs_timeout=60s__300steps__28042026/testing/fold1_numtrajs5_gtrate50/conflict_free_models/conflict_free_model_0/metrics.json,final_model
dfs_timeout=60s__300steps__28042026,60,0.0,28042026,PISAM,unclean,1,5,75,573,0,0,1.0,1.0,benchmark/data/new_experiments/blocks/dfs_timeout=60s__300steps__28042026/testing/fold1_numtrajs5_gtrate75/conflict_free_models/conflict_free_model_0/metrics.json,final_model
dfs_timeout=60s__300steps__28042026,60,0.0,28042026,PISAM,cleaned,1,5,75,572,0,1,1.0,0.9982547993019197,benchmark/data/new_experiments/blocks/dfs_timeout=60s__300steps__28042026/testing/fold1_numtrajs5_gtrate75/conflict_free_models/conflict_free_model_0/metrics.json,final_model
dfs_timeout=60s__300steps__28042026,60,0.0,28042026,PISAM,unclean,1,6,0,644,172,124,0.7892156862745098,0.8385416666666666,benchmark/data/new_experiments/blocks/dfs_timeout=60s__300steps__28042026/testing/fold1_numtrajs6_gtrate0/conflict_free_models/final_model/metrics.json,final_model
dfs_timeout=60s__300steps__28042026,60,0.0,28042026,PISAM,cleaned,1,6,0,642,160,126,0.800498753117207,0.8359375,benchmark/data/new_experiments/blocks/dfs_timeout=60s__300steps__28042026/testing/fold1_numtrajs6_gtrate0/conflict_free_models/final_model/metrics.json,final_model
dfs_timeout=60s__300steps__28042026,60,0.0,28042026,PISAM,unclean,1,6,10,768,0,0,1.0,1.0,benchmark/data/new_experiments/blocks/dfs_timeout=60s__300steps__28042026/testing/fold1_numtrajs6_gtrate10/conflict_free_models/conflict_free_model_0/metrics.json,final_model
dfs_timeout=60s__300steps__28042026,60,0.0,28042026,PISAM,cleaned,1,6,10,756,0,12,1.0,0.984375,benchmark/data/new_experiments/blocks/dfs_timeout=60s__300steps__28042026/testing/fold1_numtrajs6_gtrate10/conflict_free_models/conflict_free_model_0/metrics.json,final_model
dfs_timeout=60s__300steps__28042026,60,0.0,28042026,PISAM,unclean,1,6,100,768,0,0,1.0,1.0,benchmark/data/new_experiments/blocks/dfs_timeout=60s__300steps__28042026/testing/fold1_numtrajs6_gtrate100/conflict_free_models/conflict_free_model_0/metrics.json,final_model
dfs_timeout=60s__300steps__28042026,60,0.0,28042026,PISAM,cleaned,1,6,100,768,0,0,1.0,1.0,benchmark/data/new_experiments/blocks/dfs_timeout=60s__300steps__28042026/testing/fold1_numtrajs6_gtrate100/conflict_free_models/conflict_free_model_0/metrics.json,final_model
dfs_timeout=60s__300steps__28042026,60,0.0,28042026,PISAM,unclean,1,6,25,768,0,0,1.0,1.0,benchmark/data/new_experiments/blocks/dfs_timeout=60s__300steps__28042026/testing/fold1_numtrajs6_gtrate25/conflict_free_models/conflict_free_model_0/metrics.json,final_model
dfs_timeout=60s__300steps__28042026,60,0.0,28042026,PISAM,cleaned,1,6,25,760,0,8,1.0,0.9895833333333334,benchmark/data/new_experiments/blocks/dfs_timeout=60s__300steps__28042026/testing/fold1_numtrajs6_gtrate25/conflict_free_models/conflict_free_model_0/metrics.json,final_model
dfs_timeout=60s__300steps__28042026,60,0.0,28042026,PISAM,unclean,1,6,50,768,0,0,1.0,1.0,benchmark/data/new_experiments/blocks/dfs_timeout=60s__300steps__28042026/testing/fold1_numtrajs6_gtrate50/conflict_free_models/conflict_free_model_0/metrics.json,final_model
dfs_timeout=60s__300steps__28042026,60,0.0,28042026,PISAM,cleaned,1,6,50,765,0,3,1.0,0.99609375,benchmark/data/new_experiments/blocks/dfs_timeout=60s__300steps__28042026/testing/fold1_numtrajs6_gtrate50/conflict_free_models/conflict_free_model_0/metrics.json,final_model
dfs_timeout=60s__300steps__28042026,60,0.0,28042026,PISAM,unclean,1,6,75,768,0,0,1.0,1.0,benchmark/data/new_experiments/blocks/dfs_timeout=60s__300steps__28042026/testing/fold1_numtrajs6_gtrate75/conflict_free_models/conflict_free_model_0/metrics.json,final_model
dfs_timeout=60s__300steps__28042026,60,0.0,28042026,PISAM,cleaned,1,6,75,767,0,1,1.0,0.9986979166666666,benchmark/data/new_experiments/blocks/dfs_timeout=60s__300steps__28042026/testing/fold1_numtrajs6_gtrate75/conflict_free_models/conflict_free_model_0/metrics.json,final_model
dfs_timeout=60s__300steps__28042026,60,0.0,28042026,PISAM,unclean,1,7,0,696,181,132,0.7936145952109465,0.8405797101449275,benchmark/data/new_experiments/blocks/dfs_timeout=60s__300steps__28042026/testing/fold1_numtrajs7_gtrate0/conflict_free_models/final_model/metrics.json,final_model
dfs_timeout=60s__300steps__28042026,60,0.0,28042026,PISAM,cleaned,1,7,0,705,190,123,0.7877094972067039,0.8514492753623188,benchmark/data/new_experiments/blocks/dfs_timeout=60s__300steps__28042026/testing/fold1_numtrajs7_gtrate0/conflict_free_models/final_model/metrics.json,final_model
dfs_timeout=60s__300steps__28042026,60,0.0,28042026,PISAM,unclean,1,7,10,828,0,0,1.0,1.0,benchmark/data/new_experiments/blocks/dfs_timeout=60s__300steps__28042026/testing/fold1_numtrajs7_gtrate10/conflict_free_models/conflict_free_model_0/metrics.json,final_model
dfs_timeout=60s__300steps__28042026,60,0.0,28042026,PISAM,cleaned,1,7,10,816,0,12,1.0,0.9855072463768116,benchmark/data/new_experiments/blocks/dfs_timeout=60s__300steps__28042026/testing/fold1_numtrajs7_gtrate10/conflict_free_models/conflict_free_model_0/metrics.json,final_model
dfs_timeout=60s__300steps__28042026,60,0.0,28042026,PISAM,unclean,1,7,100,828,0,0,1.0,1.0,benchmark/data/new_experiments/blocks/dfs_timeout=60s__300steps__28042026/testing/fold1_numtrajs7_gtrate100/conflict_free_models/conflict_free_model_0/metrics.json,final_model
dfs_timeout=60s__300steps__28042026,60,0.0,28042026,PISAM,cleaned,1,7,100,828,0,0,1.0,1.0,benchmark/data/new_experiments/blocks/dfs_timeout=60s__300steps__28042026/testing/fold1_numtrajs7_gtrate100/conflict_free_models/conflict_free_model_0/metrics.json,final_model
dfs_timeout=60s__300steps__28042026,60,0.0,28042026,PISAM,unclean,1,7,25,828,0,0,1.0,1.0,benchmark/data/new_experiments/blocks/dfs_timeout=60s__300steps__28042026/testing/fold1_numtrajs7_gtrate25/conflict_free_models/conflict_free_model_0/metrics.json,final_model
dfs_timeout=60s__300steps__28042026,60,0.0,28042026,PISAM,cleaned,1,7,25,820,0,8,1.0,0.9903381642512077,benchmark/data/new_experiments/blocks/dfs_timeout=60s__300steps__28042026/testing/fold1_numtrajs7_gtrate25/conflict_free_models/conflict_free_model_0/metrics.json,final_model
dfs_timeout=60s__300steps__28042026,60,0.0,28042026,PISAM,unclean,1,7,50,828,0,0,1.0,1.0,benchmark/data/new_experiments/blocks/dfs_timeout=60s__300steps__28042026/testing/fold1_numtrajs7_gtrate50/conflict_free_models/conflict_free_model_0/metrics.json,final_model
dfs_timeout=60s__300steps__28042026,60,0.0,28042026,PISAM,cleaned,1,7,50,825,0,3,1.0,0.9963768115942029,benchmark/data/new_experiments/blocks/dfs_timeout=60s__300steps__28042026/testing/fold1_numtrajs7_gtrate50/conflict_free_models/conflict_free_model_0/metrics.json,final_model
dfs_timeout=60s__300steps__28042026,60,0.0,28042026,PISAM,unclean,1,7,75,828,0,0,1.0,1.0,benchmark/data/new_experiments/blocks/dfs_timeout=60s__300steps__28042026/testing/fold1_numtrajs7_gtrate75/conflict_free_models/conflict_free_model_0/metrics.json,final_model
dfs_timeout=60s__300steps__28042026,60,0.0,28042026,PISAM,cleaned,1,7,75,827,0,1,1.0,0.998792270531401,benchmark/data/new_experiments/blocks/dfs_timeout=60s__300steps__28042026/testing/fold1_numtrajs7_gtrate75/conflict_free_models/conflict_free_model_0/metrics.json,final_model
dfs_timeout=60s__300steps__28042026,60,0.0,28042026,PISAM,unclean,1,8,0,766,185,135,0.8054679284963197,0.8501664816870145,benchmark/data/new_experiments/blocks/dfs_timeout=60s__300steps__28042026/testing/fold1_numtrajs8_gtrate0/conflict_free_models/final_model/metrics.json,final_model
dfs_timeout=60s__300steps__28042026,60,0.0,28042026,PISAM,cleaned,1,8,0,764,180,137,0.809322033898305,0.8479467258601554,benchmark/data/new_experiments/blocks/dfs_timeout=60s__300steps__28042026/testing/fold1_numtrajs8_gtrate0/conflict_free_models/final_model/metrics.json,final_model
dfs_timeout=60s__300steps__28042026,60,0.0,28042026,PISAM,unclean,1,8,10,901,0,0,1.0,1.0,benchmark/data/new_experiments/blocks/dfs_timeout=60s__300steps__28042026/testing/fold1_numtrajs8_gtrate10/conflict_free_models/conflict_free_model_0/metrics.json,final_model
dfs_timeout=60s__300steps__28042026,60,0.0,28042026,PISAM,cleaned,1,8,10,889,0,12,1.0,0.9866814650388457,benchmark/data/new_experiments/blocks/dfs_timeout=60s__300steps__28042026/testing/fold1_numtrajs8_gtrate10/conflict_free_models/conflict_free_model_0/metrics.json,final_model
dfs_timeout=60s__300steps__28042026,60,0.0,28042026,PISAM,unclean,1,8,100,901,0,0,1.0,1.0,benchmark/data/new_experiments/blocks/dfs_timeout=60s__300steps__28042026/testing/fold1_numtrajs8_gtrate100/conflict_free_models/conflict_free_model_0/metrics.json,final_model
dfs_timeout=60s__300steps__28042026,60,0.0,28042026,PISAM,cleaned,1,8,100,901,0,0,1.0,1.0,benchmark/data/new_experiments/blocks/dfs_timeout=60s__300steps__28042026/testing/fold1_numtrajs8_gtrate100/conflict_free_models/conflict_free_model_0/metrics.json,final_model
dfs_timeout=60s__300steps__28042026,60,0.0,28042026,PISAM,unclean,1,8,25,901,0,0,1.0,1.0,benchmark/data/new_experiments/blocks/dfs_timeout=60s__300steps__28042026/testing/fold1_numtrajs8_gtrate25/conflict_free_models/conflict_free_model_0/metrics.json,final_model
dfs_timeout=60s__300steps__28042026,60,0.0,28042026,PISAM,cleaned,1,8,25,893,0,8,1.0,0.9911209766925638,benchmark/data/new_experiments/blocks/dfs_timeout=60s__300steps__28042026/testing/fold1_numtrajs8_gtrate25/conflict_free_models/conflict_free_model_0/metrics.json,final_model
dfs_timeout=60s__300steps__28042026,60,0.0,28042026,PISAM,unclean,1,8,50,901,0,0,1.0,1.0,benchmark/data/new_experiments/blocks/dfs_timeout=60s__300steps__28042026/testing/fold1_numtrajs8_gtrate50/conflict_free_models/conflict_free_model_0/metrics.json,final_model
dfs_timeout=60s__300steps__28042026,60,0.0,28042026,PISAM,cleaned,1,8,50,898,0,3,1.0,0.9966703662597114,benchmark/data/new_experiments/blocks/dfs_timeout=60s__300steps__28042026/testing/fold1_numtrajs8_gtrate50/conflict_free_models/conflict_free_model_0/metrics.json,final_model
dfs_timeout=60s__300steps__28042026,60,0.0,28042026,PISAM,unclean,1,8,75,901,0,0,1.0,1.0,benchmark/data/new_experiments/blocks/dfs_timeout=60s__300steps__28042026/testing/fold1_numtrajs8_gtrate75/conflict_free_models/conflict_free_model_0/metrics.json,final_model
dfs_timeout=60s__300steps__28042026,60,0.0,28042026,PISAM,cleaned,1,8,75,900,0,1,1.0,0.9988901220865705,benchmark/data/new_experiments/blocks/dfs_timeout=60s__300steps__28042026/testing/fold1_numtrajs8_gtrate75/conflict_free_models/conflict_free_model_0/metrics.json,final_model
dfs_timeout=60s__300steps__28042026,60,0.0,28042026,PISAM,unclean,2,1,0,127,28,26,0.8193548387096774,0.8300653594771242,benchmark/data/new_experiments/blocks/dfs_timeout=60s__300steps__28042026/testing/fold2_numtrajs1_gtrate0/conflict_free_models/conflict_free_model_0/metrics.json,final_model
dfs_timeout=60s__300steps__28042026,60,0.0,28042026,PISAM,cleaned,2,1,0,102,28,51,0.7846153846153846,0.6666666666666666,benchmark/data/new_experiments/blocks/dfs_timeout=60s__300steps__28042026/testing/fold2_numtrajs1_gtrate0/conflict_free_models/conflict_free_model_0/metrics.json,final_model
dfs_timeout=60s__300steps__28042026,60,0.0,28042026,PISAM,unclean,2,1,10,153,0,0,1.0,1.0,benchmark/data/new_experiments/blocks/dfs_timeout=60s__300steps__28042026/testing/fold2_numtrajs1_gtrate10/conflict_free_models/conflict_free_model_0/metrics.json,final_model
dfs_timeout=60s__300steps__28042026,60,0.0,28042026,PISAM,cleaned,2,1,10,148,0,5,1.0,0.9673202614379085,benchmark/data/new_experiments/blocks/dfs_timeout=60s__300steps__28042026/testing/fold2_numtrajs1_gtrate10/conflict_free_models/conflict_free_model_0/metrics.json,final_model
dfs_timeout=60s__300steps__28042026,60,0.0,28042026,PISAM,unclean,2,1,100,153,0,0,1.0,1.0,benchmark/data/new_experiments/blocks/dfs_timeout=60s__300steps__28042026/testing/fold2_numtrajs1_gtrate100/conflict_free_models/conflict_free_model_0/metrics.json,final_model
dfs_timeout=60s__300steps__28042026,60,0.0,28042026,PISAM,cleaned,2,1,100,153,0,0,1.0,1.0,benchmark/data/new_experiments/blocks/dfs_timeout=60s__300steps__28042026/testing/fold2_numtrajs1_gtrate100/conflict_free_models/conflict_free_model_0/metrics.json,final_model
dfs_timeout=60s__300steps__28042026,60,0.0,28042026,PISAM,unclean,2,1,25,153,0,0,1.0,1.0,benchmark/data/new_experiments/blocks/dfs_timeout=60s__300steps__28042026/testing/fold2_numtrajs1_gtrate25/conflict_free_models/conflict_free_model_0/metrics.json,final_model
dfs_timeout=60s__300steps__28042026,60,0.0,28042026,PISAM,cleaned,2,1,25,150,0,3,1.0,0.9803921568627451,benchmark/data/new_experiments/blocks/dfs_timeout=60s__300steps__28042026/testing/fold2_numtrajs1_gtrate25/conflict_free_models/conflict_free_model_0/metrics.json,final_model
dfs_timeout=60s__300steps__28042026,60,0.0,28042026,PISAM,unclean,2,1,50,153,0,0,1.0,1.0,benchmark/data/new_experiments/blocks/dfs_timeout=60s__300steps__28042026/testing/fold2_numtrajs1_gtrate50/conflict_free_models/conflict_free_model_0/metrics.json,final_model
dfs_timeout=60s__300steps__28042026,60,0.0,28042026,PISAM,cleaned,2,1,50,153,0,0,1.0,1.0,benchmark/data/new_experiments/blocks/dfs_timeout=60s__300steps__28042026/testing/fold2_numtrajs1_gtrate50/conflict_free_models/conflict_free_model_0/metrics.json,final_model
dfs_timeout=60s__300steps__28042026,60,0.0,28042026,PISAM,unclean,2,1,75,153,0,0,1.0,1.0,benchmark/data/new_experiments/blocks/dfs_timeout=60s__300steps__28042026/testing/fold2_numtrajs1_gtrate75/conflict_free_models/conflict_free_model_0/metrics.json,final_model
dfs_timeout=60s__300steps__28042026,60,0.0,28042026,PISAM,cleaned,2,1,75,153,0,0,1.0,1.0,benchmark/data/new_experiments/blocks/dfs_timeout=60s__300steps__28042026/testing/fold2_numtrajs1_gtrate75/conflict_free_models/conflict_free_model_0/metrics.json,final_model
dfs_timeout=60s__300steps__28042026,60,0.0,28042026,PISAM,unclean,2,2,0,285,75,63,0.7916666666666666,0.8189655172413793,benchmark/data/new_experiments/blocks/dfs_timeout=60s__300steps__28042026/testing/fold2_numtrajs2_gtrate0/conflict_free_models/conflict_free_model_0/metrics.json,final_model
dfs_timeout=60s__300steps__28042026,60,0.0,28042026,PISAM,cleaned,2,2,0,279,42,69,0.8691588785046729,0.8017241379310345,benchmark/data/new_experiments/blocks/dfs_timeout=60s__300steps__28042026/testing/fold2_numtrajs2_gtrate0/conflict_free_models/conflict_free_model_0/metrics.json,final_model
dfs_timeout=60s__300steps__28042026,60,0.0,28042026,PISAM,unclean,2,2,10,348,0,0,1.0,1.0,benchmark/data/new_experiments/blocks/dfs_timeout=60s__300steps__28042026/testing/fold2_numtrajs2_gtrate10/conflict_free_models/conflict_free_model_0/metrics.json,final_model
dfs_timeout=60s__300steps__28042026,60,0.0,28042026,PISAM,cleaned,2,2,10,339,0,9,1.0,0.9741379310344828,benchmark/data/new_experiments/blocks/dfs_timeout=60s__300steps__28042026/testing/fold2_numtrajs2_gtrate10/conflict_free_models/conflict_free_model_0/metrics.json,final_model
dfs_timeout=60s__300steps__28042026,60,0.0,28042026,PISAM,unclean,2,2,100,348,0,0,1.0,1.0,benchmark/data/new_experiments/blocks/dfs_timeout=60s__300steps__28042026/testing/fold2_numtrajs2_gtrate100/conflict_free_models/conflict_free_model_0/metrics.json,final_model
dfs_timeout=60s__300steps__28042026,60,0.0,28042026,PISAM,cleaned,2,2,100,348,0,0,1.0,1.0,benchmark/data/new_experiments/blocks/dfs_timeout=60s__300steps__28042026/testing/fold2_numtrajs2_gtrate100/conflict_free_models/conflict_free_model_0/metrics.json,final_model
dfs_timeout=60s__300steps__28042026,60,0.0,28042026,PISAM,unclean,2,2,25,348,0,0,1.0,1.0,benchmark/data/new_experiments/blocks/dfs_timeout=60s__300steps__28042026/testing/fold2_numtrajs2_gtrate25/conflict_free_models/conflict_free_model_0/metrics.json,final_model
dfs_timeout=60s__300steps__28042026,60,0.0,28042026,PISAM,cleaned,2,2,25,343,0,5,1.0,0.985632183908046,benchmark/data/new_experiments/blocks/dfs_timeout=60s__300steps__28042026/testing/fold2_numtrajs2_gtrate25/conflict_free_models/conflict_free_model_0/metrics.json,final_model
dfs_timeout=60s__300steps__28042026,60,0.0,28042026,PISAM,unclean,2,2,50,348,0,0,1.0,1.0,benchmark/data/new_experiments/blocks/dfs_timeout=60s__300steps__28042026/testing/fold2_numtrajs2_gtrate50/conflict_free_models/conflict_free_model_0/metrics.json,final_model
dfs_timeout=60s__300steps__28042026,60,0.0,28042026,PISAM,cleaned,2,2,50,347,0,1,1.0,0.9971264367816092,benchmark/data/new_experiments/blocks/dfs_timeout=60s__300steps__28042026/testing/fold2_numtrajs2_gtrate50/conflict_free_models/conflict_free_model_0/metrics.json,final_model
dfs_timeout=60s__300steps__28042026,60,0.0,28042026,PISAM,unclean,2,2,75,348,0,0,1.0,1.0,benchmark/data/new_experiments/blocks/dfs_timeout=60s__300steps__28042026/testing/fold2_numtrajs2_gtrate75/conflict_free_models/conflict_free_model_0/metrics.json,final_model
dfs_timeout=60s__300steps__28042026,60,0.0,28042026,PISAM,cleaned,2,2,75,348,0,0,1.0,1.0,benchmark/data/new_experiments/blocks/dfs_timeout=60s__300steps__28042026/testing/fold2_numtrajs2_gtrate75/conflict_free_models/conflict_free_model_0/metrics.json,final_model
dfs_timeout=60s__300steps__28042026,60,0.0,28042026,PISAM,unclean,2,3,0,372,84,69,0.8157894736842105,0.8435374149659864,benchmark/data/new_experiments/blocks/dfs_timeout=60s__300steps__28042026/testing/fold2_numtrajs3_gtrate0/conflict_free_models/conflict_free_model_0/metrics.json,final_model
dfs_timeout=60s__300steps__28042026,60,0.0,28042026,PISAM,cleaned,2,3,0,346,52,95,0.8693467336683417,0.7845804988662132,benchmark/data/new_experiments/blocks/dfs_timeout=60s__300steps__28042026/testing/fold2_numtrajs3_gtrate0/conflict_free_models/conflict_free_model_0/metrics.json,final_model
dfs_timeout=60s__300steps__28042026,60,0.0,28042026,PISAM,unclean,2,3,10,441,0,0,1.0,1.0,benchmark/data/new_experiments/blocks/dfs_timeout=60s__300steps__28042026/testing/fold2_numtrajs3_gtrate10/conflict_free_models/conflict_free_model_0/metrics.json,final_model
dfs_timeout=60s__300steps__28042026,60,0.0,28042026,PISAM,cleaned,2,3,10,432,0,9,1.0,0.9795918367346939,benchmark/data/new_experiments/blocks/dfs_timeout=60s__300steps__28042026/testing/fold2_numtrajs3_gtrate10/conflict_free_models/conflict_free_model_0/metrics.json,final_model
dfs_timeout=60s__300steps__28042026,60,0.0,28042026,PISAM,unclean,2,3,100,441,0,0,1.0,1.0,benchmark/data/new_experiments/blocks/dfs_timeout=60s__300steps__28042026/testing/fold2_numtrajs3_gtrate100/conflict_free_models/conflict_free_model_0/metrics.json,final_model
dfs_timeout=60s__300steps__28042026,60,0.0,28042026,PISAM,cleaned,2,3,100,441,0,0,1.0,1.0,benchmark/data/new_experiments/blocks/dfs_timeout=60s__300steps__28042026/testing/fold2_numtrajs3_gtrate100/conflict_free_models/conflict_free_model_0/metrics.json,final_model
dfs_timeout=60s__300steps__28042026,60,0.0,28042026,PISAM,unclean,2,3,25,441,0,0,1.0,1.0,benchmark/data/new_experiments/blocks/dfs_timeout=60s__300steps__28042026/testing/fold2_numtrajs3_gtrate25/conflict_free_models/conflict_free_model_0/metrics.json,final_model
dfs_timeout=60s__300steps__28042026,60,0.0,28042026,PISAM,cleaned,2,3,25,436,0,5,1.0,0.9886621315192744,benchmark/data/new_experiments/blocks/dfs_timeout=60s__300steps__28042026/testing/fold2_numtrajs3_gtrate25/conflict_free_models/conflict_free_model_0/metrics.json,final_model
dfs_timeout=60s__300steps__28042026,60,0.0,28042026,PISAM,unclean,2,3,50,441,0,0,1.0,1.0,benchmark/data/new_experiments/blocks/dfs_timeout=60s__300steps__28042026/testing/fold2_numtrajs3_gtrate50/conflict_free_models/conflict_free_model_0/metrics.json,final_model
dfs_timeout=60s__300steps__28042026,60,0.0,28042026,PISAM,cleaned,2,3,50,440,0,1,1.0,0.9977324263038548,benchmark/data/new_experiments/blocks/dfs_timeout=60s__300steps__28042026/testing/fold2_numtrajs3_gtrate50/conflict_free_models/conflict_free_model_0/metrics.json,final_model
dfs_timeout=60s__300steps__28042026,60,0.0,28042026,PISAM,unclean,2,3,75,441,0,0,1.0,1.0,benchmark/data/new_experiments/blocks/dfs_timeout=60s__300steps__28042026/testing/fold2_numtrajs3_gtrate75/conflict_free_models/conflict_free_model_0/metrics.json,final_model
dfs_timeout=60s__300steps__28042026,60,0.0,28042026,PISAM,cleaned,2,3,75,441,0,0,1.0,1.0,benchmark/data/new_experiments/blocks/dfs_timeout=60s__300steps__28042026/testing/fold2_numtrajs3_gtrate75/conflict_free_models/conflict_free_model_0/metrics.json,final_model
dfs_timeout=60s__300steps__28042026,60,0.0,28042026,PISAM,unclean,2,4,0,419,90,77,0.8231827111984283,0.844758064516129,benchmark/data/new_experiments/blocks/dfs_timeout=60s__300steps__28042026/testing/fold2_numtrajs4_gtrate0/conflict_free_models/conflict_free_model_0/metrics.json,final_model
dfs_timeout=60s__300steps__28042026,60,0.0,28042026,PISAM,cleaned,2,4,0,392,57,104,0.8730512249443207,0.7903225806451613,benchmark/data/new_experiments/blocks/dfs_timeout=60s__300steps__28042026/testing/fold2_numtrajs4_gtrate0/conflict_free_models/conflict_free_model_0/metrics.json,final_model
dfs_timeout=60s__300steps__28042026,60,0.0,28042026,PISAM,unclean,2,4,10,496,0,0,1.0,1.0,benchmark/data/new_experiments/blocks/dfs_timeout=60s__300steps__28042026/testing/fold2_numtrajs4_gtrate10/conflict_free_models/conflict_free_model_0/metrics.json,final_model
dfs_timeout=60s__300steps__28042026,60,0.0,28042026,PISAM,cleaned,2,4,10,487,0,9,1.0,0.9818548387096774,benchmark/data/new_experiments/blocks/dfs_timeout=60s__300steps__28042026/testing/fold2_numtrajs4_gtrate10/conflict_free_models/conflict_free_model_0/metrics.json,final_model
dfs_timeout=60s__300steps__28042026,60,0.0,28042026,PISAM,unclean,2,4,100,496,0,0,1.0,1.0,benchmark/data/new_experiments/blocks/dfs_timeout=60s__300steps__28042026/testing/fold2_numtrajs4_gtrate100/conflict_free_models/conflict_free_model_0/metrics.json,final_model
dfs_timeout=60s__300steps__28042026,60,0.0,28042026,PISAM,cleaned,2,4,100,496,0,0,1.0,1.0,benchmark/data/new_experiments/blocks/dfs_timeout=60s__300steps__28042026/testing/fold2_numtrajs4_gtrate100/conflict_free_models/conflict_free_model_0/metrics.json,final_model
dfs_timeout=60s__300steps__28042026,60,0.0,28042026,PISAM,unclean,2,4,25,496,0,0,1.0,1.0,benchmark/data/new_experiments/blocks/dfs_timeout=60s__300steps__28042026/testing/fold2_numtrajs4_gtrate25/conflict_free_models/conflict_free_model_0/metrics.json,final_model
dfs_timeout=60s__300steps__28042026,60,0.0,28042026,PISAM,cleaned,2,4,25,491,0,5,1.0,0.9899193548387096,benchmark/data/new_experiments/blocks/dfs_timeout=60s__300steps__28042026/testing/fold2_numtrajs4_gtrate25/conflict_free_models/conflict_free_model_0/metrics.json,final_model
dfs_timeout=60s__300steps__28042026,60,0.0,28042026,PISAM,unclean,2,4,50,496,0,0,1.0,1.0,benchmark/data/new_experiments/blocks/dfs_timeout=60s__300steps__28042026/testing/fold2_numtrajs4_gtrate50/conflict_free_models/conflict_free_model_0/metrics.json,final_model
dfs_timeout=60s__300steps__28042026,60,0.0,28042026,PISAM,cleaned,2,4,50,495,0,1,1.0,0.9979838709677419,benchmark/data/new_experiments/blocks/dfs_timeout=60s__300steps__28042026/testing/fold2_numtrajs4_gtrate50/conflict_free_models/conflict_free_model_0/metrics.json,final_model
dfs_timeout=60s__300steps__28042026,60,0.0,28042026,PISAM,unclean,2,4,75,496,0,0,1.0,1.0,benchmark/data/new_experiments/blocks/dfs_timeout=60s__300steps__28042026/testing/fold2_numtrajs4_gtrate75/conflict_free_models/conflict_free_model_0/metrics.json,final_model
dfs_timeout=60s__300steps__28042026,60,0.0,28042026,PISAM,cleaned,2,4,75,496,0,0,1.0,1.0,benchmark/data/new_experiments/blocks/dfs_timeout=60s__300steps__28042026/testing/fold2_numtrajs4_gtrate75/conflict_free_models/conflict_free_model_0/metrics.json,final_model
dfs_timeout=60s__300steps__28042026,60,0.0,28042026,PISAM,unclean,2,5,0,483,111,92,0.8131313131313131,0.84,benchmark/data/new_experiments/blocks/dfs_timeout=60s__300steps__28042026/testing/fold2_numtrajs5_gtrate0/conflict_free_models/final_model/metrics.json,final_model
dfs_timeout=60s__300steps__28042026,60,0.0,28042026,PISAM,cleaned,2,5,0,486,124,89,0.7967213114754098,0.8452173913043478,benchmark/data/new_experiments/blocks/dfs_timeout=60s__300steps__28042026/testing/fold2_numtrajs5_gtrate0/conflict_free_models/final_model/metrics.json,final_model
dfs_timeout=60s__300steps__28042026,60,0.0,28042026,PISAM,unclean,2,5,10,575,0,0,1.0,1.0,benchmark/data/new_experiments/blocks/dfs_timeout=60s__300steps__28042026/testing/fold2_numtrajs5_gtrate10/conflict_free_models/conflict_free_model_0/metrics.json,final_model
dfs_timeout=60s__300steps__28042026,60,0.0,28042026,PISAM,cleaned,2,5,10,565,0,10,1.0,0.9826086956521739,benchmark/data/new_experiments/blocks/dfs_timeout=60s__300steps__28042026/testing/fold2_numtrajs5_gtrate10/conflict_free_models/conflict_free_model_0/metrics.json,final_model
dfs_timeout=60s__300steps__28042026,60,0.0,28042026,PISAM,unclean,2,5,100,575,0,0,1.0,1.0,benchmark/data/new_experiments/blocks/dfs_timeout=60s__300steps__28042026/testing/fold2_numtrajs5_gtrate100/conflict_free_models/conflict_free_model_0/metrics.json,final_model
dfs_timeout=60s__300steps__28042026,60,0.0,28042026,PISAM,cleaned,2,5,100,575,0,0,1.0,1.0,benchmark/data/new_experiments/blocks/dfs_timeout=60s__300steps__28042026/testing/fold2_numtrajs5_gtrate100/conflict_free_models/conflict_free_model_0/metrics.json,final_model
dfs_timeout=60s__300steps__28042026,60,0.0,28042026,PISAM,unclean,2,5,25,575,0,0,1.0,1.0,benchmark/data/new_experiments/blocks/dfs_timeout=60s__300steps__28042026/testing/fold2_numtrajs5_gtrate25/conflict_free_models/conflict_free_model_0/metrics.json,final_model
dfs_timeout=60s__300steps__28042026,60,0.0,28042026,PISAM,cleaned,2,5,25,569,0,6,1.0,0.9895652173913043,benchmark/data/new_experiments/blocks/dfs_timeout=60s__300steps__28042026/testing/fold2_numtrajs5_gtrate25/conflict_free_models/conflict_free_model_0/metrics.json,final_model
dfs_timeout=60s__300steps__28042026,60,0.0,28042026,PISAM,unclean,2,5,50,575,0,0,1.0,1.0,benchmark/data/new_experiments/blocks/dfs_timeout=60s__300steps__28042026/testing/fold2_numtrajs5_gtrate50/conflict_free_models/conflict_free_model_0/metrics.json,final_model
dfs_timeout=60s__300steps__28042026,60,0.0,28042026,PISAM,cleaned,2,5,50,573,0,2,1.0,0.9965217391304347,benchmark/data/new_experiments/blocks/dfs_timeout=60s__300steps__28042026/testing/fold2_numtrajs5_gtrate50/conflict_free_models/conflict_free_model_0/metrics.json,final_model
dfs_timeout=60s__300steps__28042026,60,0.0,28042026,PISAM,unclean,2,5,75,575,0,0,1.0,1.0,benchmark/data/new_experiments/blocks/dfs_timeout=60s__300steps__28042026/testing/fold2_numtrajs5_gtrate75/conflict_free_models/conflict_free_model_0/metrics.json,final_model
dfs_timeout=60s__300steps__28042026,60,0.0,28042026,PISAM,cleaned,2,5,75,575,0,0,1.0,1.0,benchmark/data/new_experiments/blocks/dfs_timeout=60s__300steps__28042026/testing/fold2_numtrajs5_gtrate75/conflict_free_models/conflict_free_model_0/metrics.json,final_model
dfs_timeout=60s__300steps__28042026,60,0.0,28042026,PISAM,unclean,2,6,0,535,120,100,0.816793893129771,0.84251968503937,benchmark/data/new_experiments/blocks/dfs_timeout=60s__300steps__28042026/testing/fold2_numtrajs6_gtrate0/conflict_free_models/final_model/metrics.json,final_model
dfs_timeout=60s__300steps__28042026,60,0.0,28042026,PISAM,cleaned,2,6,0,546,129,89,0.8088888888888889,0.8598425196850393,benchmark/data/new_experiments/blocks/dfs_timeout=60s__300steps__28042026/testing/fold2_numtrajs6_gtrate0/conflict_free_models/final_model/metrics.json,final_model
dfs_timeout=60s__300steps__28042026,60,0.0,28042026,PISAM,unclean,2,6,10,635,0,0,1.0,1.0,benchmark/data/new_experiments/blocks/dfs_timeout=60s__300steps__28042026/testing/fold2_numtrajs6_gtrate10/conflict_free_models/conflict_free_model_0/metrics.json,final_model
dfs_timeout=60s__300steps__28042026,60,0.0,28042026,PISAM,cleaned,2,6,10,625,0,10,1.0,0.984251968503937,benchmark/data/new_experiments/blocks/dfs_timeout=60s__300steps__28042026/testing/fold2_numtrajs6_gtrate10/conflict_free_models/conflict_free_model_0/metrics.json,final_model
dfs_timeout=60s__300steps__28042026,60,0.0,28042026,PISAM,unclean,2,6,100,635,0,0,1.0,1.0,benchmark/data/new_experiments/blocks/dfs_timeout=60s__300steps__28042026/testing/fold2_numtrajs6_gtrate100/conflict_free_models/conflict_free_model_0/metrics.json,final_model
dfs_timeout=60s__300steps__28042026,60,0.0,28042026,PISAM,cleaned,2,6,100,635,0,0,1.0,1.0,benchmark/data/new_experiments/blocks/dfs_timeout=60s__300steps__28042026/testing/fold2_numtrajs6_gtrate100/conflict_free_models/conflict_free_model_0/metrics.json,final_model
dfs_timeout=60s__300steps__28042026,60,0.0,28042026,PISAM,unclean,2,6,25,635,0,0,1.0,1.0,benchmark/data/new_experiments/blocks/dfs_timeout=60s__300steps__28042026/testing/fold2_numtrajs6_gtrate25/conflict_free_models/conflict_free_model_0/metrics.json,final_model
dfs_timeout=60s__300steps__28042026,60,0.0,28042026,PISAM,cleaned,2,6,25,629,0,6,1.0,0.9905511811023622,benchmark/data/new_experiments/blocks/dfs_timeout=60s__300steps__28042026/testing/fold2_numtrajs6_gtrate25/conflict_free_models/conflict_free_model_0/metrics.json,final_model
dfs_timeout=60s__300steps__28042026,60,0.0,28042026,PISAM,unclean,2,6,50,635,0,0,1.0,1.0,benchmark/data/new_experiments/blocks/dfs_timeout=60s__300steps__28042026/testing/fold2_numtrajs6_gtrate50/conflict_free_models/conflict_free_model_0/metrics.json,final_model
dfs_timeout=60s__300steps__28042026,60,0.0,28042026,PISAM,cleaned,2,6,50,633,0,2,1.0,0.9968503937007874,benchmark/data/new_experiments/blocks/dfs_timeout=60s__300steps__28042026/testing/fold2_numtrajs6_gtrate50/conflict_free_models/conflict_free_model_0/metrics.json,final_model
dfs_timeout=60s__300steps__28042026,60,0.0,28042026,PISAM,unclean,2,6,75,635,0,0,1.0,1.0,benchmark/data/new_experiments/blocks/dfs_timeout=60s__300steps__28042026/testing/fold2_numtrajs6_gtrate75/conflict_free_models/conflict_free_model_0/metrics.json,final_model
dfs_timeout=60s__300steps__28042026,60,0.0,28042026,PISAM,cleaned,2,6,75,635,0,0,1.0,1.0,benchmark/data/new_experiments/blocks/dfs_timeout=60s__300steps__28042026/testing/fold2_numtrajs6_gtrate75/conflict_free_models/conflict_free_model_0/metrics.json,final_model
dfs_timeout=60s__300steps__28042026,60,0.0,28042026,PISAM,unclean,2,7,0,605,124,103,0.8299039780521262,0.8545197740112994,benchmark/data/new_experiments/blocks/dfs_timeout=60s__300steps__28042026/testing/fold2_numtrajs7_gtrate0/conflict_free_models/final_model/metrics.json,final_model
dfs_timeout=60s__300steps__28042026,60,0.0,28042026,PISAM,cleaned,2,7,0,594,174,114,0.7734375,0.8389830508474576,benchmark/data/new_experiments/blocks/dfs_timeout=60s__300steps__28042026/testing/fold2_numtrajs7_gtrate0/conflict_free_models/final_model/metrics.json,final_model
dfs_timeout=60s__300steps__28042026,60,0.0,28042026,PISAM,unclean,2,7,10,708,0,0,1.0,1.0,benchmark/data/new_experiments/blocks/dfs_timeout=60s__300steps__28042026/testing/fold2_numtrajs7_gtrate10/conflict_free_models/conflict_free_model_0/metrics.json,final_model
dfs_timeout=60s__300steps__28042026,60,0.0,28042026,PISAM,cleaned,2,7,10,698,0,10,1.0,0.9858757062146892,benchmark/data/new_experiments/blocks/dfs_timeout=60s__300steps__28042026/testing/fold2_numtrajs7_gtrate10/conflict_free_models/conflict_free_model_0/metrics.json,final_model
dfs_timeout=60s__300steps__28042026,60,0.0,28042026,PISAM,unclean,2,7,100,708,0,0,1.0,1.0,benchmark/data/new_experiments/blocks/dfs_timeout=60s__300steps__28042026/testing/fold2_numtrajs7_gtrate100/conflict_free_models/conflict_free_model_0/metrics.json,final_model
dfs_timeout=60s__300steps__28042026,60,0.0,28042026,PISAM,cleaned,2,7,100,708,0,0,1.0,1.0,benchmark/data/new_experiments/blocks/dfs_timeout=60s__300steps__28042026/testing/fold2_numtrajs7_gtrate100/conflict_free_models/conflict_free_model_0/metrics.json,final_model
dfs_timeout=60s__300steps__28042026,60,0.0,28042026,PISAM,unclean,2,7,25,708,0,0,1.0,1.0,benchmark/data/new_experiments/blocks/dfs_timeout=60s__300steps__28042026/testing/fold2_numtrajs7_gtrate25/conflict_free_models/conflict_free_model_0/metrics.json,final_model
dfs_timeout=60s__300steps__28042026,60,0.0,28042026,PISAM,cleaned,2,7,25,702,0,6,1.0,0.9915254237288136,benchmark/data/new_experiments/blocks/dfs_timeout=60s__300steps__28042026/testing/fold2_numtrajs7_gtrate25/conflict_free_models/conflict_free_model_0/metrics.json,final_model
dfs_timeout=60s__300steps__28042026,60,0.0,28042026,PISAM,unclean,2,7,50,708,0,0,1.0,1.0,benchmark/data/new_experiments/blocks/dfs_timeout=60s__300steps__28042026/testing/fold2_numtrajs7_gtrate50/conflict_free_models/conflict_free_model_0/metrics.json,final_model
dfs_timeout=60s__300steps__28042026,60,0.0,28042026,PISAM,cleaned,2,7,50,706,0,2,1.0,0.9971751412429378,benchmark/data/new_experiments/blocks/dfs_timeout=60s__300steps__28042026/testing/fold2_numtrajs7_gtrate50/conflict_free_models/conflict_free_model_0/metrics.json,final_model
dfs_timeout=60s__300steps__28042026,60,0.0,28042026,PISAM,unclean,2,7,75,708,0,0,1.0,1.0,benchmark/data/new_experiments/blocks/dfs_timeout=60s__300steps__28042026/testing/fold2_numtrajs7_gtrate75/conflict_free_models/conflict_free_model_0/metrics.json,final_model
dfs_timeout=60s__300steps__28042026,60,0.0,28042026,PISAM,cleaned,2,7,75,708,0,0,1.0,1.0,benchmark/data/new_experiments/blocks/dfs_timeout=60s__300steps__28042026/testing/fold2_numtrajs7_gtrate75/conflict_free_models/conflict_free_model_0/metrics.json,final_model
dfs_timeout=60s__300steps__28042026,60,0.0,28042026,PISAM,unclean,2,8,0,653,126,103,0.8382541720154044,0.8637566137566137,benchmark/data/new_experiments/blocks/dfs_timeout=60s__300steps__28042026/testing/fold2_numtrajs8_gtrate0/conflict_free_models/final_model/metrics.json,final_model
dfs_timeout=60s__300steps__28042026,60,0.0,28042026,PISAM,cleaned,2,8,0,639,177,117,0.7830882352941176,0.8452380952380952,benchmark/data/new_experiments/blocks/dfs_timeout=60s__300steps__28042026/testing/fold2_numtrajs8_gtrate0/conflict_free_models/final_model/metrics.json,final_model
dfs_timeout=60s__300steps__28042026,60,0.0,28042026,PISAM,unclean,2,8,10,756,0,0,1.0,1.0,benchmark/data/new_experiments/blocks/dfs_timeout=60s__300steps__28042026/testing/fold2_numtrajs8_gtrate10/conflict_free_models/conflict_free_model_0/metrics.json,final_model
dfs_timeout=60s__300steps__28042026,60,0.0,28042026,PISAM,cleaned,2,8,10,746,0,10,1.0,0.9867724867724867,benchmark/data/new_experiments/blocks/dfs_timeout=60s__300steps__28042026/testing/fold2_numtrajs8_gtrate10/conflict_free_models/conflict_free_model_0/metrics.json,final_model
dfs_timeout=60s__300steps__28042026,60,0.0,28042026,PISAM,unclean,2,8,100,756,0,0,1.0,1.0,benchmark/data/new_experiments/blocks/dfs_timeout=60s__300steps__28042026/testing/fold2_numtrajs8_gtrate100/conflict_free_models/conflict_free_model_0/metrics.json,final_model
dfs_timeout=60s__300steps__28042026,60,0.0,28042026,PISAM,cleaned,2,8,100,756,0,0,1.0,1.0,benchmark/data/new_experiments/blocks/dfs_timeout=60s__300steps__28042026/testing/fold2_numtrajs8_gtrate100/conflict_free_models/conflict_free_model_0/metrics.json,final_model
dfs_timeout=60s__300steps__28042026,60,0.0,28042026,PISAM,unclean,2,8,25,756,0,0,1.0,1.0,benchmark/data/new_experiments/blocks/dfs_timeout=60s__300steps__28042026/testing/fold2_numtrajs8_gtrate25/conflict_free_models/conflict_free_model_0/metrics.json,final_model
dfs_timeout=60s__300steps__28042026,60,0.0,28042026,PISAM,cleaned,2,8,25,750,0,6,1.0,0.9920634920634921,benchmark/data/new_experiments/blocks/dfs_timeout=60s__300steps__28042026/testing/fold2_numtrajs8_gtrate25/conflict_free_models/conflict_free_model_0/metrics.json,final_model
dfs_timeout=60s__300steps__28042026,60,0.0,28042026,PISAM,unclean,2,8,50,756,0,0,1.0,1.0,benchmark/data/new_experiments/blocks/dfs_timeout=60s__300steps__28042026/testing/fold2_numtrajs8_gtrate50/conflict_free_models/conflict_free_model_0/metrics.json,final_model
dfs_timeout=60s__300steps__28042026,60,0.0,28042026,PISAM,cleaned,2,8,50,754,0,2,1.0,0.9973544973544973,benchmark/data/new_experiments/blocks/dfs_timeout=60s__300steps__28042026/testing/fold2_numtrajs8_gtrate50/conflict_free_models/conflict_free_model_0/metrics.json,final_model
dfs_timeout=60s__300steps__28042026,60,0.0,28042026,PISAM,unclean,2,8,75,756,0,0,1.0,1.0,benchmark/data/new_experiments/blocks/dfs_timeout=60s__300steps__28042026/testing/fold2_numtrajs8_gtrate75/conflict_free_models/conflict_free_model_0/metrics.json,final_model
dfs_timeout=60s__300steps__28042026,60,0.0,28042026,PISAM,cleaned,2,8,75,756,0,0,1.0,1.0,benchmark/data/new_experiments/blocks/dfs_timeout=60s__300steps__28042026/testing/fold2_numtrajs8_gtrate75/conflict_free_models/conflict_free_model_0/metrics.json,final_model
dfs_timeout=60s__300steps__28042026,60,0.0,28042026,PISAM,unclean,3,1,0,122,58,36,0.6777777777777778,0.7721518987341772,benchmark/data/new_experiments/blocks/dfs_timeout=60s__300steps__28042026/testing/fold3_numtrajs1_gtrate0/conflict_free_models/final_model/metrics.json,final_model
dfs_timeout=60s__300steps__28042026,60,0.0,28042026,PISAM,cleaned,3,1,0,137,43,21,0.7611111111111111,0.8670886075949367,benchmark/data/new_experiments/blocks/dfs_timeout=60s__300steps__28042026/testing/fold3_numtrajs1_gtrate0/conflict_free_models/final_model/metrics.json,final_model
dfs_timeout=60s__300steps__28042026,60,0.0,28042026,PISAM,unclean,3,1,10,158,0,0,1.0,1.0,benchmark/data/new_experiments/blocks/dfs_timeout=60s__300steps__28042026/testing/fold3_numtrajs1_gtrate10/conflict_free_models/conflict_free_model_0/metrics.json,final_model
dfs_timeout=60s__300steps__28042026,60,0.0,28042026,PISAM,cleaned,3,1,10,156,0,2,1.0,0.9873417721518988,benchmark/data/new_experiments/blocks/dfs_timeout=60s__300steps__28042026/testing/fold3_numtrajs1_gtrate10/conflict_free_models/conflict_free_model_0/metrics.json,final_model
dfs_timeout=60s__300steps__28042026,60,0.0,28042026,PISAM,unclean,3,1,100,158,0,0,1.0,1.0,benchmark/data/new_experiments/blocks/dfs_timeout=60s__300steps__28042026/testing/fold3_numtrajs1_gtrate100/conflict_free_models/conflict_free_model_0/metrics.json,final_model
dfs_timeout=60s__300steps__28042026,60,0.0,28042026,PISAM,cleaned,3,1,100,158,0,0,1.0,1.0,benchmark/data/new_experiments/blocks/dfs_timeout=60s__300steps__28042026/testing/fold3_numtrajs1_gtrate100/conflict_free_models/conflict_free_model_0/metrics.json,final_model
dfs_timeout=60s__300steps__28042026,60,0.0,28042026,PISAM,unclean,3,1,25,158,0,0,1.0,1.0,benchmark/data/new_experiments/blocks/dfs_timeout=60s__300steps__28042026/testing/fold3_numtrajs1_gtrate25/conflict_free_models/conflict_free_model_0/metrics.json,final_model
dfs_timeout=60s__300steps__28042026,60,0.0,28042026,PISAM,cleaned,3,1,25,156,0,2,1.0,0.9873417721518988,benchmark/data/new_experiments/blocks/dfs_timeout=60s__300steps__28042026/testing/fold3_numtrajs1_gtrate25/conflict_free_models/conflict_free_model_0/metrics.json,final_model
dfs_timeout=60s__300steps__28042026,60,0.0,28042026,PISAM,unclean,3,1,50,158,0,0,1.0,1.0,benchmark/data/new_experiments/blocks/dfs_timeout=60s__300steps__28042026/testing/fold3_numtrajs1_gtrate50/conflict_free_models/conflict_free_model_0/metrics.json,final_model
dfs_timeout=60s__300steps__28042026,60,0.0,28042026,PISAM,cleaned,3,1,50,157,0,1,1.0,0.9936708860759493,benchmark/data/new_experiments/blocks/dfs_timeout=60s__300steps__28042026/testing/fold3_numtrajs1_gtrate50/conflict_free_models/conflict_free_model_0/metrics.json,final_model
dfs_timeout=60s__300steps__28042026,60,0.0,28042026,PISAM,unclean,3,1,75,158,0,0,1.0,1.0,benchmark/data/new_experiments/blocks/dfs_timeout=60s__300steps__28042026/testing/fold3_numtrajs1_gtrate75/conflict_free_models/conflict_free_model_0/metrics.json,final_model
dfs_timeout=60s__300steps__28042026,60,0.0,28042026,PISAM,cleaned,3,1,75,157,0,1,1.0,0.9936708860759493,benchmark/data/new_experiments/blocks/dfs_timeout=60s__300steps__28042026/testing/fold3_numtrajs1_gtrate75/conflict_free_models/conflict_free_model_0/metrics.json,final_model
dfs_timeout=60s__300steps__28042026,60,0.0,28042026,PISAM,unclean,3,2,0,280,105,73,0.7272727272727273,0.7932011331444759,benchmark/data/new_experiments/blocks/dfs_timeout=60s__300steps__28042026/testing/fold3_numtrajs2_gtrate0/conflict_free_models/final_model/metrics.json,final_model
dfs_timeout=60s__300steps__28042026,60,0.0,28042026,PISAM,cleaned,3,2,0,288,89,65,0.7639257294429708,0.8158640226628895,benchmark/data/new_experiments/blocks/dfs_timeout=60s__300steps__28042026/testing/fold3_numtrajs2_gtrate0/conflict_free_models/final_model/metrics.json,final_model
dfs_timeout=60s__300steps__28042026,60,0.0,28042026,PISAM,unclean,3,2,10,353,0,0,1.0,1.0,benchmark/data/new_experiments/blocks/dfs_timeout=60s__300steps__28042026/testing/fold3_numtrajs2_gtrate10/conflict_free_models/conflict_free_model_0/metrics.json,final_model
dfs_timeout=60s__300steps__28042026,60,0.0,28042026,PISAM,cleaned,3,2,10,347,0,6,1.0,0.9830028328611898,benchmark/data/new_experiments/blocks/dfs_timeout=60s__300steps__28042026/testing/fold3_numtrajs2_gtrate10/conflict_free_models/conflict_free_model_0/metrics.json,final_model
dfs_timeout=60s__300steps__28042026,60,0.0,28042026,PISAM,unclean,3,2,100,353,0,0,1.0,1.0,benchmark/data/new_experiments/blocks/dfs_timeout=60s__300steps__28042026/testing/fold3_numtrajs2_gtrate100/conflict_free_models/conflict_free_model_0/metrics.json,final_model
dfs_timeout=60s__300steps__28042026,60,0.0,28042026,PISAM,cleaned,3,2,100,353,0,0,1.0,1.0,benchmark/data/new_experiments/blocks/dfs_timeout=60s__300steps__28042026/testing/fold3_numtrajs2_gtrate100/conflict_free_models/conflict_free_model_0/metrics.json,final_model
dfs_timeout=60s__300steps__28042026,60,0.0,28042026,PISAM,unclean,3,2,25,353,0,0,1.0,1.0,benchmark/data/new_experiments/blocks/dfs_timeout=60s__300steps__28042026/testing/fold3_numtrajs2_gtrate25/conflict_free_models/conflict_free_model_0/metrics.json,final_model
dfs_timeout=60s__300steps__28042026,60,0.0,28042026,PISAM,cleaned,3,2,25,349,0,4,1.0,0.9886685552407932,benchmark/data/new_experiments/blocks/dfs_timeout=60s__300steps__28042026/testing/fold3_numtrajs2_gtrate25/conflict_free_models/conflict_free_model_0/metrics.json,final_model
dfs_timeout=60s__300steps__28042026,60,0.0,28042026,PISAM,unclean,3,2,50,353,0,0,1.0,1.0,benchmark/data/new_experiments/blocks/dfs_timeout=60s__300steps__28042026/testing/fold3_numtrajs2_gtrate50/conflict_free_models/conflict_free_model_0/metrics.json,final_model
dfs_timeout=60s__300steps__28042026,60,0.0,28042026,PISAM,cleaned,3,2,50,351,0,2,1.0,0.9943342776203966,benchmark/data/new_experiments/blocks/dfs_timeout=60s__300steps__28042026/testing/fold3_numtrajs2_gtrate50/conflict_free_models/conflict_free_model_0/metrics.json,final_model
dfs_timeout=60s__300steps__28042026,60,0.0,28042026,PISAM,unclean,3,2,75,353,0,0,1.0,1.0,benchmark/data/new_experiments/blocks/dfs_timeout=60s__300steps__28042026/testing/fold3_numtrajs2_gtrate75/conflict_free_models/conflict_free_model_0/metrics.json,final_model
dfs_timeout=60s__300steps__28042026,60,0.0,28042026,PISAM,cleaned,3,2,75,352,0,1,1.0,0.9971671388101983,benchmark/data/new_experiments/blocks/dfs_timeout=60s__300steps__28042026/testing/fold3_numtrajs2_gtrate75/conflict_free_models/conflict_free_model_0/metrics.json,final_model
dfs_timeout=60s__300steps__28042026,60,0.0,28042026,PISAM,unclean,3,3,0,332,114,81,0.7443946188340808,0.8038740920096852,benchmark/data/new_experiments/blocks/dfs_timeout=60s__300steps__28042026/testing/fold3_numtrajs3_gtrate0/conflict_free_models/final_model/metrics.json,final_model
dfs_timeout=60s__300steps__28042026,60,0.0,28042026,PISAM,cleaned,3,3,0,336,110,77,0.7533632286995515,0.8135593220338984,benchmark/data/new_experiments/blocks/dfs_timeout=60s__300steps__28042026/testing/fold3_numtrajs3_gtrate0/conflict_free_models/final_model/metrics.json,final_model
dfs_timeout=60s__300steps__28042026,60,0.0,28042026,PISAM,unclean,3,3,10,413,0,0,1.0,1.0,benchmark/data/new_experiments/blocks/dfs_timeout=60s__300steps__28042026/testing/fold3_numtrajs3_gtrate10/conflict_free_models/conflict_free_model_0/metrics.json,final_model
dfs_timeout=60s__300steps__28042026,60,0.0,28042026,PISAM,cleaned,3,3,10,407,0,6,1.0,0.9854721549636803,benchmark/data/new_experiments/blocks/dfs_timeout=60s__300steps__28042026/testing/fold3_numtrajs3_gtrate10/conflict_free_models/conflict_free_model_0/metrics.json,final_model
dfs_timeout=60s__300steps__28042026,60,0.0,28042026,PISAM,unclean,3,3,100,413,0,0,1.0,1.0,benchmark/data/new_experiments/blocks/dfs_timeout=60s__300steps__28042026/testing/fold3_numtrajs3_gtrate100/conflict_free_models/conflict_free_model_0/metrics.json,final_model
dfs_timeout=60s__300steps__28042026,60,0.0,28042026,PISAM,cleaned,3,3,100,413,0,0,1.0,1.0,benchmark/data/new_experiments/blocks/dfs_timeout=60s__300steps__28042026/testing/fold3_numtrajs3_gtrate100/conflict_free_models/conflict_free_model_0/metrics.json,final_model
dfs_timeout=60s__300steps__28042026,60,0.0,28042026,PISAM,unclean,3,3,25,413,0,0,1.0,1.0,benchmark/data/new_experiments/blocks/dfs_timeout=60s__300steps__28042026/testing/fold3_numtrajs3_gtrate25/conflict_free_models/conflict_free_model_0/metrics.json,final_model
dfs_timeout=60s__300steps__28042026,60,0.0,28042026,PISAM,cleaned,3,3,25,409,0,4,1.0,0.9903147699757869,benchmark/data/new_experiments/blocks/dfs_timeout=60s__300steps__28042026/testing/fold3_numtrajs3_gtrate25/conflict_free_models/conflict_free_model_0/metrics.json,final_model
dfs_timeout=60s__300steps__28042026,60,0.0,28042026,PISAM,unclean,3,3,50,413,0,0,1.0,1.0,benchmark/data/new_experiments/blocks/dfs_timeout=60s__300steps__28042026/testing/fold3_numtrajs3_gtrate50/conflict_free_models/conflict_free_model_0/metrics.json,final_model
dfs_timeout=60s__300steps__28042026,60,0.0,28042026,PISAM,cleaned,3,3,50,411,0,2,1.0,0.9951573849878934,benchmark/data/new_experiments/blocks/dfs_timeout=60s__300steps__28042026/testing/fold3_numtrajs3_gtrate50/conflict_free_models/conflict_free_model_0/metrics.json,final_model
dfs_timeout=60s__300steps__28042026,60,0.0,28042026,PISAM,unclean,3,3,75,413,0,0,1.0,1.0,benchmark/data/new_experiments/blocks/dfs_timeout=60s__300steps__28042026/testing/fold3_numtrajs3_gtrate75/conflict_free_models/conflict_free_model_0/metrics.json,final_model
dfs_timeout=60s__300steps__28042026,60,0.0,28042026,PISAM,cleaned,3,3,75,412,0,1,1.0,0.9975786924939467,benchmark/data/new_experiments/blocks/dfs_timeout=60s__300steps__28042026/testing/fold3_numtrajs3_gtrate75/conflict_free_models/conflict_free_model_0/metrics.json,final_model
dfs_timeout=60s__300steps__28042026,60,0.0,28042026,PISAM,unclean,3,4,0,396,135,96,0.7457627118644068,0.8048780487804879,benchmark/data/new_experiments/blocks/dfs_timeout=60s__300steps__28042026/testing/fold3_numtrajs4_gtrate0/conflict_free_models/final_model/metrics.json,final_model
dfs_timeout=60s__300steps__28042026,60,0.0,28042026,PISAM,cleaned,3,4,0,402,158,90,0.7178571428571429,0.8170731707317073,benchmark/data/new_experiments/blocks/dfs_timeout=60s__300steps__28042026/testing/fold3_numtrajs4_gtrate0/conflict_free_models/final_model/metrics.json,final_model
dfs_timeout=60s__300steps__28042026,60,0.0,28042026,PISAM,unclean,3,4,10,492,0,0,1.0,1.0,benchmark/data/new_experiments/blocks/dfs_timeout=60s__300steps__28042026/testing/fold3_numtrajs4_gtrate10/conflict_free_models/conflict_free_model_0/metrics.json,final_model
dfs_timeout=60s__300steps__28042026,60,0.0,28042026,PISAM,cleaned,3,4,10,485,0,7,1.0,0.9857723577235772,benchmark/data/new_experiments/blocks/dfs_timeout=60s__300steps__28042026/testing/fold3_numtrajs4_gtrate10/conflict_free_models/conflict_free_model_0/metrics.json,final_model
dfs_timeout=60s__300steps__28042026,60,0.0,28042026,PISAM,unclean,3,4,100,492,0,0,1.0,1.0,benchmark/data/new_experiments/blocks/dfs_timeout=60s__300steps__28042026/testing/fold3_numtrajs4_gtrate100/conflict_free_models/conflict_free_model_0/metrics.json,final_model
dfs_timeout=60s__300steps__28042026,60,0.0,28042026,PISAM,cleaned,3,4,100,492,0,0,1.0,1.0,benchmark/data/new_experiments/blocks/dfs_timeout=60s__300steps__28042026/testing/fold3_numtrajs4_gtrate100/conflict_free_models/conflict_free_model_0/metrics.json,final_model
dfs_timeout=60s__300steps__28042026,60,0.0,28042026,PISAM,unclean,3,4,25,492,0,0,1.0,1.0,benchmark/data/new_experiments/blocks/dfs_timeout=60s__300steps__28042026/testing/fold3_numtrajs4_gtrate25/conflict_free_models/conflict_free_model_0/metrics.json,final_model
dfs_timeout=60s__300steps__28042026,60,0.0,28042026,PISAM,cleaned,3,4,25,487,0,5,1.0,0.9898373983739838,benchmark/data/new_experiments/blocks/dfs_timeout=60s__300steps__28042026/testing/fold3_numtrajs4_gtrate25/conflict_free_models/conflict_free_model_0/metrics.json,final_model
dfs_timeout=60s__300steps__28042026,60,0.0,28042026,PISAM,unclean,3,4,50,492,0,0,1.0,1.0,benchmark/data/new_experiments/blocks/dfs_timeout=60s__300steps__28042026/testing/fold3_numtrajs4_gtrate50/conflict_free_models/conflict_free_model_0/metrics.json,final_model
dfs_timeout=60s__300steps__28042026,60,0.0,28042026,PISAM,cleaned,3,4,50,489,0,3,1.0,0.9939024390243902,benchmark/data/new_experiments/blocks/dfs_timeout=60s__300steps__28042026/testing/fold3_numtrajs4_gtrate50/conflict_free_models/conflict_free_model_0/metrics.json,final_model
dfs_timeout=60s__300steps__28042026,60,0.0,28042026,PISAM,unclean,3,4,75,492,0,0,1.0,1.0,benchmark/data/new_experiments/blocks/dfs_timeout=60s__300steps__28042026/testing/fold3_numtrajs4_gtrate75/conflict_free_models/conflict_free_model_0/metrics.json,final_model
dfs_timeout=60s__300steps__28042026,60,0.0,28042026,PISAM,cleaned,3,4,75,491,0,1,1.0,0.9979674796747967,benchmark/data/new_experiments/blocks/dfs_timeout=60s__300steps__28042026/testing/fold3_numtrajs4_gtrate75/conflict_free_models/conflict_free_model_0/metrics.json,final_model
dfs_timeout=60s__300steps__28042026,60,0.0,28042026,PISAM,unclean,3,5,0,483,144,102,0.7703349282296651,0.8256410256410256,benchmark/data/new_experiments/blocks/dfs_timeout=60s__300steps__28042026/testing/fold3_numtrajs5_gtrate0/conflict_free_models/final_model/metrics.json,final_model
dfs_timeout=60s__300steps__28042026,60,0.0,28042026,PISAM,cleaned,3,5,0,492,169,93,0.7443267776096822,0.841025641025641,benchmark/data/new_experiments/blocks/dfs_timeout=60s__300steps__28042026/testing/fold3_numtrajs5_gtrate0/conflict_free_models/final_model/metrics.json,final_model
dfs_timeout=60s__300steps__28042026,60,0.0,28042026,PISAM,unclean,3,5,10,585,0,0,1.0,1.0,benchmark/data/new_experiments/blocks/dfs_timeout=60s__300steps__28042026/testing/fold3_numtrajs5_gtrate10/conflict_free_models/conflict_free_model_0/metrics.json,final_model
dfs_timeout=60s__300steps__28042026,60,0.0,28042026,PISAM,cleaned,3,5,10,578,0,7,1.0,0.9880341880341881,benchmark/data/new_experiments/blocks/dfs_timeout=60s__300steps__28042026/testing/fold3_numtrajs5_gtrate10/conflict_free_models/conflict_free_model_0/metrics.json,final_model
dfs_timeout=60s__300steps__28042026,60,0.0,28042026,PISAM,unclean,3,5,100,585,0,0,1.0,1.0,benchmark/data/new_experiments/blocks/dfs_timeout=60s__300steps__28042026/testing/fold3_numtrajs5_gtrate100/conflict_free_models/conflict_free_model_0/metrics.json,final_model
dfs_timeout=60s__300steps__28042026,60,0.0,28042026,PISAM,cleaned,3,5,100,585,0,0,1.0,1.0,benchmark/data/new_experiments/blocks/dfs_timeout=60s__300steps__28042026/testing/fold3_numtrajs5_gtrate100/conflict_free_models/conflict_free_model_0/metrics.json,final_model
dfs_timeout=60s__300steps__28042026,60,0.0,28042026,PISAM,unclean,3,5,25,585,0,0,1.0,1.0,benchmark/data/new_experiments/blocks/dfs_timeout=60s__300steps__28042026/testing/fold3_numtrajs5_gtrate25/conflict_free_models/conflict_free_model_0/metrics.json,final_model
dfs_timeout=60s__300steps__28042026,60,0.0,28042026,PISAM,cleaned,3,5,25,580,0,5,1.0,0.9914529914529915,benchmark/data/new_experiments/blocks/dfs_timeout=60s__300steps__28042026/testing/fold3_numtrajs5_gtrate25/conflict_free_models/conflict_free_model_0/metrics.json,final_model
dfs_timeout=60s__300steps__28042026,60,0.0,28042026,PISAM,unclean,3,5,50,585,0,0,1.0,1.0,benchmark/data/new_experiments/blocks/dfs_timeout=60s__300steps__28042026/testing/fold3_numtrajs5_gtrate50/conflict_free_models/conflict_free_model_0/metrics.json,final_model
dfs_timeout=60s__300steps__28042026,60,0.0,28042026,PISAM,cleaned,3,5,50,582,0,3,1.0,0.9948717948717949,benchmark/data/new_experiments/blocks/dfs_timeout=60s__300steps__28042026/testing/fold3_numtrajs5_gtrate50/conflict_free_models/conflict_free_model_0/metrics.json,final_model
dfs_timeout=60s__300steps__28042026,60,0.0,28042026,PISAM,unclean,3,5,75,585,0,0,1.0,1.0,benchmark/data/new_experiments/blocks/dfs_timeout=60s__300steps__28042026/testing/fold3_numtrajs5_gtrate75/conflict_free_models/conflict_free_model_0/metrics.json,final_model
dfs_timeout=60s__300steps__28042026,60,0.0,28042026,PISAM,cleaned,3,5,75,584,0,1,1.0,0.9982905982905983,benchmark/data/new_experiments/blocks/dfs_timeout=60s__300steps__28042026/testing/fold3_numtrajs5_gtrate75/conflict_free_models/conflict_free_model_0/metrics.json,final_model
dfs_timeout=60s__300steps__28042026,60,0.0,28042026,PISAM,unclean,3,6,0,553,148,105,0.7888730385164051,0.8404255319148937,benchmark/data/new_experiments/blocks/dfs_timeout=60s__300steps__28042026/testing/fold3_numtrajs6_gtrate0/conflict_free_models/final_model/metrics.json,final_model
dfs_timeout=60s__300steps__28042026,60,0.0,28042026,PISAM,cleaned,3,6,0,559,187,99,0.7493297587131368,0.8495440729483282,benchmark/data/new_experiments/blocks/dfs_timeout=60s__300steps__28042026/testing/fold3_numtrajs6_gtrate0/conflict_free_models/final_model/metrics.json,final_model
dfs_timeout=60s__300steps__28042026,60,0.0,28042026,PISAM,unclean,3,6,10,658,0,0,1.0,1.0,benchmark/data/new_experiments/blocks/dfs_timeout=60s__300steps__28042026/testing/fold3_numtrajs6_gtrate10/conflict_free_models/conflict_free_model_0/metrics.json,final_model
dfs_timeout=60s__300steps__28042026,60,0.0,28042026,PISAM,cleaned,3,6,10,651,0,7,1.0,0.9893617021276596,benchmark/data/new_experiments/blocks/dfs_timeout=60s__300steps__28042026/testing/fold3_numtrajs6_gtrate10/conflict_free_models/conflict_free_model_0/metrics.json,final_model
dfs_timeout=60s__300steps__28042026,60,0.0,28042026,PISAM,unclean,3,6,100,658,0,0,1.0,1.0,benchmark/data/new_experiments/blocks/dfs_timeout=60s__300steps__28042026/testing/fold3_numtrajs6_gtrate100/conflict_free_models/conflict_free_model_0/metrics.json,final_model
dfs_timeout=60s__300steps__28042026,60,0.0,28042026,PISAM,cleaned,3,6,100,658,0,0,1.0,1.0,benchmark/data/new_experiments/blocks/dfs_timeout=60s__300steps__28042026/testing/fold3_numtrajs6_gtrate100/conflict_free_models/conflict_free_model_0/metrics.json,final_model
dfs_timeout=60s__300steps__28042026,60,0.0,28042026,PISAM,unclean,3,6,25,658,0,0,1.0,1.0,benchmark/data/new_experiments/blocks/dfs_timeout=60s__300steps__28042026/testing/fold3_numtrajs6_gtrate25/conflict_free_models/conflict_free_model_0/metrics.json,final_model
dfs_timeout=60s__300steps__28042026,60,0.0,28042026,PISAM,cleaned,3,6,25,653,0,5,1.0,0.9924012158054711,benchmark/data/new_experiments/blocks/dfs_timeout=60s__300steps__28042026/testing/fold3_numtrajs6_gtrate25/conflict_free_models/conflict_free_model_0/metrics.json,final_model
dfs_timeout=60s__300steps__28042026,60,0.0,28042026,PISAM,unclean,3,6,50,658,0,0,1.0,1.0,benchmark/data/new_experiments/blocks/dfs_timeout=60s__300steps__28042026/testing/fold3_numtrajs6_gtrate50/conflict_free_models/conflict_free_model_0/metrics.json,final_model
dfs_timeout=60s__300steps__28042026,60,0.0,28042026,PISAM,cleaned,3,6,50,655,0,3,1.0,0.9954407294832827,benchmark/data/new_experiments/blocks/dfs_timeout=60s__300steps__28042026/testing/fold3_numtrajs6_gtrate50/conflict_free_models/conflict_free_model_0/metrics.json,final_model
dfs_timeout=60s__300steps__28042026,60,0.0,28042026,PISAM,unclean,3,6,75,658,0,0,1.0,1.0,benchmark/data/new_experiments/blocks/dfs_timeout=60s__300steps__28042026/testing/fold3_numtrajs6_gtrate75/conflict_free_models/conflict_free_model_0/metrics.json,final_model
dfs_timeout=60s__300steps__28042026,60,0.0,28042026,PISAM,cleaned,3,6,75,657,0,1,1.0,0.9984802431610942,benchmark/data/new_experiments/blocks/dfs_timeout=60s__300steps__28042026/testing/fold3_numtrajs6_gtrate75/conflict_free_models/conflict_free_model_0/metrics.json,final_model
dfs_timeout=60s__300steps__28042026,60,0.0,28042026,PISAM,unclean,3,7,0,680,176,131,0.794392523364486,0.8384710234278668,benchmark/data/new_experiments/blocks/dfs_timeout=60s__300steps__28042026/testing/fold3_numtrajs7_gtrate0/conflict_free_models/final_model/metrics.json,final_model
dfs_timeout=60s__300steps__28042026,60,0.0,28042026,PISAM,cleaned,3,7,0,689,178,122,0.7946943483275664,0.8495684340320592,benchmark/data/new_experiments/blocks/dfs_timeout=60s__300steps__28042026/testing/fold3_numtrajs7_gtrate0/conflict_free_models/final_model/metrics.json,final_model
dfs_timeout=60s__300steps__28042026,60,0.0,28042026,PISAM,unclean,3,7,10,811,0,0,1.0,1.0,benchmark/data/new_experiments/blocks/dfs_timeout=60s__300steps__28042026/testing/fold3_numtrajs7_gtrate10/conflict_free_models/conflict_free_model_0/metrics.json,final_model
dfs_timeout=60s__300steps__28042026,60,0.0,28042026,PISAM,cleaned,3,7,10,799,0,12,1.0,0.9852034525277436,benchmark/data/new_experiments/blocks/dfs_timeout=60s__300steps__28042026/testing/fold3_numtrajs7_gtrate10/conflict_free_models/conflict_free_model_0/metrics.json,final_model
dfs_timeout=60s__300steps__28042026,60,0.0,28042026,PISAM,unclean,3,7,100,811,0,0,1.0,1.0,benchmark/data/new_experiments/blocks/dfs_timeout=60s__300steps__28042026/testing/fold3_numtrajs7_gtrate100/conflict_free_models/conflict_free_model_0/metrics.json,final_model
dfs_timeout=60s__300steps__28042026,60,0.0,28042026,PISAM,cleaned,3,7,100,811,0,0,1.0,1.0,benchmark/data/new_experiments/blocks/dfs_timeout=60s__300steps__28042026/testing/fold3_numtrajs7_gtrate100/conflict_free_models/conflict_free_model_0/metrics.json,final_model
dfs_timeout=60s__300steps__28042026,60,0.0,28042026,PISAM,unclean,3,7,25,811,0,0,1.0,1.0,benchmark/data/new_experiments/blocks/dfs_timeout=60s__300steps__28042026/testing/fold3_numtrajs7_gtrate25/conflict_free_models/conflict_free_model_0/metrics.json,final_model
dfs_timeout=60s__300steps__28042026,60,0.0,28042026,PISAM,cleaned,3,7,25,803,0,8,1.0,0.9901356350184957,benchmark/data/new_experiments/blocks/dfs_timeout=60s__300steps__28042026/testing/fold3_numtrajs7_gtrate25/conflict_free_models/conflict_free_model_0/metrics.json,final_model
dfs_timeout=60s__300steps__28042026,60,0.0,28042026,PISAM,unclean,3,7,50,811,0,0,1.0,1.0,benchmark/data/new_experiments/blocks/dfs_timeout=60s__300steps__28042026/testing/fold3_numtrajs7_gtrate50/conflict_free_models/conflict_free_model_0/metrics.json,final_model
dfs_timeout=60s__300steps__28042026,60,0.0,28042026,PISAM,cleaned,3,7,50,808,0,3,1.0,0.9963008631319359,benchmark/data/new_experiments/blocks/dfs_timeout=60s__300steps__28042026/testing/fold3_numtrajs7_gtrate50/conflict_free_models/conflict_free_model_0/metrics.json,final_model
dfs_timeout=60s__300steps__28042026,60,0.0,28042026,PISAM,unclean,3,7,75,811,0,0,1.0,1.0,benchmark/data/new_experiments/blocks/dfs_timeout=60s__300steps__28042026/testing/fold3_numtrajs7_gtrate75/conflict_free_models/conflict_free_model_0/metrics.json,final_model
dfs_timeout=60s__300steps__28042026,60,0.0,28042026,PISAM,cleaned,3,7,75,810,0,1,1.0,0.998766954377312,benchmark/data/new_experiments/blocks/dfs_timeout=60s__300steps__28042026/testing/fold3_numtrajs7_gtrate75/conflict_free_models/conflict_free_model_0/metrics.json,final_model
dfs_timeout=60s__300steps__28042026,60,0.0,28042026,PISAM,unclean,3,8,0,728,178,131,0.8035320088300221,0.8474970896391153,benchmark/data/new_experiments/blocks/dfs_timeout=60s__300steps__28042026/testing/fold3_numtrajs8_gtrate0/conflict_free_models/final_model/metrics.json,final_model
dfs_timeout=60s__300steps__28042026,60,0.0,28042026,PISAM,cleaned,3,8,0,732,187,127,0.7965179542981502,0.8521536670547147,benchmark/data/new_experiments/blocks/dfs_timeout=60s__300steps__28042026/testing/fold3_numtrajs8_gtrate0/conflict_free_models/final_model/metrics.json,final_model
dfs_timeout=60s__300steps__28042026,60,0.0,28042026,PISAM,unclean,3,8,10,859,0,0,1.0,1.0,benchmark/data/new_experiments/blocks/dfs_timeout=60s__300steps__28042026/testing/fold3_numtrajs8_gtrate10/conflict_free_models/conflict_free_model_0/metrics.json,final_model
dfs_timeout=60s__300steps__28042026,60,0.0,28042026,PISAM,cleaned,3,8,10,847,0,12,1.0,0.9860302677532014,benchmark/data/new_experiments/blocks/dfs_timeout=60s__300steps__28042026/testing/fold3_numtrajs8_gtrate10/conflict_free_models/conflict_free_model_0/metrics.json,final_model
dfs_timeout=60s__300steps__28042026,60,0.0,28042026,PISAM,unclean,3,8,100,859,0,0,1.0,1.0,benchmark/data/new_experiments/blocks/dfs_timeout=60s__300steps__28042026/testing/fold3_numtrajs8_gtrate100/conflict_free_models/conflict_free_model_0/metrics.json,final_model
dfs_timeout=60s__300steps__28042026,60,0.0,28042026,PISAM,cleaned,3,8,100,859,0,0,1.0,1.0,benchmark/data/new_experiments/blocks/dfs_timeout=60s__300steps__28042026/testing/fold3_numtrajs8_gtrate100/conflict_free_models/conflict_free_model_0/metrics.json,final_model
dfs_timeout=60s__300steps__28042026,60,0.0,28042026,PISAM,unclean,3,8,25,859,0,0,1.0,1.0,benchmark/data/new_experiments/blocks/dfs_timeout=60s__300steps__28042026/testing/fold3_numtrajs8_gtrate25/conflict_free_models/conflict_free_model_0/metrics.json,final_model
dfs_timeout=60s__300steps__28042026,60,0.0,28042026,PISAM,cleaned,3,8,25,851,0,8,1.0,0.9906868451688009,benchmark/data/new_experiments/blocks/dfs_timeout=60s__300steps__28042026/testing/fold3_numtrajs8_gtrate25/conflict_free_models/conflict_free_model_0/metrics.json,final_model
dfs_timeout=60s__300steps__28042026,60,0.0,28042026,PISAM,unclean,3,8,50,859,0,0,1.0,1.0,benchmark/data/new_experiments/blocks/dfs_timeout=60s__300steps__28042026/testing/fold3_numtrajs8_gtrate50/conflict_free_models/conflict_free_model_0/metrics.json,final_model
dfs_timeout=60s__300steps__28042026,60,0.0,28042026,PISAM,cleaned,3,8,50,856,0,3,1.0,0.9965075669383003,benchmark/data/new_experiments/blocks/dfs_timeout=60s__300steps__28042026/testing/fold3_numtrajs8_gtrate50/conflict_free_models/conflict_free_model_0/metrics.json,final_model
dfs_timeout=60s__300steps__28042026,60,0.0,28042026,PISAM,unclean,3,8,75,859,0,0,1.0,1.0,benchmark/data/new_experiments/blocks/dfs_timeout=60s__300steps__28042026/testing/fold3_numtrajs8_gtrate75/conflict_free_models/conflict_free_model_0/metrics.json,final_model
dfs_timeout=60s__300steps__28042026,60,0.0,28042026,PISAM,cleaned,3,8,75,858,0,1,1.0,0.9988358556461001,benchmark/data/new_experiments/blocks/dfs_timeout=60s__300steps__28042026/testing/fold3_numtrajs8_gtrate75/conflict_free_models/conflict_free_model_0/metrics.json,final_model
dfs_timeout=60s__300steps__28042026,60,0.0,28042026,PISAM,unclean,4,1,0,127,28,26,0.8193548387096774,0.8300653594771242,benchmark/data/new_experiments/blocks/dfs_timeout=60s__300steps__28042026/testing/fold4_numtrajs1_gtrate0/conflict_free_models/conflict_free_model_0/metrics.json,final_model
dfs_timeout=60s__300steps__28042026,60,0.0,28042026,PISAM,cleaned,4,1,0,102,28,51,0.7846153846153846,0.6666666666666666,benchmark/data/new_experiments/blocks/dfs_timeout=60s__300steps__28042026/testing/fold4_numtrajs1_gtrate0/conflict_free_models/conflict_free_model_0/metrics.json,final_model
dfs_timeout=60s__300steps__28042026,60,0.0,28042026,PISAM,unclean,4,1,10,153,0,0,1.0,1.0,benchmark/data/new_experiments/blocks/dfs_timeout=60s__300steps__28042026/testing/fold4_numtrajs1_gtrate10/conflict_free_models/conflict_free_model_0/metrics.json,final_model
dfs_timeout=60s__300steps__28042026,60,0.0,28042026,PISAM,cleaned,4,1,10,148,0,5,1.0,0.9673202614379085,benchmark/data/new_experiments/blocks/dfs_timeout=60s__300steps__28042026/testing/fold4_numtrajs1_gtrate10/conflict_free_models/conflict_free_model_0/metrics.json,final_model
dfs_timeout=60s__300steps__28042026,60,0.0,28042026,PISAM,unclean,4,1,100,153,0,0,1.0,1.0,benchmark/data/new_experiments/blocks/dfs_timeout=60s__300steps__28042026/testing/fold4_numtrajs1_gtrate100/conflict_free_models/conflict_free_model_0/metrics.json,final_model
dfs_timeout=60s__300steps__28042026,60,0.0,28042026,PISAM,cleaned,4,1,100,153,0,0,1.0,1.0,benchmark/data/new_experiments/blocks/dfs_timeout=60s__300steps__28042026/testing/fold4_numtrajs1_gtrate100/conflict_free_models/conflict_free_model_0/metrics.json,final_model
dfs_timeout=60s__300steps__28042026,60,0.0,28042026,PISAM,unclean,4,1,25,153,0,0,1.0,1.0,benchmark/data/new_experiments/blocks/dfs_timeout=60s__300steps__28042026/testing/fold4_numtrajs1_gtrate25/conflict_free_models/conflict_free_model_0/metrics.json,final_model
dfs_timeout=60s__300steps__28042026,60,0.0,28042026,PISAM,cleaned,4,1,25,150,0,3,1.0,0.9803921568627451,benchmark/data/new_experiments/blocks/dfs_timeout=60s__300steps__28042026/testing/fold4_numtrajs1_gtrate25/conflict_free_models/conflict_free_model_0/metrics.json,final_model
dfs_timeout=60s__300steps__28042026,60,0.0,28042026,PISAM,unclean,4,1,50,153,0,0,1.0,1.0,benchmark/data/new_experiments/blocks/dfs_timeout=60s__300steps__28042026/testing/fold4_numtrajs1_gtrate50/conflict_free_models/conflict_free_model_0/metrics.json,final_model
dfs_timeout=60s__300steps__28042026,60,0.0,28042026,PISAM,cleaned,4,1,50,153,0,0,1.0,1.0,benchmark/data/new_experiments/blocks/dfs_timeout=60s__300steps__28042026/testing/fold4_numtrajs1_gtrate50/conflict_free_models/conflict_free_model_0/metrics.json,final_model
dfs_timeout=60s__300steps__28042026,60,0.0,28042026,PISAM,unclean,4,1,75,153,0,0,1.0,1.0,benchmark/data/new_experiments/blocks/dfs_timeout=60s__300steps__28042026/testing/fold4_numtrajs1_gtrate75/conflict_free_models/conflict_free_model_0/metrics.json,final_model
dfs_timeout=60s__300steps__28042026,60,0.0,28042026,PISAM,cleaned,4,1,75,153,0,0,1.0,1.0,benchmark/data/new_experiments/blocks/dfs_timeout=60s__300steps__28042026/testing/fold4_numtrajs1_gtrate75/conflict_free_models/conflict_free_model_0/metrics.json,final_model
dfs_timeout=60s__300steps__28042026,60,0.0,28042026,PISAM,unclean,4,2,0,191,49,41,0.7958333333333333,0.8232758620689655,benchmark/data/new_experiments/blocks/dfs_timeout=60s__300steps__28042026/testing/fold4_numtrajs2_gtrate0/conflict_free_models/final_model/metrics.json,final_model
dfs_timeout=60s__300steps__28042026,60,0.0,28042026,PISAM,cleaned,4,2,0,162,52,70,0.7570093457943925,0.6982758620689655,benchmark/data/new_experiments/blocks/dfs_timeout=60s__300steps__28042026/testing/fold4_numtrajs2_gtrate0/conflict_free_models/final_model/metrics.json,final_model
dfs_timeout=60s__300steps__28042026,60,0.0,28042026,PISAM,unclean,4,2,10,232,0,0,1.0,1.0,benchmark/data/new_experiments/blocks/dfs_timeout=60s__300steps__28042026/testing/fold4_numtrajs2_gtrate10/conflict_free_models/conflict_free_model_0/metrics.json,final_model
dfs_timeout=60s__300steps__28042026,60,0.0,28042026,PISAM,cleaned,4,2,10,226,0,6,1.0,0.9741379310344828,benchmark/data/new_experiments/blocks/dfs_timeout=60s__300steps__28042026/testing/fold4_numtrajs2_gtrate10/conflict_free_models/conflict_free_model_0/metrics.json,final_model
dfs_timeout=60s__300steps__28042026,60,0.0,28042026,PISAM,unclean,4,2,100,232,0,0,1.0,1.0,benchmark/data/new_experiments/blocks/dfs_timeout=60s__300steps__28042026/testing/fold4_numtrajs2_gtrate100/conflict_free_models/conflict_free_model_0/metrics.json,final_model
dfs_timeout=60s__300steps__28042026,60,0.0,28042026,PISAM,cleaned,4,2,100,232,0,0,1.0,1.0,benchmark/data/new_experiments/blocks/dfs_timeout=60s__300steps__28042026/testing/fold4_numtrajs2_gtrate100/conflict_free_models/conflict_free_model_0/metrics.json,final_model
dfs_timeout=60s__300steps__28042026,60,0.0,28042026,PISAM,unclean,4,2,25,232,0,0,1.0,1.0,benchmark/data/new_experiments/blocks/dfs_timeout=60s__300steps__28042026/testing/fold4_numtrajs2_gtrate25/conflict_free_models/conflict_free_model_0/metrics.json,final_model
dfs_timeout=60s__300steps__28042026,60,0.0,28042026,PISAM,cleaned,4,2,25,228,0,4,1.0,0.9827586206896551,benchmark/data/new_experiments/blocks/dfs_timeout=60s__300steps__28042026/testing/fold4_numtrajs2_gtrate25/conflict_free_models/conflict_free_model_0/metrics.json,final_model
dfs_timeout=60s__300steps__28042026,60,0.0,28042026,PISAM,unclean,4,2,50,232,0,0,1.0,1.0,benchmark/data/new_experiments/blocks/dfs_timeout=60s__300steps__28042026/testing/fold4_numtrajs2_gtrate50/conflict_free_models/conflict_free_model_0/metrics.json,final_model
dfs_timeout=60s__300steps__28042026,60,0.0,28042026,PISAM,cleaned,4,2,50,231,0,1,1.0,0.9956896551724138,benchmark/data/new_experiments/blocks/dfs_timeout=60s__300steps__28042026/testing/fold4_numtrajs2_gtrate50/conflict_free_models/conflict_free_model_0/metrics.json,final_model
dfs_timeout=60s__300steps__28042026,60,0.0,28042026,PISAM,unclean,4,2,75,232,0,0,1.0,1.0,benchmark/data/new_experiments/blocks/dfs_timeout=60s__300steps__28042026/testing/fold4_numtrajs2_gtrate75/conflict_free_models/conflict_free_model_0/metrics.json,final_model
dfs_timeout=60s__300steps__28042026,60,0.0,28042026,PISAM,cleaned,4,2,75,232,0,0,1.0,1.0,benchmark/data/new_experiments/blocks/dfs_timeout=60s__300steps__28042026/testing/fold4_numtrajs2_gtrate75/conflict_free_models/conflict_free_model_0/metrics.json,final_model
dfs_timeout=60s__300steps__28042026,60,0.0,28042026,PISAM,unclean,4,3,0,261,53,44,0.8312101910828026,0.8557377049180328,benchmark/data/new_experiments/blocks/dfs_timeout=60s__300steps__28042026/testing/fold4_numtrajs3_gtrate0/conflict_free_models/final_model/metrics.json,final_model
dfs_timeout=60s__300steps__28042026,60,0.0,28042026,PISAM,cleaned,4,3,0,219,63,86,0.776595744680851,0.7180327868852459,benchmark/data/new_experiments/blocks/dfs_timeout=60s__300steps__28042026/testing/fold4_numtrajs3_gtrate0/conflict_free_models/final_model/metrics.json,final_model
dfs_timeout=60s__300steps__28042026,60,0.0,28042026,PISAM,unclean,4,3,10,305,0,0,1.0,1.0,benchmark/data/new_experiments/blocks/dfs_timeout=60s__300steps__28042026/testing/fold4_numtrajs3_gtrate10/conflict_free_models/conflict_free_model_0/metrics.json,final_model
dfs_timeout=60s__300steps__28042026,60,0.0,28042026,PISAM,cleaned,4,3,10,299,0,6,1.0,0.980327868852459,benchmark/data/new_experiments/blocks/dfs_timeout=60s__300steps__28042026/testing/fold4_numtrajs3_gtrate10/conflict_free_models/conflict_free_model_0/metrics.json,final_model
dfs_timeout=60s__300steps__28042026,60,0.0,28042026,PISAM,unclean,4,3,100,305,0,0,1.0,1.0,benchmark/data/new_experiments/blocks/dfs_timeout=60s__300steps__28042026/testing/fold4_numtrajs3_gtrate100/conflict_free_models/conflict_free_model_0/metrics.json,final_model
dfs_timeout=60s__300steps__28042026,60,0.0,28042026,PISAM,cleaned,4,3,100,305,0,0,1.0,1.0,benchmark/data/new_experiments/blocks/dfs_timeout=60s__300steps__28042026/testing/fold4_numtrajs3_gtrate100/conflict_free_models/conflict_free_model_0/metrics.json,final_model
dfs_timeout=60s__300steps__28042026,60,0.0,28042026,PISAM,unclean,4,3,25,305,0,0,1.0,1.0,benchmark/data/new_experiments/blocks/dfs_timeout=60s__300steps__28042026/testing/fold4_numtrajs3_gtrate25/conflict_free_models/conflict_free_model_0/metrics.json,final_model
dfs_timeout=60s__300steps__28042026,60,0.0,28042026,PISAM,cleaned,4,3,25,301,0,4,1.0,0.9868852459016394,benchmark/data/new_experiments/blocks/dfs_timeout=60s__300steps__28042026/testing/fold4_numtrajs3_gtrate25/conflict_free_models/conflict_free_model_0/metrics.json,final_model
dfs_timeout=60s__300steps__28042026,60,0.0,28042026,PISAM,unclean,4,3,50,305,0,0,1.0,1.0,benchmark/data/new_experiments/blocks/dfs_timeout=60s__300steps__28042026/testing/fold4_numtrajs3_gtrate50/conflict_free_models/conflict_free_model_0/metrics.json,final_model
dfs_timeout=60s__300steps__28042026,60,0.0,28042026,PISAM,cleaned,4,3,50,304,0,1,1.0,0.9967213114754099,benchmark/data/new_experiments/blocks/dfs_timeout=60s__300steps__28042026/testing/fold4_numtrajs3_gtrate50/conflict_free_models/conflict_free_model_0/metrics.json,final_model
dfs_timeout=60s__300steps__28042026,60,0.0,28042026,PISAM,unclean,4,3,75,305,0,0,1.0,1.0,benchmark/data/new_experiments/blocks/dfs_timeout=60s__300steps__28042026/testing/fold4_numtrajs3_gtrate75/conflict_free_models/conflict_free_model_0/metrics.json,final_model
dfs_timeout=60s__300steps__28042026,60,0.0,28042026,PISAM,cleaned,4,3,75,305,0,0,1.0,1.0,benchmark/data/new_experiments/blocks/dfs_timeout=60s__300steps__28042026/testing/fold4_numtrajs3_gtrate75/conflict_free_models/conflict_free_model_0/metrics.json,final_model
dfs_timeout=60s__300steps__28042026,60,0.0,28042026,PISAM,unclean,4,4,0,419,100,81,0.8073217726396917,0.838,benchmark/data/new_experiments/blocks/dfs_timeout=60s__300steps__28042026/testing/fold4_numtrajs4_gtrate0/conflict_free_models/final_model/metrics.json,final_model
dfs_timeout=60s__300steps__28042026,60,0.0,28042026,PISAM,cleaned,4,4,0,380,97,120,0.7966457023060797,0.76,benchmark/data/new_experiments/blocks/dfs_timeout=60s__300steps__28042026/testing/fold4_numtrajs4_gtrate0/conflict_free_models/final_model/metrics.json,final_model
dfs_timeout=60s__300steps__28042026,60,0.0,28042026,PISAM,unclean,4,4,10,500,0,0,1.0,1.0,benchmark/data/new_experiments/blocks/dfs_timeout=60s__300steps__28042026/testing/fold4_numtrajs4_gtrate10/conflict_free_models/conflict_free_model_0/metrics.json,final_model
dfs_timeout=60s__300steps__28042026,60,0.0,28042026,PISAM,cleaned,4,4,10,490,0,10,1.0,0.98,benchmark/data/new_experiments/blocks/dfs_timeout=60s__300steps__28042026/testing/fold4_numtrajs4_gtrate10/conflict_free_models/conflict_free_model_0/metrics.json,final_model
dfs_timeout=60s__300steps__28042026,60,0.0,28042026,PISAM,unclean,4,4,100,500,0,0,1.0,1.0,benchmark/data/new_experiments/blocks/dfs_timeout=60s__300steps__28042026/testing/fold4_numtrajs4_gtrate100/conflict_free_models/conflict_free_model_0/metrics.json,final_model
dfs_timeout=60s__300steps__28042026,60,0.0,28042026,PISAM,cleaned,4,4,100,500,0,0,1.0,1.0,benchmark/data/new_experiments/blocks/dfs_timeout=60s__300steps__28042026/testing/fold4_numtrajs4_gtrate100/conflict_free_models/conflict_free_model_0/metrics.json,final_model
dfs_timeout=60s__300steps__28042026,60,0.0,28042026,PISAM,unclean,4,4,25,500,0,0,1.0,1.0,benchmark/data/new_experiments/blocks/dfs_timeout=60s__300steps__28042026/testing/fold4_numtrajs4_gtrate25/conflict_free_models/conflict_free_model_0/metrics.json,final_model
dfs_timeout=60s__300steps__28042026,60,0.0,28042026,PISAM,cleaned,4,4,25,494,0,6,1.0,0.988,benchmark/data/new_experiments/blocks/dfs_timeout=60s__300steps__28042026/testing/fold4_numtrajs4_gtrate25/conflict_free_models/conflict_free_model_0/metrics.json,final_model
dfs_timeout=60s__300steps__28042026,60,0.0,28042026,PISAM,unclean,4,4,50,500,0,0,1.0,1.0,benchmark/data/new_experiments/blocks/dfs_timeout=60s__300steps__28042026/testing/fold4_numtrajs4_gtrate50/conflict_free_models/conflict_free_model_0/metrics.json,final_model
dfs_timeout=60s__300steps__28042026,60,0.0,28042026,PISAM,cleaned,4,4,50,498,0,2,1.0,0.996,benchmark/data/new_experiments/blocks/dfs_timeout=60s__300steps__28042026/testing/fold4_numtrajs4_gtrate50/conflict_free_models/conflict_free_model_0/metrics.json,final_model
dfs_timeout=60s__300steps__28042026,60,0.0,28042026,PISAM,unclean,4,4,75,500,0,0,1.0,1.0,benchmark/data/new_experiments/blocks/dfs_timeout=60s__300steps__28042026/testing/fold4_numtrajs4_gtrate75/conflict_free_models/conflict_free_model_0/metrics.json,final_model
dfs_timeout=60s__300steps__28042026,60,0.0,28042026,PISAM,cleaned,4,4,75,500,0,0,1.0,1.0,benchmark/data/new_experiments/blocks/dfs_timeout=60s__300steps__28042026/testing/fold4_numtrajs4_gtrate75/conflict_free_models/conflict_free_model_0/metrics.json,final_model
dfs_timeout=60s__300steps__28042026,60,0.0,28042026,PISAM,unclean,4,5,0,467,102,81,0.820738137082601,0.8521897810218978,benchmark/data/new_experiments/blocks/dfs_timeout=60s__300steps__28042026/testing/fold4_numtrajs5_gtrate0/conflict_free_models/final_model/metrics.json,final_model
dfs_timeout=60s__300steps__28042026,60,0.0,28042026,PISAM,cleaned,4,5,0,418,108,130,0.7946768060836502,0.7627737226277372,benchmark/data/new_experiments/blocks/dfs_timeout=60s__300steps__28042026/testing/fold4_numtrajs5_gtrate0/conflict_free_models/final_model/metrics.json,final_model
dfs_timeout=60s__300steps__28042026,60,0.0,28042026,PISAM,unclean,4,5,10,548,0,0,1.0,1.0,benchmark/data/new_experiments/blocks/dfs_timeout=60s__300steps__28042026/testing/fold4_numtrajs5_gtrate10/conflict_free_models/conflict_free_model_0/metrics.json,final_model
dfs_timeout=60s__300steps__28042026,60,0.0,28042026,PISAM,cleaned,4,5,10,538,0,10,1.0,0.9817518248175182,benchmark/data/new_experiments/blocks/dfs_timeout=60s__300steps__28042026/testing/fold4_numtrajs5_gtrate10/conflict_free_models/conflict_free_model_0/metrics.json,final_model
dfs_timeout=60s__300steps__28042026,60,0.0,28042026,PISAM,unclean,4,5,100,548,0,0,1.0,1.0,benchmark/data/new_experiments/blocks/dfs_timeout=60s__300steps__28042026/testing/fold4_numtrajs5_gtrate100/conflict_free_models/conflict_free_model_0/metrics.json,final_model
dfs_timeout=60s__300steps__28042026,60,0.0,28042026,PISAM,cleaned,4,5,100,548,0,0,1.0,1.0,benchmark/data/new_experiments/blocks/dfs_timeout=60s__300steps__28042026/testing/fold4_numtrajs5_gtrate100/conflict_free_models/conflict_free_model_0/metrics.json,final_model
dfs_timeout=60s__300steps__28042026,60,0.0,28042026,PISAM,unclean,4,5,25,548,0,0,1.0,1.0,benchmark/data/new_experiments/blocks/dfs_timeout=60s__300steps__28042026/testing/fold4_numtrajs5_gtrate25/conflict_free_models/conflict_free_model_0/metrics.json,final_model
dfs_timeout=60s__300steps__28042026,60,0.0,28042026,PISAM,cleaned,4,5,25,542,0,6,1.0,0.9890510948905109,benchmark/data/new_experiments/blocks/dfs_timeout=60s__300steps__28042026/testing/fold4_numtrajs5_gtrate25/conflict_free_models/conflict_free_model_0/metrics.json,final_model
dfs_timeout=60s__300steps__28042026,60,0.0,28042026,PISAM,unclean,4,5,50,548,0,0,1.0,1.0,benchmark/data/new_experiments/blocks/dfs_timeout=60s__300steps__28042026/testing/fold4_numtrajs5_gtrate50/conflict_free_models/conflict_free_model_0/metrics.json,final_model
dfs_timeout=60s__300steps__28042026,60,0.0,28042026,PISAM,cleaned,4,5,50,546,0,2,1.0,0.9963503649635036,benchmark/data/new_experiments/blocks/dfs_timeout=60s__300steps__28042026/testing/fold4_numtrajs5_gtrate50/conflict_free_models/conflict_free_model_0/metrics.json,final_model
dfs_timeout=60s__300steps__28042026,60,0.0,28042026,PISAM,unclean,4,5,75,548,0,0,1.0,1.0,benchmark/data/new_experiments/blocks/dfs_timeout=60s__300steps__28042026/testing/fold4_numtrajs5_gtrate75/conflict_free_models/conflict_free_model_0/metrics.json,final_model
dfs_timeout=60s__300steps__28042026,60,0.0,28042026,PISAM,cleaned,4,5,75,548,0,0,1.0,1.0,benchmark/data/new_experiments/blocks/dfs_timeout=60s__300steps__28042026/testing/fold4_numtrajs5_gtrate75/conflict_free_models/conflict_free_model_0/metrics.json,final_model
dfs_timeout=60s__300steps__28042026,60,0.0,28042026,PISAM,unclean,4,6,0,519,111,89,0.8238095238095238,0.8536184210526315,benchmark/data/new_experiments/blocks/dfs_timeout=60s__300steps__28042026/testing/fold4_numtrajs6_gtrate0/conflict_free_models/final_model/metrics.json,final_model
dfs_timeout=60s__300steps__28042026,60,0.0,28042026,PISAM,cleaned,4,6,0,439,96,169,0.8205607476635514,0.7220394736842105,benchmark/data/new_experiments/blocks/dfs_timeout=60s__300steps__28042026/testing/fold4_numtrajs6_gtrate0/conflict_free_models/final_model/metrics.json,final_model
dfs_timeout=60s__300steps__28042026,60,0.0,28042026,PISAM,unclean,4,6,10,608,0,0,1.0,1.0,benchmark/data/new_experiments/blocks/dfs_timeout=60s__300steps__28042026/testing/fold4_numtrajs6_gtrate10/conflict_free_models/conflict_free_model_0/metrics.json,final_model
dfs_timeout=60s__300steps__28042026,60,0.0,28042026,PISAM,cleaned,4,6,10,598,0,10,1.0,0.9835526315789473,benchmark/data/new_experiments/blocks/dfs_timeout=60s__300steps__28042026/testing/fold4_numtrajs6_gtrate10/conflict_free_models/conflict_free_model_0/metrics.json,final_model
dfs_timeout=60s__300steps__28042026,60,0.0,28042026,PISAM,unclean,4,6,100,608,0,0,1.0,1.0,benchmark/data/new_experiments/blocks/dfs_timeout=60s__300steps__28042026/testing/fold4_numtrajs6_gtrate100/conflict_free_models/conflict_free_model_0/metrics.json,final_model
dfs_timeout=60s__300steps__28042026,60,0.0,28042026,PISAM,cleaned,4,6,100,608,0,0,1.0,1.0,benchmark/data/new_experiments/blocks/dfs_timeout=60s__300steps__28042026/testing/fold4_numtrajs6_gtrate100/conflict_free_models/conflict_free_model_0/metrics.json,final_model
dfs_timeout=60s__300steps__28042026,60,0.0,28042026,PISAM,unclean,4,6,25,608,0,0,1.0,1.0,benchmark/data/new_experiments/blocks/dfs_timeout=60s__300steps__28042026/testing/fold4_numtrajs6_gtrate25/conflict_free_models/conflict_free_model_0/metrics.json,final_model
dfs_timeout=60s__300steps__28042026,60,0.0,28042026,PISAM,cleaned,4,6,25,602,0,6,1.0,0.9901315789473685,benchmark/data/new_experiments/blocks/dfs_timeout=60s__300steps__28042026/testing/fold4_numtrajs6_gtrate25/conflict_free_models/conflict_free_model_0/metrics.json,final_model
dfs_timeout=60s__300steps__28042026,60,0.0,28042026,PISAM,unclean,4,6,50,608,0,0,1.0,1.0,benchmark/data/new_experiments/blocks/dfs_timeout=60s__300steps__28042026/testing/fold4_numtrajs6_gtrate50/conflict_free_models/conflict_free_model_0/metrics.json,final_model
dfs_timeout=60s__300steps__28042026,60,0.0,28042026,PISAM,cleaned,4,6,50,606,0,2,1.0,0.9967105263157895,benchmark/data/new_experiments/blocks/dfs_timeout=60s__300steps__28042026/testing/fold4_numtrajs6_gtrate50/conflict_free_models/conflict_free_model_0/metrics.json,final_model
dfs_timeout=60s__300steps__28042026,60,0.0,28042026,PISAM,unclean,4,6,75,608,0,0,1.0,1.0,benchmark/data/new_experiments/blocks/dfs_timeout=60s__300steps__28042026/testing/fold4_numtrajs6_gtrate75/conflict_free_models/conflict_free_model_0/metrics.json,final_model
dfs_timeout=60s__300steps__28042026,60,0.0,28042026,PISAM,cleaned,4,6,75,608,0,0,1.0,1.0,benchmark/data/new_experiments/blocks/dfs_timeout=60s__300steps__28042026/testing/fold4_numtrajs6_gtrate75/conflict_free_models/conflict_free_model_0/metrics.json,final_model
dfs_timeout=60s__300steps__28042026,60,0.0,28042026,PISAM,unclean,4,7,0,641,169,125,0.7913580246913581,0.8368146214099217,benchmark/data/new_experiments/blocks/dfs_timeout=60s__300steps__28042026/testing/fold4_numtrajs7_gtrate0/conflict_free_models/final_model/metrics.json,final_model
dfs_timeout=60s__300steps__28042026,60,0.0,28042026,PISAM,cleaned,4,7,0,659,247,107,0.7273730684326711,0.860313315926893,benchmark/data/new_experiments/blocks/dfs_timeout=60s__300steps__28042026/testing/fold4_numtrajs7_gtrate0/conflict_free_models/final_model/metrics.json,final_model
dfs_timeout=60s__300steps__28042026,60,0.0,28042026,PISAM,unclean,4,7,10,766,0,0,1.0,1.0,benchmark/data/new_experiments/blocks/dfs_timeout=60s__300steps__28042026/testing/fold4_numtrajs7_gtrate10/conflict_free_models/conflict_free_model_0/metrics.json,final_model
dfs_timeout=60s__300steps__28042026,60,0.0,28042026,PISAM,cleaned,4,7,10,754,0,12,1.0,0.9843342036553525,benchmark/data/new_experiments/blocks/dfs_timeout=60s__300steps__28042026/testing/fold4_numtrajs7_gtrate10/conflict_free_models/conflict_free_model_0/metrics.json,final_model
dfs_timeout=60s__300steps__28042026,60,0.0,28042026,PISAM,unclean,4,7,100,766,0,0,1.0,1.0,benchmark/data/new_experiments/blocks/dfs_timeout=60s__300steps__28042026/testing/fold4_numtrajs7_gtrate100/conflict_free_models/conflict_free_model_0/metrics.json,final_model
dfs_timeout=60s__300steps__28042026,60,0.0,28042026,PISAM,cleaned,4,7,100,766,0,0,1.0,1.0,benchmark/data/new_experiments/blocks/dfs_timeout=60s__300steps__28042026/testing/fold4_numtrajs7_gtrate100/conflict_free_models/conflict_free_model_0/metrics.json,final_model
dfs_timeout=60s__300steps__28042026,60,0.0,28042026,PISAM,unclean,4,7,25,766,0,0,1.0,1.0,benchmark/data/new_experiments/blocks/dfs_timeout=60s__300steps__28042026/testing/fold4_numtrajs7_gtrate25/conflict_free_models/conflict_free_model_0/metrics.json,final_model
dfs_timeout=60s__300steps__28042026,60,0.0,28042026,PISAM,cleaned,4,7,25,758,0,8,1.0,0.9895561357702349,benchmark/data/new_experiments/blocks/dfs_timeout=60s__300steps__28042026/testing/fold4_numtrajs7_gtrate25/conflict_free_models/conflict_free_model_0/metrics.json,final_model
dfs_timeout=60s__300steps__28042026,60,0.0,28042026,PISAM,unclean,4,7,50,766,0,0,1.0,1.0,benchmark/data/new_experiments/blocks/dfs_timeout=60s__300steps__28042026/testing/fold4_numtrajs7_gtrate50/conflict_free_models/conflict_free_model_0/metrics.json,final_model
dfs_timeout=60s__300steps__28042026,60,0.0,28042026,PISAM,cleaned,4,7,50,763,0,3,1.0,0.9960835509138382,benchmark/data/new_experiments/blocks/dfs_timeout=60s__300steps__28042026/testing/fold4_numtrajs7_gtrate50/conflict_free_models/conflict_free_model_0/metrics.json,final_model
dfs_timeout=60s__300steps__28042026,60,0.0,28042026,PISAM,unclean,4,7,75,766,0,0,1.0,1.0,benchmark/data/new_experiments/blocks/dfs_timeout=60s__300steps__28042026/testing/fold4_numtrajs7_gtrate75/conflict_free_models/conflict_free_model_0/metrics.json,final_model
dfs_timeout=60s__300steps__28042026,60,0.0,28042026,PISAM,cleaned,4,7,75,765,0,1,1.0,0.9986945169712794,benchmark/data/new_experiments/blocks/dfs_timeout=60s__300steps__28042026/testing/fold4_numtrajs7_gtrate75/conflict_free_models/conflict_free_model_0/metrics.json,final_model
dfs_timeout=60s__300steps__28042026,60,0.0,28042026,PISAM,unclean,4,8,0,688,175,133,0.7972190034762456,0.8380024360535931,benchmark/data/new_experiments/blocks/dfs_timeout=60s__300steps__28042026/testing/fold4_numtrajs8_gtrate0/conflict_free_models/final_model/metrics.json,final_model
dfs_timeout=60s__300steps__28042026,60,0.0,28042026,PISAM,cleaned,4,8,0,694,201,127,0.7754189944134078,0.8453105968331304,benchmark/data/new_experiments/blocks/dfs_timeout=60s__300steps__28042026/testing/fold4_numtrajs8_gtrate0/conflict_free_models/final_model/metrics.json,final_model
dfs_timeout=60s__300steps__28042026,60,0.0,28042026,PISAM,unclean,4,8,10,821,0,0,1.0,1.0,benchmark/data/new_experiments/blocks/dfs_timeout=60s__300steps__28042026/testing/fold4_numtrajs8_gtrate10/conflict_free_models/conflict_free_model_0/metrics.json,final_model
dfs_timeout=60s__300steps__28042026,60,0.0,28042026,PISAM,cleaned,4,8,10,809,0,12,1.0,0.9853836784409257,benchmark/data/new_experiments/blocks/dfs_timeout=60s__300steps__28042026/testing/fold4_numtrajs8_gtrate10/conflict_free_models/conflict_free_model_0/metrics.json,final_model
dfs_timeout=60s__300steps__28042026,60,0.0,28042026,PISAM,unclean,4,8,100,821,0,0,1.0,1.0,benchmark/data/new_experiments/blocks/dfs_timeout=60s__300steps__28042026/testing/fold4_numtrajs8_gtrate100/conflict_free_models/conflict_free_model_0/metrics.json,final_model
dfs_timeout=60s__300steps__28042026,60,0.0,28042026,PISAM,cleaned,4,8,100,821,0,0,1.0,1.0,benchmark/data/new_experiments/blocks/dfs_timeout=60s__300steps__28042026/testing/fold4_numtrajs8_gtrate100/conflict_free_models/conflict_free_model_0/metrics.json,final_model
dfs_timeout=60s__300steps__28042026,60,0.0,28042026,PISAM,unclean,4,8,25,821,0,0,1.0,1.0,benchmark/data/new_experiments/blocks/dfs_timeout=60s__300steps__28042026/testing/fold4_numtrajs8_gtrate25/conflict_free_models/conflict_free_model_0/metrics.json,final_model
dfs_timeout=60s__300steps__28042026,60,0.0,28042026,PISAM,cleaned,4,8,25,813,0,8,1.0,0.9902557856272838,benchmark/data/new_experiments/blocks/dfs_timeout=60s__300steps__28042026/testing/fold4_numtrajs8_gtrate25/conflict_free_models/conflict_free_model_0/metrics.json,final_model
dfs_timeout=60s__300steps__28042026,60,0.0,28042026,PISAM,unclean,4,8,50,821,0,0,1.0,1.0,benchmark/data/new_experiments/blocks/dfs_timeout=60s__300steps__28042026/testing/fold4_numtrajs8_gtrate50/conflict_free_models/conflict_free_model_0/metrics.json,final_model
dfs_timeout=60s__300steps__28042026,60,0.0,28042026,PISAM,cleaned,4,8,50,818,0,3,1.0,0.9963459196102314,benchmark/data/new_experiments/blocks/dfs_timeout=60s__300steps__28042026/testing/fold4_numtrajs8_gtrate50/conflict_free_models/conflict_free_model_0/metrics.json,final_model
dfs_timeout=60s__300steps__28042026,60,0.0,28042026,PISAM,unclean,4,8,75,821,0,0,1.0,1.0,benchmark/data/new_experiments/blocks/dfs_timeout=60s__300steps__28042026/testing/fold4_numtrajs8_gtrate75/conflict_free_models/conflict_free_model_0/metrics.json,final_model
dfs_timeout=60s__300steps__28042026,60,0.0,28042026,PISAM,cleaned,4,8,75,820,0,1,1.0,0.9987819732034104,benchmark/data/new_experiments/blocks/dfs_timeout=60s__300steps__28042026/testing/fold4_numtrajs8_gtrate75/conflict_free_models/conflict_free_model_0/metrics.json,final_model
