experiment_id,timeout_seconds,model_constraint_weight,date_tag,algorithm,phase,fold,num_trajectories,gt_rate,solving_ratio,false_plans_ratio,unsolvable_ratio,source_file
dfs_timeout=180s__300steps__03052026,180,1.0,03052026,PISAM,unclean,0,1,0,0.0,0.0,1.0,benchmark/data/new_experiments/blocks/dfs_timeout=180s__300steps__03052026/evaluation_results/results_blocksworld_combined_timeout180s.csv
dfs_timeout=180s__300steps__03052026,180,1.0,03052026,PO_ROSAME,unclean,0,1,0,0.0,0.0,1.0,benchmark/data/new_experiments/blocks/dfs_timeout=180s__300steps__03052026/evaluation_results/results_blocksworld_combined_timeout180s.csv
dfs_timeout=180s__300steps__03052026,180,1.0,03052026,PISAM,unclean,2,1,0,1.0,0.0,0.0,benchmark/data/new_experiments/blocks/dfs_timeout=180s__300steps__03052026/evaluation_results/results_blocksworld_combined_timeout180s.csv
dfs_timeout=180s__300steps__03052026,180,1.0,03052026,PO_ROSAME,unclean,2,1,0,0.0,0.0,1.0,benchmark/data/new_experiments/blocks/dfs_timeout=180s__300steps__03052026/evaluation_results/results_blocksworld_combined_timeout180s.csv
dfs_timeout=180s__300steps__03052026,180,1.0,03052026,PISAM,unclean,4,1,0,1.0,0.0,0.0,benchmark/data/new_experiments/blocks/dfs_timeout=180s__300steps__03052026/evaluation_results/results_blocksworld_combined_timeout180s.csv
dfs_timeout=180s__300steps__03052026,180,1.0,03052026,PO_ROSAME,unclean,4,1,0,0.0,0.0,1.0,benchmark/data/new_experiments/blocks/dfs_timeout=180s__300steps__03052026/evaluation_results/results_blocksworld_combined_timeout180s.csv
dfs_timeout=180s__300steps__03052026,180,1.0,03052026,PISAM,unclean,3,1,0,0.0,1.0,0.0,benchmark/data/new_experiments/blocks/dfs_timeout=180s__300steps__03052026/evaluation_results/results_blocksworld_combined_timeout180s.csv
dfs_timeout=180s__300steps__03052026,180,1.0,03052026,PO_ROSAME,unclean,3,1,0,0.0,0.0,1.0,benchmark/data/new_experiments/blocks/dfs_timeout=180s__300steps__03052026/evaluation_results/results_blocksworld_combined_timeout180s.csv
dfs_timeout=180s__300steps__03052026,180,1.0,03052026,PISAM,unclean,1,1,0,0.0,1.0,0.0,benchmark/data/new_experiments/blocks/dfs_timeout=180s__300steps__03052026/evaluation_results/results_blocksworld_combined_timeout180s.csv
dfs_timeout=180s__300steps__03052026,180,1.0,03052026,PO_ROSAME,unclean,1,1,0,0.0,0.5,0.5,benchmark/data/new_experiments/blocks/dfs_timeout=180s__300steps__03052026/evaluation_results/results_blocksworld_combined_timeout180s.csv
dfs_timeout=180s__300steps__03052026,180,1.0,03052026,PISAM,unclean,0,1,10,1.0,0.0,0.0,benchmark/data/new_experiments/blocks/dfs_timeout=180s__300steps__03052026/evaluation_results/results_blocksworld_combined_timeout180s.csv
dfs_timeout=180s__300steps__03052026,180,1.0,03052026,PO_ROSAME,unclean,0,1,10,1.0,0.0,0.0,benchmark/data/new_experiments/blocks/dfs_timeout=180s__300steps__03052026/evaluation_results/results_blocksworld_combined_timeout180s.csv
dfs_timeout=180s__300steps__03052026,180,1.0,03052026,PISAM,unclean,4,1,10,1.0,0.0,0.0,benchmark/data/new_experiments/blocks/dfs_timeout=180s__300steps__03052026/evaluation_results/results_blocksworld_combined_timeout180s.csv
dfs_timeout=180s__300steps__03052026,180,1.0,03052026,PO_ROSAME,unclean,4,1,10,1.0,0.0,0.0,benchmark/data/new_experiments/blocks/dfs_timeout=180s__300steps__03052026/evaluation_results/results_blocksworld_combined_timeout180s.csv
dfs_timeout=180s__300steps__03052026,180,1.0,03052026,PISAM,unclean,3,1,10,1.0,0.0,0.0,benchmark/data/new_experiments/blocks/dfs_timeout=180s__300steps__03052026/evaluation_results/results_blocksworld_combined_timeout180s.csv
dfs_timeout=180s__300steps__03052026,180,1.0,03052026,PO_ROSAME,unclean,3,1,10,1.0,0.0,0.0,benchmark/data/new_experiments/blocks/dfs_timeout=180s__300steps__03052026/evaluation_results/results_blocksworld_combined_timeout180s.csv
dfs_timeout=180s__300steps__03052026,180,1.0,03052026,PISAM,unclean,2,1,10,1.0,0.0,0.0,benchmark/data/new_experiments/blocks/dfs_timeout=180s__300steps__03052026/evaluation_results/results_blocksworld_combined_timeout180s.csv
dfs_timeout=180s__300steps__03052026,180,1.0,03052026,PO_ROSAME,unclean,2,1,10,1.0,0.0,0.0,benchmark/data/new_experiments/blocks/dfs_timeout=180s__300steps__03052026/evaluation_results/results_blocksworld_combined_timeout180s.csv
dfs_timeout=180s__300steps__03052026,180,1.0,03052026,PISAM,unclean,1,1,10,1.0,0.0,0.0,benchmark/data/new_experiments/blocks/dfs_timeout=180s__300steps__03052026/evaluation_results/results_blocksworld_combined_timeout180s.csv
dfs_timeout=180s__300steps__03052026,180,1.0,03052026,PO_ROSAME,unclean,1,1,10,1.0,0.0,0.0,benchmark/data/new_experiments/blocks/dfs_timeout=180s__300steps__03052026/evaluation_results/results_blocksworld_combined_timeout180s.csv
dfs_timeout=180s__300steps__03052026,180,1.0,03052026,PISAM,unclean,0,1,25,1.0,0.0,0.0,benchmark/data/new_experiments/blocks/dfs_timeout=180s__300steps__03052026/evaluation_results/results_blocksworld_combined_timeout180s.csv
dfs_timeout=180s__300steps__03052026,180,1.0,03052026,PO_ROSAME,unclean,0,1,25,1.0,0.0,0.0,benchmark/data/new_experiments/blocks/dfs_timeout=180s__300steps__03052026/evaluation_results/results_blocksworld_combined_timeout180s.csv
dfs_timeout=180s__300steps__03052026,180,1.0,03052026,PISAM,unclean,4,1,25,1.0,0.0,0.0,benchmark/data/new_experiments/blocks/dfs_timeout=180s__300steps__03052026/evaluation_results/results_blocksworld_combined_timeout180s.csv
dfs_timeout=180s__300steps__03052026,180,1.0,03052026,PO_ROSAME,unclean,4,1,25,1.0,0.0,0.0,benchmark/data/new_experiments/blocks/dfs_timeout=180s__300steps__03052026/evaluation_results/results_blocksworld_combined_timeout180s.csv
dfs_timeout=180s__300steps__03052026,180,1.0,03052026,PISAM,unclean,2,1,25,1.0,0.0,0.0,benchmark/data/new_experiments/blocks/dfs_timeout=180s__300steps__03052026/evaluation_results/results_blocksworld_combined_timeout180s.csv
dfs_timeout=180s__300steps__03052026,180,1.0,03052026,PO_ROSAME,unclean,2,1,25,1.0,0.0,0.0,benchmark/data/new_experiments/blocks/dfs_timeout=180s__300steps__03052026/evaluation_results/results_blocksworld_combined_timeout180s.csv
dfs_timeout=180s__300steps__03052026,180,1.0,03052026,PISAM,unclean,1,1,25,1.0,0.0,0.0,benchmark/data/new_experiments/blocks/dfs_timeout=180s__300steps__03052026/evaluation_results/results_blocksworld_combined_timeout180s.csv
dfs_timeout=180s__300steps__03052026,180,1.0,03052026,PO_ROSAME,unclean,1,1,25,1.0,0.0,0.0,benchmark/data/new_experiments/blocks/dfs_timeout=180s__300steps__03052026/evaluation_results/results_blocksworld_combined_timeout180s.csv
dfs_timeout=180s__300steps__03052026,180,1.0,03052026,PISAM,unclean,3,1,25,1.0,0.0,0.0,benchmark/data/new_experiments/blocks/dfs_timeout=180s__300steps__03052026/evaluation_results/results_blocksworld_combined_timeout180s.csv
dfs_timeout=180s__300steps__03052026,180,1.0,03052026,PO_ROSAME,unclean,3,1,25,1.0,0.0,0.0,benchmark/data/new_experiments/blocks/dfs_timeout=180s__300steps__03052026/evaluation_results/results_blocksworld_combined_timeout180s.csv
dfs_timeout=180s__300steps__03052026,180,1.0,03052026,PISAM,unclean,4,1,50,1.0,0.0,0.0,benchmark/data/new_experiments/blocks/dfs_timeout=180s__300steps__03052026/evaluation_results/results_blocksworld_combined_timeout180s.csv
dfs_timeout=180s__300steps__03052026,180,1.0,03052026,PO_ROSAME,unclean,4,1,50,1.0,0.0,0.0,benchmark/data/new_experiments/blocks/dfs_timeout=180s__300steps__03052026/evaluation_results/results_blocksworld_combined_timeout180s.csv
dfs_timeout=180s__300steps__03052026,180,1.0,03052026,PISAM,unclean,3,1,50,1.0,0.0,0.0,benchmark/data/new_experiments/blocks/dfs_timeout=180s__300steps__03052026/evaluation_results/results_blocksworld_combined_timeout180s.csv
dfs_timeout=180s__300steps__03052026,180,1.0,03052026,PO_ROSAME,unclean,3,1,50,1.0,0.0,0.0,benchmark/data/new_experiments/blocks/dfs_timeout=180s__300steps__03052026/evaluation_results/results_blocksworld_combined_timeout180s.csv
dfs_timeout=180s__300steps__03052026,180,1.0,03052026,PISAM,unclean,0,1,50,1.0,0.0,0.0,benchmark/data/new_experiments/blocks/dfs_timeout=180s__300steps__03052026/evaluation_results/results_blocksworld_combined_timeout180s.csv
dfs_timeout=180s__300steps__03052026,180,1.0,03052026,PO_ROSAME,unclean,0,1,50,1.0,0.0,0.0,benchmark/data/new_experiments/blocks/dfs_timeout=180s__300steps__03052026/evaluation_results/results_blocksworld_combined_timeout180s.csv
dfs_timeout=180s__300steps__03052026,180,1.0,03052026,PISAM,unclean,2,1,50,1.0,0.0,0.0,benchmark/data/new_experiments/blocks/dfs_timeout=180s__300steps__03052026/evaluation_results/results_blocksworld_combined_timeout180s.csv
dfs_timeout=180s__300steps__03052026,180,1.0,03052026,PO_ROSAME,unclean,2,1,50,1.0,0.0,0.0,benchmark/data/new_experiments/blocks/dfs_timeout=180s__300steps__03052026/evaluation_results/results_blocksworld_combined_timeout180s.csv
dfs_timeout=180s__300steps__03052026,180,1.0,03052026,PISAM,unclean,1,1,50,1.0,0.0,0.0,benchmark/data/new_experiments/blocks/dfs_timeout=180s__300steps__03052026/evaluation_results/results_blocksworld_combined_timeout180s.csv
dfs_timeout=180s__300steps__03052026,180,1.0,03052026,PO_ROSAME,unclean,1,1,50,1.0,0.0,0.0,benchmark/data/new_experiments/blocks/dfs_timeout=180s__300steps__03052026/evaluation_results/results_blocksworld_combined_timeout180s.csv
dfs_timeout=180s__300steps__03052026,180,1.0,03052026,PISAM,unclean,4,1,75,1.0,0.0,0.0,benchmark/data/new_experiments/blocks/dfs_timeout=180s__300steps__03052026/evaluation_results/results_blocksworld_combined_timeout180s.csv
dfs_timeout=180s__300steps__03052026,180,1.0,03052026,PO_ROSAME,unclean,4,1,75,1.0,0.0,0.0,benchmark/data/new_experiments/blocks/dfs_timeout=180s__300steps__03052026/evaluation_results/results_blocksworld_combined_timeout180s.csv
dfs_timeout=180s__300steps__03052026,180,1.0,03052026,PISAM,unclean,0,1,75,1.0,0.0,0.0,benchmark/data/new_experiments/blocks/dfs_timeout=180s__300steps__03052026/evaluation_results/results_blocksworld_combined_timeout180s.csv
dfs_timeout=180s__300steps__03052026,180,1.0,03052026,PO_ROSAME,unclean,0,1,75,1.0,0.0,0.0,benchmark/data/new_experiments/blocks/dfs_timeout=180s__300steps__03052026/evaluation_results/results_blocksworld_combined_timeout180s.csv
dfs_timeout=180s__300steps__03052026,180,1.0,03052026,PISAM,unclean,1,1,75,1.0,0.0,0.0,benchmark/data/new_experiments/blocks/dfs_timeout=180s__300steps__03052026/evaluation_results/results_blocksworld_combined_timeout180s.csv
dfs_timeout=180s__300steps__03052026,180,1.0,03052026,PO_ROSAME,unclean,1,1,75,1.0,0.0,0.0,benchmark/data/new_experiments/blocks/dfs_timeout=180s__300steps__03052026/evaluation_results/results_blocksworld_combined_timeout180s.csv
dfs_timeout=180s__300steps__03052026,180,1.0,03052026,PISAM,unclean,2,1,75,1.0,0.0,0.0,benchmark/data/new_experiments/blocks/dfs_timeout=180s__300steps__03052026/evaluation_results/results_blocksworld_combined_timeout180s.csv
dfs_timeout=180s__300steps__03052026,180,1.0,03052026,PO_ROSAME,unclean,2,1,75,1.0,0.0,0.0,benchmark/data/new_experiments/blocks/dfs_timeout=180s__300steps__03052026/evaluation_results/results_blocksworld_combined_timeout180s.csv
dfs_timeout=180s__300steps__03052026,180,1.0,03052026,PISAM,unclean,3,1,75,1.0,0.0,0.0,benchmark/data/new_experiments/blocks/dfs_timeout=180s__300steps__03052026/evaluation_results/results_blocksworld_combined_timeout180s.csv
dfs_timeout=180s__300steps__03052026,180,1.0,03052026,PO_ROSAME,unclean,3,1,75,1.0,0.0,0.0,benchmark/data/new_experiments/blocks/dfs_timeout=180s__300steps__03052026/evaluation_results/results_blocksworld_combined_timeout180s.csv
dfs_timeout=180s__300steps__03052026,180,1.0,03052026,PISAM,unclean,2,1,100,1.0,0.0,0.0,benchmark/data/new_experiments/blocks/dfs_timeout=180s__300steps__03052026/evaluation_results/results_blocksworld_combined_timeout180s.csv
dfs_timeout=180s__300steps__03052026,180,1.0,03052026,PO_ROSAME,unclean,2,1,100,1.0,0.0,0.0,benchmark/data/new_experiments/blocks/dfs_timeout=180s__300steps__03052026/evaluation_results/results_blocksworld_combined_timeout180s.csv
dfs_timeout=180s__300steps__03052026,180,1.0,03052026,PISAM,unclean,0,1,100,1.0,0.0,0.0,benchmark/data/new_experiments/blocks/dfs_timeout=180s__300steps__03052026/evaluation_results/results_blocksworld_combined_timeout180s.csv
dfs_timeout=180s__300steps__03052026,180,1.0,03052026,PO_ROSAME,unclean,0,1,100,1.0,0.0,0.0,benchmark/data/new_experiments/blocks/dfs_timeout=180s__300steps__03052026/evaluation_results/results_blocksworld_combined_timeout180s.csv
dfs_timeout=180s__300steps__03052026,180,1.0,03052026,PISAM,unclean,1,1,100,1.0,0.0,0.0,benchmark/data/new_experiments/blocks/dfs_timeout=180s__300steps__03052026/evaluation_results/results_blocksworld_combined_timeout180s.csv
dfs_timeout=180s__300steps__03052026,180,1.0,03052026,PO_ROSAME,unclean,1,1,100,1.0,0.0,0.0,benchmark/data/new_experiments/blocks/dfs_timeout=180s__300steps__03052026/evaluation_results/results_blocksworld_combined_timeout180s.csv
dfs_timeout=180s__300steps__03052026,180,1.0,03052026,PISAM,unclean,3,1,100,1.0,0.0,0.0,benchmark/data/new_experiments/blocks/dfs_timeout=180s__300steps__03052026/evaluation_results/results_blocksworld_combined_timeout180s.csv
dfs_timeout=180s__300steps__03052026,180,1.0,03052026,PO_ROSAME,unclean,3,1,100,1.0,0.0,0.0,benchmark/data/new_experiments/blocks/dfs_timeout=180s__300steps__03052026/evaluation_results/results_blocksworld_combined_timeout180s.csv
dfs_timeout=180s__300steps__03052026,180,1.0,03052026,PISAM,unclean,4,1,100,1.0,0.0,0.0,benchmark/data/new_experiments/blocks/dfs_timeout=180s__300steps__03052026/evaluation_results/results_blocksworld_combined_timeout180s.csv
dfs_timeout=180s__300steps__03052026,180,1.0,03052026,PO_ROSAME,unclean,4,1,100,1.0,0.0,0.0,benchmark/data/new_experiments/blocks/dfs_timeout=180s__300steps__03052026/evaluation_results/results_blocksworld_combined_timeout180s.csv
dfs_timeout=180s__300steps__03052026,180,1.0,03052026,PISAM,unclean,1,2,0,0.0,1.0,0.0,benchmark/data/new_experiments/blocks/dfs_timeout=180s__300steps__03052026/evaluation_results/results_blocksworld_combined_timeout180s.csv
dfs_timeout=180s__300steps__03052026,180,1.0,03052026,PO_ROSAME,unclean,1,2,0,0.0,1.0,0.0,benchmark/data/new_experiments/blocks/dfs_timeout=180s__300steps__03052026/evaluation_results/results_blocksworld_combined_timeout180s.csv
dfs_timeout=180s__300steps__03052026,180,1.0,03052026,PISAM,unclean,0,2,0,0.5,0.5,0.0,benchmark/data/new_experiments/blocks/dfs_timeout=180s__300steps__03052026/evaluation_results/results_blocksworld_combined_timeout180s.csv
dfs_timeout=180s__300steps__03052026,180,1.0,03052026,PO_ROSAME,unclean,0,2,0,0.0,0.0,1.0,benchmark/data/new_experiments/blocks/dfs_timeout=180s__300steps__03052026/evaluation_results/results_blocksworld_combined_timeout180s.csv
dfs_timeout=180s__300steps__03052026,180,1.0,03052026,PISAM,unclean,4,2,0,0.0,1.0,0.0,benchmark/data/new_experiments/blocks/dfs_timeout=180s__300steps__03052026/evaluation_results/results_blocksworld_combined_timeout180s.csv
dfs_timeout=180s__300steps__03052026,180,1.0,03052026,PO_ROSAME,unclean,4,2,0,0.0,1.0,0.0,benchmark/data/new_experiments/blocks/dfs_timeout=180s__300steps__03052026/evaluation_results/results_blocksworld_combined_timeout180s.csv
dfs_timeout=180s__300steps__03052026,180,1.0,03052026,PISAM,unclean,3,2,0,0.0,1.0,0.0,benchmark/data/new_experiments/blocks/dfs_timeout=180s__300steps__03052026/evaluation_results/results_blocksworld_combined_timeout180s.csv
dfs_timeout=180s__300steps__03052026,180,1.0,03052026,PO_ROSAME,unclean,3,2,0,0.0,0.0,1.0,benchmark/data/new_experiments/blocks/dfs_timeout=180s__300steps__03052026/evaluation_results/results_blocksworld_combined_timeout180s.csv
dfs_timeout=180s__300steps__03052026,180,1.0,03052026,PISAM,unclean,2,2,0,0.0,1.0,0.0,benchmark/data/new_experiments/blocks/dfs_timeout=180s__300steps__03052026/evaluation_results/results_blocksworld_combined_timeout180s.csv
dfs_timeout=180s__300steps__03052026,180,1.0,03052026,PO_ROSAME,unclean,2,2,0,0.0,0.0,1.0,benchmark/data/new_experiments/blocks/dfs_timeout=180s__300steps__03052026/evaluation_results/results_blocksworld_combined_timeout180s.csv
dfs_timeout=180s__300steps__03052026,180,1.0,03052026,PISAM,unclean,3,2,10,1.0,0.0,0.0,benchmark/data/new_experiments/blocks/dfs_timeout=180s__300steps__03052026/evaluation_results/results_blocksworld_combined_timeout180s.csv
dfs_timeout=180s__300steps__03052026,180,1.0,03052026,PO_ROSAME,unclean,3,2,10,1.0,0.0,0.0,benchmark/data/new_experiments/blocks/dfs_timeout=180s__300steps__03052026/evaluation_results/results_blocksworld_combined_timeout180s.csv
dfs_timeout=180s__300steps__03052026,180,1.0,03052026,PISAM,unclean,2,2,10,1.0,0.0,0.0,benchmark/data/new_experiments/blocks/dfs_timeout=180s__300steps__03052026/evaluation_results/results_blocksworld_combined_timeout180s.csv
dfs_timeout=180s__300steps__03052026,180,1.0,03052026,PO_ROSAME,unclean,2,2,10,1.0,0.0,0.0,benchmark/data/new_experiments/blocks/dfs_timeout=180s__300steps__03052026/evaluation_results/results_blocksworld_combined_timeout180s.csv
dfs_timeout=180s__300steps__03052026,180,1.0,03052026,PISAM,unclean,0,2,10,1.0,0.0,0.0,benchmark/data/new_experiments/blocks/dfs_timeout=180s__300steps__03052026/evaluation_results/results_blocksworld_combined_timeout180s.csv
dfs_timeout=180s__300steps__03052026,180,1.0,03052026,PO_ROSAME,unclean,0,2,10,1.0,0.0,0.0,benchmark/data/new_experiments/blocks/dfs_timeout=180s__300steps__03052026/evaluation_results/results_blocksworld_combined_timeout180s.csv
dfs_timeout=180s__300steps__03052026,180,1.0,03052026,PISAM,unclean,4,2,10,1.0,0.0,0.0,benchmark/data/new_experiments/blocks/dfs_timeout=180s__300steps__03052026/evaluation_results/results_blocksworld_combined_timeout180s.csv
dfs_timeout=180s__300steps__03052026,180,1.0,03052026,PO_ROSAME,unclean,4,2,10,1.0,0.0,0.0,benchmark/data/new_experiments/blocks/dfs_timeout=180s__300steps__03052026/evaluation_results/results_blocksworld_combined_timeout180s.csv
dfs_timeout=180s__300steps__03052026,180,1.0,03052026,PISAM,unclean,1,2,10,1.0,0.0,0.0,benchmark/data/new_experiments/blocks/dfs_timeout=180s__300steps__03052026/evaluation_results/results_blocksworld_combined_timeout180s.csv
dfs_timeout=180s__300steps__03052026,180,1.0,03052026,PO_ROSAME,unclean,1,2,10,1.0,0.0,0.0,benchmark/data/new_experiments/blocks/dfs_timeout=180s__300steps__03052026/evaluation_results/results_blocksworld_combined_timeout180s.csv
dfs_timeout=180s__300steps__03052026,180,1.0,03052026,PISAM,unclean,0,2,25,1.0,0.0,0.0,benchmark/data/new_experiments/blocks/dfs_timeout=180s__300steps__03052026/evaluation_results/results_blocksworld_combined_timeout180s.csv
dfs_timeout=180s__300steps__03052026,180,1.0,03052026,PO_ROSAME,unclean,0,2,25,1.0,0.0,0.0,benchmark/data/new_experiments/blocks/dfs_timeout=180s__300steps__03052026/evaluation_results/results_blocksworld_combined_timeout180s.csv
dfs_timeout=180s__300steps__03052026,180,1.0,03052026,PISAM,unclean,4,2,25,1.0,0.0,0.0,benchmark/data/new_experiments/blocks/dfs_timeout=180s__300steps__03052026/evaluation_results/results_blocksworld_combined_timeout180s.csv
dfs_timeout=180s__300steps__03052026,180,1.0,03052026,PO_ROSAME,unclean,4,2,25,1.0,0.0,0.0,benchmark/data/new_experiments/blocks/dfs_timeout=180s__300steps__03052026/evaluation_results/results_blocksworld_combined_timeout180s.csv
dfs_timeout=180s__300steps__03052026,180,1.0,03052026,PISAM,unclean,2,2,25,1.0,0.0,0.0,benchmark/data/new_experiments/blocks/dfs_timeout=180s__300steps__03052026/evaluation_results/results_blocksworld_combined_timeout180s.csv
dfs_timeout=180s__300steps__03052026,180,1.0,03052026,PO_ROSAME,unclean,2,2,25,1.0,0.0,0.0,benchmark/data/new_experiments/blocks/dfs_timeout=180s__300steps__03052026/evaluation_results/results_blocksworld_combined_timeout180s.csv
dfs_timeout=180s__300steps__03052026,180,1.0,03052026,PISAM,unclean,3,2,25,1.0,0.0,0.0,benchmark/data/new_experiments/blocks/dfs_timeout=180s__300steps__03052026/evaluation_results/results_blocksworld_combined_timeout180s.csv
dfs_timeout=180s__300steps__03052026,180,1.0,03052026,PO_ROSAME,unclean,3,2,25,1.0,0.0,0.0,benchmark/data/new_experiments/blocks/dfs_timeout=180s__300steps__03052026/evaluation_results/results_blocksworld_combined_timeout180s.csv
dfs_timeout=180s__300steps__03052026,180,1.0,03052026,PISAM,unclean,1,2,25,1.0,0.0,0.0,benchmark/data/new_experiments/blocks/dfs_timeout=180s__300steps__03052026/evaluation_results/results_blocksworld_combined_timeout180s.csv
dfs_timeout=180s__300steps__03052026,180,1.0,03052026,PO_ROSAME,unclean,1,2,25,1.0,0.0,0.0,benchmark/data/new_experiments/blocks/dfs_timeout=180s__300steps__03052026/evaluation_results/results_blocksworld_combined_timeout180s.csv
dfs_timeout=180s__300steps__03052026,180,1.0,03052026,PISAM,unclean,1,2,50,1.0,0.0,0.0,benchmark/data/new_experiments/blocks/dfs_timeout=180s__300steps__03052026/evaluation_results/results_blocksworld_combined_timeout180s.csv
dfs_timeout=180s__300steps__03052026,180,1.0,03052026,PO_ROSAME,unclean,1,2,50,1.0,0.0,0.0,benchmark/data/new_experiments/blocks/dfs_timeout=180s__300steps__03052026/evaluation_results/results_blocksworld_combined_timeout180s.csv
dfs_timeout=180s__300steps__03052026,180,1.0,03052026,PISAM,unclean,3,2,50,1.0,0.0,0.0,benchmark/data/new_experiments/blocks/dfs_timeout=180s__300steps__03052026/evaluation_results/results_blocksworld_combined_timeout180s.csv
dfs_timeout=180s__300steps__03052026,180,1.0,03052026,PO_ROSAME,unclean,3,2,50,1.0,0.0,0.0,benchmark/data/new_experiments/blocks/dfs_timeout=180s__300steps__03052026/evaluation_results/results_blocksworld_combined_timeout180s.csv
dfs_timeout=180s__300steps__03052026,180,1.0,03052026,PISAM,unclean,2,2,50,1.0,0.0,0.0,benchmark/data/new_experiments/blocks/dfs_timeout=180s__300steps__03052026/evaluation_results/results_blocksworld_combined_timeout180s.csv
dfs_timeout=180s__300steps__03052026,180,1.0,03052026,PO_ROSAME,unclean,2,2,50,1.0,0.0,0.0,benchmark/data/new_experiments/blocks/dfs_timeout=180s__300steps__03052026/evaluation_results/results_blocksworld_combined_timeout180s.csv
dfs_timeout=180s__300steps__03052026,180,1.0,03052026,PISAM,unclean,0,2,50,1.0,0.0,0.0,benchmark/data/new_experiments/blocks/dfs_timeout=180s__300steps__03052026/evaluation_results/results_blocksworld_combined_timeout180s.csv
dfs_timeout=180s__300steps__03052026,180,1.0,03052026,PO_ROSAME,unclean,0,2,50,1.0,0.0,0.0,benchmark/data/new_experiments/blocks/dfs_timeout=180s__300steps__03052026/evaluation_results/results_blocksworld_combined_timeout180s.csv
dfs_timeout=180s__300steps__03052026,180,1.0,03052026,PISAM,unclean,4,2,50,1.0,0.0,0.0,benchmark/data/new_experiments/blocks/dfs_timeout=180s__300steps__03052026/evaluation_results/results_blocksworld_combined_timeout180s.csv
dfs_timeout=180s__300steps__03052026,180,1.0,03052026,PO_ROSAME,unclean,4,2,50,1.0,0.0,0.0,benchmark/data/new_experiments/blocks/dfs_timeout=180s__300steps__03052026/evaluation_results/results_blocksworld_combined_timeout180s.csv
dfs_timeout=180s__300steps__03052026,180,1.0,03052026,PISAM,unclean,1,2,75,1.0,0.0,0.0,benchmark/data/new_experiments/blocks/dfs_timeout=180s__300steps__03052026/evaluation_results/results_blocksworld_combined_timeout180s.csv
dfs_timeout=180s__300steps__03052026,180,1.0,03052026,PO_ROSAME,unclean,1,2,75,1.0,0.0,0.0,benchmark/data/new_experiments/blocks/dfs_timeout=180s__300steps__03052026/evaluation_results/results_blocksworld_combined_timeout180s.csv
dfs_timeout=180s__300steps__03052026,180,1.0,03052026,PISAM,unclean,4,2,75,1.0,0.0,0.0,benchmark/data/new_experiments/blocks/dfs_timeout=180s__300steps__03052026/evaluation_results/results_blocksworld_combined_timeout180s.csv
dfs_timeout=180s__300steps__03052026,180,1.0,03052026,PO_ROSAME,unclean,4,2,75,1.0,0.0,0.0,benchmark/data/new_experiments/blocks/dfs_timeout=180s__300steps__03052026/evaluation_results/results_blocksworld_combined_timeout180s.csv
dfs_timeout=180s__300steps__03052026,180,1.0,03052026,PISAM,unclean,2,2,75,1.0,0.0,0.0,benchmark/data/new_experiments/blocks/dfs_timeout=180s__300steps__03052026/evaluation_results/results_blocksworld_combined_timeout180s.csv
dfs_timeout=180s__300steps__03052026,180,1.0,03052026,PO_ROSAME,unclean,2,2,75,1.0,0.0,0.0,benchmark/data/new_experiments/blocks/dfs_timeout=180s__300steps__03052026/evaluation_results/results_blocksworld_combined_timeout180s.csv
dfs_timeout=180s__300steps__03052026,180,1.0,03052026,PISAM,unclean,0,2,75,1.0,0.0,0.0,benchmark/data/new_experiments/blocks/dfs_timeout=180s__300steps__03052026/evaluation_results/results_blocksworld_combined_timeout180s.csv
dfs_timeout=180s__300steps__03052026,180,1.0,03052026,PO_ROSAME,unclean,0,2,75,1.0,0.0,0.0,benchmark/data/new_experiments/blocks/dfs_timeout=180s__300steps__03052026/evaluation_results/results_blocksworld_combined_timeout180s.csv
dfs_timeout=180s__300steps__03052026,180,1.0,03052026,PISAM,unclean,3,2,75,1.0,0.0,0.0,benchmark/data/new_experiments/blocks/dfs_timeout=180s__300steps__03052026/evaluation_results/results_blocksworld_combined_timeout180s.csv
dfs_timeout=180s__300steps__03052026,180,1.0,03052026,PO_ROSAME,unclean,3,2,75,1.0,0.0,0.0,benchmark/data/new_experiments/blocks/dfs_timeout=180s__300steps__03052026/evaluation_results/results_blocksworld_combined_timeout180s.csv
dfs_timeout=180s__300steps__03052026,180,1.0,03052026,PISAM,unclean,4,2,100,1.0,0.0,0.0,benchmark/data/new_experiments/blocks/dfs_timeout=180s__300steps__03052026/evaluation_results/results_blocksworld_combined_timeout180s.csv
dfs_timeout=180s__300steps__03052026,180,1.0,03052026,PO_ROSAME,unclean,4,2,100,1.0,0.0,0.0,benchmark/data/new_experiments/blocks/dfs_timeout=180s__300steps__03052026/evaluation_results/results_blocksworld_combined_timeout180s.csv
dfs_timeout=180s__300steps__03052026,180,1.0,03052026,PISAM,unclean,3,2,100,1.0,0.0,0.0,benchmark/data/new_experiments/blocks/dfs_timeout=180s__300steps__03052026/evaluation_results/results_blocksworld_combined_timeout180s.csv
dfs_timeout=180s__300steps__03052026,180,1.0,03052026,PO_ROSAME,unclean,3,2,100,1.0,0.0,0.0,benchmark/data/new_experiments/blocks/dfs_timeout=180s__300steps__03052026/evaluation_results/results_blocksworld_combined_timeout180s.csv
dfs_timeout=180s__300steps__03052026,180,1.0,03052026,PISAM,unclean,1,2,100,1.0,0.0,0.0,benchmark/data/new_experiments/blocks/dfs_timeout=180s__300steps__03052026/evaluation_results/results_blocksworld_combined_timeout180s.csv
dfs_timeout=180s__300steps__03052026,180,1.0,03052026,PO_ROSAME,unclean,1,2,100,1.0,0.0,0.0,benchmark/data/new_experiments/blocks/dfs_timeout=180s__300steps__03052026/evaluation_results/results_blocksworld_combined_timeout180s.csv
dfs_timeout=180s__300steps__03052026,180,1.0,03052026,PISAM,unclean,2,2,100,1.0,0.0,0.0,benchmark/data/new_experiments/blocks/dfs_timeout=180s__300steps__03052026/evaluation_results/results_blocksworld_combined_timeout180s.csv
dfs_timeout=180s__300steps__03052026,180,1.0,03052026,PO_ROSAME,unclean,2,2,100,1.0,0.0,0.0,benchmark/data/new_experiments/blocks/dfs_timeout=180s__300steps__03052026/evaluation_results/results_blocksworld_combined_timeout180s.csv
dfs_timeout=180s__300steps__03052026,180,1.0,03052026,PISAM,unclean,0,2,100,1.0,0.0,0.0,benchmark/data/new_experiments/blocks/dfs_timeout=180s__300steps__03052026/evaluation_results/results_blocksworld_combined_timeout180s.csv
dfs_timeout=180s__300steps__03052026,180,1.0,03052026,PO_ROSAME,unclean,0,2,100,1.0,0.0,0.0,benchmark/data/new_experiments/blocks/dfs_timeout=180s__300steps__03052026/evaluation_results/results_blocksworld_combined_timeout180s.csv
dfs_timeout=180s__300steps__03052026,180,1.0,03052026,PISAM,unclean,3,3,0,0.0,1.0,0.0,benchmark/data/new_experiments/blocks/dfs_timeout=180s__300steps__03052026/evaluation_results/results_blocksworld_combined_timeout180s.csv
dfs_timeout=180s__300steps__03052026,180,1.0,03052026,PO_ROSAME,unclean,3,3,0,0.0,0.0,1.0,benchmark/data/new_experiments/blocks/dfs_timeout=180s__300steps__03052026/evaluation_results/results_blocksworld_combined_timeout180s.csv
dfs_timeout=180s__300steps__03052026,180,1.0,03052026,PISAM,unclean,4,3,0,0.0,1.0,0.0,benchmark/data/new_experiments/blocks/dfs_timeout=180s__300steps__03052026/evaluation_results/results_blocksworld_combined_timeout180s.csv
dfs_timeout=180s__300steps__03052026,180,1.0,03052026,PO_ROSAME,unclean,4,3,0,0.5,0.0,0.5,benchmark/data/new_experiments/blocks/dfs_timeout=180s__300steps__03052026/evaluation_results/results_blocksworld_combined_timeout180s.csv
dfs_timeout=180s__300steps__03052026,180,1.0,03052026,PISAM,unclean,0,3,0,0.5,0.5,0.0,benchmark/data/new_experiments/blocks/dfs_timeout=180s__300steps__03052026/evaluation_results/results_blocksworld_combined_timeout180s.csv
dfs_timeout=180s__300steps__03052026,180,1.0,03052026,PO_ROSAME,unclean,0,3,0,1.0,0.0,0.0,benchmark/data/new_experiments/blocks/dfs_timeout=180s__300steps__03052026/evaluation_results/results_blocksworld_combined_timeout180s.csv
dfs_timeout=180s__300steps__03052026,180,1.0,03052026,PISAM,unclean,1,3,0,0.0,1.0,0.0,benchmark/data/new_experiments/blocks/dfs_timeout=180s__300steps__03052026/evaluation_results/results_blocksworld_combined_timeout180s.csv
dfs_timeout=180s__300steps__03052026,180,1.0,03052026,PO_ROSAME,unclean,1,3,0,0.0,0.0,1.0,benchmark/data/new_experiments/blocks/dfs_timeout=180s__300steps__03052026/evaluation_results/results_blocksworld_combined_timeout180s.csv
dfs_timeout=180s__300steps__03052026,180,1.0,03052026,PISAM,unclean,2,3,0,0.0,1.0,0.0,benchmark/data/new_experiments/blocks/dfs_timeout=180s__300steps__03052026/evaluation_results/results_blocksworld_combined_timeout180s.csv
dfs_timeout=180s__300steps__03052026,180,1.0,03052026,PO_ROSAME,unclean,2,3,0,0.0,0.0,1.0,benchmark/data/new_experiments/blocks/dfs_timeout=180s__300steps__03052026/evaluation_results/results_blocksworld_combined_timeout180s.csv
dfs_timeout=180s__300steps__03052026,180,1.0,03052026,PISAM,unclean,2,3,10,1.0,0.0,0.0,benchmark/data/new_experiments/blocks/dfs_timeout=180s__300steps__03052026/evaluation_results/results_blocksworld_combined_timeout180s.csv
dfs_timeout=180s__300steps__03052026,180,1.0,03052026,PO_ROSAME,unclean,2,3,10,0.0,0.0,0.0,benchmark/data/new_experiments/blocks/dfs_timeout=180s__300steps__03052026/evaluation_results/results_blocksworld_combined_timeout180s.csv
dfs_timeout=180s__300steps__03052026,180,1.0,03052026,PISAM,unclean,0,3,10,1.0,0.0,0.0,benchmark/data/new_experiments/blocks/dfs_timeout=180s__300steps__03052026/evaluation_results/results_blocksworld_combined_timeout180s.csv
dfs_timeout=180s__300steps__03052026,180,1.0,03052026,PO_ROSAME,unclean,0,3,10,0.0,0.0,1.0,benchmark/data/new_experiments/blocks/dfs_timeout=180s__300steps__03052026/evaluation_results/results_blocksworld_combined_timeout180s.csv
dfs_timeout=180s__300steps__03052026,180,1.0,03052026,PISAM,unclean,3,3,10,1.0,0.0,0.0,benchmark/data/new_experiments/blocks/dfs_timeout=180s__300steps__03052026/evaluation_results/results_blocksworld_combined_timeout180s.csv
dfs_timeout=180s__300steps__03052026,180,1.0,03052026,PO_ROSAME,unclean,3,3,10,1.0,0.0,0.0,benchmark/data/new_experiments/blocks/dfs_timeout=180s__300steps__03052026/evaluation_results/results_blocksworld_combined_timeout180s.csv
dfs_timeout=180s__300steps__03052026,180,1.0,03052026,PISAM,unclean,1,3,10,1.0,0.0,0.0,benchmark/data/new_experiments/blocks/dfs_timeout=180s__300steps__03052026/evaluation_results/results_blocksworld_combined_timeout180s.csv
dfs_timeout=180s__300steps__03052026,180,1.0,03052026,PO_ROSAME,unclean,1,3,10,1.0,0.0,0.0,benchmark/data/new_experiments/blocks/dfs_timeout=180s__300steps__03052026/evaluation_results/results_blocksworld_combined_timeout180s.csv
dfs_timeout=180s__300steps__03052026,180,1.0,03052026,PISAM,unclean,4,3,10,1.0,0.0,0.0,benchmark/data/new_experiments/blocks/dfs_timeout=180s__300steps__03052026/evaluation_results/results_blocksworld_combined_timeout180s.csv
dfs_timeout=180s__300steps__03052026,180,1.0,03052026,PO_ROSAME,unclean,4,3,10,1.0,0.0,0.0,benchmark/data/new_experiments/blocks/dfs_timeout=180s__300steps__03052026/evaluation_results/results_blocksworld_combined_timeout180s.csv
dfs_timeout=180s__300steps__03052026,180,1.0,03052026,PISAM,unclean,4,3,25,1.0,0.0,0.0,benchmark/data/new_experiments/blocks/dfs_timeout=180s__300steps__03052026/evaluation_results/results_blocksworld_combined_timeout180s.csv
dfs_timeout=180s__300steps__03052026,180,1.0,03052026,PO_ROSAME,unclean,4,3,25,1.0,0.0,0.0,benchmark/data/new_experiments/blocks/dfs_timeout=180s__300steps__03052026/evaluation_results/results_blocksworld_combined_timeout180s.csv
dfs_timeout=180s__300steps__03052026,180,1.0,03052026,PISAM,unclean,1,3,25,1.0,0.0,0.0,benchmark/data/new_experiments/blocks/dfs_timeout=180s__300steps__03052026/evaluation_results/results_blocksworld_combined_timeout180s.csv
dfs_timeout=180s__300steps__03052026,180,1.0,03052026,PO_ROSAME,unclean,1,3,25,1.0,0.0,0.0,benchmark/data/new_experiments/blocks/dfs_timeout=180s__300steps__03052026/evaluation_results/results_blocksworld_combined_timeout180s.csv
dfs_timeout=180s__300steps__03052026,180,1.0,03052026,PISAM,unclean,2,3,25,1.0,0.0,0.0,benchmark/data/new_experiments/blocks/dfs_timeout=180s__300steps__03052026/evaluation_results/results_blocksworld_combined_timeout180s.csv
dfs_timeout=180s__300steps__03052026,180,1.0,03052026,PO_ROSAME,unclean,2,3,25,0.0,0.0,0.0,benchmark/data/new_experiments/blocks/dfs_timeout=180s__300steps__03052026/evaluation_results/results_blocksworld_combined_timeout180s.csv
dfs_timeout=180s__300steps__03052026,180,1.0,03052026,PISAM,unclean,0,3,25,1.0,0.0,0.0,benchmark/data/new_experiments/blocks/dfs_timeout=180s__300steps__03052026/evaluation_results/results_blocksworld_combined_timeout180s.csv
dfs_timeout=180s__300steps__03052026,180,1.0,03052026,PO_ROSAME,unclean,0,3,25,0.0,0.0,1.0,benchmark/data/new_experiments/blocks/dfs_timeout=180s__300steps__03052026/evaluation_results/results_blocksworld_combined_timeout180s.csv
dfs_timeout=180s__300steps__03052026,180,1.0,03052026,PISAM,unclean,3,3,25,1.0,0.0,0.0,benchmark/data/new_experiments/blocks/dfs_timeout=180s__300steps__03052026/evaluation_results/results_blocksworld_combined_timeout180s.csv
dfs_timeout=180s__300steps__03052026,180,1.0,03052026,PO_ROSAME,unclean,3,3,25,1.0,0.0,0.0,benchmark/data/new_experiments/blocks/dfs_timeout=180s__300steps__03052026/evaluation_results/results_blocksworld_combined_timeout180s.csv
dfs_timeout=180s__300steps__03052026,180,1.0,03052026,PISAM,unclean,4,3,50,1.0,0.0,0.0,benchmark/data/new_experiments/blocks/dfs_timeout=180s__300steps__03052026/evaluation_results/results_blocksworld_combined_timeout180s.csv
dfs_timeout=180s__300steps__03052026,180,1.0,03052026,PO_ROSAME,unclean,4,3,50,0.5,0.0,0.5,benchmark/data/new_experiments/blocks/dfs_timeout=180s__300steps__03052026/evaluation_results/results_blocksworld_combined_timeout180s.csv
dfs_timeout=180s__300steps__03052026,180,1.0,03052026,PISAM,unclean,2,3,50,1.0,0.0,0.0,benchmark/data/new_experiments/blocks/dfs_timeout=180s__300steps__03052026/evaluation_results/results_blocksworld_combined_timeout180s.csv
dfs_timeout=180s__300steps__03052026,180,1.0,03052026,PO_ROSAME,unclean,2,3,50,,,,benchmark/data/new_experiments/blocks/dfs_timeout=180s__300steps__03052026/evaluation_results/results_blocksworld_combined_timeout180s.csv
dfs_timeout=180s__300steps__03052026,180,1.0,03052026,PISAM,unclean,1,3,50,1.0,0.0,0.0,benchmark/data/new_experiments/blocks/dfs_timeout=180s__300steps__03052026/evaluation_results/results_blocksworld_combined_timeout180s.csv
dfs_timeout=180s__300steps__03052026,180,1.0,03052026,PO_ROSAME,unclean,1,3,50,1.0,0.0,0.0,benchmark/data/new_experiments/blocks/dfs_timeout=180s__300steps__03052026/evaluation_results/results_blocksworld_combined_timeout180s.csv
dfs_timeout=180s__300steps__03052026,180,1.0,03052026,PISAM,unclean,0,3,50,1.0,0.0,0.0,benchmark/data/new_experiments/blocks/dfs_timeout=180s__300steps__03052026/evaluation_results/results_blocksworld_combined_timeout180s.csv
dfs_timeout=180s__300steps__03052026,180,1.0,03052026,PO_ROSAME,unclean,0,3,50,0.0,0.0,1.0,benchmark/data/new_experiments/blocks/dfs_timeout=180s__300steps__03052026/evaluation_results/results_blocksworld_combined_timeout180s.csv
dfs_timeout=180s__300steps__03052026,180,1.0,03052026,PISAM,unclean,3,3,50,1.0,0.0,0.0,benchmark/data/new_experiments/blocks/dfs_timeout=180s__300steps__03052026/evaluation_results/results_blocksworld_combined_timeout180s.csv
dfs_timeout=180s__300steps__03052026,180,1.0,03052026,PO_ROSAME,unclean,3,3,50,1.0,0.0,0.0,benchmark/data/new_experiments/blocks/dfs_timeout=180s__300steps__03052026/evaluation_results/results_blocksworld_combined_timeout180s.csv
dfs_timeout=180s__300steps__03052026,180,1.0,03052026,PISAM,unclean,3,3,75,1.0,0.0,0.0,benchmark/data/new_experiments/blocks/dfs_timeout=180s__300steps__03052026/evaluation_results/results_blocksworld_combined_timeout180s.csv
dfs_timeout=180s__300steps__03052026,180,1.0,03052026,PO_ROSAME,unclean,3,3,75,1.0,0.0,0.0,benchmark/data/new_experiments/blocks/dfs_timeout=180s__300steps__03052026/evaluation_results/results_blocksworld_combined_timeout180s.csv
dfs_timeout=180s__300steps__03052026,180,1.0,03052026,PISAM,unclean,4,3,75,1.0,0.0,0.0,benchmark/data/new_experiments/blocks/dfs_timeout=180s__300steps__03052026/evaluation_results/results_blocksworld_combined_timeout180s.csv
dfs_timeout=180s__300steps__03052026,180,1.0,03052026,PO_ROSAME,unclean,4,3,75,1.0,0.0,0.0,benchmark/data/new_experiments/blocks/dfs_timeout=180s__300steps__03052026/evaluation_results/results_blocksworld_combined_timeout180s.csv
dfs_timeout=180s__300steps__03052026,180,1.0,03052026,PISAM,unclean,0,3,75,1.0,0.0,0.0,benchmark/data/new_experiments/blocks/dfs_timeout=180s__300steps__03052026/evaluation_results/results_blocksworld_combined_timeout180s.csv
dfs_timeout=180s__300steps__03052026,180,1.0,03052026,PO_ROSAME,unclean,0,3,75,1.0,0.0,0.0,benchmark/data/new_experiments/blocks/dfs_timeout=180s__300steps__03052026/evaluation_results/results_blocksworld_combined_timeout180s.csv
dfs_timeout=180s__300steps__03052026,180,1.0,03052026,PISAM,unclean,2,3,75,1.0,0.0,0.0,benchmark/data/new_experiments/blocks/dfs_timeout=180s__300steps__03052026/evaluation_results/results_blocksworld_combined_timeout180s.csv
dfs_timeout=180s__300steps__03052026,180,1.0,03052026,PO_ROSAME,unclean,2,3,75,0.0,0.0,1.0,benchmark/data/new_experiments/blocks/dfs_timeout=180s__300steps__03052026/evaluation_results/results_blocksworld_combined_timeout180s.csv
dfs_timeout=180s__300steps__03052026,180,1.0,03052026,PISAM,unclean,1,3,75,1.0,0.0,0.0,benchmark/data/new_experiments/blocks/dfs_timeout=180s__300steps__03052026/evaluation_results/results_blocksworld_combined_timeout180s.csv
dfs_timeout=180s__300steps__03052026,180,1.0,03052026,PO_ROSAME,unclean,1,3,75,1.0,0.0,0.0,benchmark/data/new_experiments/blocks/dfs_timeout=180s__300steps__03052026/evaluation_results/results_blocksworld_combined_timeout180s.csv
dfs_timeout=180s__300steps__03052026,180,1.0,03052026,PISAM,unclean,2,3,100,1.0,0.0,0.0,benchmark/data/new_experiments/blocks/dfs_timeout=180s__300steps__03052026/evaluation_results/results_blocksworld_combined_timeout180s.csv
dfs_timeout=180s__300steps__03052026,180,1.0,03052026,PO_ROSAME,unclean,2,3,100,0.0,0.0,0.0,benchmark/data/new_experiments/blocks/dfs_timeout=180s__300steps__03052026/evaluation_results/results_blocksworld_combined_timeout180s.csv
dfs_timeout=180s__300steps__03052026,180,1.0,03052026,PISAM,unclean,1,3,100,1.0,0.0,0.0,benchmark/data/new_experiments/blocks/dfs_timeout=180s__300steps__03052026/evaluation_results/results_blocksworld_combined_timeout180s.csv
dfs_timeout=180s__300steps__03052026,180,1.0,03052026,PO_ROSAME,unclean,1,3,100,1.0,0.0,0.0,benchmark/data/new_experiments/blocks/dfs_timeout=180s__300steps__03052026/evaluation_results/results_blocksworld_combined_timeout180s.csv
dfs_timeout=180s__300steps__03052026,180,1.0,03052026,PISAM,unclean,4,3,100,1.0,0.0,0.0,benchmark/data/new_experiments/blocks/dfs_timeout=180s__300steps__03052026/evaluation_results/results_blocksworld_combined_timeout180s.csv
dfs_timeout=180s__300steps__03052026,180,1.0,03052026,PO_ROSAME,unclean,4,3,100,0.5,0.0,0.5,benchmark/data/new_experiments/blocks/dfs_timeout=180s__300steps__03052026/evaluation_results/results_blocksworld_combined_timeout180s.csv
dfs_timeout=180s__300steps__03052026,180,1.0,03052026,PISAM,unclean,0,3,100,1.0,0.0,0.0,benchmark/data/new_experiments/blocks/dfs_timeout=180s__300steps__03052026/evaluation_results/results_blocksworld_combined_timeout180s.csv
dfs_timeout=180s__300steps__03052026,180,1.0,03052026,PO_ROSAME,unclean,0,3,100,0.0,0.0,1.0,benchmark/data/new_experiments/blocks/dfs_timeout=180s__300steps__03052026/evaluation_results/results_blocksworld_combined_timeout180s.csv
dfs_timeout=180s__300steps__03052026,180,1.0,03052026,PISAM,unclean,3,3,100,1.0,0.0,0.0,benchmark/data/new_experiments/blocks/dfs_timeout=180s__300steps__03052026/evaluation_results/results_blocksworld_combined_timeout180s.csv
dfs_timeout=180s__300steps__03052026,180,1.0,03052026,PO_ROSAME,unclean,3,3,100,1.0,0.0,0.0,benchmark/data/new_experiments/blocks/dfs_timeout=180s__300steps__03052026/evaluation_results/results_blocksworld_combined_timeout180s.csv
dfs_timeout=180s__300steps__03052026,180,1.0,03052026,PISAM,unclean,3,4,0,0.0,1.0,0.0,benchmark/data/new_experiments/blocks/dfs_timeout=180s__300steps__03052026/evaluation_results/results_blocksworld_combined_timeout180s.csv
dfs_timeout=180s__300steps__03052026,180,1.0,03052026,PO_ROSAME,unclean,3,4,0,0.0,1.0,0.0,benchmark/data/new_experiments/blocks/dfs_timeout=180s__300steps__03052026/evaluation_results/results_blocksworld_combined_timeout180s.csv
dfs_timeout=180s__300steps__03052026,180,1.0,03052026,PISAM,unclean,2,4,0,0.0,1.0,0.0,benchmark/data/new_experiments/blocks/dfs_timeout=180s__300steps__03052026/evaluation_results/results_blocksworld_combined_timeout180s.csv
dfs_timeout=180s__300steps__03052026,180,1.0,03052026,PO_ROSAME,unclean,2,4,0,0.0,1.0,0.0,benchmark/data/new_experiments/blocks/dfs_timeout=180s__300steps__03052026/evaluation_results/results_blocksworld_combined_timeout180s.csv
dfs_timeout=180s__300steps__03052026,180,1.0,03052026,PISAM,unclean,0,4,0,0.5,0.5,0.0,benchmark/data/new_experiments/blocks/dfs_timeout=180s__300steps__03052026/evaluation_results/results_blocksworld_combined_timeout180s.csv
dfs_timeout=180s__300steps__03052026,180,1.0,03052026,PO_ROSAME,unclean,0,4,0,0.0,0.0,1.0,benchmark/data/new_experiments/blocks/dfs_timeout=180s__300steps__03052026/evaluation_results/results_blocksworld_combined_timeout180s.csv
dfs_timeout=180s__300steps__03052026,180,1.0,03052026,PISAM,unclean,1,4,0,0.0,1.0,0.0,benchmark/data/new_experiments/blocks/dfs_timeout=180s__300steps__03052026/evaluation_results/results_blocksworld_combined_timeout180s.csv
dfs_timeout=180s__300steps__03052026,180,1.0,03052026,PO_ROSAME,unclean,1,4,0,,,,benchmark/data/new_experiments/blocks/dfs_timeout=180s__300steps__03052026/evaluation_results/results_blocksworld_combined_timeout180s.csv
dfs_timeout=180s__300steps__03052026,180,1.0,03052026,PISAM,unclean,4,4,0,0.0,1.0,0.0,benchmark/data/new_experiments/blocks/dfs_timeout=180s__300steps__03052026/evaluation_results/results_blocksworld_combined_timeout180s.csv
dfs_timeout=180s__300steps__03052026,180,1.0,03052026,PO_ROSAME,unclean,4,4,0,0.0,0.0,1.0,benchmark/data/new_experiments/blocks/dfs_timeout=180s__300steps__03052026/evaluation_results/results_blocksworld_combined_timeout180s.csv
dfs_timeout=180s__300steps__03052026,180,1.0,03052026,PISAM,unclean,3,4,10,1.0,0.0,0.0,benchmark/data/new_experiments/blocks/dfs_timeout=180s__300steps__03052026/evaluation_results/results_blocksworld_combined_timeout180s.csv
dfs_timeout=180s__300steps__03052026,180,1.0,03052026,PO_ROSAME,unclean,3,4,10,1.0,0.0,0.0,benchmark/data/new_experiments/blocks/dfs_timeout=180s__300steps__03052026/evaluation_results/results_blocksworld_combined_timeout180s.csv
dfs_timeout=180s__300steps__03052026,180,1.0,03052026,PISAM,unclean,2,4,10,1.0,0.0,0.0,benchmark/data/new_experiments/blocks/dfs_timeout=180s__300steps__03052026/evaluation_results/results_blocksworld_combined_timeout180s.csv
dfs_timeout=180s__300steps__03052026,180,1.0,03052026,PO_ROSAME,unclean,2,4,10,0.0,0.0,0.0,benchmark/data/new_experiments/blocks/dfs_timeout=180s__300steps__03052026/evaluation_results/results_blocksworld_combined_timeout180s.csv
dfs_timeout=180s__300steps__03052026,180,1.0,03052026,PISAM,unclean,4,4,10,1.0,0.0,0.0,benchmark/data/new_experiments/blocks/dfs_timeout=180s__300steps__03052026/evaluation_results/results_blocksworld_combined_timeout180s.csv
dfs_timeout=180s__300steps__03052026,180,1.0,03052026,PO_ROSAME,unclean,4,4,10,1.0,0.0,0.0,benchmark/data/new_experiments/blocks/dfs_timeout=180s__300steps__03052026/evaluation_results/results_blocksworld_combined_timeout180s.csv
dfs_timeout=180s__300steps__03052026,180,1.0,03052026,PISAM,unclean,1,4,10,1.0,0.0,0.0,benchmark/data/new_experiments/blocks/dfs_timeout=180s__300steps__03052026/evaluation_results/results_blocksworld_combined_timeout180s.csv
dfs_timeout=180s__300steps__03052026,180,1.0,03052026,PO_ROSAME,unclean,1,4,10,0.0,0.0,0.0,benchmark/data/new_experiments/blocks/dfs_timeout=180s__300steps__03052026/evaluation_results/results_blocksworld_combined_timeout180s.csv
dfs_timeout=180s__300steps__03052026,180,1.0,03052026,PISAM,unclean,0,4,10,1.0,0.0,0.0,benchmark/data/new_experiments/blocks/dfs_timeout=180s__300steps__03052026/evaluation_results/results_blocksworld_combined_timeout180s.csv
dfs_timeout=180s__300steps__03052026,180,1.0,03052026,PO_ROSAME,unclean,0,4,10,1.0,0.0,0.0,benchmark/data/new_experiments/blocks/dfs_timeout=180s__300steps__03052026/evaluation_results/results_blocksworld_combined_timeout180s.csv
dfs_timeout=180s__300steps__03052026,180,1.0,03052026,PISAM,unclean,3,4,25,1.0,0.0,0.0,benchmark/data/new_experiments/blocks/dfs_timeout=180s__300steps__03052026/evaluation_results/results_blocksworld_combined_timeout180s.csv
dfs_timeout=180s__300steps__03052026,180,1.0,03052026,PO_ROSAME,unclean,3,4,25,1.0,0.0,0.0,benchmark/data/new_experiments/blocks/dfs_timeout=180s__300steps__03052026/evaluation_results/results_blocksworld_combined_timeout180s.csv
dfs_timeout=180s__300steps__03052026,180,1.0,03052026,PISAM,unclean,4,4,25,1.0,0.0,0.0,benchmark/data/new_experiments/blocks/dfs_timeout=180s__300steps__03052026/evaluation_results/results_blocksworld_combined_timeout180s.csv
dfs_timeout=180s__300steps__03052026,180,1.0,03052026,PO_ROSAME,unclean,4,4,25,1.0,0.0,0.0,benchmark/data/new_experiments/blocks/dfs_timeout=180s__300steps__03052026/evaluation_results/results_blocksworld_combined_timeout180s.csv
dfs_timeout=180s__300steps__03052026,180,1.0,03052026,PISAM,unclean,2,4,25,1.0,0.0,0.0,benchmark/data/new_experiments/blocks/dfs_timeout=180s__300steps__03052026/evaluation_results/results_blocksworld_combined_timeout180s.csv
dfs_timeout=180s__300steps__03052026,180,1.0,03052026,PO_ROSAME,unclean,2,4,25,0.0,0.0,1.0,benchmark/data/new_experiments/blocks/dfs_timeout=180s__300steps__03052026/evaluation_results/results_blocksworld_combined_timeout180s.csv
dfs_timeout=180s__300steps__03052026,180,1.0,03052026,PISAM,unclean,0,4,25,1.0,0.0,0.0,benchmark/data/new_experiments/blocks/dfs_timeout=180s__300steps__03052026/evaluation_results/results_blocksworld_combined_timeout180s.csv
dfs_timeout=180s__300steps__03052026,180,1.0,03052026,PO_ROSAME,unclean,0,4,25,1.0,0.0,0.0,benchmark/data/new_experiments/blocks/dfs_timeout=180s__300steps__03052026/evaluation_results/results_blocksworld_combined_timeout180s.csv
dfs_timeout=180s__300steps__03052026,180,1.0,03052026,PISAM,unclean,1,4,25,1.0,0.0,0.0,benchmark/data/new_experiments/blocks/dfs_timeout=180s__300steps__03052026/evaluation_results/results_blocksworld_combined_timeout180s.csv
dfs_timeout=180s__300steps__03052026,180,1.0,03052026,PO_ROSAME,unclean,1,4,25,0.0,0.0,0.0,benchmark/data/new_experiments/blocks/dfs_timeout=180s__300steps__03052026/evaluation_results/results_blocksworld_combined_timeout180s.csv
dfs_timeout=180s__300steps__03052026,180,1.0,03052026,PISAM,unclean,2,4,50,1.0,0.0,0.0,benchmark/data/new_experiments/blocks/dfs_timeout=180s__300steps__03052026/evaluation_results/results_blocksworld_combined_timeout180s.csv
dfs_timeout=180s__300steps__03052026,180,1.0,03052026,PO_ROSAME,unclean,2,4,50,0.0,1.0,0.0,benchmark/data/new_experiments/blocks/dfs_timeout=180s__300steps__03052026/evaluation_results/results_blocksworld_combined_timeout180s.csv
dfs_timeout=180s__300steps__03052026,180,1.0,03052026,PISAM,unclean,4,4,50,1.0,0.0,0.0,benchmark/data/new_experiments/blocks/dfs_timeout=180s__300steps__03052026/evaluation_results/results_blocksworld_combined_timeout180s.csv
dfs_timeout=180s__300steps__03052026,180,1.0,03052026,PO_ROSAME,unclean,4,4,50,1.0,0.0,0.0,benchmark/data/new_experiments/blocks/dfs_timeout=180s__300steps__03052026/evaluation_results/results_blocksworld_combined_timeout180s.csv
dfs_timeout=180s__300steps__03052026,180,1.0,03052026,PISAM,unclean,0,4,50,1.0,0.0,0.0,benchmark/data/new_experiments/blocks/dfs_timeout=180s__300steps__03052026/evaluation_results/results_blocksworld_combined_timeout180s.csv
dfs_timeout=180s__300steps__03052026,180,1.0,03052026,PO_ROSAME,unclean,0,4,50,1.0,0.0,0.0,benchmark/data/new_experiments/blocks/dfs_timeout=180s__300steps__03052026/evaluation_results/results_blocksworld_combined_timeout180s.csv
dfs_timeout=180s__300steps__03052026,180,1.0,03052026,PISAM,unclean,3,4,50,1.0,0.0,0.0,benchmark/data/new_experiments/blocks/dfs_timeout=180s__300steps__03052026/evaluation_results/results_blocksworld_combined_timeout180s.csv
dfs_timeout=180s__300steps__03052026,180,1.0,03052026,PO_ROSAME,unclean,3,4,50,1.0,0.0,0.0,benchmark/data/new_experiments/blocks/dfs_timeout=180s__300steps__03052026/evaluation_results/results_blocksworld_combined_timeout180s.csv
dfs_timeout=180s__300steps__03052026,180,1.0,03052026,PISAM,unclean,1,4,50,1.0,0.0,0.0,benchmark/data/new_experiments/blocks/dfs_timeout=180s__300steps__03052026/evaluation_results/results_blocksworld_combined_timeout180s.csv
dfs_timeout=180s__300steps__03052026,180,1.0,03052026,PO_ROSAME,unclean,1,4,50,0.0,0.0,0.0,benchmark/data/new_experiments/blocks/dfs_timeout=180s__300steps__03052026/evaluation_results/results_blocksworld_combined_timeout180s.csv
dfs_timeout=180s__300steps__03052026,180,1.0,03052026,PISAM,unclean,4,4,75,1.0,0.0,0.0,benchmark/data/new_experiments/blocks/dfs_timeout=180s__300steps__03052026/evaluation_results/results_blocksworld_combined_timeout180s.csv
dfs_timeout=180s__300steps__03052026,180,1.0,03052026,PO_ROSAME,unclean,4,4,75,1.0,0.0,0.0,benchmark/data/new_experiments/blocks/dfs_timeout=180s__300steps__03052026/evaluation_results/results_blocksworld_combined_timeout180s.csv
dfs_timeout=180s__300steps__03052026,180,1.0,03052026,PISAM,unclean,2,4,75,1.0,0.0,0.0,benchmark/data/new_experiments/blocks/dfs_timeout=180s__300steps__03052026/evaluation_results/results_blocksworld_combined_timeout180s.csv
dfs_timeout=180s__300steps__03052026,180,1.0,03052026,PO_ROSAME,unclean,2,4,75,0.0,0.0,0.0,benchmark/data/new_experiments/blocks/dfs_timeout=180s__300steps__03052026/evaluation_results/results_blocksworld_combined_timeout180s.csv
dfs_timeout=180s__300steps__03052026,180,1.0,03052026,PISAM,unclean,1,4,75,1.0,0.0,0.0,benchmark/data/new_experiments/blocks/dfs_timeout=180s__300steps__03052026/evaluation_results/results_blocksworld_combined_timeout180s.csv
dfs_timeout=180s__300steps__03052026,180,1.0,03052026,PO_ROSAME,unclean,1,4,75,0.0,0.0,0.0,benchmark/data/new_experiments/blocks/dfs_timeout=180s__300steps__03052026/evaluation_results/results_blocksworld_combined_timeout180s.csv
dfs_timeout=180s__300steps__03052026,180,1.0,03052026,PISAM,unclean,3,4,75,1.0,0.0,0.0,benchmark/data/new_experiments/blocks/dfs_timeout=180s__300steps__03052026/evaluation_results/results_blocksworld_combined_timeout180s.csv
dfs_timeout=180s__300steps__03052026,180,1.0,03052026,PO_ROSAME,unclean,3,4,75,1.0,0.0,0.0,benchmark/data/new_experiments/blocks/dfs_timeout=180s__300steps__03052026/evaluation_results/results_blocksworld_combined_timeout180s.csv
dfs_timeout=180s__300steps__03052026,180,1.0,03052026,PISAM,unclean,0,4,75,1.0,0.0,0.0,benchmark/data/new_experiments/blocks/dfs_timeout=180s__300steps__03052026/evaluation_results/results_blocksworld_combined_timeout180s.csv
dfs_timeout=180s__300steps__03052026,180,1.0,03052026,PO_ROSAME,unclean,0,4,75,1.0,0.0,0.0,benchmark/data/new_experiments/blocks/dfs_timeout=180s__300steps__03052026/evaluation_results/results_blocksworld_combined_timeout180s.csv
dfs_timeout=180s__300steps__03052026,180,1.0,03052026,PISAM,unclean,3,4,100,1.0,0.0,0.0,benchmark/data/new_experiments/blocks/dfs_timeout=180s__300steps__03052026/evaluation_results/results_blocksworld_combined_timeout180s.csv
dfs_timeout=180s__300steps__03052026,180,1.0,03052026,PO_ROSAME,unclean,3,4,100,1.0,0.0,0.0,benchmark/data/new_experiments/blocks/dfs_timeout=180s__300steps__03052026/evaluation_results/results_blocksworld_combined_timeout180s.csv
dfs_timeout=180s__300steps__03052026,180,1.0,03052026,PISAM,unclean,1,4,100,1.0,0.0,0.0,benchmark/data/new_experiments/blocks/dfs_timeout=180s__300steps__03052026/evaluation_results/results_blocksworld_combined_timeout180s.csv
dfs_timeout=180s__300steps__03052026,180,1.0,03052026,PO_ROSAME,unclean,1,4,100,1.0,0.0,0.0,benchmark/data/new_experiments/blocks/dfs_timeout=180s__300steps__03052026/evaluation_results/results_blocksworld_combined_timeout180s.csv
dfs_timeout=180s__300steps__03052026,180,1.0,03052026,PISAM,unclean,2,4,100,1.0,0.0,0.0,benchmark/data/new_experiments/blocks/dfs_timeout=180s__300steps__03052026/evaluation_results/results_blocksworld_combined_timeout180s.csv
dfs_timeout=180s__300steps__03052026,180,1.0,03052026,PO_ROSAME,unclean,2,4,100,0.0,0.0,0.0,benchmark/data/new_experiments/blocks/dfs_timeout=180s__300steps__03052026/evaluation_results/results_blocksworld_combined_timeout180s.csv
dfs_timeout=180s__300steps__03052026,180,1.0,03052026,PISAM,unclean,0,4,100,1.0,0.0,0.0,benchmark/data/new_experiments/blocks/dfs_timeout=180s__300steps__03052026/evaluation_results/results_blocksworld_combined_timeout180s.csv
dfs_timeout=180s__300steps__03052026,180,1.0,03052026,PO_ROSAME,unclean,0,4,100,1.0,0.0,0.0,benchmark/data/new_experiments/blocks/dfs_timeout=180s__300steps__03052026/evaluation_results/results_blocksworld_combined_timeout180s.csv
dfs_timeout=180s__300steps__03052026,180,1.0,03052026,PISAM,unclean,4,4,100,1.0,0.0,0.0,benchmark/data/new_experiments/blocks/dfs_timeout=180s__300steps__03052026/evaluation_results/results_blocksworld_combined_timeout180s.csv
dfs_timeout=180s__300steps__03052026,180,1.0,03052026,PO_ROSAME,unclean,4,4,100,1.0,0.0,0.0,benchmark/data/new_experiments/blocks/dfs_timeout=180s__300steps__03052026/evaluation_results/results_blocksworld_combined_timeout180s.csv
dfs_timeout=180s__300steps__03052026,180,1.0,03052026,PISAM,unclean,3,5,0,0.0,1.0,0.0,benchmark/data/new_experiments/blocks/dfs_timeout=180s__300steps__03052026/evaluation_results/results_blocksworld_combined_timeout180s.csv
dfs_timeout=180s__300steps__03052026,180,1.0,03052026,PO_ROSAME,unclean,3,5,0,0.0,0.0,0.0,benchmark/data/new_experiments/blocks/dfs_timeout=180s__300steps__03052026/evaluation_results/results_blocksworld_combined_timeout180s.csv
dfs_timeout=180s__300steps__03052026,180,1.0,03052026,PISAM,unclean,1,5,0,0.0,1.0,0.0,benchmark/data/new_experiments/blocks/dfs_timeout=180s__300steps__03052026/evaluation_results/results_blocksworld_combined_timeout180s.csv
dfs_timeout=180s__300steps__03052026,180,1.0,03052026,PO_ROSAME,unclean,1,5,0,1.0,0.0,0.0,benchmark/data/new_experiments/blocks/dfs_timeout=180s__300steps__03052026/evaluation_results/results_blocksworld_combined_timeout180s.csv
dfs_timeout=180s__300steps__03052026,180,1.0,03052026,PISAM,unclean,4,5,0,0.0,1.0,0.0,benchmark/data/new_experiments/blocks/dfs_timeout=180s__300steps__03052026/evaluation_results/results_blocksworld_combined_timeout180s.csv
dfs_timeout=180s__300steps__03052026,180,1.0,03052026,PO_ROSAME,unclean,4,5,0,0.0,0.0,0.0,benchmark/data/new_experiments/blocks/dfs_timeout=180s__300steps__03052026/evaluation_results/results_blocksworld_combined_timeout180s.csv
dfs_timeout=180s__300steps__03052026,180,1.0,03052026,PISAM,unclean,2,5,0,0.0,1.0,0.0,benchmark/data/new_experiments/blocks/dfs_timeout=180s__300steps__03052026/evaluation_results/results_blocksworld_combined_timeout180s.csv
dfs_timeout=180s__300steps__03052026,180,1.0,03052026,PO_ROSAME,unclean,2,5,0,0.0,1.0,0.0,benchmark/data/new_experiments/blocks/dfs_timeout=180s__300steps__03052026/evaluation_results/results_blocksworld_combined_timeout180s.csv
dfs_timeout=180s__300steps__03052026,180,1.0,03052026,PISAM,unclean,0,5,0,0.5,0.5,0.0,benchmark/data/new_experiments/blocks/dfs_timeout=180s__300steps__03052026/evaluation_results/results_blocksworld_combined_timeout180s.csv
dfs_timeout=180s__300steps__03052026,180,1.0,03052026,PO_ROSAME,unclean,0,5,0,0.0,1.0,0.0,benchmark/data/new_experiments/blocks/dfs_timeout=180s__300steps__03052026/evaluation_results/results_blocksworld_combined_timeout180s.csv
dfs_timeout=180s__300steps__03052026,180,1.0,03052026,PISAM,unclean,3,5,10,1.0,0.0,0.0,benchmark/data/new_experiments/blocks/dfs_timeout=180s__300steps__03052026/evaluation_results/results_blocksworld_combined_timeout180s.csv
dfs_timeout=180s__300steps__03052026,180,1.0,03052026,PO_ROSAME,unclean,3,5,10,0.0,1.0,0.0,benchmark/data/new_experiments/blocks/dfs_timeout=180s__300steps__03052026/evaluation_results/results_blocksworld_combined_timeout180s.csv
dfs_timeout=180s__300steps__03052026,180,1.0,03052026,PISAM,unclean,0,5,10,1.0,0.0,0.0,benchmark/data/new_experiments/blocks/dfs_timeout=180s__300steps__03052026/evaluation_results/results_blocksworld_combined_timeout180s.csv
dfs_timeout=180s__300steps__03052026,180,1.0,03052026,PO_ROSAME,unclean,0,5,10,0.0,1.0,0.0,benchmark/data/new_experiments/blocks/dfs_timeout=180s__300steps__03052026/evaluation_results/results_blocksworld_combined_timeout180s.csv
dfs_timeout=180s__300steps__03052026,180,1.0,03052026,PISAM,unclean,4,5,10,1.0,0.0,0.0,benchmark/data/new_experiments/blocks/dfs_timeout=180s__300steps__03052026/evaluation_results/results_blocksworld_combined_timeout180s.csv
dfs_timeout=180s__300steps__03052026,180,1.0,03052026,PO_ROSAME,unclean,4,5,10,0.0,1.0,0.0,benchmark/data/new_experiments/blocks/dfs_timeout=180s__300steps__03052026/evaluation_results/results_blocksworld_combined_timeout180s.csv
dfs_timeout=180s__300steps__03052026,180,1.0,03052026,PISAM,unclean,1,5,10,1.0,0.0,0.0,benchmark/data/new_experiments/blocks/dfs_timeout=180s__300steps__03052026/evaluation_results/results_blocksworld_combined_timeout180s.csv
dfs_timeout=180s__300steps__03052026,180,1.0,03052026,PO_ROSAME,unclean,1,5,10,0.0,0.0,1.0,benchmark/data/new_experiments/blocks/dfs_timeout=180s__300steps__03052026/evaluation_results/results_blocksworld_combined_timeout180s.csv
dfs_timeout=180s__300steps__03052026,180,1.0,03052026,PISAM,unclean,2,5,10,1.0,0.0,0.0,benchmark/data/new_experiments/blocks/dfs_timeout=180s__300steps__03052026/evaluation_results/results_blocksworld_combined_timeout180s.csv
dfs_timeout=180s__300steps__03052026,180,1.0,03052026,PO_ROSAME,unclean,2,5,10,1.0,0.0,0.0,benchmark/data/new_experiments/blocks/dfs_timeout=180s__300steps__03052026/evaluation_results/results_blocksworld_combined_timeout180s.csv
dfs_timeout=180s__300steps__03052026,180,1.0,03052026,PISAM,unclean,2,5,25,1.0,0.0,0.0,benchmark/data/new_experiments/blocks/dfs_timeout=180s__300steps__03052026/evaluation_results/results_blocksworld_combined_timeout180s.csv
dfs_timeout=180s__300steps__03052026,180,1.0,03052026,PO_ROSAME,unclean,2,5,25,1.0,0.0,0.0,benchmark/data/new_experiments/blocks/dfs_timeout=180s__300steps__03052026/evaluation_results/results_blocksworld_combined_timeout180s.csv
dfs_timeout=180s__300steps__03052026,180,1.0,03052026,PISAM,unclean,0,5,25,1.0,0.0,0.0,benchmark/data/new_experiments/blocks/dfs_timeout=180s__300steps__03052026/evaluation_results/results_blocksworld_combined_timeout180s.csv
dfs_timeout=180s__300steps__03052026,180,1.0,03052026,PO_ROSAME,unclean,0,5,25,0.0,0.0,0.0,benchmark/data/new_experiments/blocks/dfs_timeout=180s__300steps__03052026/evaluation_results/results_blocksworld_combined_timeout180s.csv
dfs_timeout=180s__300steps__03052026,180,1.0,03052026,PISAM,unclean,1,5,25,1.0,0.0,0.0,benchmark/data/new_experiments/blocks/dfs_timeout=180s__300steps__03052026/evaluation_results/results_blocksworld_combined_timeout180s.csv
dfs_timeout=180s__300steps__03052026,180,1.0,03052026,PO_ROSAME,unclean,1,5,25,0.0,0.0,1.0,benchmark/data/new_experiments/blocks/dfs_timeout=180s__300steps__03052026/evaluation_results/results_blocksworld_combined_timeout180s.csv
dfs_timeout=180s__300steps__03052026,180,1.0,03052026,PISAM,unclean,4,5,25,1.0,0.0,0.0,benchmark/data/new_experiments/blocks/dfs_timeout=180s__300steps__03052026/evaluation_results/results_blocksworld_combined_timeout180s.csv
dfs_timeout=180s__300steps__03052026,180,1.0,03052026,PO_ROSAME,unclean,4,5,25,0.0,0.0,0.0,benchmark/data/new_experiments/blocks/dfs_timeout=180s__300steps__03052026/evaluation_results/results_blocksworld_combined_timeout180s.csv
dfs_timeout=180s__300steps__03052026,180,1.0,03052026,PISAM,unclean,3,5,25,1.0,0.0,0.0,benchmark/data/new_experiments/blocks/dfs_timeout=180s__300steps__03052026/evaluation_results/results_blocksworld_combined_timeout180s.csv
dfs_timeout=180s__300steps__03052026,180,1.0,03052026,PO_ROSAME,unclean,3,5,25,0.0,1.0,0.0,benchmark/data/new_experiments/blocks/dfs_timeout=180s__300steps__03052026/evaluation_results/results_blocksworld_combined_timeout180s.csv
dfs_timeout=180s__300steps__03052026,180,1.0,03052026,PISAM,unclean,2,5,50,1.0,0.0,0.0,benchmark/data/new_experiments/blocks/dfs_timeout=180s__300steps__03052026/evaluation_results/results_blocksworld_combined_timeout180s.csv
dfs_timeout=180s__300steps__03052026,180,1.0,03052026,PO_ROSAME,unclean,2,5,50,1.0,0.0,0.0,benchmark/data/new_experiments/blocks/dfs_timeout=180s__300steps__03052026/evaluation_results/results_blocksworld_combined_timeout180s.csv
dfs_timeout=180s__300steps__03052026,180,1.0,03052026,PISAM,unclean,0,5,50,1.0,0.0,0.0,benchmark/data/new_experiments/blocks/dfs_timeout=180s__300steps__03052026/evaluation_results/results_blocksworld_combined_timeout180s.csv
dfs_timeout=180s__300steps__03052026,180,1.0,03052026,PO_ROSAME,unclean,0,5,50,0.0,0.0,0.0,benchmark/data/new_experiments/blocks/dfs_timeout=180s__300steps__03052026/evaluation_results/results_blocksworld_combined_timeout180s.csv
dfs_timeout=180s__300steps__03052026,180,1.0,03052026,PISAM,unclean,3,5,50,1.0,0.0,0.0,benchmark/data/new_experiments/blocks/dfs_timeout=180s__300steps__03052026/evaluation_results/results_blocksworld_combined_timeout180s.csv
dfs_timeout=180s__300steps__03052026,180,1.0,03052026,PO_ROSAME,unclean,3,5,50,0.0,0.0,0.0,benchmark/data/new_experiments/blocks/dfs_timeout=180s__300steps__03052026/evaluation_results/results_blocksworld_combined_timeout180s.csv
dfs_timeout=180s__300steps__03052026,180,1.0,03052026,PISAM,unclean,1,5,50,1.0,0.0,0.0,benchmark/data/new_experiments/blocks/dfs_timeout=180s__300steps__03052026/evaluation_results/results_blocksworld_combined_timeout180s.csv
dfs_timeout=180s__300steps__03052026,180,1.0,03052026,PO_ROSAME,unclean,1,5,50,0.0,0.0,1.0,benchmark/data/new_experiments/blocks/dfs_timeout=180s__300steps__03052026/evaluation_results/results_blocksworld_combined_timeout180s.csv
dfs_timeout=180s__300steps__03052026,180,1.0,03052026,PISAM,unclean,4,5,50,1.0,0.0,0.0,benchmark/data/new_experiments/blocks/dfs_timeout=180s__300steps__03052026/evaluation_results/results_blocksworld_combined_timeout180s.csv
dfs_timeout=180s__300steps__03052026,180,1.0,03052026,PO_ROSAME,unclean,4,5,50,0.0,0.0,0.0,benchmark/data/new_experiments/blocks/dfs_timeout=180s__300steps__03052026/evaluation_results/results_blocksworld_combined_timeout180s.csv
dfs_timeout=180s__300steps__03052026,180,1.0,03052026,PISAM,unclean,1,5,75,1.0,0.0,0.0,benchmark/data/new_experiments/blocks/dfs_timeout=180s__300steps__03052026/evaluation_results/results_blocksworld_combined_timeout180s.csv
dfs_timeout=180s__300steps__03052026,180,1.0,03052026,PO_ROSAME,unclean,1,5,75,1.0,0.0,0.0,benchmark/data/new_experiments/blocks/dfs_timeout=180s__300steps__03052026/evaluation_results/results_blocksworld_combined_timeout180s.csv
dfs_timeout=180s__300steps__03052026,180,1.0,03052026,PISAM,unclean,0,5,75,1.0,0.0,0.0,benchmark/data/new_experiments/blocks/dfs_timeout=180s__300steps__03052026/evaluation_results/results_blocksworld_combined_timeout180s.csv
dfs_timeout=180s__300steps__03052026,180,1.0,03052026,PO_ROSAME,unclean,0,5,75,0.0,0.0,0.0,benchmark/data/new_experiments/blocks/dfs_timeout=180s__300steps__03052026/evaluation_results/results_blocksworld_combined_timeout180s.csv
dfs_timeout=180s__300steps__03052026,180,1.0,03052026,PISAM,unclean,4,5,75,1.0,0.0,0.0,benchmark/data/new_experiments/blocks/dfs_timeout=180s__300steps__03052026/evaluation_results/results_blocksworld_combined_timeout180s.csv
dfs_timeout=180s__300steps__03052026,180,1.0,03052026,PO_ROSAME,unclean,4,5,75,0.0,1.0,0.0,benchmark/data/new_experiments/blocks/dfs_timeout=180s__300steps__03052026/evaluation_results/results_blocksworld_combined_timeout180s.csv
dfs_timeout=180s__300steps__03052026,180,1.0,03052026,PISAM,unclean,2,5,75,1.0,0.0,0.0,benchmark/data/new_experiments/blocks/dfs_timeout=180s__300steps__03052026/evaluation_results/results_blocksworld_combined_timeout180s.csv
dfs_timeout=180s__300steps__03052026,180,1.0,03052026,PO_ROSAME,unclean,2,5,75,1.0,0.0,0.0,benchmark/data/new_experiments/blocks/dfs_timeout=180s__300steps__03052026/evaluation_results/results_blocksworld_combined_timeout180s.csv
dfs_timeout=180s__300steps__03052026,180,1.0,03052026,PISAM,unclean,3,5,75,1.0,0.0,0.0,benchmark/data/new_experiments/blocks/dfs_timeout=180s__300steps__03052026/evaluation_results/results_blocksworld_combined_timeout180s.csv
dfs_timeout=180s__300steps__03052026,180,1.0,03052026,PO_ROSAME,unclean,3,5,75,0.0,0.0,0.0,benchmark/data/new_experiments/blocks/dfs_timeout=180s__300steps__03052026/evaluation_results/results_blocksworld_combined_timeout180s.csv
dfs_timeout=180s__300steps__03052026,180,1.0,03052026,PISAM,unclean,1,5,100,1.0,0.0,0.0,benchmark/data/new_experiments/blocks/dfs_timeout=180s__300steps__03052026/evaluation_results/results_blocksworld_combined_timeout180s.csv
dfs_timeout=180s__300steps__03052026,180,1.0,03052026,PO_ROSAME,unclean,1,5,100,0.0,0.0,1.0,benchmark/data/new_experiments/blocks/dfs_timeout=180s__300steps__03052026/evaluation_results/results_blocksworld_combined_timeout180s.csv
dfs_timeout=180s__300steps__03052026,180,1.0,03052026,PISAM,unclean,0,5,100,1.0,0.0,0.0,benchmark/data/new_experiments/blocks/dfs_timeout=180s__300steps__03052026/evaluation_results/results_blocksworld_combined_timeout180s.csv
dfs_timeout=180s__300steps__03052026,180,1.0,03052026,PO_ROSAME,unclean,0,5,100,1.0,0.0,0.0,benchmark/data/new_experiments/blocks/dfs_timeout=180s__300steps__03052026/evaluation_results/results_blocksworld_combined_timeout180s.csv
dfs_timeout=180s__300steps__03052026,180,1.0,03052026,PISAM,unclean,4,5,100,1.0,0.0,0.0,benchmark/data/new_experiments/blocks/dfs_timeout=180s__300steps__03052026/evaluation_results/results_blocksworld_combined_timeout180s.csv
dfs_timeout=180s__300steps__03052026,180,1.0,03052026,PO_ROSAME,unclean,4,5,100,0.0,0.0,0.0,benchmark/data/new_experiments/blocks/dfs_timeout=180s__300steps__03052026/evaluation_results/results_blocksworld_combined_timeout180s.csv
dfs_timeout=180s__300steps__03052026,180,1.0,03052026,PISAM,unclean,2,5,100,1.0,0.0,0.0,benchmark/data/new_experiments/blocks/dfs_timeout=180s__300steps__03052026/evaluation_results/results_blocksworld_combined_timeout180s.csv
dfs_timeout=180s__300steps__03052026,180,1.0,03052026,PO_ROSAME,unclean,2,5,100,1.0,0.0,0.0,benchmark/data/new_experiments/blocks/dfs_timeout=180s__300steps__03052026/evaluation_results/results_blocksworld_combined_timeout180s.csv
dfs_timeout=180s__300steps__03052026,180,1.0,03052026,PISAM,unclean,3,5,100,1.0,0.0,0.0,benchmark/data/new_experiments/blocks/dfs_timeout=180s__300steps__03052026/evaluation_results/results_blocksworld_combined_timeout180s.csv
dfs_timeout=180s__300steps__03052026,180,1.0,03052026,PO_ROSAME,unclean,3,5,100,0.5,0.0,0.5,benchmark/data/new_experiments/blocks/dfs_timeout=180s__300steps__03052026/evaluation_results/results_blocksworld_combined_timeout180s.csv
dfs_timeout=180s__300steps__03052026,180,1.0,03052026,PISAM,unclean,2,6,0,0.0,1.0,0.0,benchmark/data/new_experiments/blocks/dfs_timeout=180s__300steps__03052026/evaluation_results/results_blocksworld_combined_timeout180s.csv
dfs_timeout=180s__300steps__03052026,180,1.0,03052026,PO_ROSAME,unclean,2,6,0,0.0,0.0,1.0,benchmark/data/new_experiments/blocks/dfs_timeout=180s__300steps__03052026/evaluation_results/results_blocksworld_combined_timeout180s.csv
dfs_timeout=180s__300steps__03052026,180,1.0,03052026,PISAM,unclean,3,6,0,0.0,1.0,0.0,benchmark/data/new_experiments/blocks/dfs_timeout=180s__300steps__03052026/evaluation_results/results_blocksworld_combined_timeout180s.csv
dfs_timeout=180s__300steps__03052026,180,1.0,03052026,PO_ROSAME,unclean,3,6,0,0.0,0.0,1.0,benchmark/data/new_experiments/blocks/dfs_timeout=180s__300steps__03052026/evaluation_results/results_blocksworld_combined_timeout180s.csv
dfs_timeout=180s__300steps__03052026,180,1.0,03052026,PISAM,unclean,0,6,0,0.0,1.0,0.0,benchmark/data/new_experiments/blocks/dfs_timeout=180s__300steps__03052026/evaluation_results/results_blocksworld_combined_timeout180s.csv
dfs_timeout=180s__300steps__03052026,180,1.0,03052026,PO_ROSAME,unclean,0,6,0,0.0,0.0,1.0,benchmark/data/new_experiments/blocks/dfs_timeout=180s__300steps__03052026/evaluation_results/results_blocksworld_combined_timeout180s.csv
dfs_timeout=180s__300steps__03052026,180,1.0,03052026,PISAM,unclean,1,6,0,0.0,1.0,0.0,benchmark/data/new_experiments/blocks/dfs_timeout=180s__300steps__03052026/evaluation_results/results_blocksworld_combined_timeout180s.csv
dfs_timeout=180s__300steps__03052026,180,1.0,03052026,PO_ROSAME,unclean,1,6,0,0.0,0.0,1.0,benchmark/data/new_experiments/blocks/dfs_timeout=180s__300steps__03052026/evaluation_results/results_blocksworld_combined_timeout180s.csv
dfs_timeout=180s__300steps__03052026,180,1.0,03052026,PISAM,unclean,4,6,0,0.0,1.0,0.0,benchmark/data/new_experiments/blocks/dfs_timeout=180s__300steps__03052026/evaluation_results/results_blocksworld_combined_timeout180s.csv
dfs_timeout=180s__300steps__03052026,180,1.0,03052026,PO_ROSAME,unclean,4,6,0,0.0,0.0,1.0,benchmark/data/new_experiments/blocks/dfs_timeout=180s__300steps__03052026/evaluation_results/results_blocksworld_combined_timeout180s.csv
dfs_timeout=180s__300steps__03052026,180,1.0,03052026,PISAM,unclean,4,6,10,1.0,0.0,0.0,benchmark/data/new_experiments/blocks/dfs_timeout=180s__300steps__03052026/evaluation_results/results_blocksworld_combined_timeout180s.csv
dfs_timeout=180s__300steps__03052026,180,1.0,03052026,PO_ROSAME,unclean,4,6,10,0.0,0.0,1.0,benchmark/data/new_experiments/blocks/dfs_timeout=180s__300steps__03052026/evaluation_results/results_blocksworld_combined_timeout180s.csv
dfs_timeout=180s__300steps__03052026,180,1.0,03052026,PISAM,unclean,0,6,10,1.0,0.0,0.0,benchmark/data/new_experiments/blocks/dfs_timeout=180s__300steps__03052026/evaluation_results/results_blocksworld_combined_timeout180s.csv
dfs_timeout=180s__300steps__03052026,180,1.0,03052026,PO_ROSAME,unclean,0,6,10,1.0,0.0,0.0,benchmark/data/new_experiments/blocks/dfs_timeout=180s__300steps__03052026/evaluation_results/results_blocksworld_combined_timeout180s.csv
dfs_timeout=180s__300steps__03052026,180,1.0,03052026,PISAM,unclean,1,6,10,1.0,0.0,0.0,benchmark/data/new_experiments/blocks/dfs_timeout=180s__300steps__03052026/evaluation_results/results_blocksworld_combined_timeout180s.csv
dfs_timeout=180s__300steps__03052026,180,1.0,03052026,PO_ROSAME,unclean,1,6,10,1.0,0.0,0.0,benchmark/data/new_experiments/blocks/dfs_timeout=180s__300steps__03052026/evaluation_results/results_blocksworld_combined_timeout180s.csv
dfs_timeout=180s__300steps__03052026,180,1.0,03052026,PISAM,unclean,2,6,10,1.0,0.0,0.0,benchmark/data/new_experiments/blocks/dfs_timeout=180s__300steps__03052026/evaluation_results/results_blocksworld_combined_timeout180s.csv
dfs_timeout=180s__300steps__03052026,180,1.0,03052026,PO_ROSAME,unclean,2,6,10,1.0,0.0,0.0,benchmark/data/new_experiments/blocks/dfs_timeout=180s__300steps__03052026/evaluation_results/results_blocksworld_combined_timeout180s.csv
dfs_timeout=180s__300steps__03052026,180,1.0,03052026,PISAM,unclean,3,6,10,1.0,0.0,0.0,benchmark/data/new_experiments/blocks/dfs_timeout=180s__300steps__03052026/evaluation_results/results_blocksworld_combined_timeout180s.csv
dfs_timeout=180s__300steps__03052026,180,1.0,03052026,PO_ROSAME,unclean,3,6,10,0.5,0.0,0.5,benchmark/data/new_experiments/blocks/dfs_timeout=180s__300steps__03052026/evaluation_results/results_blocksworld_combined_timeout180s.csv
dfs_timeout=180s__300steps__03052026,180,1.0,03052026,PISAM,unclean,1,6,25,1.0,0.0,0.0,benchmark/data/new_experiments/blocks/dfs_timeout=180s__300steps__03052026/evaluation_results/results_blocksworld_combined_timeout180s.csv
dfs_timeout=180s__300steps__03052026,180,1.0,03052026,PO_ROSAME,unclean,1,6,25,1.0,0.0,0.0,benchmark/data/new_experiments/blocks/dfs_timeout=180s__300steps__03052026/evaluation_results/results_blocksworld_combined_timeout180s.csv
dfs_timeout=180s__300steps__03052026,180,1.0,03052026,PISAM,unclean,0,6,25,1.0,0.0,0.0,benchmark/data/new_experiments/blocks/dfs_timeout=180s__300steps__03052026/evaluation_results/results_blocksworld_combined_timeout180s.csv
dfs_timeout=180s__300steps__03052026,180,1.0,03052026,PO_ROSAME,unclean,0,6,25,1.0,0.0,0.0,benchmark/data/new_experiments/blocks/dfs_timeout=180s__300steps__03052026/evaluation_results/results_blocksworld_combined_timeout180s.csv
dfs_timeout=180s__300steps__03052026,180,1.0,03052026,PISAM,unclean,4,6,25,1.0,0.0,0.0,benchmark/data/new_experiments/blocks/dfs_timeout=180s__300steps__03052026/evaluation_results/results_blocksworld_combined_timeout180s.csv
dfs_timeout=180s__300steps__03052026,180,1.0,03052026,PO_ROSAME,unclean,4,6,25,1.0,0.0,0.0,benchmark/data/new_experiments/blocks/dfs_timeout=180s__300steps__03052026/evaluation_results/results_blocksworld_combined_timeout180s.csv
dfs_timeout=180s__300steps__03052026,180,1.0,03052026,PISAM,unclean,3,6,25,1.0,0.0,0.0,benchmark/data/new_experiments/blocks/dfs_timeout=180s__300steps__03052026/evaluation_results/results_blocksworld_combined_timeout180s.csv
dfs_timeout=180s__300steps__03052026,180,1.0,03052026,PO_ROSAME,unclean,3,6,25,0.5,0.0,0.5,benchmark/data/new_experiments/blocks/dfs_timeout=180s__300steps__03052026/evaluation_results/results_blocksworld_combined_timeout180s.csv
dfs_timeout=180s__300steps__03052026,180,1.0,03052026,PISAM,unclean,2,6,25,1.0,0.0,0.0,benchmark/data/new_experiments/blocks/dfs_timeout=180s__300steps__03052026/evaluation_results/results_blocksworld_combined_timeout180s.csv
dfs_timeout=180s__300steps__03052026,180,1.0,03052026,PO_ROSAME,unclean,2,6,25,1.0,0.0,0.0,benchmark/data/new_experiments/blocks/dfs_timeout=180s__300steps__03052026/evaluation_results/results_blocksworld_combined_timeout180s.csv
dfs_timeout=180s__300steps__03052026,180,1.0,03052026,PISAM,unclean,2,6,50,1.0,0.0,0.0,benchmark/data/new_experiments/blocks/dfs_timeout=180s__300steps__03052026/evaluation_results/results_blocksworld_combined_timeout180s.csv
dfs_timeout=180s__300steps__03052026,180,1.0,03052026,PO_ROSAME,unclean,2,6,50,1.0,0.0,0.0,benchmark/data/new_experiments/blocks/dfs_timeout=180s__300steps__03052026/evaluation_results/results_blocksworld_combined_timeout180s.csv
dfs_timeout=180s__300steps__03052026,180,1.0,03052026,PISAM,unclean,0,6,50,1.0,0.0,0.0,benchmark/data/new_experiments/blocks/dfs_timeout=180s__300steps__03052026/evaluation_results/results_blocksworld_combined_timeout180s.csv
dfs_timeout=180s__300steps__03052026,180,1.0,03052026,PO_ROSAME,unclean,0,6,50,1.0,0.0,0.0,benchmark/data/new_experiments/blocks/dfs_timeout=180s__300steps__03052026/evaluation_results/results_blocksworld_combined_timeout180s.csv
dfs_timeout=180s__300steps__03052026,180,1.0,03052026,PISAM,unclean,1,6,50,1.0,0.0,0.0,benchmark/data/new_experiments/blocks/dfs_timeout=180s__300steps__03052026/evaluation_results/results_blocksworld_combined_timeout180s.csv
dfs_timeout=180s__300steps__03052026,180,1.0,03052026,PO_ROSAME,unclean,1,6,50,1.0,0.0,0.0,benchmark/data/new_experiments/blocks/dfs_timeout=180s__300steps__03052026/evaluation_results/results_blocksworld_combined_timeout180s.csv
dfs_timeout=180s__300steps__03052026,180,1.0,03052026,PISAM,unclean,3,6,50,1.0,0.0,0.0,benchmark/data/new_experiments/blocks/dfs_timeout=180s__300steps__03052026/evaluation_results/results_blocksworld_combined_timeout180s.csv
dfs_timeout=180s__300steps__03052026,180,1.0,03052026,PO_ROSAME,unclean,3,6,50,1.0,0.0,0.0,benchmark/data/new_experiments/blocks/dfs_timeout=180s__300steps__03052026/evaluation_results/results_blocksworld_combined_timeout180s.csv
dfs_timeout=180s__300steps__03052026,180,1.0,03052026,PISAM,unclean,4,6,50,1.0,0.0,0.0,benchmark/data/new_experiments/blocks/dfs_timeout=180s__300steps__03052026/evaluation_results/results_blocksworld_combined_timeout180s.csv
dfs_timeout=180s__300steps__03052026,180,1.0,03052026,PO_ROSAME,unclean,4,6,50,1.0,0.0,0.0,benchmark/data/new_experiments/blocks/dfs_timeout=180s__300steps__03052026/evaluation_results/results_blocksworld_combined_timeout180s.csv
dfs_timeout=180s__300steps__03052026,180,1.0,03052026,PISAM,unclean,1,6,75,1.0,0.0,0.0,benchmark/data/new_experiments/blocks/dfs_timeout=180s__300steps__03052026/evaluation_results/results_blocksworld_combined_timeout180s.csv
dfs_timeout=180s__300steps__03052026,180,1.0,03052026,PO_ROSAME,unclean,1,6,75,1.0,0.0,0.0,benchmark/data/new_experiments/blocks/dfs_timeout=180s__300steps__03052026/evaluation_results/results_blocksworld_combined_timeout180s.csv
dfs_timeout=180s__300steps__03052026,180,1.0,03052026,PISAM,unclean,0,6,75,1.0,0.0,0.0,benchmark/data/new_experiments/blocks/dfs_timeout=180s__300steps__03052026/evaluation_results/results_blocksworld_combined_timeout180s.csv
dfs_timeout=180s__300steps__03052026,180,1.0,03052026,PO_ROSAME,unclean,0,6,75,1.0,0.0,0.0,benchmark/data/new_experiments/blocks/dfs_timeout=180s__300steps__03052026/evaluation_results/results_blocksworld_combined_timeout180s.csv
dfs_timeout=180s__300steps__03052026,180,1.0,03052026,PISAM,unclean,2,6,75,1.0,0.0,0.0,benchmark/data/new_experiments/blocks/dfs_timeout=180s__300steps__03052026/evaluation_results/results_blocksworld_combined_timeout180s.csv
dfs_timeout=180s__300steps__03052026,180,1.0,03052026,PO_ROSAME,unclean,2,6,75,1.0,0.0,0.0,benchmark/data/new_experiments/blocks/dfs_timeout=180s__300steps__03052026/evaluation_results/results_blocksworld_combined_timeout180s.csv
dfs_timeout=180s__300steps__03052026,180,1.0,03052026,PISAM,unclean,3,6,75,1.0,0.0,0.0,benchmark/data/new_experiments/blocks/dfs_timeout=180s__300steps__03052026/evaluation_results/results_blocksworld_combined_timeout180s.csv
dfs_timeout=180s__300steps__03052026,180,1.0,03052026,PO_ROSAME,unclean,3,6,75,0.5,0.0,0.5,benchmark/data/new_experiments/blocks/dfs_timeout=180s__300steps__03052026/evaluation_results/results_blocksworld_combined_timeout180s.csv
dfs_timeout=180s__300steps__03052026,180,1.0,03052026,PISAM,unclean,4,6,75,1.0,0.0,0.0,benchmark/data/new_experiments/blocks/dfs_timeout=180s__300steps__03052026/evaluation_results/results_blocksworld_combined_timeout180s.csv
dfs_timeout=180s__300steps__03052026,180,1.0,03052026,PO_ROSAME,unclean,4,6,75,1.0,0.0,0.0,benchmark/data/new_experiments/blocks/dfs_timeout=180s__300steps__03052026/evaluation_results/results_blocksworld_combined_timeout180s.csv
dfs_timeout=180s__300steps__03052026,180,1.0,03052026,PISAM,unclean,0,6,100,1.0,0.0,0.0,benchmark/data/new_experiments/blocks/dfs_timeout=180s__300steps__03052026/evaluation_results/results_blocksworld_combined_timeout180s.csv
dfs_timeout=180s__300steps__03052026,180,1.0,03052026,PO_ROSAME,unclean,0,6,100,1.0,0.0,0.0,benchmark/data/new_experiments/blocks/dfs_timeout=180s__300steps__03052026/evaluation_results/results_blocksworld_combined_timeout180s.csv
dfs_timeout=180s__300steps__03052026,180,1.0,03052026,PISAM,unclean,3,6,100,1.0,0.0,0.0,benchmark/data/new_experiments/blocks/dfs_timeout=180s__300steps__03052026/evaluation_results/results_blocksworld_combined_timeout180s.csv
dfs_timeout=180s__300steps__03052026,180,1.0,03052026,PO_ROSAME,unclean,3,6,100,0.5,0.0,0.5,benchmark/data/new_experiments/blocks/dfs_timeout=180s__300steps__03052026/evaluation_results/results_blocksworld_combined_timeout180s.csv
dfs_timeout=180s__300steps__03052026,180,1.0,03052026,PISAM,unclean,2,6,100,1.0,0.0,0.0,benchmark/data/new_experiments/blocks/dfs_timeout=180s__300steps__03052026/evaluation_results/results_blocksworld_combined_timeout180s.csv
dfs_timeout=180s__300steps__03052026,180,1.0,03052026,PO_ROSAME,unclean,2,6,100,1.0,0.0,0.0,benchmark/data/new_experiments/blocks/dfs_timeout=180s__300steps__03052026/evaluation_results/results_blocksworld_combined_timeout180s.csv
dfs_timeout=180s__300steps__03052026,180,1.0,03052026,PISAM,unclean,4,6,100,1.0,0.0,0.0,benchmark/data/new_experiments/blocks/dfs_timeout=180s__300steps__03052026/evaluation_results/results_blocksworld_combined_timeout180s.csv
dfs_timeout=180s__300steps__03052026,180,1.0,03052026,PO_ROSAME,unclean,4,6,100,1.0,0.0,0.0,benchmark/data/new_experiments/blocks/dfs_timeout=180s__300steps__03052026/evaluation_results/results_blocksworld_combined_timeout180s.csv
dfs_timeout=180s__300steps__03052026,180,1.0,03052026,PISAM,unclean,1,6,100,1.0,0.0,0.0,benchmark/data/new_experiments/blocks/dfs_timeout=180s__300steps__03052026/evaluation_results/results_blocksworld_combined_timeout180s.csv
dfs_timeout=180s__300steps__03052026,180,1.0,03052026,PO_ROSAME,unclean,1,6,100,1.0,0.0,0.0,benchmark/data/new_experiments/blocks/dfs_timeout=180s__300steps__03052026/evaluation_results/results_blocksworld_combined_timeout180s.csv
dfs_timeout=180s__300steps__03052026,180,1.0,03052026,PISAM,unclean,0,7,0,0.0,1.0,0.0,benchmark/data/new_experiments/blocks/dfs_timeout=180s__300steps__03052026/evaluation_results/results_blocksworld_combined_timeout180s.csv
dfs_timeout=180s__300steps__03052026,180,1.0,03052026,PO_ROSAME,unclean,0,7,0,0.0,1.0,0.0,benchmark/data/new_experiments/blocks/dfs_timeout=180s__300steps__03052026/evaluation_results/results_blocksworld_combined_timeout180s.csv
dfs_timeout=180s__300steps__03052026,180,1.0,03052026,PISAM,unclean,4,7,0,0.0,1.0,0.0,benchmark/data/new_experiments/blocks/dfs_timeout=180s__300steps__03052026/evaluation_results/results_blocksworld_combined_timeout180s.csv
dfs_timeout=180s__300steps__03052026,180,1.0,03052026,PO_ROSAME,unclean,4,7,0,0.5,0.0,0.5,benchmark/data/new_experiments/blocks/dfs_timeout=180s__300steps__03052026/evaluation_results/results_blocksworld_combined_timeout180s.csv
dfs_timeout=180s__300steps__03052026,180,1.0,03052026,PISAM,unclean,1,7,0,0.0,1.0,0.0,benchmark/data/new_experiments/blocks/dfs_timeout=180s__300steps__03052026/evaluation_results/results_blocksworld_combined_timeout180s.csv
dfs_timeout=180s__300steps__03052026,180,1.0,03052026,PO_ROSAME,unclean,1,7,0,0.0,0.0,1.0,benchmark/data/new_experiments/blocks/dfs_timeout=180s__300steps__03052026/evaluation_results/results_blocksworld_combined_timeout180s.csv
dfs_timeout=180s__300steps__03052026,180,1.0,03052026,PISAM,unclean,2,7,0,0.0,1.0,0.0,benchmark/data/new_experiments/blocks/dfs_timeout=180s__300steps__03052026/evaluation_results/results_blocksworld_combined_timeout180s.csv
dfs_timeout=180s__300steps__03052026,180,1.0,03052026,PO_ROSAME,unclean,2,7,0,0.0,0.0,1.0,benchmark/data/new_experiments/blocks/dfs_timeout=180s__300steps__03052026/evaluation_results/results_blocksworld_combined_timeout180s.csv
dfs_timeout=180s__300steps__03052026,180,1.0,03052026,PISAM,unclean,3,7,0,0.0,1.0,0.0,benchmark/data/new_experiments/blocks/dfs_timeout=180s__300steps__03052026/evaluation_results/results_blocksworld_combined_timeout180s.csv
dfs_timeout=180s__300steps__03052026,180,1.0,03052026,PO_ROSAME,unclean,3,7,0,0.0,0.0,1.0,benchmark/data/new_experiments/blocks/dfs_timeout=180s__300steps__03052026/evaluation_results/results_blocksworld_combined_timeout180s.csv
dfs_timeout=180s__300steps__03052026,180,1.0,03052026,PISAM,unclean,0,7,10,1.0,0.0,0.0,benchmark/data/new_experiments/blocks/dfs_timeout=180s__300steps__03052026/evaluation_results/results_blocksworld_combined_timeout180s.csv
dfs_timeout=180s__300steps__03052026,180,1.0,03052026,PO_ROSAME,unclean,0,7,10,1.0,0.0,0.0,benchmark/data/new_experiments/blocks/dfs_timeout=180s__300steps__03052026/evaluation_results/results_blocksworld_combined_timeout180s.csv
dfs_timeout=180s__300steps__03052026,180,1.0,03052026,PISAM,unclean,2,7,10,1.0,0.0,0.0,benchmark/data/new_experiments/blocks/dfs_timeout=180s__300steps__03052026/evaluation_results/results_blocksworld_combined_timeout180s.csv
dfs_timeout=180s__300steps__03052026,180,1.0,03052026,PO_ROSAME,unclean,2,7,10,0.0,0.0,1.0,benchmark/data/new_experiments/blocks/dfs_timeout=180s__300steps__03052026/evaluation_results/results_blocksworld_combined_timeout180s.csv
dfs_timeout=180s__300steps__03052026,180,1.0,03052026,PISAM,unclean,3,7,10,1.0,0.0,0.0,benchmark/data/new_experiments/blocks/dfs_timeout=180s__300steps__03052026/evaluation_results/results_blocksworld_combined_timeout180s.csv
dfs_timeout=180s__300steps__03052026,180,1.0,03052026,PO_ROSAME,unclean,3,7,10,1.0,0.0,0.0,benchmark/data/new_experiments/blocks/dfs_timeout=180s__300steps__03052026/evaluation_results/results_blocksworld_combined_timeout180s.csv
dfs_timeout=180s__300steps__03052026,180,1.0,03052026,PISAM,unclean,1,7,10,1.0,0.0,0.0,benchmark/data/new_experiments/blocks/dfs_timeout=180s__300steps__03052026/evaluation_results/results_blocksworld_combined_timeout180s.csv
dfs_timeout=180s__300steps__03052026,180,1.0,03052026,PO_ROSAME,unclean,1,7,10,1.0,0.0,0.0,benchmark/data/new_experiments/blocks/dfs_timeout=180s__300steps__03052026/evaluation_results/results_blocksworld_combined_timeout180s.csv
dfs_timeout=180s__300steps__03052026,180,1.0,03052026,PISAM,unclean,4,7,10,1.0,0.0,0.0,benchmark/data/new_experiments/blocks/dfs_timeout=180s__300steps__03052026/evaluation_results/results_blocksworld_combined_timeout180s.csv
dfs_timeout=180s__300steps__03052026,180,1.0,03052026,PO_ROSAME,unclean,4,7,10,1.0,0.0,0.0,benchmark/data/new_experiments/blocks/dfs_timeout=180s__300steps__03052026/evaluation_results/results_blocksworld_combined_timeout180s.csv
dfs_timeout=180s__300steps__03052026,180,1.0,03052026,PISAM,unclean,0,7,25,1.0,0.0,0.0,benchmark/data/new_experiments/blocks/dfs_timeout=180s__300steps__03052026/evaluation_results/results_blocksworld_combined_timeout180s.csv
dfs_timeout=180s__300steps__03052026,180,1.0,03052026,PO_ROSAME,unclean,0,7,25,1.0,0.0,0.0,benchmark/data/new_experiments/blocks/dfs_timeout=180s__300steps__03052026/evaluation_results/results_blocksworld_combined_timeout180s.csv
dfs_timeout=180s__300steps__03052026,180,1.0,03052026,PISAM,unclean,4,7,25,1.0,0.0,0.0,benchmark/data/new_experiments/blocks/dfs_timeout=180s__300steps__03052026/evaluation_results/results_blocksworld_combined_timeout180s.csv
dfs_timeout=180s__300steps__03052026,180,1.0,03052026,PO_ROSAME,unclean,4,7,25,1.0,0.0,0.0,benchmark/data/new_experiments/blocks/dfs_timeout=180s__300steps__03052026/evaluation_results/results_blocksworld_combined_timeout180s.csv
dfs_timeout=180s__300steps__03052026,180,1.0,03052026,PISAM,unclean,3,7,25,1.0,0.0,0.0,benchmark/data/new_experiments/blocks/dfs_timeout=180s__300steps__03052026/evaluation_results/results_blocksworld_combined_timeout180s.csv
dfs_timeout=180s__300steps__03052026,180,1.0,03052026,PO_ROSAME,unclean,3,7,25,1.0,0.0,0.0,benchmark/data/new_experiments/blocks/dfs_timeout=180s__300steps__03052026/evaluation_results/results_blocksworld_combined_timeout180s.csv
dfs_timeout=180s__300steps__03052026,180,1.0,03052026,PISAM,unclean,2,7,25,1.0,0.0,0.0,benchmark/data/new_experiments/blocks/dfs_timeout=180s__300steps__03052026/evaluation_results/results_blocksworld_combined_timeout180s.csv
dfs_timeout=180s__300steps__03052026,180,1.0,03052026,PO_ROSAME,unclean,2,7,25,0.0,0.0,1.0,benchmark/data/new_experiments/blocks/dfs_timeout=180s__300steps__03052026/evaluation_results/results_blocksworld_combined_timeout180s.csv
dfs_timeout=180s__300steps__03052026,180,1.0,03052026,PISAM,unclean,1,7,25,1.0,0.0,0.0,benchmark/data/new_experiments/blocks/dfs_timeout=180s__300steps__03052026/evaluation_results/results_blocksworld_combined_timeout180s.csv
dfs_timeout=180s__300steps__03052026,180,1.0,03052026,PO_ROSAME,unclean,1,7,25,1.0,0.0,0.0,benchmark/data/new_experiments/blocks/dfs_timeout=180s__300steps__03052026/evaluation_results/results_blocksworld_combined_timeout180s.csv
dfs_timeout=180s__300steps__03052026,180,1.0,03052026,PISAM,unclean,0,7,50,1.0,0.0,0.0,benchmark/data/new_experiments/blocks/dfs_timeout=180s__300steps__03052026/evaluation_results/results_blocksworld_combined_timeout180s.csv
dfs_timeout=180s__300steps__03052026,180,1.0,03052026,PO_ROSAME,unclean,0,7,50,1.0,0.0,0.0,benchmark/data/new_experiments/blocks/dfs_timeout=180s__300steps__03052026/evaluation_results/results_blocksworld_combined_timeout180s.csv
dfs_timeout=180s__300steps__03052026,180,1.0,03052026,PISAM,unclean,4,7,50,1.0,0.0,0.0,benchmark/data/new_experiments/blocks/dfs_timeout=180s__300steps__03052026/evaluation_results/results_blocksworld_combined_timeout180s.csv
dfs_timeout=180s__300steps__03052026,180,1.0,03052026,PO_ROSAME,unclean,4,7,50,1.0,0.0,0.0,benchmark/data/new_experiments/blocks/dfs_timeout=180s__300steps__03052026/evaluation_results/results_blocksworld_combined_timeout180s.csv
dfs_timeout=180s__300steps__03052026,180,1.0,03052026,PISAM,unclean,2,7,50,1.0,0.0,0.0,benchmark/data/new_experiments/blocks/dfs_timeout=180s__300steps__03052026/evaluation_results/results_blocksworld_combined_timeout180s.csv
dfs_timeout=180s__300steps__03052026,180,1.0,03052026,PO_ROSAME,unclean,2,7,50,0.0,0.0,1.0,benchmark/data/new_experiments/blocks/dfs_timeout=180s__300steps__03052026/evaluation_results/results_blocksworld_combined_timeout180s.csv
dfs_timeout=180s__300steps__03052026,180,1.0,03052026,PISAM,unclean,3,7,50,1.0,0.0,0.0,benchmark/data/new_experiments/blocks/dfs_timeout=180s__300steps__03052026/evaluation_results/results_blocksworld_combined_timeout180s.csv
dfs_timeout=180s__300steps__03052026,180,1.0,03052026,PO_ROSAME,unclean,3,7,50,1.0,0.0,0.0,benchmark/data/new_experiments/blocks/dfs_timeout=180s__300steps__03052026/evaluation_results/results_blocksworld_combined_timeout180s.csv
dfs_timeout=180s__300steps__03052026,180,1.0,03052026,PISAM,unclean,1,7,50,1.0,0.0,0.0,benchmark/data/new_experiments/blocks/dfs_timeout=180s__300steps__03052026/evaluation_results/results_blocksworld_combined_timeout180s.csv
dfs_timeout=180s__300steps__03052026,180,1.0,03052026,PO_ROSAME,unclean,1,7,50,1.0,0.0,0.0,benchmark/data/new_experiments/blocks/dfs_timeout=180s__300steps__03052026/evaluation_results/results_blocksworld_combined_timeout180s.csv
dfs_timeout=180s__300steps__03052026,180,1.0,03052026,PISAM,unclean,0,7,75,1.0,0.0,0.0,benchmark/data/new_experiments/blocks/dfs_timeout=180s__300steps__03052026/evaluation_results/results_blocksworld_combined_timeout180s.csv
dfs_timeout=180s__300steps__03052026,180,1.0,03052026,PO_ROSAME,unclean,0,7,75,1.0,0.0,0.0,benchmark/data/new_experiments/blocks/dfs_timeout=180s__300steps__03052026/evaluation_results/results_blocksworld_combined_timeout180s.csv
dfs_timeout=180s__300steps__03052026,180,1.0,03052026,PISAM,unclean,2,7,75,1.0,0.0,0.0,benchmark/data/new_experiments/blocks/dfs_timeout=180s__300steps__03052026/evaluation_results/results_blocksworld_combined_timeout180s.csv
dfs_timeout=180s__300steps__03052026,180,1.0,03052026,PO_ROSAME,unclean,2,7,75,0.0,0.0,1.0,benchmark/data/new_experiments/blocks/dfs_timeout=180s__300steps__03052026/evaluation_results/results_blocksworld_combined_timeout180s.csv
dfs_timeout=180s__300steps__03052026,180,1.0,03052026,PISAM,unclean,4,7,75,1.0,0.0,0.0,benchmark/data/new_experiments/blocks/dfs_timeout=180s__300steps__03052026/evaluation_results/results_blocksworld_combined_timeout180s.csv
dfs_timeout=180s__300steps__03052026,180,1.0,03052026,PO_ROSAME,unclean,4,7,75,1.0,0.0,0.0,benchmark/data/new_experiments/blocks/dfs_timeout=180s__300steps__03052026/evaluation_results/results_blocksworld_combined_timeout180s.csv
dfs_timeout=180s__300steps__03052026,180,1.0,03052026,PISAM,unclean,3,7,75,1.0,0.0,0.0,benchmark/data/new_experiments/blocks/dfs_timeout=180s__300steps__03052026/evaluation_results/results_blocksworld_combined_timeout180s.csv
dfs_timeout=180s__300steps__03052026,180,1.0,03052026,PO_ROSAME,unclean,3,7,75,1.0,0.0,0.0,benchmark/data/new_experiments/blocks/dfs_timeout=180s__300steps__03052026/evaluation_results/results_blocksworld_combined_timeout180s.csv
dfs_timeout=180s__300steps__03052026,180,1.0,03052026,PISAM,unclean,1,7,75,1.0,0.0,0.0,benchmark/data/new_experiments/blocks/dfs_timeout=180s__300steps__03052026/evaluation_results/results_blocksworld_combined_timeout180s.csv
dfs_timeout=180s__300steps__03052026,180,1.0,03052026,PO_ROSAME,unclean,1,7,75,1.0,0.0,0.0,benchmark/data/new_experiments/blocks/dfs_timeout=180s__300steps__03052026/evaluation_results/results_blocksworld_combined_timeout180s.csv
dfs_timeout=180s__300steps__03052026,180,1.0,03052026,PISAM,unclean,3,7,100,1.0,0.0,0.0,benchmark/data/new_experiments/blocks/dfs_timeout=180s__300steps__03052026/evaluation_results/results_blocksworld_combined_timeout180s.csv
dfs_timeout=180s__300steps__03052026,180,1.0,03052026,PO_ROSAME,unclean,3,7,100,1.0,0.0,0.0,benchmark/data/new_experiments/blocks/dfs_timeout=180s__300steps__03052026/evaluation_results/results_blocksworld_combined_timeout180s.csv
dfs_timeout=180s__300steps__03052026,180,1.0,03052026,PISAM,unclean,0,7,100,1.0,0.0,0.0,benchmark/data/new_experiments/blocks/dfs_timeout=180s__300steps__03052026/evaluation_results/results_blocksworld_combined_timeout180s.csv
dfs_timeout=180s__300steps__03052026,180,1.0,03052026,PO_ROSAME,unclean,0,7,100,1.0,0.0,0.0,benchmark/data/new_experiments/blocks/dfs_timeout=180s__300steps__03052026/evaluation_results/results_blocksworld_combined_timeout180s.csv
dfs_timeout=180s__300steps__03052026,180,1.0,03052026,PISAM,unclean,1,7,100,1.0,0.0,0.0,benchmark/data/new_experiments/blocks/dfs_timeout=180s__300steps__03052026/evaluation_results/results_blocksworld_combined_timeout180s.csv
dfs_timeout=180s__300steps__03052026,180,1.0,03052026,PO_ROSAME,unclean,1,7,100,1.0,0.0,0.0,benchmark/data/new_experiments/blocks/dfs_timeout=180s__300steps__03052026/evaluation_results/results_blocksworld_combined_timeout180s.csv
dfs_timeout=180s__300steps__03052026,180,1.0,03052026,PISAM,unclean,2,7,100,1.0,0.0,0.0,benchmark/data/new_experiments/blocks/dfs_timeout=180s__300steps__03052026/evaluation_results/results_blocksworld_combined_timeout180s.csv
dfs_timeout=180s__300steps__03052026,180,1.0,03052026,PO_ROSAME,unclean,2,7,100,0.0,0.0,1.0,benchmark/data/new_experiments/blocks/dfs_timeout=180s__300steps__03052026/evaluation_results/results_blocksworld_combined_timeout180s.csv
dfs_timeout=180s__300steps__03052026,180,1.0,03052026,PISAM,unclean,4,7,100,1.0,0.0,0.0,benchmark/data/new_experiments/blocks/dfs_timeout=180s__300steps__03052026/evaluation_results/results_blocksworld_combined_timeout180s.csv
dfs_timeout=180s__300steps__03052026,180,1.0,03052026,PO_ROSAME,unclean,4,7,100,1.0,0.0,0.0,benchmark/data/new_experiments/blocks/dfs_timeout=180s__300steps__03052026/evaluation_results/results_blocksworld_combined_timeout180s.csv
dfs_timeout=180s__300steps__03052026,180,1.0,03052026,PISAM,unclean,1,8,0,0.0,1.0,0.0,benchmark/data/new_experiments/blocks/dfs_timeout=180s__300steps__03052026/evaluation_results/results_blocksworld_combined_timeout180s.csv
dfs_timeout=180s__300steps__03052026,180,1.0,03052026,PO_ROSAME,unclean,1,8,0,0.0,0.0,1.0,benchmark/data/new_experiments/blocks/dfs_timeout=180s__300steps__03052026/evaluation_results/results_blocksworld_combined_timeout180s.csv
dfs_timeout=180s__300steps__03052026,180,1.0,03052026,PISAM,unclean,0,8,0,0.0,1.0,0.0,benchmark/data/new_experiments/blocks/dfs_timeout=180s__300steps__03052026/evaluation_results/results_blocksworld_combined_timeout180s.csv
dfs_timeout=180s__300steps__03052026,180,1.0,03052026,PO_ROSAME,unclean,0,8,0,1.0,0.0,0.0,benchmark/data/new_experiments/blocks/dfs_timeout=180s__300steps__03052026/evaluation_results/results_blocksworld_combined_timeout180s.csv
dfs_timeout=180s__300steps__03052026,180,1.0,03052026,PISAM,unclean,2,8,0,0.0,1.0,0.0,benchmark/data/new_experiments/blocks/dfs_timeout=180s__300steps__03052026/evaluation_results/results_blocksworld_combined_timeout180s.csv
dfs_timeout=180s__300steps__03052026,180,1.0,03052026,PO_ROSAME,unclean,2,8,0,0.0,0.0,1.0,benchmark/data/new_experiments/blocks/dfs_timeout=180s__300steps__03052026/evaluation_results/results_blocksworld_combined_timeout180s.csv
dfs_timeout=180s__300steps__03052026,180,1.0,03052026,PISAM,unclean,4,8,0,0.0,1.0,0.0,benchmark/data/new_experiments/blocks/dfs_timeout=180s__300steps__03052026/evaluation_results/results_blocksworld_combined_timeout180s.csv
dfs_timeout=180s__300steps__03052026,180,1.0,03052026,PO_ROSAME,unclean,4,8,0,0.0,0.0,0.0,benchmark/data/new_experiments/blocks/dfs_timeout=180s__300steps__03052026/evaluation_results/results_blocksworld_combined_timeout180s.csv
dfs_timeout=180s__300steps__03052026,180,1.0,03052026,PISAM,unclean,3,8,0,0.0,1.0,0.0,benchmark/data/new_experiments/blocks/dfs_timeout=180s__300steps__03052026/evaluation_results/results_blocksworld_combined_timeout180s.csv
dfs_timeout=180s__300steps__03052026,180,1.0,03052026,PO_ROSAME,unclean,3,8,0,0.0,0.0,0.0,benchmark/data/new_experiments/blocks/dfs_timeout=180s__300steps__03052026/evaluation_results/results_blocksworld_combined_timeout180s.csv
dfs_timeout=180s__300steps__03052026,180,1.0,03052026,PISAM,unclean,2,8,10,1.0,0.0,0.0,benchmark/data/new_experiments/blocks/dfs_timeout=180s__300steps__03052026/evaluation_results/results_blocksworld_combined_timeout180s.csv
dfs_timeout=180s__300steps__03052026,180,1.0,03052026,PO_ROSAME,unclean,2,8,10,0.0,0.0,0.0,benchmark/data/new_experiments/blocks/dfs_timeout=180s__300steps__03052026/evaluation_results/results_blocksworld_combined_timeout180s.csv
dfs_timeout=180s__300steps__03052026,180,1.0,03052026,PISAM,unclean,3,8,10,1.0,0.0,0.0,benchmark/data/new_experiments/blocks/dfs_timeout=180s__300steps__03052026/evaluation_results/results_blocksworld_combined_timeout180s.csv
dfs_timeout=180s__300steps__03052026,180,1.0,03052026,PO_ROSAME,unclean,3,8,10,0.0,0.0,0.0,benchmark/data/new_experiments/blocks/dfs_timeout=180s__300steps__03052026/evaluation_results/results_blocksworld_combined_timeout180s.csv
dfs_timeout=180s__300steps__03052026,180,1.0,03052026,PISAM,unclean,0,8,10,1.0,0.0,0.0,benchmark/data/new_experiments/blocks/dfs_timeout=180s__300steps__03052026/evaluation_results/results_blocksworld_combined_timeout180s.csv
dfs_timeout=180s__300steps__03052026,180,1.0,03052026,PO_ROSAME,unclean,0,8,10,1.0,0.0,0.0,benchmark/data/new_experiments/blocks/dfs_timeout=180s__300steps__03052026/evaluation_results/results_blocksworld_combined_timeout180s.csv
dfs_timeout=180s__300steps__03052026,180,1.0,03052026,PISAM,unclean,1,8,10,1.0,0.0,0.0,benchmark/data/new_experiments/blocks/dfs_timeout=180s__300steps__03052026/evaluation_results/results_blocksworld_combined_timeout180s.csv
dfs_timeout=180s__300steps__03052026,180,1.0,03052026,PO_ROSAME,unclean,1,8,10,,,,benchmark/data/new_experiments/blocks/dfs_timeout=180s__300steps__03052026/evaluation_results/results_blocksworld_combined_timeout180s.csv
dfs_timeout=180s__300steps__03052026,180,1.0,03052026,PISAM,unclean,4,8,10,1.0,0.0,0.0,benchmark/data/new_experiments/blocks/dfs_timeout=180s__300steps__03052026/evaluation_results/results_blocksworld_combined_timeout180s.csv
dfs_timeout=180s__300steps__03052026,180,1.0,03052026,PO_ROSAME,unclean,4,8,10,0.0,0.0,0.0,benchmark/data/new_experiments/blocks/dfs_timeout=180s__300steps__03052026/evaluation_results/results_blocksworld_combined_timeout180s.csv
dfs_timeout=180s__300steps__03052026,180,1.0,03052026,PISAM,unclean,0,8,25,1.0,0.0,0.0,benchmark/data/new_experiments/blocks/dfs_timeout=180s__300steps__03052026/evaluation_results/results_blocksworld_combined_timeout180s.csv
dfs_timeout=180s__300steps__03052026,180,1.0,03052026,PO_ROSAME,unclean,0,8,25,1.0,0.0,0.0,benchmark/data/new_experiments/blocks/dfs_timeout=180s__300steps__03052026/evaluation_results/results_blocksworld_combined_timeout180s.csv
dfs_timeout=180s__300steps__03052026,180,1.0,03052026,PISAM,unclean,1,8,25,1.0,0.0,0.0,benchmark/data/new_experiments/blocks/dfs_timeout=180s__300steps__03052026/evaluation_results/results_blocksworld_combined_timeout180s.csv
dfs_timeout=180s__300steps__03052026,180,1.0,03052026,PO_ROSAME,unclean,1,8,25,1.0,0.0,0.0,benchmark/data/new_experiments/blocks/dfs_timeout=180s__300steps__03052026/evaluation_results/results_blocksworld_combined_timeout180s.csv
dfs_timeout=180s__300steps__03052026,180,1.0,03052026,PISAM,unclean,2,8,25,1.0,0.0,0.0,benchmark/data/new_experiments/blocks/dfs_timeout=180s__300steps__03052026/evaluation_results/results_blocksworld_combined_timeout180s.csv
dfs_timeout=180s__300steps__03052026,180,1.0,03052026,PO_ROSAME,unclean,2,8,25,0.0,1.0,0.0,benchmark/data/new_experiments/blocks/dfs_timeout=180s__300steps__03052026/evaluation_results/results_blocksworld_combined_timeout180s.csv
dfs_timeout=180s__300steps__03052026,180,1.0,03052026,PISAM,unclean,4,8,25,1.0,0.0,0.0,benchmark/data/new_experiments/blocks/dfs_timeout=180s__300steps__03052026/evaluation_results/results_blocksworld_combined_timeout180s.csv
dfs_timeout=180s__300steps__03052026,180,1.0,03052026,PO_ROSAME,unclean,4,8,25,0.0,0.0,0.0,benchmark/data/new_experiments/blocks/dfs_timeout=180s__300steps__03052026/evaluation_results/results_blocksworld_combined_timeout180s.csv
dfs_timeout=180s__300steps__03052026,180,1.0,03052026,PISAM,unclean,3,8,25,1.0,0.0,0.0,benchmark/data/new_experiments/blocks/dfs_timeout=180s__300steps__03052026/evaluation_results/results_blocksworld_combined_timeout180s.csv
dfs_timeout=180s__300steps__03052026,180,1.0,03052026,PO_ROSAME,unclean,3,8,25,0.0,1.0,0.0,benchmark/data/new_experiments/blocks/dfs_timeout=180s__300steps__03052026/evaluation_results/results_blocksworld_combined_timeout180s.csv
dfs_timeout=180s__300steps__03052026,180,1.0,03052026,PISAM,unclean,4,8,50,1.0,0.0,0.0,benchmark/data/new_experiments/blocks/dfs_timeout=180s__300steps__03052026/evaluation_results/results_blocksworld_combined_timeout180s.csv
dfs_timeout=180s__300steps__03052026,180,1.0,03052026,PO_ROSAME,unclean,4,8,50,0.0,0.0,0.0,benchmark/data/new_experiments/blocks/dfs_timeout=180s__300steps__03052026/evaluation_results/results_blocksworld_combined_timeout180s.csv
dfs_timeout=180s__300steps__03052026,180,1.0,03052026,PISAM,unclean,2,8,50,1.0,0.0,0.0,benchmark/data/new_experiments/blocks/dfs_timeout=180s__300steps__03052026/evaluation_results/results_blocksworld_combined_timeout180s.csv
dfs_timeout=180s__300steps__03052026,180,1.0,03052026,PO_ROSAME,unclean,2,8,50,0.0,0.0,0.0,benchmark/data/new_experiments/blocks/dfs_timeout=180s__300steps__03052026/evaluation_results/results_blocksworld_combined_timeout180s.csv
dfs_timeout=180s__300steps__03052026,180,1.0,03052026,PISAM,unclean,1,8,50,1.0,0.0,0.0,benchmark/data/new_experiments/blocks/dfs_timeout=180s__300steps__03052026/evaluation_results/results_blocksworld_combined_timeout180s.csv
dfs_timeout=180s__300steps__03052026,180,1.0,03052026,PO_ROSAME,unclean,1,8,50,1.0,0.0,0.0,benchmark/data/new_experiments/blocks/dfs_timeout=180s__300steps__03052026/evaluation_results/results_blocksworld_combined_timeout180s.csv
dfs_timeout=180s__300steps__03052026,180,1.0,03052026,PISAM,unclean,0,8,50,1.0,0.0,0.0,benchmark/data/new_experiments/blocks/dfs_timeout=180s__300steps__03052026/evaluation_results/results_blocksworld_combined_timeout180s.csv
dfs_timeout=180s__300steps__03052026,180,1.0,03052026,PO_ROSAME,unclean,0,8,50,1.0,0.0,0.0,benchmark/data/new_experiments/blocks/dfs_timeout=180s__300steps__03052026/evaluation_results/results_blocksworld_combined_timeout180s.csv
dfs_timeout=180s__300steps__03052026,180,1.0,03052026,PISAM,unclean,3,8,50,1.0,0.0,0.0,benchmark/data/new_experiments/blocks/dfs_timeout=180s__300steps__03052026/evaluation_results/results_blocksworld_combined_timeout180s.csv
dfs_timeout=180s__300steps__03052026,180,1.0,03052026,PO_ROSAME,unclean,3,8,50,0.0,1.0,0.0,benchmark/data/new_experiments/blocks/dfs_timeout=180s__300steps__03052026/evaluation_results/results_blocksworld_combined_timeout180s.csv
dfs_timeout=180s__300steps__03052026,180,1.0,03052026,PISAM,unclean,3,8,75,1.0,0.0,0.0,benchmark/data/new_experiments/blocks/dfs_timeout=180s__300steps__03052026/evaluation_results/results_blocksworld_combined_timeout180s.csv
dfs_timeout=180s__300steps__03052026,180,1.0,03052026,PO_ROSAME,unclean,3,8,75,0.0,0.0,0.0,benchmark/data/new_experiments/blocks/dfs_timeout=180s__300steps__03052026/evaluation_results/results_blocksworld_combined_timeout180s.csv
dfs_timeout=180s__300steps__03052026,180,1.0,03052026,PISAM,unclean,0,8,75,1.0,0.0,0.0,benchmark/data/new_experiments/blocks/dfs_timeout=180s__300steps__03052026/evaluation_results/results_blocksworld_combined_timeout180s.csv
dfs_timeout=180s__300steps__03052026,180,1.0,03052026,PO_ROSAME,unclean,0,8,75,1.0,0.0,0.0,benchmark/data/new_experiments/blocks/dfs_timeout=180s__300steps__03052026/evaluation_results/results_blocksworld_combined_timeout180s.csv
dfs_timeout=180s__300steps__03052026,180,1.0,03052026,PISAM,unclean,2,8,75,1.0,0.0,0.0,benchmark/data/new_experiments/blocks/dfs_timeout=180s__300steps__03052026/evaluation_results/results_blocksworld_combined_timeout180s.csv
dfs_timeout=180s__300steps__03052026,180,1.0,03052026,PO_ROSAME,unclean,2,8,75,0.0,0.0,0.0,benchmark/data/new_experiments/blocks/dfs_timeout=180s__300steps__03052026/evaluation_results/results_blocksworld_combined_timeout180s.csv
dfs_timeout=180s__300steps__03052026,180,1.0,03052026,PISAM,unclean,1,8,75,1.0,0.0,0.0,benchmark/data/new_experiments/blocks/dfs_timeout=180s__300steps__03052026/evaluation_results/results_blocksworld_combined_timeout180s.csv
dfs_timeout=180s__300steps__03052026,180,1.0,03052026,PO_ROSAME,unclean,1,8,75,1.0,0.0,0.0,benchmark/data/new_experiments/blocks/dfs_timeout=180s__300steps__03052026/evaluation_results/results_blocksworld_combined_timeout180s.csv
dfs_timeout=180s__300steps__03052026,180,1.0,03052026,PISAM,unclean,4,8,75,1.0,0.0,0.0,benchmark/data/new_experiments/blocks/dfs_timeout=180s__300steps__03052026/evaluation_results/results_blocksworld_combined_timeout180s.csv
dfs_timeout=180s__300steps__03052026,180,1.0,03052026,PO_ROSAME,unclean,4,8,75,0.0,1.0,0.0,benchmark/data/new_experiments/blocks/dfs_timeout=180s__300steps__03052026/evaluation_results/results_blocksworld_combined_timeout180s.csv
dfs_timeout=180s__300steps__03052026,180,1.0,03052026,PISAM,unclean,0,8,100,1.0,0.0,0.0,benchmark/data/new_experiments/blocks/dfs_timeout=180s__300steps__03052026/evaluation_results/results_blocksworld_combined_timeout180s.csv
dfs_timeout=180s__300steps__03052026,180,1.0,03052026,PO_ROSAME,unclean,0,8,100,1.0,0.0,0.0,benchmark/data/new_experiments/blocks/dfs_timeout=180s__300steps__03052026/evaluation_results/results_blocksworld_combined_timeout180s.csv
dfs_timeout=180s__300steps__03052026,180,1.0,03052026,PISAM,unclean,3,8,100,1.0,0.0,0.0,benchmark/data/new_experiments/blocks/dfs_timeout=180s__300steps__03052026/evaluation_results/results_blocksworld_combined_timeout180s.csv
dfs_timeout=180s__300steps__03052026,180,1.0,03052026,PO_ROSAME,unclean,3,8,100,0.0,1.0,0.0,benchmark/data/new_experiments/blocks/dfs_timeout=180s__300steps__03052026/evaluation_results/results_blocksworld_combined_timeout180s.csv
dfs_timeout=180s__300steps__03052026,180,1.0,03052026,PISAM,unclean,1,8,100,1.0,0.0,0.0,benchmark/data/new_experiments/blocks/dfs_timeout=180s__300steps__03052026/evaluation_results/results_blocksworld_combined_timeout180s.csv
dfs_timeout=180s__300steps__03052026,180,1.0,03052026,PO_ROSAME,unclean,1,8,100,1.0,0.0,0.0,benchmark/data/new_experiments/blocks/dfs_timeout=180s__300steps__03052026/evaluation_results/results_blocksworld_combined_timeout180s.csv
dfs_timeout=180s__300steps__03052026,180,1.0,03052026,PISAM,unclean,2,8,100,1.0,0.0,0.0,benchmark/data/new_experiments/blocks/dfs_timeout=180s__300steps__03052026/evaluation_results/results_blocksworld_combined_timeout180s.csv
dfs_timeout=180s__300steps__03052026,180,1.0,03052026,PO_ROSAME,unclean,2,8,100,0.0,0.0,0.0,benchmark/data/new_experiments/blocks/dfs_timeout=180s__300steps__03052026/evaluation_results/results_blocksworld_combined_timeout180s.csv
dfs_timeout=180s__300steps__03052026,180,1.0,03052026,PISAM,unclean,4,8,100,1.0,0.0,0.0,benchmark/data/new_experiments/blocks/dfs_timeout=180s__300steps__03052026/evaluation_results/results_blocksworld_combined_timeout180s.csv
dfs_timeout=180s__300steps__03052026,180,1.0,03052026,PO_ROSAME,unclean,4,8,100,0.0,0.0,0.0,benchmark/data/new_experiments/blocks/dfs_timeout=180s__300steps__03052026/evaluation_results/results_blocksworld_combined_timeout180s.csv
dfs_timeout=180s__300steps__03052026,180,1.0,03052026,PISAM,cleaned,0,1,0,1.0,0.0,0.0,benchmark/data/new_experiments/blocks/dfs_timeout=180s__300steps__03052026/evaluation_results/results_blocksworld_combined_timeout180s.csv
dfs_timeout=180s__300steps__03052026,180,1.0,03052026,PO_ROSAME,cleaned,0,1,0,1.0,0.0,0.0,benchmark/data/new_experiments/blocks/dfs_timeout=180s__300steps__03052026/evaluation_results/results_blocksworld_combined_timeout180s.csv
dfs_timeout=180s__300steps__03052026,180,1.0,03052026,PISAM,cleaned,2,1,0,0.0,0.0,1.0,benchmark/data/new_experiments/blocks/dfs_timeout=180s__300steps__03052026/evaluation_results/results_blocksworld_combined_timeout180s.csv
dfs_timeout=180s__300steps__03052026,180,1.0,03052026,PO_ROSAME,cleaned,2,1,0,0.0,0.0,1.0,benchmark/data/new_experiments/blocks/dfs_timeout=180s__300steps__03052026/evaluation_results/results_blocksworld_combined_timeout180s.csv
dfs_timeout=180s__300steps__03052026,180,1.0,03052026,PISAM,cleaned,4,1,0,0.0,0.0,1.0,benchmark/data/new_experiments/blocks/dfs_timeout=180s__300steps__03052026/evaluation_results/results_blocksworld_combined_timeout180s.csv
dfs_timeout=180s__300steps__03052026,180,1.0,03052026,PO_ROSAME,cleaned,4,1,0,0.0,0.0,1.0,benchmark/data/new_experiments/blocks/dfs_timeout=180s__300steps__03052026/evaluation_results/results_blocksworld_combined_timeout180s.csv
dfs_timeout=180s__300steps__03052026,180,1.0,03052026,PISAM,cleaned,3,1,0,0.0,0.0,1.0,benchmark/data/new_experiments/blocks/dfs_timeout=180s__300steps__03052026/evaluation_results/results_blocksworld_combined_timeout180s.csv
dfs_timeout=180s__300steps__03052026,180,1.0,03052026,PO_ROSAME,cleaned,3,1,0,0.0,0.0,1.0,benchmark/data/new_experiments/blocks/dfs_timeout=180s__300steps__03052026/evaluation_results/results_blocksworld_combined_timeout180s.csv
dfs_timeout=180s__300steps__03052026,180,1.0,03052026,PISAM,cleaned,1,1,0,0.0,1.0,0.0,benchmark/data/new_experiments/blocks/dfs_timeout=180s__300steps__03052026/evaluation_results/results_blocksworld_combined_timeout180s.csv
dfs_timeout=180s__300steps__03052026,180,1.0,03052026,PO_ROSAME,cleaned,1,1,0,0.0,0.5,0.5,benchmark/data/new_experiments/blocks/dfs_timeout=180s__300steps__03052026/evaluation_results/results_blocksworld_combined_timeout180s.csv
dfs_timeout=180s__300steps__03052026,180,1.0,03052026,PISAM,cleaned,0,1,10,1.0,0.0,0.0,benchmark/data/new_experiments/blocks/dfs_timeout=180s__300steps__03052026/evaluation_results/results_blocksworld_combined_timeout180s.csv
dfs_timeout=180s__300steps__03052026,180,1.0,03052026,PO_ROSAME,cleaned,0,1,10,1.0,0.0,0.0,benchmark/data/new_experiments/blocks/dfs_timeout=180s__300steps__03052026/evaluation_results/results_blocksworld_combined_timeout180s.csv
dfs_timeout=180s__300steps__03052026,180,1.0,03052026,PISAM,cleaned,4,1,10,1.0,0.0,0.0,benchmark/data/new_experiments/blocks/dfs_timeout=180s__300steps__03052026/evaluation_results/results_blocksworld_combined_timeout180s.csv
dfs_timeout=180s__300steps__03052026,180,1.0,03052026,PO_ROSAME,cleaned,4,1,10,1.0,0.0,0.0,benchmark/data/new_experiments/blocks/dfs_timeout=180s__300steps__03052026/evaluation_results/results_blocksworld_combined_timeout180s.csv
dfs_timeout=180s__300steps__03052026,180,1.0,03052026,PISAM,cleaned,3,1,10,1.0,0.0,0.0,benchmark/data/new_experiments/blocks/dfs_timeout=180s__300steps__03052026/evaluation_results/results_blocksworld_combined_timeout180s.csv
dfs_timeout=180s__300steps__03052026,180,1.0,03052026,PO_ROSAME,cleaned,3,1,10,1.0,0.0,0.0,benchmark/data/new_experiments/blocks/dfs_timeout=180s__300steps__03052026/evaluation_results/results_blocksworld_combined_timeout180s.csv
dfs_timeout=180s__300steps__03052026,180,1.0,03052026,PISAM,cleaned,2,1,10,1.0,0.0,0.0,benchmark/data/new_experiments/blocks/dfs_timeout=180s__300steps__03052026/evaluation_results/results_blocksworld_combined_timeout180s.csv
dfs_timeout=180s__300steps__03052026,180,1.0,03052026,PO_ROSAME,cleaned,2,1,10,1.0,0.0,0.0,benchmark/data/new_experiments/blocks/dfs_timeout=180s__300steps__03052026/evaluation_results/results_blocksworld_combined_timeout180s.csv
dfs_timeout=180s__300steps__03052026,180,1.0,03052026,PISAM,cleaned,1,1,10,1.0,0.0,0.0,benchmark/data/new_experiments/blocks/dfs_timeout=180s__300steps__03052026/evaluation_results/results_blocksworld_combined_timeout180s.csv
dfs_timeout=180s__300steps__03052026,180,1.0,03052026,PO_ROSAME,cleaned,1,1,10,1.0,0.0,0.0,benchmark/data/new_experiments/blocks/dfs_timeout=180s__300steps__03052026/evaluation_results/results_blocksworld_combined_timeout180s.csv
dfs_timeout=180s__300steps__03052026,180,1.0,03052026,PISAM,cleaned,0,1,25,1.0,0.0,0.0,benchmark/data/new_experiments/blocks/dfs_timeout=180s__300steps__03052026/evaluation_results/results_blocksworld_combined_timeout180s.csv
dfs_timeout=180s__300steps__03052026,180,1.0,03052026,PO_ROSAME,cleaned,0,1,25,1.0,0.0,0.0,benchmark/data/new_experiments/blocks/dfs_timeout=180s__300steps__03052026/evaluation_results/results_blocksworld_combined_timeout180s.csv
dfs_timeout=180s__300steps__03052026,180,1.0,03052026,PISAM,cleaned,4,1,25,1.0,0.0,0.0,benchmark/data/new_experiments/blocks/dfs_timeout=180s__300steps__03052026/evaluation_results/results_blocksworld_combined_timeout180s.csv
dfs_timeout=180s__300steps__03052026,180,1.0,03052026,PO_ROSAME,cleaned,4,1,25,1.0,0.0,0.0,benchmark/data/new_experiments/blocks/dfs_timeout=180s__300steps__03052026/evaluation_results/results_blocksworld_combined_timeout180s.csv
dfs_timeout=180s__300steps__03052026,180,1.0,03052026,PISAM,cleaned,2,1,25,1.0,0.0,0.0,benchmark/data/new_experiments/blocks/dfs_timeout=180s__300steps__03052026/evaluation_results/results_blocksworld_combined_timeout180s.csv
dfs_timeout=180s__300steps__03052026,180,1.0,03052026,PO_ROSAME,cleaned,2,1,25,1.0,0.0,0.0,benchmark/data/new_experiments/blocks/dfs_timeout=180s__300steps__03052026/evaluation_results/results_blocksworld_combined_timeout180s.csv
dfs_timeout=180s__300steps__03052026,180,1.0,03052026,PISAM,cleaned,1,1,25,1.0,0.0,0.0,benchmark/data/new_experiments/blocks/dfs_timeout=180s__300steps__03052026/evaluation_results/results_blocksworld_combined_timeout180s.csv
dfs_timeout=180s__300steps__03052026,180,1.0,03052026,PO_ROSAME,cleaned,1,1,25,1.0,0.0,0.0,benchmark/data/new_experiments/blocks/dfs_timeout=180s__300steps__03052026/evaluation_results/results_blocksworld_combined_timeout180s.csv
dfs_timeout=180s__300steps__03052026,180,1.0,03052026,PISAM,cleaned,3,1,25,1.0,0.0,0.0,benchmark/data/new_experiments/blocks/dfs_timeout=180s__300steps__03052026/evaluation_results/results_blocksworld_combined_timeout180s.csv
dfs_timeout=180s__300steps__03052026,180,1.0,03052026,PO_ROSAME,cleaned,3,1,25,1.0,0.0,0.0,benchmark/data/new_experiments/blocks/dfs_timeout=180s__300steps__03052026/evaluation_results/results_blocksworld_combined_timeout180s.csv
dfs_timeout=180s__300steps__03052026,180,1.0,03052026,PISAM,cleaned,4,1,50,1.0,0.0,0.0,benchmark/data/new_experiments/blocks/dfs_timeout=180s__300steps__03052026/evaluation_results/results_blocksworld_combined_timeout180s.csv
dfs_timeout=180s__300steps__03052026,180,1.0,03052026,PO_ROSAME,cleaned,4,1,50,1.0,0.0,0.0,benchmark/data/new_experiments/blocks/dfs_timeout=180s__300steps__03052026/evaluation_results/results_blocksworld_combined_timeout180s.csv
dfs_timeout=180s__300steps__03052026,180,1.0,03052026,PISAM,cleaned,3,1,50,1.0,0.0,0.0,benchmark/data/new_experiments/blocks/dfs_timeout=180s__300steps__03052026/evaluation_results/results_blocksworld_combined_timeout180s.csv
dfs_timeout=180s__300steps__03052026,180,1.0,03052026,PO_ROSAME,cleaned,3,1,50,1.0,0.0,0.0,benchmark/data/new_experiments/blocks/dfs_timeout=180s__300steps__03052026/evaluation_results/results_blocksworld_combined_timeout180s.csv
dfs_timeout=180s__300steps__03052026,180,1.0,03052026,PISAM,cleaned,0,1,50,1.0,0.0,0.0,benchmark/data/new_experiments/blocks/dfs_timeout=180s__300steps__03052026/evaluation_results/results_blocksworld_combined_timeout180s.csv
dfs_timeout=180s__300steps__03052026,180,1.0,03052026,PO_ROSAME,cleaned,0,1,50,1.0,0.0,0.0,benchmark/data/new_experiments/blocks/dfs_timeout=180s__300steps__03052026/evaluation_results/results_blocksworld_combined_timeout180s.csv
dfs_timeout=180s__300steps__03052026,180,1.0,03052026,PISAM,cleaned,2,1,50,1.0,0.0,0.0,benchmark/data/new_experiments/blocks/dfs_timeout=180s__300steps__03052026/evaluation_results/results_blocksworld_combined_timeout180s.csv
dfs_timeout=180s__300steps__03052026,180,1.0,03052026,PO_ROSAME,cleaned,2,1,50,1.0,0.0,0.0,benchmark/data/new_experiments/blocks/dfs_timeout=180s__300steps__03052026/evaluation_results/results_blocksworld_combined_timeout180s.csv
dfs_timeout=180s__300steps__03052026,180,1.0,03052026,PISAM,cleaned,1,1,50,1.0,0.0,0.0,benchmark/data/new_experiments/blocks/dfs_timeout=180s__300steps__03052026/evaluation_results/results_blocksworld_combined_timeout180s.csv
dfs_timeout=180s__300steps__03052026,180,1.0,03052026,PO_ROSAME,cleaned,1,1,50,1.0,0.0,0.0,benchmark/data/new_experiments/blocks/dfs_timeout=180s__300steps__03052026/evaluation_results/results_blocksworld_combined_timeout180s.csv
dfs_timeout=180s__300steps__03052026,180,1.0,03052026,PISAM,cleaned,4,1,75,1.0,0.0,0.0,benchmark/data/new_experiments/blocks/dfs_timeout=180s__300steps__03052026/evaluation_results/results_blocksworld_combined_timeout180s.csv
dfs_timeout=180s__300steps__03052026,180,1.0,03052026,PO_ROSAME,cleaned,4,1,75,1.0,0.0,0.0,benchmark/data/new_experiments/blocks/dfs_timeout=180s__300steps__03052026/evaluation_results/results_blocksworld_combined_timeout180s.csv
dfs_timeout=180s__300steps__03052026,180,1.0,03052026,PISAM,cleaned,0,1,75,1.0,0.0,0.0,benchmark/data/new_experiments/blocks/dfs_timeout=180s__300steps__03052026/evaluation_results/results_blocksworld_combined_timeout180s.csv
dfs_timeout=180s__300steps__03052026,180,1.0,03052026,PO_ROSAME,cleaned,0,1,75,1.0,0.0,0.0,benchmark/data/new_experiments/blocks/dfs_timeout=180s__300steps__03052026/evaluation_results/results_blocksworld_combined_timeout180s.csv
dfs_timeout=180s__300steps__03052026,180,1.0,03052026,PISAM,cleaned,1,1,75,1.0,0.0,0.0,benchmark/data/new_experiments/blocks/dfs_timeout=180s__300steps__03052026/evaluation_results/results_blocksworld_combined_timeout180s.csv
dfs_timeout=180s__300steps__03052026,180,1.0,03052026,PO_ROSAME,cleaned,1,1,75,1.0,0.0,0.0,benchmark/data/new_experiments/blocks/dfs_timeout=180s__300steps__03052026/evaluation_results/results_blocksworld_combined_timeout180s.csv
dfs_timeout=180s__300steps__03052026,180,1.0,03052026,PISAM,cleaned,2,1,75,1.0,0.0,0.0,benchmark/data/new_experiments/blocks/dfs_timeout=180s__300steps__03052026/evaluation_results/results_blocksworld_combined_timeout180s.csv
dfs_timeout=180s__300steps__03052026,180,1.0,03052026,PO_ROSAME,cleaned,2,1,75,1.0,0.0,0.0,benchmark/data/new_experiments/blocks/dfs_timeout=180s__300steps__03052026/evaluation_results/results_blocksworld_combined_timeout180s.csv
dfs_timeout=180s__300steps__03052026,180,1.0,03052026,PISAM,cleaned,3,1,75,1.0,0.0,0.0,benchmark/data/new_experiments/blocks/dfs_timeout=180s__300steps__03052026/evaluation_results/results_blocksworld_combined_timeout180s.csv
dfs_timeout=180s__300steps__03052026,180,1.0,03052026,PO_ROSAME,cleaned,3,1,75,1.0,0.0,0.0,benchmark/data/new_experiments/blocks/dfs_timeout=180s__300steps__03052026/evaluation_results/results_blocksworld_combined_timeout180s.csv
dfs_timeout=180s__300steps__03052026,180,1.0,03052026,PISAM,cleaned,2,1,100,1.0,0.0,0.0,benchmark/data/new_experiments/blocks/dfs_timeout=180s__300steps__03052026/evaluation_results/results_blocksworld_combined_timeout180s.csv
dfs_timeout=180s__300steps__03052026,180,1.0,03052026,PO_ROSAME,cleaned,2,1,100,1.0,0.0,0.0,benchmark/data/new_experiments/blocks/dfs_timeout=180s__300steps__03052026/evaluation_results/results_blocksworld_combined_timeout180s.csv
dfs_timeout=180s__300steps__03052026,180,1.0,03052026,PISAM,cleaned,0,1,100,1.0,0.0,0.0,benchmark/data/new_experiments/blocks/dfs_timeout=180s__300steps__03052026/evaluation_results/results_blocksworld_combined_timeout180s.csv
dfs_timeout=180s__300steps__03052026,180,1.0,03052026,PO_ROSAME,cleaned,0,1,100,1.0,0.0,0.0,benchmark/data/new_experiments/blocks/dfs_timeout=180s__300steps__03052026/evaluation_results/results_blocksworld_combined_timeout180s.csv
dfs_timeout=180s__300steps__03052026,180,1.0,03052026,PISAM,cleaned,1,1,100,1.0,0.0,0.0,benchmark/data/new_experiments/blocks/dfs_timeout=180s__300steps__03052026/evaluation_results/results_blocksworld_combined_timeout180s.csv
dfs_timeout=180s__300steps__03052026,180,1.0,03052026,PO_ROSAME,cleaned,1,1,100,1.0,0.0,0.0,benchmark/data/new_experiments/blocks/dfs_timeout=180s__300steps__03052026/evaluation_results/results_blocksworld_combined_timeout180s.csv
dfs_timeout=180s__300steps__03052026,180,1.0,03052026,PISAM,cleaned,3,1,100,1.0,0.0,0.0,benchmark/data/new_experiments/blocks/dfs_timeout=180s__300steps__03052026/evaluation_results/results_blocksworld_combined_timeout180s.csv
dfs_timeout=180s__300steps__03052026,180,1.0,03052026,PO_ROSAME,cleaned,3,1,100,1.0,0.0,0.0,benchmark/data/new_experiments/blocks/dfs_timeout=180s__300steps__03052026/evaluation_results/results_blocksworld_combined_timeout180s.csv
dfs_timeout=180s__300steps__03052026,180,1.0,03052026,PISAM,cleaned,4,1,100,1.0,0.0,0.0,benchmark/data/new_experiments/blocks/dfs_timeout=180s__300steps__03052026/evaluation_results/results_blocksworld_combined_timeout180s.csv
dfs_timeout=180s__300steps__03052026,180,1.0,03052026,PO_ROSAME,cleaned,4,1,100,1.0,0.0,0.0,benchmark/data/new_experiments/blocks/dfs_timeout=180s__300steps__03052026/evaluation_results/results_blocksworld_combined_timeout180s.csv
dfs_timeout=180s__300steps__03052026,180,1.0,03052026,PISAM,cleaned,1,2,0,1.0,0.0,0.0,benchmark/data/new_experiments/blocks/dfs_timeout=180s__300steps__03052026/evaluation_results/results_blocksworld_combined_timeout180s.csv
dfs_timeout=180s__300steps__03052026,180,1.0,03052026,PO_ROSAME,cleaned,1,2,0,0.0,0.0,1.0,benchmark/data/new_experiments/blocks/dfs_timeout=180s__300steps__03052026/evaluation_results/results_blocksworld_combined_timeout180s.csv
dfs_timeout=180s__300steps__03052026,180,1.0,03052026,PISAM,cleaned,0,2,0,1.0,0.0,0.0,benchmark/data/new_experiments/blocks/dfs_timeout=180s__300steps__03052026/evaluation_results/results_blocksworld_combined_timeout180s.csv
dfs_timeout=180s__300steps__03052026,180,1.0,03052026,PO_ROSAME,cleaned,0,2,0,0.0,0.0,1.0,benchmark/data/new_experiments/blocks/dfs_timeout=180s__300steps__03052026/evaluation_results/results_blocksworld_combined_timeout180s.csv
dfs_timeout=180s__300steps__03052026,180,1.0,03052026,PISAM,cleaned,4,2,0,0.0,1.0,0.0,benchmark/data/new_experiments/blocks/dfs_timeout=180s__300steps__03052026/evaluation_results/results_blocksworld_combined_timeout180s.csv
dfs_timeout=180s__300steps__03052026,180,1.0,03052026,PO_ROSAME,cleaned,4,2,0,0.5,0.0,0.5,benchmark/data/new_experiments/blocks/dfs_timeout=180s__300steps__03052026/evaluation_results/results_blocksworld_combined_timeout180s.csv
dfs_timeout=180s__300steps__03052026,180,1.0,03052026,PISAM,cleaned,3,2,0,0.0,0.0,1.0,benchmark/data/new_experiments/blocks/dfs_timeout=180s__300steps__03052026/evaluation_results/results_blocksworld_combined_timeout180s.csv
dfs_timeout=180s__300steps__03052026,180,1.0,03052026,PO_ROSAME,cleaned,3,2,0,0.0,0.0,1.0,benchmark/data/new_experiments/blocks/dfs_timeout=180s__300steps__03052026/evaluation_results/results_blocksworld_combined_timeout180s.csv
dfs_timeout=180s__300steps__03052026,180,1.0,03052026,PISAM,cleaned,2,2,0,0.0,0.0,1.0,benchmark/data/new_experiments/blocks/dfs_timeout=180s__300steps__03052026/evaluation_results/results_blocksworld_combined_timeout180s.csv
dfs_timeout=180s__300steps__03052026,180,1.0,03052026,PO_ROSAME,cleaned,2,2,0,0.0,0.0,1.0,benchmark/data/new_experiments/blocks/dfs_timeout=180s__300steps__03052026/evaluation_results/results_blocksworld_combined_timeout180s.csv
dfs_timeout=180s__300steps__03052026,180,1.0,03052026,PISAM,cleaned,3,2,10,1.0,0.0,0.0,benchmark/data/new_experiments/blocks/dfs_timeout=180s__300steps__03052026/evaluation_results/results_blocksworld_combined_timeout180s.csv
dfs_timeout=180s__300steps__03052026,180,1.0,03052026,PO_ROSAME,cleaned,3,2,10,1.0,0.0,0.0,benchmark/data/new_experiments/blocks/dfs_timeout=180s__300steps__03052026/evaluation_results/results_blocksworld_combined_timeout180s.csv
dfs_timeout=180s__300steps__03052026,180,1.0,03052026,PISAM,cleaned,2,2,10,1.0,0.0,0.0,benchmark/data/new_experiments/blocks/dfs_timeout=180s__300steps__03052026/evaluation_results/results_blocksworld_combined_timeout180s.csv
dfs_timeout=180s__300steps__03052026,180,1.0,03052026,PO_ROSAME,cleaned,2,2,10,1.0,0.0,0.0,benchmark/data/new_experiments/blocks/dfs_timeout=180s__300steps__03052026/evaluation_results/results_blocksworld_combined_timeout180s.csv
dfs_timeout=180s__300steps__03052026,180,1.0,03052026,PISAM,cleaned,0,2,10,1.0,0.0,0.0,benchmark/data/new_experiments/blocks/dfs_timeout=180s__300steps__03052026/evaluation_results/results_blocksworld_combined_timeout180s.csv
dfs_timeout=180s__300steps__03052026,180,1.0,03052026,PO_ROSAME,cleaned,0,2,10,1.0,0.0,0.0,benchmark/data/new_experiments/blocks/dfs_timeout=180s__300steps__03052026/evaluation_results/results_blocksworld_combined_timeout180s.csv
dfs_timeout=180s__300steps__03052026,180,1.0,03052026,PISAM,cleaned,4,2,10,1.0,0.0,0.0,benchmark/data/new_experiments/blocks/dfs_timeout=180s__300steps__03052026/evaluation_results/results_blocksworld_combined_timeout180s.csv
dfs_timeout=180s__300steps__03052026,180,1.0,03052026,PO_ROSAME,cleaned,4,2,10,1.0,0.0,0.0,benchmark/data/new_experiments/blocks/dfs_timeout=180s__300steps__03052026/evaluation_results/results_blocksworld_combined_timeout180s.csv
dfs_timeout=180s__300steps__03052026,180,1.0,03052026,PISAM,cleaned,1,2,10,1.0,0.0,0.0,benchmark/data/new_experiments/blocks/dfs_timeout=180s__300steps__03052026/evaluation_results/results_blocksworld_combined_timeout180s.csv
dfs_timeout=180s__300steps__03052026,180,1.0,03052026,PO_ROSAME,cleaned,1,2,10,1.0,0.0,0.0,benchmark/data/new_experiments/blocks/dfs_timeout=180s__300steps__03052026/evaluation_results/results_blocksworld_combined_timeout180s.csv
dfs_timeout=180s__300steps__03052026,180,1.0,03052026,PISAM,cleaned,0,2,25,1.0,0.0,0.0,benchmark/data/new_experiments/blocks/dfs_timeout=180s__300steps__03052026/evaluation_results/results_blocksworld_combined_timeout180s.csv
dfs_timeout=180s__300steps__03052026,180,1.0,03052026,PO_ROSAME,cleaned,0,2,25,1.0,0.0,0.0,benchmark/data/new_experiments/blocks/dfs_timeout=180s__300steps__03052026/evaluation_results/results_blocksworld_combined_timeout180s.csv
dfs_timeout=180s__300steps__03052026,180,1.0,03052026,PISAM,cleaned,4,2,25,1.0,0.0,0.0,benchmark/data/new_experiments/blocks/dfs_timeout=180s__300steps__03052026/evaluation_results/results_blocksworld_combined_timeout180s.csv
dfs_timeout=180s__300steps__03052026,180,1.0,03052026,PO_ROSAME,cleaned,4,2,25,1.0,0.0,0.0,benchmark/data/new_experiments/blocks/dfs_timeout=180s__300steps__03052026/evaluation_results/results_blocksworld_combined_timeout180s.csv
dfs_timeout=180s__300steps__03052026,180,1.0,03052026,PISAM,cleaned,2,2,25,1.0,0.0,0.0,benchmark/data/new_experiments/blocks/dfs_timeout=180s__300steps__03052026/evaluation_results/results_blocksworld_combined_timeout180s.csv
dfs_timeout=180s__300steps__03052026,180,1.0,03052026,PO_ROSAME,cleaned,2,2,25,1.0,0.0,0.0,benchmark/data/new_experiments/blocks/dfs_timeout=180s__300steps__03052026/evaluation_results/results_blocksworld_combined_timeout180s.csv
dfs_timeout=180s__300steps__03052026,180,1.0,03052026,PISAM,cleaned,3,2,25,1.0,0.0,0.0,benchmark/data/new_experiments/blocks/dfs_timeout=180s__300steps__03052026/evaluation_results/results_blocksworld_combined_timeout180s.csv
dfs_timeout=180s__300steps__03052026,180,1.0,03052026,PO_ROSAME,cleaned,3,2,25,1.0,0.0,0.0,benchmark/data/new_experiments/blocks/dfs_timeout=180s__300steps__03052026/evaluation_results/results_blocksworld_combined_timeout180s.csv
dfs_timeout=180s__300steps__03052026,180,1.0,03052026,PISAM,cleaned,1,2,25,1.0,0.0,0.0,benchmark/data/new_experiments/blocks/dfs_timeout=180s__300steps__03052026/evaluation_results/results_blocksworld_combined_timeout180s.csv
dfs_timeout=180s__300steps__03052026,180,1.0,03052026,PO_ROSAME,cleaned,1,2,25,1.0,0.0,0.0,benchmark/data/new_experiments/blocks/dfs_timeout=180s__300steps__03052026/evaluation_results/results_blocksworld_combined_timeout180s.csv
dfs_timeout=180s__300steps__03052026,180,1.0,03052026,PISAM,cleaned,1,2,50,1.0,0.0,0.0,benchmark/data/new_experiments/blocks/dfs_timeout=180s__300steps__03052026/evaluation_results/results_blocksworld_combined_timeout180s.csv
dfs_timeout=180s__300steps__03052026,180,1.0,03052026,PO_ROSAME,cleaned,1,2,50,1.0,0.0,0.0,benchmark/data/new_experiments/blocks/dfs_timeout=180s__300steps__03052026/evaluation_results/results_blocksworld_combined_timeout180s.csv
dfs_timeout=180s__300steps__03052026,180,1.0,03052026,PISAM,cleaned,3,2,50,1.0,0.0,0.0,benchmark/data/new_experiments/blocks/dfs_timeout=180s__300steps__03052026/evaluation_results/results_blocksworld_combined_timeout180s.csv
dfs_timeout=180s__300steps__03052026,180,1.0,03052026,PO_ROSAME,cleaned,3,2,50,1.0,0.0,0.0,benchmark/data/new_experiments/blocks/dfs_timeout=180s__300steps__03052026/evaluation_results/results_blocksworld_combined_timeout180s.csv
dfs_timeout=180s__300steps__03052026,180,1.0,03052026,PISAM,cleaned,2,2,50,1.0,0.0,0.0,benchmark/data/new_experiments/blocks/dfs_timeout=180s__300steps__03052026/evaluation_results/results_blocksworld_combined_timeout180s.csv
dfs_timeout=180s__300steps__03052026,180,1.0,03052026,PO_ROSAME,cleaned,2,2,50,1.0,0.0,0.0,benchmark/data/new_experiments/blocks/dfs_timeout=180s__300steps__03052026/evaluation_results/results_blocksworld_combined_timeout180s.csv
dfs_timeout=180s__300steps__03052026,180,1.0,03052026,PISAM,cleaned,0,2,50,1.0,0.0,0.0,benchmark/data/new_experiments/blocks/dfs_timeout=180s__300steps__03052026/evaluation_results/results_blocksworld_combined_timeout180s.csv
dfs_timeout=180s__300steps__03052026,180,1.0,03052026,PO_ROSAME,cleaned,0,2,50,1.0,0.0,0.0,benchmark/data/new_experiments/blocks/dfs_timeout=180s__300steps__03052026/evaluation_results/results_blocksworld_combined_timeout180s.csv
dfs_timeout=180s__300steps__03052026,180,1.0,03052026,PISAM,cleaned,4,2,50,1.0,0.0,0.0,benchmark/data/new_experiments/blocks/dfs_timeout=180s__300steps__03052026/evaluation_results/results_blocksworld_combined_timeout180s.csv
dfs_timeout=180s__300steps__03052026,180,1.0,03052026,PO_ROSAME,cleaned,4,2,50,1.0,0.0,0.0,benchmark/data/new_experiments/blocks/dfs_timeout=180s__300steps__03052026/evaluation_results/results_blocksworld_combined_timeout180s.csv
dfs_timeout=180s__300steps__03052026,180,1.0,03052026,PISAM,cleaned,1,2,75,1.0,0.0,0.0,benchmark/data/new_experiments/blocks/dfs_timeout=180s__300steps__03052026/evaluation_results/results_blocksworld_combined_timeout180s.csv
dfs_timeout=180s__300steps__03052026,180,1.0,03052026,PO_ROSAME,cleaned,1,2,75,1.0,0.0,0.0,benchmark/data/new_experiments/blocks/dfs_timeout=180s__300steps__03052026/evaluation_results/results_blocksworld_combined_timeout180s.csv
dfs_timeout=180s__300steps__03052026,180,1.0,03052026,PISAM,cleaned,4,2,75,1.0,0.0,0.0,benchmark/data/new_experiments/blocks/dfs_timeout=180s__300steps__03052026/evaluation_results/results_blocksworld_combined_timeout180s.csv
dfs_timeout=180s__300steps__03052026,180,1.0,03052026,PO_ROSAME,cleaned,4,2,75,1.0,0.0,0.0,benchmark/data/new_experiments/blocks/dfs_timeout=180s__300steps__03052026/evaluation_results/results_blocksworld_combined_timeout180s.csv
dfs_timeout=180s__300steps__03052026,180,1.0,03052026,PISAM,cleaned,2,2,75,1.0,0.0,0.0,benchmark/data/new_experiments/blocks/dfs_timeout=180s__300steps__03052026/evaluation_results/results_blocksworld_combined_timeout180s.csv
dfs_timeout=180s__300steps__03052026,180,1.0,03052026,PO_ROSAME,cleaned,2,2,75,1.0,0.0,0.0,benchmark/data/new_experiments/blocks/dfs_timeout=180s__300steps__03052026/evaluation_results/results_blocksworld_combined_timeout180s.csv
dfs_timeout=180s__300steps__03052026,180,1.0,03052026,PISAM,cleaned,0,2,75,1.0,0.0,0.0,benchmark/data/new_experiments/blocks/dfs_timeout=180s__300steps__03052026/evaluation_results/results_blocksworld_combined_timeout180s.csv
dfs_timeout=180s__300steps__03052026,180,1.0,03052026,PO_ROSAME,cleaned,0,2,75,1.0,0.0,0.0,benchmark/data/new_experiments/blocks/dfs_timeout=180s__300steps__03052026/evaluation_results/results_blocksworld_combined_timeout180s.csv
dfs_timeout=180s__300steps__03052026,180,1.0,03052026,PISAM,cleaned,3,2,75,1.0,0.0,0.0,benchmark/data/new_experiments/blocks/dfs_timeout=180s__300steps__03052026/evaluation_results/results_blocksworld_combined_timeout180s.csv
dfs_timeout=180s__300steps__03052026,180,1.0,03052026,PO_ROSAME,cleaned,3,2,75,1.0,0.0,0.0,benchmark/data/new_experiments/blocks/dfs_timeout=180s__300steps__03052026/evaluation_results/results_blocksworld_combined_timeout180s.csv
dfs_timeout=180s__300steps__03052026,180,1.0,03052026,PISAM,cleaned,4,2,100,1.0,0.0,0.0,benchmark/data/new_experiments/blocks/dfs_timeout=180s__300steps__03052026/evaluation_results/results_blocksworld_combined_timeout180s.csv
dfs_timeout=180s__300steps__03052026,180,1.0,03052026,PO_ROSAME,cleaned,4,2,100,1.0,0.0,0.0,benchmark/data/new_experiments/blocks/dfs_timeout=180s__300steps__03052026/evaluation_results/results_blocksworld_combined_timeout180s.csv
dfs_timeout=180s__300steps__03052026,180,1.0,03052026,PISAM,cleaned,3,2,100,1.0,0.0,0.0,benchmark/data/new_experiments/blocks/dfs_timeout=180s__300steps__03052026/evaluation_results/results_blocksworld_combined_timeout180s.csv
dfs_timeout=180s__300steps__03052026,180,1.0,03052026,PO_ROSAME,cleaned,3,2,100,1.0,0.0,0.0,benchmark/data/new_experiments/blocks/dfs_timeout=180s__300steps__03052026/evaluation_results/results_blocksworld_combined_timeout180s.csv
dfs_timeout=180s__300steps__03052026,180,1.0,03052026,PISAM,cleaned,1,2,100,1.0,0.0,0.0,benchmark/data/new_experiments/blocks/dfs_timeout=180s__300steps__03052026/evaluation_results/results_blocksworld_combined_timeout180s.csv
dfs_timeout=180s__300steps__03052026,180,1.0,03052026,PO_ROSAME,cleaned,1,2,100,1.0,0.0,0.0,benchmark/data/new_experiments/blocks/dfs_timeout=180s__300steps__03052026/evaluation_results/results_blocksworld_combined_timeout180s.csv
dfs_timeout=180s__300steps__03052026,180,1.0,03052026,PISAM,cleaned,2,2,100,1.0,0.0,0.0,benchmark/data/new_experiments/blocks/dfs_timeout=180s__300steps__03052026/evaluation_results/results_blocksworld_combined_timeout180s.csv
dfs_timeout=180s__300steps__03052026,180,1.0,03052026,PO_ROSAME,cleaned,2,2,100,1.0,0.0,0.0,benchmark/data/new_experiments/blocks/dfs_timeout=180s__300steps__03052026/evaluation_results/results_blocksworld_combined_timeout180s.csv
dfs_timeout=180s__300steps__03052026,180,1.0,03052026,PISAM,cleaned,0,2,100,1.0,0.0,0.0,benchmark/data/new_experiments/blocks/dfs_timeout=180s__300steps__03052026/evaluation_results/results_blocksworld_combined_timeout180s.csv
dfs_timeout=180s__300steps__03052026,180,1.0,03052026,PO_ROSAME,cleaned,0,2,100,1.0,0.0,0.0,benchmark/data/new_experiments/blocks/dfs_timeout=180s__300steps__03052026/evaluation_results/results_blocksworld_combined_timeout180s.csv
dfs_timeout=180s__300steps__03052026,180,1.0,03052026,PISAM,cleaned,3,3,0,0.0,1.0,0.0,benchmark/data/new_experiments/blocks/dfs_timeout=180s__300steps__03052026/evaluation_results/results_blocksworld_combined_timeout180s.csv
dfs_timeout=180s__300steps__03052026,180,1.0,03052026,PO_ROSAME,cleaned,3,3,0,0.0,0.0,1.0,benchmark/data/new_experiments/blocks/dfs_timeout=180s__300steps__03052026/evaluation_results/results_blocksworld_combined_timeout180s.csv
dfs_timeout=180s__300steps__03052026,180,1.0,03052026,PISAM,cleaned,4,3,0,0.0,1.0,0.0,benchmark/data/new_experiments/blocks/dfs_timeout=180s__300steps__03052026/evaluation_results/results_blocksworld_combined_timeout180s.csv
dfs_timeout=180s__300steps__03052026,180,1.0,03052026,PO_ROSAME,cleaned,4,3,0,1.0,0.0,0.0,benchmark/data/new_experiments/blocks/dfs_timeout=180s__300steps__03052026/evaluation_results/results_blocksworld_combined_timeout180s.csv
dfs_timeout=180s__300steps__03052026,180,1.0,03052026,PISAM,cleaned,0,3,0,1.0,0.0,0.0,benchmark/data/new_experiments/blocks/dfs_timeout=180s__300steps__03052026/evaluation_results/results_blocksworld_combined_timeout180s.csv
dfs_timeout=180s__300steps__03052026,180,1.0,03052026,PO_ROSAME,cleaned,0,3,0,0.0,0.0,1.0,benchmark/data/new_experiments/blocks/dfs_timeout=180s__300steps__03052026/evaluation_results/results_blocksworld_combined_timeout180s.csv
dfs_timeout=180s__300steps__03052026,180,1.0,03052026,PISAM,cleaned,1,3,0,0.0,1.0,0.0,benchmark/data/new_experiments/blocks/dfs_timeout=180s__300steps__03052026/evaluation_results/results_blocksworld_combined_timeout180s.csv
dfs_timeout=180s__300steps__03052026,180,1.0,03052026,PO_ROSAME,cleaned,1,3,0,0.0,0.5,0.5,benchmark/data/new_experiments/blocks/dfs_timeout=180s__300steps__03052026/evaluation_results/results_blocksworld_combined_timeout180s.csv
dfs_timeout=180s__300steps__03052026,180,1.0,03052026,PISAM,cleaned,2,3,0,0.0,0.0,1.0,benchmark/data/new_experiments/blocks/dfs_timeout=180s__300steps__03052026/evaluation_results/results_blocksworld_combined_timeout180s.csv
dfs_timeout=180s__300steps__03052026,180,1.0,03052026,PO_ROSAME,cleaned,2,3,0,0.0,0.0,0.0,benchmark/data/new_experiments/blocks/dfs_timeout=180s__300steps__03052026/evaluation_results/results_blocksworld_combined_timeout180s.csv
dfs_timeout=180s__300steps__03052026,180,1.0,03052026,PISAM,cleaned,2,3,10,1.0,0.0,0.0,benchmark/data/new_experiments/blocks/dfs_timeout=180s__300steps__03052026/evaluation_results/results_blocksworld_combined_timeout180s.csv
dfs_timeout=180s__300steps__03052026,180,1.0,03052026,PO_ROSAME,cleaned,2,3,10,0.0,0.0,0.0,benchmark/data/new_experiments/blocks/dfs_timeout=180s__300steps__03052026/evaluation_results/results_blocksworld_combined_timeout180s.csv
dfs_timeout=180s__300steps__03052026,180,1.0,03052026,PISAM,cleaned,0,3,10,1.0,0.0,0.0,benchmark/data/new_experiments/blocks/dfs_timeout=180s__300steps__03052026/evaluation_results/results_blocksworld_combined_timeout180s.csv
dfs_timeout=180s__300steps__03052026,180,1.0,03052026,PO_ROSAME,cleaned,0,3,10,0.0,0.0,1.0,benchmark/data/new_experiments/blocks/dfs_timeout=180s__300steps__03052026/evaluation_results/results_blocksworld_combined_timeout180s.csv
dfs_timeout=180s__300steps__03052026,180,1.0,03052026,PISAM,cleaned,3,3,10,1.0,0.0,0.0,benchmark/data/new_experiments/blocks/dfs_timeout=180s__300steps__03052026/evaluation_results/results_blocksworld_combined_timeout180s.csv
dfs_timeout=180s__300steps__03052026,180,1.0,03052026,PO_ROSAME,cleaned,3,3,10,1.0,0.0,0.0,benchmark/data/new_experiments/blocks/dfs_timeout=180s__300steps__03052026/evaluation_results/results_blocksworld_combined_timeout180s.csv
dfs_timeout=180s__300steps__03052026,180,1.0,03052026,PISAM,cleaned,1,3,10,1.0,0.0,0.0,benchmark/data/new_experiments/blocks/dfs_timeout=180s__300steps__03052026/evaluation_results/results_blocksworld_combined_timeout180s.csv
dfs_timeout=180s__300steps__03052026,180,1.0,03052026,PO_ROSAME,cleaned,1,3,10,1.0,0.0,0.0,benchmark/data/new_experiments/blocks/dfs_timeout=180s__300steps__03052026/evaluation_results/results_blocksworld_combined_timeout180s.csv
dfs_timeout=180s__300steps__03052026,180,1.0,03052026,PISAM,cleaned,4,3,10,1.0,0.0,0.0,benchmark/data/new_experiments/blocks/dfs_timeout=180s__300steps__03052026/evaluation_results/results_blocksworld_combined_timeout180s.csv
dfs_timeout=180s__300steps__03052026,180,1.0,03052026,PO_ROSAME,cleaned,4,3,10,0.5,0.0,0.5,benchmark/data/new_experiments/blocks/dfs_timeout=180s__300steps__03052026/evaluation_results/results_blocksworld_combined_timeout180s.csv
dfs_timeout=180s__300steps__03052026,180,1.0,03052026,PISAM,cleaned,4,3,25,1.0,0.0,0.0,benchmark/data/new_experiments/blocks/dfs_timeout=180s__300steps__03052026/evaluation_results/results_blocksworld_combined_timeout180s.csv
dfs_timeout=180s__300steps__03052026,180,1.0,03052026,PO_ROSAME,cleaned,4,3,25,1.0,0.0,0.0,benchmark/data/new_experiments/blocks/dfs_timeout=180s__300steps__03052026/evaluation_results/results_blocksworld_combined_timeout180s.csv
dfs_timeout=180s__300steps__03052026,180,1.0,03052026,PISAM,cleaned,1,3,25,1.0,0.0,0.0,benchmark/data/new_experiments/blocks/dfs_timeout=180s__300steps__03052026/evaluation_results/results_blocksworld_combined_timeout180s.csv
dfs_timeout=180s__300steps__03052026,180,1.0,03052026,PO_ROSAME,cleaned,1,3,25,1.0,0.0,0.0,benchmark/data/new_experiments/blocks/dfs_timeout=180s__300steps__03052026/evaluation_results/results_blocksworld_combined_timeout180s.csv
dfs_timeout=180s__300steps__03052026,180,1.0,03052026,PISAM,cleaned,2,3,25,1.0,0.0,0.0,benchmark/data/new_experiments/blocks/dfs_timeout=180s__300steps__03052026/evaluation_results/results_blocksworld_combined_timeout180s.csv
dfs_timeout=180s__300steps__03052026,180,1.0,03052026,PO_ROSAME,cleaned,2,3,25,0.0,0.0,0.0,benchmark/data/new_experiments/blocks/dfs_timeout=180s__300steps__03052026/evaluation_results/results_blocksworld_combined_timeout180s.csv
dfs_timeout=180s__300steps__03052026,180,1.0,03052026,PISAM,cleaned,0,3,25,1.0,0.0,0.0,benchmark/data/new_experiments/blocks/dfs_timeout=180s__300steps__03052026/evaluation_results/results_blocksworld_combined_timeout180s.csv
dfs_timeout=180s__300steps__03052026,180,1.0,03052026,PO_ROSAME,cleaned,0,3,25,0.0,0.0,1.0,benchmark/data/new_experiments/blocks/dfs_timeout=180s__300steps__03052026/evaluation_results/results_blocksworld_combined_timeout180s.csv
dfs_timeout=180s__300steps__03052026,180,1.0,03052026,PISAM,cleaned,3,3,25,1.0,0.0,0.0,benchmark/data/new_experiments/blocks/dfs_timeout=180s__300steps__03052026/evaluation_results/results_blocksworld_combined_timeout180s.csv
dfs_timeout=180s__300steps__03052026,180,1.0,03052026,PO_ROSAME,cleaned,3,3,25,1.0,0.0,0.0,benchmark/data/new_experiments/blocks/dfs_timeout=180s__300steps__03052026/evaluation_results/results_blocksworld_combined_timeout180s.csv
dfs_timeout=180s__300steps__03052026,180,1.0,03052026,PISAM,cleaned,4,3,50,1.0,0.0,0.0,benchmark/data/new_experiments/blocks/dfs_timeout=180s__300steps__03052026/evaluation_results/results_blocksworld_combined_timeout180s.csv
dfs_timeout=180s__300steps__03052026,180,1.0,03052026,PO_ROSAME,cleaned,4,3,50,0.5,0.0,0.5,benchmark/data/new_experiments/blocks/dfs_timeout=180s__300steps__03052026/evaluation_results/results_blocksworld_combined_timeout180s.csv
dfs_timeout=180s__300steps__03052026,180,1.0,03052026,PISAM,cleaned,2,3,50,1.0,0.0,0.0,benchmark/data/new_experiments/blocks/dfs_timeout=180s__300steps__03052026/evaluation_results/results_blocksworld_combined_timeout180s.csv
dfs_timeout=180s__300steps__03052026,180,1.0,03052026,PO_ROSAME,cleaned,2,3,50,0.0,1.0,0.0,benchmark/data/new_experiments/blocks/dfs_timeout=180s__300steps__03052026/evaluation_results/results_blocksworld_combined_timeout180s.csv
dfs_timeout=180s__300steps__03052026,180,1.0,03052026,PISAM,cleaned,1,3,50,1.0,0.0,0.0,benchmark/data/new_experiments/blocks/dfs_timeout=180s__300steps__03052026/evaluation_results/results_blocksworld_combined_timeout180s.csv
dfs_timeout=180s__300steps__03052026,180,1.0,03052026,PO_ROSAME,cleaned,1,3,50,1.0,0.0,0.0,benchmark/data/new_experiments/blocks/dfs_timeout=180s__300steps__03052026/evaluation_results/results_blocksworld_combined_timeout180s.csv
dfs_timeout=180s__300steps__03052026,180,1.0,03052026,PISAM,cleaned,0,3,50,1.0,0.0,0.0,benchmark/data/new_experiments/blocks/dfs_timeout=180s__300steps__03052026/evaluation_results/results_blocksworld_combined_timeout180s.csv
dfs_timeout=180s__300steps__03052026,180,1.0,03052026,PO_ROSAME,cleaned,0,3,50,1.0,0.0,0.0,benchmark/data/new_experiments/blocks/dfs_timeout=180s__300steps__03052026/evaluation_results/results_blocksworld_combined_timeout180s.csv
dfs_timeout=180s__300steps__03052026,180,1.0,03052026,PISAM,cleaned,3,3,50,1.0,0.0,0.0,benchmark/data/new_experiments/blocks/dfs_timeout=180s__300steps__03052026/evaluation_results/results_blocksworld_combined_timeout180s.csv
dfs_timeout=180s__300steps__03052026,180,1.0,03052026,PO_ROSAME,cleaned,3,3,50,1.0,0.0,0.0,benchmark/data/new_experiments/blocks/dfs_timeout=180s__300steps__03052026/evaluation_results/results_blocksworld_combined_timeout180s.csv
dfs_timeout=180s__300steps__03052026,180,1.0,03052026,PISAM,cleaned,3,3,75,1.0,0.0,0.0,benchmark/data/new_experiments/blocks/dfs_timeout=180s__300steps__03052026/evaluation_results/results_blocksworld_combined_timeout180s.csv
dfs_timeout=180s__300steps__03052026,180,1.0,03052026,PO_ROSAME,cleaned,3,3,75,1.0,0.0,0.0,benchmark/data/new_experiments/blocks/dfs_timeout=180s__300steps__03052026/evaluation_results/results_blocksworld_combined_timeout180s.csv
dfs_timeout=180s__300steps__03052026,180,1.0,03052026,PISAM,cleaned,4,3,75,1.0,0.0,0.0,benchmark/data/new_experiments/blocks/dfs_timeout=180s__300steps__03052026/evaluation_results/results_blocksworld_combined_timeout180s.csv
dfs_timeout=180s__300steps__03052026,180,1.0,03052026,PO_ROSAME,cleaned,4,3,75,0.5,0.0,0.5,benchmark/data/new_experiments/blocks/dfs_timeout=180s__300steps__03052026/evaluation_results/results_blocksworld_combined_timeout180s.csv
dfs_timeout=180s__300steps__03052026,180,1.0,03052026,PISAM,cleaned,0,3,75,1.0,0.0,0.0,benchmark/data/new_experiments/blocks/dfs_timeout=180s__300steps__03052026/evaluation_results/results_blocksworld_combined_timeout180s.csv
dfs_timeout=180s__300steps__03052026,180,1.0,03052026,PO_ROSAME,cleaned,0,3,75,0.0,0.0,1.0,benchmark/data/new_experiments/blocks/dfs_timeout=180s__300steps__03052026/evaluation_results/results_blocksworld_combined_timeout180s.csv
dfs_timeout=180s__300steps__03052026,180,1.0,03052026,PISAM,cleaned,2,3,75,1.0,0.0,0.0,benchmark/data/new_experiments/blocks/dfs_timeout=180s__300steps__03052026/evaluation_results/results_blocksworld_combined_timeout180s.csv
dfs_timeout=180s__300steps__03052026,180,1.0,03052026,PO_ROSAME,cleaned,2,3,75,0.0,0.0,0.0,benchmark/data/new_experiments/blocks/dfs_timeout=180s__300steps__03052026/evaluation_results/results_blocksworld_combined_timeout180s.csv
dfs_timeout=180s__300steps__03052026,180,1.0,03052026,PISAM,cleaned,1,3,75,1.0,0.0,0.0,benchmark/data/new_experiments/blocks/dfs_timeout=180s__300steps__03052026/evaluation_results/results_blocksworld_combined_timeout180s.csv
dfs_timeout=180s__300steps__03052026,180,1.0,03052026,PO_ROSAME,cleaned,1,3,75,1.0,0.0,0.0,benchmark/data/new_experiments/blocks/dfs_timeout=180s__300steps__03052026/evaluation_results/results_blocksworld_combined_timeout180s.csv
dfs_timeout=180s__300steps__03052026,180,1.0,03052026,PISAM,cleaned,2,3,100,1.0,0.0,0.0,benchmark/data/new_experiments/blocks/dfs_timeout=180s__300steps__03052026/evaluation_results/results_blocksworld_combined_timeout180s.csv
dfs_timeout=180s__300steps__03052026,180,1.0,03052026,PO_ROSAME,cleaned,2,3,100,0.0,1.0,0.0,benchmark/data/new_experiments/blocks/dfs_timeout=180s__300steps__03052026/evaluation_results/results_blocksworld_combined_timeout180s.csv
dfs_timeout=180s__300steps__03052026,180,1.0,03052026,PISAM,cleaned,1,3,100,1.0,0.0,0.0,benchmark/data/new_experiments/blocks/dfs_timeout=180s__300steps__03052026/evaluation_results/results_blocksworld_combined_timeout180s.csv
dfs_timeout=180s__300steps__03052026,180,1.0,03052026,PO_ROSAME,cleaned,1,3,100,1.0,0.0,0.0,benchmark/data/new_experiments/blocks/dfs_timeout=180s__300steps__03052026/evaluation_results/results_blocksworld_combined_timeout180s.csv
dfs_timeout=180s__300steps__03052026,180,1.0,03052026,PISAM,cleaned,4,3,100,1.0,0.0,0.0,benchmark/data/new_experiments/blocks/dfs_timeout=180s__300steps__03052026/evaluation_results/results_blocksworld_combined_timeout180s.csv
dfs_timeout=180s__300steps__03052026,180,1.0,03052026,PO_ROSAME,cleaned,4,3,100,0.5,0.0,0.5,benchmark/data/new_experiments/blocks/dfs_timeout=180s__300steps__03052026/evaluation_results/results_blocksworld_combined_timeout180s.csv
dfs_timeout=180s__300steps__03052026,180,1.0,03052026,PISAM,cleaned,0,3,100,1.0,0.0,0.0,benchmark/data/new_experiments/blocks/dfs_timeout=180s__300steps__03052026/evaluation_results/results_blocksworld_combined_timeout180s.csv
dfs_timeout=180s__300steps__03052026,180,1.0,03052026,PO_ROSAME,cleaned,0,3,100,1.0,0.0,0.0,benchmark/data/new_experiments/blocks/dfs_timeout=180s__300steps__03052026/evaluation_results/results_blocksworld_combined_timeout180s.csv
dfs_timeout=180s__300steps__03052026,180,1.0,03052026,PISAM,cleaned,3,3,100,1.0,0.0,0.0,benchmark/data/new_experiments/blocks/dfs_timeout=180s__300steps__03052026/evaluation_results/results_blocksworld_combined_timeout180s.csv
dfs_timeout=180s__300steps__03052026,180,1.0,03052026,PO_ROSAME,cleaned,3,3,100,1.0,0.0,0.0,benchmark/data/new_experiments/blocks/dfs_timeout=180s__300steps__03052026/evaluation_results/results_blocksworld_combined_timeout180s.csv
dfs_timeout=180s__300steps__03052026,180,1.0,03052026,PISAM,cleaned,3,4,0,0.0,1.0,0.0,benchmark/data/new_experiments/blocks/dfs_timeout=180s__300steps__03052026/evaluation_results/results_blocksworld_combined_timeout180s.csv
dfs_timeout=180s__300steps__03052026,180,1.0,03052026,PO_ROSAME,cleaned,3,4,0,0.0,1.0,0.0,benchmark/data/new_experiments/blocks/dfs_timeout=180s__300steps__03052026/evaluation_results/results_blocksworld_combined_timeout180s.csv
dfs_timeout=180s__300steps__03052026,180,1.0,03052026,PISAM,cleaned,2,4,0,0.0,0.0,1.0,benchmark/data/new_experiments/blocks/dfs_timeout=180s__300steps__03052026/evaluation_results/results_blocksworld_combined_timeout180s.csv
dfs_timeout=180s__300steps__03052026,180,1.0,03052026,PO_ROSAME,cleaned,2,4,0,0.0,0.0,1.0,benchmark/data/new_experiments/blocks/dfs_timeout=180s__300steps__03052026/evaluation_results/results_blocksworld_combined_timeout180s.csv
dfs_timeout=180s__300steps__03052026,180,1.0,03052026,PISAM,cleaned,0,4,0,1.0,0.0,0.0,benchmark/data/new_experiments/blocks/dfs_timeout=180s__300steps__03052026/evaluation_results/results_blocksworld_combined_timeout180s.csv
dfs_timeout=180s__300steps__03052026,180,1.0,03052026,PO_ROSAME,cleaned,0,4,0,0.0,1.0,0.0,benchmark/data/new_experiments/blocks/dfs_timeout=180s__300steps__03052026/evaluation_results/results_blocksworld_combined_timeout180s.csv
dfs_timeout=180s__300steps__03052026,180,1.0,03052026,PISAM,cleaned,1,4,0,0.0,1.0,0.0,benchmark/data/new_experiments/blocks/dfs_timeout=180s__300steps__03052026/evaluation_results/results_blocksworld_combined_timeout180s.csv
dfs_timeout=180s__300steps__03052026,180,1.0,03052026,PO_ROSAME,cleaned,1,4,0,0.0,0.0,0.0,benchmark/data/new_experiments/blocks/dfs_timeout=180s__300steps__03052026/evaluation_results/results_blocksworld_combined_timeout180s.csv
dfs_timeout=180s__300steps__03052026,180,1.0,03052026,PISAM,cleaned,4,4,0,0.0,0.0,1.0,benchmark/data/new_experiments/blocks/dfs_timeout=180s__300steps__03052026/evaluation_results/results_blocksworld_combined_timeout180s.csv
dfs_timeout=180s__300steps__03052026,180,1.0,03052026,PO_ROSAME,cleaned,4,4,0,0.0,1.0,0.0,benchmark/data/new_experiments/blocks/dfs_timeout=180s__300steps__03052026/evaluation_results/results_blocksworld_combined_timeout180s.csv
dfs_timeout=180s__300steps__03052026,180,1.0,03052026,PISAM,cleaned,3,4,10,1.0,0.0,0.0,benchmark/data/new_experiments/blocks/dfs_timeout=180s__300steps__03052026/evaluation_results/results_blocksworld_combined_timeout180s.csv
dfs_timeout=180s__300steps__03052026,180,1.0,03052026,PO_ROSAME,cleaned,3,4,10,1.0,0.0,0.0,benchmark/data/new_experiments/blocks/dfs_timeout=180s__300steps__03052026/evaluation_results/results_blocksworld_combined_timeout180s.csv
dfs_timeout=180s__300steps__03052026,180,1.0,03052026,PISAM,cleaned,2,4,10,1.0,0.0,0.0,benchmark/data/new_experiments/blocks/dfs_timeout=180s__300steps__03052026/evaluation_results/results_blocksworld_combined_timeout180s.csv
dfs_timeout=180s__300steps__03052026,180,1.0,03052026,PO_ROSAME,cleaned,2,4,10,0.0,0.0,0.0,benchmark/data/new_experiments/blocks/dfs_timeout=180s__300steps__03052026/evaluation_results/results_blocksworld_combined_timeout180s.csv
dfs_timeout=180s__300steps__03052026,180,1.0,03052026,PISAM,cleaned,4,4,10,1.0,0.0,0.0,benchmark/data/new_experiments/blocks/dfs_timeout=180s__300steps__03052026/evaluation_results/results_blocksworld_combined_timeout180s.csv
dfs_timeout=180s__300steps__03052026,180,1.0,03052026,PO_ROSAME,cleaned,4,4,10,1.0,0.0,0.0,benchmark/data/new_experiments/blocks/dfs_timeout=180s__300steps__03052026/evaluation_results/results_blocksworld_combined_timeout180s.csv
dfs_timeout=180s__300steps__03052026,180,1.0,03052026,PISAM,cleaned,1,4,10,1.0,0.0,0.0,benchmark/data/new_experiments/blocks/dfs_timeout=180s__300steps__03052026/evaluation_results/results_blocksworld_combined_timeout180s.csv
dfs_timeout=180s__300steps__03052026,180,1.0,03052026,PO_ROSAME,cleaned,1,4,10,0.0,0.0,0.0,benchmark/data/new_experiments/blocks/dfs_timeout=180s__300steps__03052026/evaluation_results/results_blocksworld_combined_timeout180s.csv
dfs_timeout=180s__300steps__03052026,180,1.0,03052026,PISAM,cleaned,0,4,10,1.0,0.0,0.0,benchmark/data/new_experiments/blocks/dfs_timeout=180s__300steps__03052026/evaluation_results/results_blocksworld_combined_timeout180s.csv
dfs_timeout=180s__300steps__03052026,180,1.0,03052026,PO_ROSAME,cleaned,0,4,10,1.0,0.0,0.0,benchmark/data/new_experiments/blocks/dfs_timeout=180s__300steps__03052026/evaluation_results/results_blocksworld_combined_timeout180s.csv
dfs_timeout=180s__300steps__03052026,180,1.0,03052026,PISAM,cleaned,3,4,25,1.0,0.0,0.0,benchmark/data/new_experiments/blocks/dfs_timeout=180s__300steps__03052026/evaluation_results/results_blocksworld_combined_timeout180s.csv
dfs_timeout=180s__300steps__03052026,180,1.0,03052026,PO_ROSAME,cleaned,3,4,25,1.0,0.0,0.0,benchmark/data/new_experiments/blocks/dfs_timeout=180s__300steps__03052026/evaluation_results/results_blocksworld_combined_timeout180s.csv
dfs_timeout=180s__300steps__03052026,180,1.0,03052026,PISAM,cleaned,4,4,25,1.0,0.0,0.0,benchmark/data/new_experiments/blocks/dfs_timeout=180s__300steps__03052026/evaluation_results/results_blocksworld_combined_timeout180s.csv
dfs_timeout=180s__300steps__03052026,180,1.0,03052026,PO_ROSAME,cleaned,4,4,25,1.0,0.0,0.0,benchmark/data/new_experiments/blocks/dfs_timeout=180s__300steps__03052026/evaluation_results/results_blocksworld_combined_timeout180s.csv
dfs_timeout=180s__300steps__03052026,180,1.0,03052026,PISAM,cleaned,2,4,25,1.0,0.0,0.0,benchmark/data/new_experiments/blocks/dfs_timeout=180s__300steps__03052026/evaluation_results/results_blocksworld_combined_timeout180s.csv
dfs_timeout=180s__300steps__03052026,180,1.0,03052026,PO_ROSAME,cleaned,2,4,25,0.0,1.0,0.0,benchmark/data/new_experiments/blocks/dfs_timeout=180s__300steps__03052026/evaluation_results/results_blocksworld_combined_timeout180s.csv
dfs_timeout=180s__300steps__03052026,180,1.0,03052026,PISAM,cleaned,0,4,25,1.0,0.0,0.0,benchmark/data/new_experiments/blocks/dfs_timeout=180s__300steps__03052026/evaluation_results/results_blocksworld_combined_timeout180s.csv
dfs_timeout=180s__300steps__03052026,180,1.0,03052026,PO_ROSAME,cleaned,0,4,25,1.0,0.0,0.0,benchmark/data/new_experiments/blocks/dfs_timeout=180s__300steps__03052026/evaluation_results/results_blocksworld_combined_timeout180s.csv
dfs_timeout=180s__300steps__03052026,180,1.0,03052026,PISAM,cleaned,1,4,25,1.0,0.0,0.0,benchmark/data/new_experiments/blocks/dfs_timeout=180s__300steps__03052026/evaluation_results/results_blocksworld_combined_timeout180s.csv
dfs_timeout=180s__300steps__03052026,180,1.0,03052026,PO_ROSAME,cleaned,1,4,25,0.0,0.0,0.0,benchmark/data/new_experiments/blocks/dfs_timeout=180s__300steps__03052026/evaluation_results/results_blocksworld_combined_timeout180s.csv
dfs_timeout=180s__300steps__03052026,180,1.0,03052026,PISAM,cleaned,2,4,50,1.0,0.0,0.0,benchmark/data/new_experiments/blocks/dfs_timeout=180s__300steps__03052026/evaluation_results/results_blocksworld_combined_timeout180s.csv
dfs_timeout=180s__300steps__03052026,180,1.0,03052026,PO_ROSAME,cleaned,2,4,50,0.0,0.0,0.0,benchmark/data/new_experiments/blocks/dfs_timeout=180s__300steps__03052026/evaluation_results/results_blocksworld_combined_timeout180s.csv
dfs_timeout=180s__300steps__03052026,180,1.0,03052026,PISAM,cleaned,4,4,50,1.0,0.0,0.0,benchmark/data/new_experiments/blocks/dfs_timeout=180s__300steps__03052026/evaluation_results/results_blocksworld_combined_timeout180s.csv
dfs_timeout=180s__300steps__03052026,180,1.0,03052026,PO_ROSAME,cleaned,4,4,50,1.0,0.0,0.0,benchmark/data/new_experiments/blocks/dfs_timeout=180s__300steps__03052026/evaluation_results/results_blocksworld_combined_timeout180s.csv
dfs_timeout=180s__300steps__03052026,180,1.0,03052026,PISAM,cleaned,0,4,50,1.0,0.0,0.0,benchmark/data/new_experiments/blocks/dfs_timeout=180s__300steps__03052026/evaluation_results/results_blocksworld_combined_timeout180s.csv
dfs_timeout=180s__300steps__03052026,180,1.0,03052026,PO_ROSAME,cleaned,0,4,50,1.0,0.0,0.0,benchmark/data/new_experiments/blocks/dfs_timeout=180s__300steps__03052026/evaluation_results/results_blocksworld_combined_timeout180s.csv
dfs_timeout=180s__300steps__03052026,180,1.0,03052026,PISAM,cleaned,3,4,50,1.0,0.0,0.0,benchmark/data/new_experiments/blocks/dfs_timeout=180s__300steps__03052026/evaluation_results/results_blocksworld_combined_timeout180s.csv
dfs_timeout=180s__300steps__03052026,180,1.0,03052026,PO_ROSAME,cleaned,3,4,50,1.0,0.0,0.0,benchmark/data/new_experiments/blocks/dfs_timeout=180s__300steps__03052026/evaluation_results/results_blocksworld_combined_timeout180s.csv
dfs_timeout=180s__300steps__03052026,180,1.0,03052026,PISAM,cleaned,1,4,50,1.0,0.0,0.0,benchmark/data/new_experiments/blocks/dfs_timeout=180s__300steps__03052026/evaluation_results/results_blocksworld_combined_timeout180s.csv
dfs_timeout=180s__300steps__03052026,180,1.0,03052026,PO_ROSAME,cleaned,1,4,50,0.0,0.0,0.0,benchmark/data/new_experiments/blocks/dfs_timeout=180s__300steps__03052026/evaluation_results/results_blocksworld_combined_timeout180s.csv
dfs_timeout=180s__300steps__03052026,180,1.0,03052026,PISAM,cleaned,4,4,75,1.0,0.0,0.0,benchmark/data/new_experiments/blocks/dfs_timeout=180s__300steps__03052026/evaluation_results/results_blocksworld_combined_timeout180s.csv
dfs_timeout=180s__300steps__03052026,180,1.0,03052026,PO_ROSAME,cleaned,4,4,75,1.0,0.0,0.0,benchmark/data/new_experiments/blocks/dfs_timeout=180s__300steps__03052026/evaluation_results/results_blocksworld_combined_timeout180s.csv
dfs_timeout=180s__300steps__03052026,180,1.0,03052026,PISAM,cleaned,2,4,75,1.0,0.0,0.0,benchmark/data/new_experiments/blocks/dfs_timeout=180s__300steps__03052026/evaluation_results/results_blocksworld_combined_timeout180s.csv
dfs_timeout=180s__300steps__03052026,180,1.0,03052026,PO_ROSAME,cleaned,2,4,75,0.0,0.0,0.0,benchmark/data/new_experiments/blocks/dfs_timeout=180s__300steps__03052026/evaluation_results/results_blocksworld_combined_timeout180s.csv
dfs_timeout=180s__300steps__03052026,180,1.0,03052026,PISAM,cleaned,1,4,75,1.0,0.0,0.0,benchmark/data/new_experiments/blocks/dfs_timeout=180s__300steps__03052026/evaluation_results/results_blocksworld_combined_timeout180s.csv
dfs_timeout=180s__300steps__03052026,180,1.0,03052026,PO_ROSAME,cleaned,1,4,75,0.0,1.0,0.0,benchmark/data/new_experiments/blocks/dfs_timeout=180s__300steps__03052026/evaluation_results/results_blocksworld_combined_timeout180s.csv
dfs_timeout=180s__300steps__03052026,180,1.0,03052026,PISAM,cleaned,3,4,75,1.0,0.0,0.0,benchmark/data/new_experiments/blocks/dfs_timeout=180s__300steps__03052026/evaluation_results/results_blocksworld_combined_timeout180s.csv
dfs_timeout=180s__300steps__03052026,180,1.0,03052026,PO_ROSAME,cleaned,3,4,75,1.0,0.0,0.0,benchmark/data/new_experiments/blocks/dfs_timeout=180s__300steps__03052026/evaluation_results/results_blocksworld_combined_timeout180s.csv
dfs_timeout=180s__300steps__03052026,180,1.0,03052026,PISAM,cleaned,0,4,75,1.0,0.0,0.0,benchmark/data/new_experiments/blocks/dfs_timeout=180s__300steps__03052026/evaluation_results/results_blocksworld_combined_timeout180s.csv
dfs_timeout=180s__300steps__03052026,180,1.0,03052026,PO_ROSAME,cleaned,0,4,75,1.0,0.0,0.0,benchmark/data/new_experiments/blocks/dfs_timeout=180s__300steps__03052026/evaluation_results/results_blocksworld_combined_timeout180s.csv
dfs_timeout=180s__300steps__03052026,180,1.0,03052026,PISAM,cleaned,3,4,100,1.0,0.0,0.0,benchmark/data/new_experiments/blocks/dfs_timeout=180s__300steps__03052026/evaluation_results/results_blocksworld_combined_timeout180s.csv
dfs_timeout=180s__300steps__03052026,180,1.0,03052026,PO_ROSAME,cleaned,3,4,100,1.0,0.0,0.0,benchmark/data/new_experiments/blocks/dfs_timeout=180s__300steps__03052026/evaluation_results/results_blocksworld_combined_timeout180s.csv
dfs_timeout=180s__300steps__03052026,180,1.0,03052026,PISAM,cleaned,1,4,100,1.0,0.0,0.0,benchmark/data/new_experiments/blocks/dfs_timeout=180s__300steps__03052026/evaluation_results/results_blocksworld_combined_timeout180s.csv
dfs_timeout=180s__300steps__03052026,180,1.0,03052026,PO_ROSAME,cleaned,1,4,100,1.0,0.0,0.0,benchmark/data/new_experiments/blocks/dfs_timeout=180s__300steps__03052026/evaluation_results/results_blocksworld_combined_timeout180s.csv
dfs_timeout=180s__300steps__03052026,180,1.0,03052026,PISAM,cleaned,2,4,100,1.0,0.0,0.0,benchmark/data/new_experiments/blocks/dfs_timeout=180s__300steps__03052026/evaluation_results/results_blocksworld_combined_timeout180s.csv
dfs_timeout=180s__300steps__03052026,180,1.0,03052026,PO_ROSAME,cleaned,2,4,100,0.0,0.0,0.0,benchmark/data/new_experiments/blocks/dfs_timeout=180s__300steps__03052026/evaluation_results/results_blocksworld_combined_timeout180s.csv
dfs_timeout=180s__300steps__03052026,180,1.0,03052026,PISAM,cleaned,0,4,100,1.0,0.0,0.0,benchmark/data/new_experiments/blocks/dfs_timeout=180s__300steps__03052026/evaluation_results/results_blocksworld_combined_timeout180s.csv
dfs_timeout=180s__300steps__03052026,180,1.0,03052026,PO_ROSAME,cleaned,0,4,100,1.0,0.0,0.0,benchmark/data/new_experiments/blocks/dfs_timeout=180s__300steps__03052026/evaluation_results/results_blocksworld_combined_timeout180s.csv
dfs_timeout=180s__300steps__03052026,180,1.0,03052026,PISAM,cleaned,4,4,100,1.0,0.0,0.0,benchmark/data/new_experiments/blocks/dfs_timeout=180s__300steps__03052026/evaluation_results/results_blocksworld_combined_timeout180s.csv
dfs_timeout=180s__300steps__03052026,180,1.0,03052026,PO_ROSAME,cleaned,4,4,100,1.0,0.0,0.0,benchmark/data/new_experiments/blocks/dfs_timeout=180s__300steps__03052026/evaluation_results/results_blocksworld_combined_timeout180s.csv
dfs_timeout=180s__300steps__03052026,180,1.0,03052026,PISAM,cleaned,3,5,0,0.0,1.0,0.0,benchmark/data/new_experiments/blocks/dfs_timeout=180s__300steps__03052026/evaluation_results/results_blocksworld_combined_timeout180s.csv
dfs_timeout=180s__300steps__03052026,180,1.0,03052026,PO_ROSAME,cleaned,3,5,0,0.0,0.0,1.0,benchmark/data/new_experiments/blocks/dfs_timeout=180s__300steps__03052026/evaluation_results/results_blocksworld_combined_timeout180s.csv
dfs_timeout=180s__300steps__03052026,180,1.0,03052026,PISAM,cleaned,1,5,0,0.0,1.0,0.0,benchmark/data/new_experiments/blocks/dfs_timeout=180s__300steps__03052026/evaluation_results/results_blocksworld_combined_timeout180s.csv
dfs_timeout=180s__300steps__03052026,180,1.0,03052026,PO_ROSAME,cleaned,1,5,0,0.0,0.5,0.5,benchmark/data/new_experiments/blocks/dfs_timeout=180s__300steps__03052026/evaluation_results/results_blocksworld_combined_timeout180s.csv
dfs_timeout=180s__300steps__03052026,180,1.0,03052026,PISAM,cleaned,4,5,0,0.0,0.0,1.0,benchmark/data/new_experiments/blocks/dfs_timeout=180s__300steps__03052026/evaluation_results/results_blocksworld_combined_timeout180s.csv
dfs_timeout=180s__300steps__03052026,180,1.0,03052026,PO_ROSAME,cleaned,4,5,0,0.0,0.0,0.0,benchmark/data/new_experiments/blocks/dfs_timeout=180s__300steps__03052026/evaluation_results/results_blocksworld_combined_timeout180s.csv
dfs_timeout=180s__300steps__03052026,180,1.0,03052026,PISAM,cleaned,2,5,0,0.0,0.0,1.0,benchmark/data/new_experiments/blocks/dfs_timeout=180s__300steps__03052026/evaluation_results/results_blocksworld_combined_timeout180s.csv
dfs_timeout=180s__300steps__03052026,180,1.0,03052026,PO_ROSAME,cleaned,2,5,0,0.0,1.0,0.0,benchmark/data/new_experiments/blocks/dfs_timeout=180s__300steps__03052026/evaluation_results/results_blocksworld_combined_timeout180s.csv
dfs_timeout=180s__300steps__03052026,180,1.0,03052026,PISAM,cleaned,0,5,0,1.0,0.0,0.0,benchmark/data/new_experiments/blocks/dfs_timeout=180s__300steps__03052026/evaluation_results/results_blocksworld_combined_timeout180s.csv
dfs_timeout=180s__300steps__03052026,180,1.0,03052026,PO_ROSAME,cleaned,0,5,0,0.0,0.0,0.0,benchmark/data/new_experiments/blocks/dfs_timeout=180s__300steps__03052026/evaluation_results/results_blocksworld_combined_timeout180s.csv
dfs_timeout=180s__300steps__03052026,180,1.0,03052026,PISAM,cleaned,3,5,10,1.0,0.0,0.0,benchmark/data/new_experiments/blocks/dfs_timeout=180s__300steps__03052026/evaluation_results/results_blocksworld_combined_timeout180s.csv
dfs_timeout=180s__300steps__03052026,180,1.0,03052026,PO_ROSAME,cleaned,3,5,10,0.0,0.0,0.0,benchmark/data/new_experiments/blocks/dfs_timeout=180s__300steps__03052026/evaluation_results/results_blocksworld_combined_timeout180s.csv
dfs_timeout=180s__300steps__03052026,180,1.0,03052026,PISAM,cleaned,0,5,10,1.0,0.0,0.0,benchmark/data/new_experiments/blocks/dfs_timeout=180s__300steps__03052026/evaluation_results/results_blocksworld_combined_timeout180s.csv
dfs_timeout=180s__300steps__03052026,180,1.0,03052026,PO_ROSAME,cleaned,0,5,10,0.0,0.0,0.0,benchmark/data/new_experiments/blocks/dfs_timeout=180s__300steps__03052026/evaluation_results/results_blocksworld_combined_timeout180s.csv
dfs_timeout=180s__300steps__03052026,180,1.0,03052026,PISAM,cleaned,4,5,10,1.0,0.0,0.0,benchmark/data/new_experiments/blocks/dfs_timeout=180s__300steps__03052026/evaluation_results/results_blocksworld_combined_timeout180s.csv
dfs_timeout=180s__300steps__03052026,180,1.0,03052026,PO_ROSAME,cleaned,4,5,10,0.0,1.0,0.0,benchmark/data/new_experiments/blocks/dfs_timeout=180s__300steps__03052026/evaluation_results/results_blocksworld_combined_timeout180s.csv
dfs_timeout=180s__300steps__03052026,180,1.0,03052026,PISAM,cleaned,1,5,10,1.0,0.0,0.0,benchmark/data/new_experiments/blocks/dfs_timeout=180s__300steps__03052026/evaluation_results/results_blocksworld_combined_timeout180s.csv
dfs_timeout=180s__300steps__03052026,180,1.0,03052026,PO_ROSAME,cleaned,1,5,10,1.0,0.0,0.0,benchmark/data/new_experiments/blocks/dfs_timeout=180s__300steps__03052026/evaluation_results/results_blocksworld_combined_timeout180s.csv
dfs_timeout=180s__300steps__03052026,180,1.0,03052026,PISAM,cleaned,2,5,10,1.0,0.0,0.0,benchmark/data/new_experiments/blocks/dfs_timeout=180s__300steps__03052026/evaluation_results/results_blocksworld_combined_timeout180s.csv
dfs_timeout=180s__300steps__03052026,180,1.0,03052026,PO_ROSAME,cleaned,2,5,10,1.0,0.0,0.0,benchmark/data/new_experiments/blocks/dfs_timeout=180s__300steps__03052026/evaluation_results/results_blocksworld_combined_timeout180s.csv
dfs_timeout=180s__300steps__03052026,180,1.0,03052026,PISAM,cleaned,2,5,25,1.0,0.0,0.0,benchmark/data/new_experiments/blocks/dfs_timeout=180s__300steps__03052026/evaluation_results/results_blocksworld_combined_timeout180s.csv
dfs_timeout=180s__300steps__03052026,180,1.0,03052026,PO_ROSAME,cleaned,2,5,25,1.0,0.0,0.0,benchmark/data/new_experiments/blocks/dfs_timeout=180s__300steps__03052026/evaluation_results/results_blocksworld_combined_timeout180s.csv
dfs_timeout=180s__300steps__03052026,180,1.0,03052026,PISAM,cleaned,0,5,25,1.0,0.0,0.0,benchmark/data/new_experiments/blocks/dfs_timeout=180s__300steps__03052026/evaluation_results/results_blocksworld_combined_timeout180s.csv
dfs_timeout=180s__300steps__03052026,180,1.0,03052026,PO_ROSAME,cleaned,0,5,25,0.0,1.0,0.0,benchmark/data/new_experiments/blocks/dfs_timeout=180s__300steps__03052026/evaluation_results/results_blocksworld_combined_timeout180s.csv
dfs_timeout=180s__300steps__03052026,180,1.0,03052026,PISAM,cleaned,1,5,25,1.0,0.0,0.0,benchmark/data/new_experiments/blocks/dfs_timeout=180s__300steps__03052026/evaluation_results/results_blocksworld_combined_timeout180s.csv
dfs_timeout=180s__300steps__03052026,180,1.0,03052026,PO_ROSAME,cleaned,1,5,25,1.0,0.0,0.0,benchmark/data/new_experiments/blocks/dfs_timeout=180s__300steps__03052026/evaluation_results/results_blocksworld_combined_timeout180s.csv
dfs_timeout=180s__300steps__03052026,180,1.0,03052026,PISAM,cleaned,4,5,25,1.0,0.0,0.0,benchmark/data/new_experiments/blocks/dfs_timeout=180s__300steps__03052026/evaluation_results/results_blocksworld_combined_timeout180s.csv
dfs_timeout=180s__300steps__03052026,180,1.0,03052026,PO_ROSAME,cleaned,4,5,25,0.0,1.0,0.0,benchmark/data/new_experiments/blocks/dfs_timeout=180s__300steps__03052026/evaluation_results/results_blocksworld_combined_timeout180s.csv
dfs_timeout=180s__300steps__03052026,180,1.0,03052026,PISAM,cleaned,3,5,25,1.0,0.0,0.0,benchmark/data/new_experiments/blocks/dfs_timeout=180s__300steps__03052026/evaluation_results/results_blocksworld_combined_timeout180s.csv
dfs_timeout=180s__300steps__03052026,180,1.0,03052026,PO_ROSAME,cleaned,3,5,25,0.0,0.0,0.0,benchmark/data/new_experiments/blocks/dfs_timeout=180s__300steps__03052026/evaluation_results/results_blocksworld_combined_timeout180s.csv
dfs_timeout=180s__300steps__03052026,180,1.0,03052026,PISAM,cleaned,2,5,50,1.0,0.0,0.0,benchmark/data/new_experiments/blocks/dfs_timeout=180s__300steps__03052026/evaluation_results/results_blocksworld_combined_timeout180s.csv
dfs_timeout=180s__300steps__03052026,180,1.0,03052026,PO_ROSAME,cleaned,2,5,50,1.0,0.0,0.0,benchmark/data/new_experiments/blocks/dfs_timeout=180s__300steps__03052026/evaluation_results/results_blocksworld_combined_timeout180s.csv
dfs_timeout=180s__300steps__03052026,180,1.0,03052026,PISAM,cleaned,0,5,50,1.0,0.0,0.0,benchmark/data/new_experiments/blocks/dfs_timeout=180s__300steps__03052026/evaluation_results/results_blocksworld_combined_timeout180s.csv
dfs_timeout=180s__300steps__03052026,180,1.0,03052026,PO_ROSAME,cleaned,0,5,50,0.0,1.0,0.0,benchmark/data/new_experiments/blocks/dfs_timeout=180s__300steps__03052026/evaluation_results/results_blocksworld_combined_timeout180s.csv
dfs_timeout=180s__300steps__03052026,180,1.0,03052026,PISAM,cleaned,3,5,50,1.0,0.0,0.0,benchmark/data/new_experiments/blocks/dfs_timeout=180s__300steps__03052026/evaluation_results/results_blocksworld_combined_timeout180s.csv
dfs_timeout=180s__300steps__03052026,180,1.0,03052026,PO_ROSAME,cleaned,3,5,50,0.0,0.0,0.0,benchmark/data/new_experiments/blocks/dfs_timeout=180s__300steps__03052026/evaluation_results/results_blocksworld_combined_timeout180s.csv
dfs_timeout=180s__300steps__03052026,180,1.0,03052026,PISAM,cleaned,1,5,50,1.0,0.0,0.0,benchmark/data/new_experiments/blocks/dfs_timeout=180s__300steps__03052026/evaluation_results/results_blocksworld_combined_timeout180s.csv
dfs_timeout=180s__300steps__03052026,180,1.0,03052026,PO_ROSAME,cleaned,1,5,50,0.0,0.0,1.0,benchmark/data/new_experiments/blocks/dfs_timeout=180s__300steps__03052026/evaluation_results/results_blocksworld_combined_timeout180s.csv
dfs_timeout=180s__300steps__03052026,180,1.0,03052026,PISAM,cleaned,4,5,50,1.0,0.0,0.0,benchmark/data/new_experiments/blocks/dfs_timeout=180s__300steps__03052026/evaluation_results/results_blocksworld_combined_timeout180s.csv
dfs_timeout=180s__300steps__03052026,180,1.0,03052026,PO_ROSAME,cleaned,4,5,50,0.0,0.0,0.0,benchmark/data/new_experiments/blocks/dfs_timeout=180s__300steps__03052026/evaluation_results/results_blocksworld_combined_timeout180s.csv
dfs_timeout=180s__300steps__03052026,180,1.0,03052026,PISAM,cleaned,1,5,75,1.0,0.0,0.0,benchmark/data/new_experiments/blocks/dfs_timeout=180s__300steps__03052026/evaluation_results/results_blocksworld_combined_timeout180s.csv
dfs_timeout=180s__300steps__03052026,180,1.0,03052026,PO_ROSAME,cleaned,1,5,75,0.0,0.0,1.0,benchmark/data/new_experiments/blocks/dfs_timeout=180s__300steps__03052026/evaluation_results/results_blocksworld_combined_timeout180s.csv
dfs_timeout=180s__300steps__03052026,180,1.0,03052026,PISAM,cleaned,0,5,75,1.0,0.0,0.0,benchmark/data/new_experiments/blocks/dfs_timeout=180s__300steps__03052026/evaluation_results/results_blocksworld_combined_timeout180s.csv
dfs_timeout=180s__300steps__03052026,180,1.0,03052026,PO_ROSAME,cleaned,0,5,75,0.0,0.0,0.0,benchmark/data/new_experiments/blocks/dfs_timeout=180s__300steps__03052026/evaluation_results/results_blocksworld_combined_timeout180s.csv
dfs_timeout=180s__300steps__03052026,180,1.0,03052026,PISAM,cleaned,4,5,75,1.0,0.0,0.0,benchmark/data/new_experiments/blocks/dfs_timeout=180s__300steps__03052026/evaluation_results/results_blocksworld_combined_timeout180s.csv
dfs_timeout=180s__300steps__03052026,180,1.0,03052026,PO_ROSAME,cleaned,4,5,75,0.0,1.0,0.0,benchmark/data/new_experiments/blocks/dfs_timeout=180s__300steps__03052026/evaluation_results/results_blocksworld_combined_timeout180s.csv
dfs_timeout=180s__300steps__03052026,180,1.0,03052026,PISAM,cleaned,2,5,75,1.0,0.0,0.0,benchmark/data/new_experiments/blocks/dfs_timeout=180s__300steps__03052026/evaluation_results/results_blocksworld_combined_timeout180s.csv
dfs_timeout=180s__300steps__03052026,180,1.0,03052026,PO_ROSAME,cleaned,2,5,75,1.0,0.0,0.0,benchmark/data/new_experiments/blocks/dfs_timeout=180s__300steps__03052026/evaluation_results/results_blocksworld_combined_timeout180s.csv
dfs_timeout=180s__300steps__03052026,180,1.0,03052026,PISAM,cleaned,3,5,75,1.0,0.0,0.0,benchmark/data/new_experiments/blocks/dfs_timeout=180s__300steps__03052026/evaluation_results/results_blocksworld_combined_timeout180s.csv
dfs_timeout=180s__300steps__03052026,180,1.0,03052026,PO_ROSAME,cleaned,3,5,75,0.0,0.0,0.0,benchmark/data/new_experiments/blocks/dfs_timeout=180s__300steps__03052026/evaluation_results/results_blocksworld_combined_timeout180s.csv
dfs_timeout=180s__300steps__03052026,180,1.0,03052026,PISAM,cleaned,1,5,100,1.0,0.0,0.0,benchmark/data/new_experiments/blocks/dfs_timeout=180s__300steps__03052026/evaluation_results/results_blocksworld_combined_timeout180s.csv
dfs_timeout=180s__300steps__03052026,180,1.0,03052026,PO_ROSAME,cleaned,1,5,100,0.0,0.0,1.0,benchmark/data/new_experiments/blocks/dfs_timeout=180s__300steps__03052026/evaluation_results/results_blocksworld_combined_timeout180s.csv
dfs_timeout=180s__300steps__03052026,180,1.0,03052026,PISAM,cleaned,0,5,100,1.0,0.0,0.0,benchmark/data/new_experiments/blocks/dfs_timeout=180s__300steps__03052026/evaluation_results/results_blocksworld_combined_timeout180s.csv
dfs_timeout=180s__300steps__03052026,180,1.0,03052026,PO_ROSAME,cleaned,0,5,100,0.0,1.0,0.0,benchmark/data/new_experiments/blocks/dfs_timeout=180s__300steps__03052026/evaluation_results/results_blocksworld_combined_timeout180s.csv
dfs_timeout=180s__300steps__03052026,180,1.0,03052026,PISAM,cleaned,4,5,100,1.0,0.0,0.0,benchmark/data/new_experiments/blocks/dfs_timeout=180s__300steps__03052026/evaluation_results/results_blocksworld_combined_timeout180s.csv
dfs_timeout=180s__300steps__03052026,180,1.0,03052026,PO_ROSAME,cleaned,4,5,100,0.0,0.0,0.0,benchmark/data/new_experiments/blocks/dfs_timeout=180s__300steps__03052026/evaluation_results/results_blocksworld_combined_timeout180s.csv
dfs_timeout=180s__300steps__03052026,180,1.0,03052026,PISAM,cleaned,2,5,100,1.0,0.0,0.0,benchmark/data/new_experiments/blocks/dfs_timeout=180s__300steps__03052026/evaluation_results/results_blocksworld_combined_timeout180s.csv
dfs_timeout=180s__300steps__03052026,180,1.0,03052026,PO_ROSAME,cleaned,2,5,100,1.0,0.0,0.0,benchmark/data/new_experiments/blocks/dfs_timeout=180s__300steps__03052026/evaluation_results/results_blocksworld_combined_timeout180s.csv
dfs_timeout=180s__300steps__03052026,180,1.0,03052026,PISAM,cleaned,3,5,100,1.0,0.0,0.0,benchmark/data/new_experiments/blocks/dfs_timeout=180s__300steps__03052026/evaluation_results/results_blocksworld_combined_timeout180s.csv
dfs_timeout=180s__300steps__03052026,180,1.0,03052026,PO_ROSAME,cleaned,3,5,100,0.5,0.0,0.5,benchmark/data/new_experiments/blocks/dfs_timeout=180s__300steps__03052026/evaluation_results/results_blocksworld_combined_timeout180s.csv
dfs_timeout=180s__300steps__03052026,180,1.0,03052026,PISAM,cleaned,2,6,0,0.0,0.0,1.0,benchmark/data/new_experiments/blocks/dfs_timeout=180s__300steps__03052026/evaluation_results/results_blocksworld_combined_timeout180s.csv
dfs_timeout=180s__300steps__03052026,180,1.0,03052026,PO_ROSAME,cleaned,2,6,0,0.0,1.0,0.0,benchmark/data/new_experiments/blocks/dfs_timeout=180s__300steps__03052026/evaluation_results/results_blocksworld_combined_timeout180s.csv
dfs_timeout=180s__300steps__03052026,180,1.0,03052026,PISAM,cleaned,3,6,0,0.0,1.0,0.0,benchmark/data/new_experiments/blocks/dfs_timeout=180s__300steps__03052026/evaluation_results/results_blocksworld_combined_timeout180s.csv
dfs_timeout=180s__300steps__03052026,180,1.0,03052026,PO_ROSAME,cleaned,3,6,0,0.0,0.0,1.0,benchmark/data/new_experiments/blocks/dfs_timeout=180s__300steps__03052026/evaluation_results/results_blocksworld_combined_timeout180s.csv
dfs_timeout=180s__300steps__03052026,180,1.0,03052026,PISAM,cleaned,0,6,0,0.0,1.0,0.0,benchmark/data/new_experiments/blocks/dfs_timeout=180s__300steps__03052026/evaluation_results/results_blocksworld_combined_timeout180s.csv
dfs_timeout=180s__300steps__03052026,180,1.0,03052026,PO_ROSAME,cleaned,0,6,0,0.0,1.0,0.0,benchmark/data/new_experiments/blocks/dfs_timeout=180s__300steps__03052026/evaluation_results/results_blocksworld_combined_timeout180s.csv
dfs_timeout=180s__300steps__03052026,180,1.0,03052026,PISAM,cleaned,1,6,0,0.0,1.0,0.0,benchmark/data/new_experiments/blocks/dfs_timeout=180s__300steps__03052026/evaluation_results/results_blocksworld_combined_timeout180s.csv
dfs_timeout=180s__300steps__03052026,180,1.0,03052026,PO_ROSAME,cleaned,1,6,0,0.0,0.5,0.5,benchmark/data/new_experiments/blocks/dfs_timeout=180s__300steps__03052026/evaluation_results/results_blocksworld_combined_timeout180s.csv
dfs_timeout=180s__300steps__03052026,180,1.0,03052026,PISAM,cleaned,4,6,0,0.0,0.0,1.0,benchmark/data/new_experiments/blocks/dfs_timeout=180s__300steps__03052026/evaluation_results/results_blocksworld_combined_timeout180s.csv
dfs_timeout=180s__300steps__03052026,180,1.0,03052026,PO_ROSAME,cleaned,4,6,0,0.0,1.0,0.0,benchmark/data/new_experiments/blocks/dfs_timeout=180s__300steps__03052026/evaluation_results/results_blocksworld_combined_timeout180s.csv
dfs_timeout=180s__300steps__03052026,180,1.0,03052026,PISAM,cleaned,4,6,10,1.0,0.0,0.0,benchmark/data/new_experiments/blocks/dfs_timeout=180s__300steps__03052026/evaluation_results/results_blocksworld_combined_timeout180s.csv
dfs_timeout=180s__300steps__03052026,180,1.0,03052026,PO_ROSAME,cleaned,4,6,10,1.0,0.0,0.0,benchmark/data/new_experiments/blocks/dfs_timeout=180s__300steps__03052026/evaluation_results/results_blocksworld_combined_timeout180s.csv
dfs_timeout=180s__300steps__03052026,180,1.0,03052026,PISAM,cleaned,0,6,10,1.0,0.0,0.0,benchmark/data/new_experiments/blocks/dfs_timeout=180s__300steps__03052026/evaluation_results/results_blocksworld_combined_timeout180s.csv
dfs_timeout=180s__300steps__03052026,180,1.0,03052026,PO_ROSAME,cleaned,0,6,10,1.0,0.0,0.0,benchmark/data/new_experiments/blocks/dfs_timeout=180s__300steps__03052026/evaluation_results/results_blocksworld_combined_timeout180s.csv
dfs_timeout=180s__300steps__03052026,180,1.0,03052026,PISAM,cleaned,1,6,10,1.0,0.0,0.0,benchmark/data/new_experiments/blocks/dfs_timeout=180s__300steps__03052026/evaluation_results/results_blocksworld_combined_timeout180s.csv
dfs_timeout=180s__300steps__03052026,180,1.0,03052026,PO_ROSAME,cleaned,1,6,10,1.0,0.0,0.0,benchmark/data/new_experiments/blocks/dfs_timeout=180s__300steps__03052026/evaluation_results/results_blocksworld_combined_timeout180s.csv
dfs_timeout=180s__300steps__03052026,180,1.0,03052026,PISAM,cleaned,2,6,10,1.0,0.0,0.0,benchmark/data/new_experiments/blocks/dfs_timeout=180s__300steps__03052026/evaluation_results/results_blocksworld_combined_timeout180s.csv
dfs_timeout=180s__300steps__03052026,180,1.0,03052026,PO_ROSAME,cleaned,2,6,10,1.0,0.0,0.0,benchmark/data/new_experiments/blocks/dfs_timeout=180s__300steps__03052026/evaluation_results/results_blocksworld_combined_timeout180s.csv
dfs_timeout=180s__300steps__03052026,180,1.0,03052026,PISAM,cleaned,3,6,10,1.0,0.0,0.0,benchmark/data/new_experiments/blocks/dfs_timeout=180s__300steps__03052026/evaluation_results/results_blocksworld_combined_timeout180s.csv
dfs_timeout=180s__300steps__03052026,180,1.0,03052026,PO_ROSAME,cleaned,3,6,10,1.0,0.0,0.0,benchmark/data/new_experiments/blocks/dfs_timeout=180s__300steps__03052026/evaluation_results/results_blocksworld_combined_timeout180s.csv
dfs_timeout=180s__300steps__03052026,180,1.0,03052026,PISAM,cleaned,1,6,25,1.0,0.0,0.0,benchmark/data/new_experiments/blocks/dfs_timeout=180s__300steps__03052026/evaluation_results/results_blocksworld_combined_timeout180s.csv
dfs_timeout=180s__300steps__03052026,180,1.0,03052026,PO_ROSAME,cleaned,1,6,25,1.0,0.0,0.0,benchmark/data/new_experiments/blocks/dfs_timeout=180s__300steps__03052026/evaluation_results/results_blocksworld_combined_timeout180s.csv
dfs_timeout=180s__300steps__03052026,180,1.0,03052026,PISAM,cleaned,0,6,25,1.0,0.0,0.0,benchmark/data/new_experiments/blocks/dfs_timeout=180s__300steps__03052026/evaluation_results/results_blocksworld_combined_timeout180s.csv
dfs_timeout=180s__300steps__03052026,180,1.0,03052026,PO_ROSAME,cleaned,0,6,25,1.0,0.0,0.0,benchmark/data/new_experiments/blocks/dfs_timeout=180s__300steps__03052026/evaluation_results/results_blocksworld_combined_timeout180s.csv
dfs_timeout=180s__300steps__03052026,180,1.0,03052026,PISAM,cleaned,4,6,25,1.0,0.0,0.0,benchmark/data/new_experiments/blocks/dfs_timeout=180s__300steps__03052026/evaluation_results/results_blocksworld_combined_timeout180s.csv
dfs_timeout=180s__300steps__03052026,180,1.0,03052026,PO_ROSAME,cleaned,4,6,25,1.0,0.0,0.0,benchmark/data/new_experiments/blocks/dfs_timeout=180s__300steps__03052026/evaluation_results/results_blocksworld_combined_timeout180s.csv
dfs_timeout=180s__300steps__03052026,180,1.0,03052026,PISAM,cleaned,3,6,25,1.0,0.0,0.0,benchmark/data/new_experiments/blocks/dfs_timeout=180s__300steps__03052026/evaluation_results/results_blocksworld_combined_timeout180s.csv
dfs_timeout=180s__300steps__03052026,180,1.0,03052026,PO_ROSAME,cleaned,3,6,25,0.5,0.0,0.5,benchmark/data/new_experiments/blocks/dfs_timeout=180s__300steps__03052026/evaluation_results/results_blocksworld_combined_timeout180s.csv
dfs_timeout=180s__300steps__03052026,180,1.0,03052026,PISAM,cleaned,2,6,25,1.0,0.0,0.0,benchmark/data/new_experiments/blocks/dfs_timeout=180s__300steps__03052026/evaluation_results/results_blocksworld_combined_timeout180s.csv
dfs_timeout=180s__300steps__03052026,180,1.0,03052026,PO_ROSAME,cleaned,2,6,25,1.0,0.0,0.0,benchmark/data/new_experiments/blocks/dfs_timeout=180s__300steps__03052026/evaluation_results/results_blocksworld_combined_timeout180s.csv
dfs_timeout=180s__300steps__03052026,180,1.0,03052026,PISAM,cleaned,2,6,50,1.0,0.0,0.0,benchmark/data/new_experiments/blocks/dfs_timeout=180s__300steps__03052026/evaluation_results/results_blocksworld_combined_timeout180s.csv
dfs_timeout=180s__300steps__03052026,180,1.0,03052026,PO_ROSAME,cleaned,2,6,50,1.0,0.0,0.0,benchmark/data/new_experiments/blocks/dfs_timeout=180s__300steps__03052026/evaluation_results/results_blocksworld_combined_timeout180s.csv
dfs_timeout=180s__300steps__03052026,180,1.0,03052026,PISAM,cleaned,0,6,50,1.0,0.0,0.0,benchmark/data/new_experiments/blocks/dfs_timeout=180s__300steps__03052026/evaluation_results/results_blocksworld_combined_timeout180s.csv
dfs_timeout=180s__300steps__03052026,180,1.0,03052026,PO_ROSAME,cleaned,0,6,50,1.0,0.0,0.0,benchmark/data/new_experiments/blocks/dfs_timeout=180s__300steps__03052026/evaluation_results/results_blocksworld_combined_timeout180s.csv
dfs_timeout=180s__300steps__03052026,180,1.0,03052026,PISAM,cleaned,1,6,50,1.0,0.0,0.0,benchmark/data/new_experiments/blocks/dfs_timeout=180s__300steps__03052026/evaluation_results/results_blocksworld_combined_timeout180s.csv
dfs_timeout=180s__300steps__03052026,180,1.0,03052026,PO_ROSAME,cleaned,1,6,50,1.0,0.0,0.0,benchmark/data/new_experiments/blocks/dfs_timeout=180s__300steps__03052026/evaluation_results/results_blocksworld_combined_timeout180s.csv
dfs_timeout=180s__300steps__03052026,180,1.0,03052026,PISAM,cleaned,3,6,50,1.0,0.0,0.0,benchmark/data/new_experiments/blocks/dfs_timeout=180s__300steps__03052026/evaluation_results/results_blocksworld_combined_timeout180s.csv
dfs_timeout=180s__300steps__03052026,180,1.0,03052026,PO_ROSAME,cleaned,3,6,50,0.5,0.0,0.5,benchmark/data/new_experiments/blocks/dfs_timeout=180s__300steps__03052026/evaluation_results/results_blocksworld_combined_timeout180s.csv
dfs_timeout=180s__300steps__03052026,180,1.0,03052026,PISAM,cleaned,4,6,50,1.0,0.0,0.0,benchmark/data/new_experiments/blocks/dfs_timeout=180s__300steps__03052026/evaluation_results/results_blocksworld_combined_timeout180s.csv
dfs_timeout=180s__300steps__03052026,180,1.0,03052026,PO_ROSAME,cleaned,4,6,50,1.0,0.0,0.0,benchmark/data/new_experiments/blocks/dfs_timeout=180s__300steps__03052026/evaluation_results/results_blocksworld_combined_timeout180s.csv
dfs_timeout=180s__300steps__03052026,180,1.0,03052026,PISAM,cleaned,1,6,75,1.0,0.0,0.0,benchmark/data/new_experiments/blocks/dfs_timeout=180s__300steps__03052026/evaluation_results/results_blocksworld_combined_timeout180s.csv
dfs_timeout=180s__300steps__03052026,180,1.0,03052026,PO_ROSAME,cleaned,1,6,75,1.0,0.0,0.0,benchmark/data/new_experiments/blocks/dfs_timeout=180s__300steps__03052026/evaluation_results/results_blocksworld_combined_timeout180s.csv
dfs_timeout=180s__300steps__03052026,180,1.0,03052026,PISAM,cleaned,0,6,75,1.0,0.0,0.0,benchmark/data/new_experiments/blocks/dfs_timeout=180s__300steps__03052026/evaluation_results/results_blocksworld_combined_timeout180s.csv
dfs_timeout=180s__300steps__03052026,180,1.0,03052026,PO_ROSAME,cleaned,0,6,75,1.0,0.0,0.0,benchmark/data/new_experiments/blocks/dfs_timeout=180s__300steps__03052026/evaluation_results/results_blocksworld_combined_timeout180s.csv
dfs_timeout=180s__300steps__03052026,180,1.0,03052026,PISAM,cleaned,2,6,75,1.0,0.0,0.0,benchmark/data/new_experiments/blocks/dfs_timeout=180s__300steps__03052026/evaluation_results/results_blocksworld_combined_timeout180s.csv
dfs_timeout=180s__300steps__03052026,180,1.0,03052026,PO_ROSAME,cleaned,2,6,75,1.0,0.0,0.0,benchmark/data/new_experiments/blocks/dfs_timeout=180s__300steps__03052026/evaluation_results/results_blocksworld_combined_timeout180s.csv
dfs_timeout=180s__300steps__03052026,180,1.0,03052026,PISAM,cleaned,3,6,75,1.0,0.0,0.0,benchmark/data/new_experiments/blocks/dfs_timeout=180s__300steps__03052026/evaluation_results/results_blocksworld_combined_timeout180s.csv
dfs_timeout=180s__300steps__03052026,180,1.0,03052026,PO_ROSAME,cleaned,3,6,75,1.0,0.0,0.0,benchmark/data/new_experiments/blocks/dfs_timeout=180s__300steps__03052026/evaluation_results/results_blocksworld_combined_timeout180s.csv
dfs_timeout=180s__300steps__03052026,180,1.0,03052026,PISAM,cleaned,4,6,75,1.0,0.0,0.0,benchmark/data/new_experiments/blocks/dfs_timeout=180s__300steps__03052026/evaluation_results/results_blocksworld_combined_timeout180s.csv
dfs_timeout=180s__300steps__03052026,180,1.0,03052026,PO_ROSAME,cleaned,4,6,75,1.0,0.0,0.0,benchmark/data/new_experiments/blocks/dfs_timeout=180s__300steps__03052026/evaluation_results/results_blocksworld_combined_timeout180s.csv
dfs_timeout=180s__300steps__03052026,180,1.0,03052026,PISAM,cleaned,0,6,100,1.0,0.0,0.0,benchmark/data/new_experiments/blocks/dfs_timeout=180s__300steps__03052026/evaluation_results/results_blocksworld_combined_timeout180s.csv
dfs_timeout=180s__300steps__03052026,180,1.0,03052026,PO_ROSAME,cleaned,0,6,100,1.0,0.0,0.0,benchmark/data/new_experiments/blocks/dfs_timeout=180s__300steps__03052026/evaluation_results/results_blocksworld_combined_timeout180s.csv
dfs_timeout=180s__300steps__03052026,180,1.0,03052026,PISAM,cleaned,3,6,100,1.0,0.0,0.0,benchmark/data/new_experiments/blocks/dfs_timeout=180s__300steps__03052026/evaluation_results/results_blocksworld_combined_timeout180s.csv
dfs_timeout=180s__300steps__03052026,180,1.0,03052026,PO_ROSAME,cleaned,3,6,100,0.5,0.0,0.5,benchmark/data/new_experiments/blocks/dfs_timeout=180s__300steps__03052026/evaluation_results/results_blocksworld_combined_timeout180s.csv
dfs_timeout=180s__300steps__03052026,180,1.0,03052026,PISAM,cleaned,2,6,100,1.0,0.0,0.0,benchmark/data/new_experiments/blocks/dfs_timeout=180s__300steps__03052026/evaluation_results/results_blocksworld_combined_timeout180s.csv
dfs_timeout=180s__300steps__03052026,180,1.0,03052026,PO_ROSAME,cleaned,2,6,100,1.0,0.0,0.0,benchmark/data/new_experiments/blocks/dfs_timeout=180s__300steps__03052026/evaluation_results/results_blocksworld_combined_timeout180s.csv
dfs_timeout=180s__300steps__03052026,180,1.0,03052026,PISAM,cleaned,4,6,100,1.0,0.0,0.0,benchmark/data/new_experiments/blocks/dfs_timeout=180s__300steps__03052026/evaluation_results/results_blocksworld_combined_timeout180s.csv
dfs_timeout=180s__300steps__03052026,180,1.0,03052026,PO_ROSAME,cleaned,4,6,100,1.0,0.0,0.0,benchmark/data/new_experiments/blocks/dfs_timeout=180s__300steps__03052026/evaluation_results/results_blocksworld_combined_timeout180s.csv
dfs_timeout=180s__300steps__03052026,180,1.0,03052026,PISAM,cleaned,1,6,100,1.0,0.0,0.0,benchmark/data/new_experiments/blocks/dfs_timeout=180s__300steps__03052026/evaluation_results/results_blocksworld_combined_timeout180s.csv
dfs_timeout=180s__300steps__03052026,180,1.0,03052026,PO_ROSAME,cleaned,1,6,100,1.0,0.0,0.0,benchmark/data/new_experiments/blocks/dfs_timeout=180s__300steps__03052026/evaluation_results/results_blocksworld_combined_timeout180s.csv
dfs_timeout=180s__300steps__03052026,180,1.0,03052026,PISAM,cleaned,0,7,0,0.0,1.0,0.0,benchmark/data/new_experiments/blocks/dfs_timeout=180s__300steps__03052026/evaluation_results/results_blocksworld_combined_timeout180s.csv
dfs_timeout=180s__300steps__03052026,180,1.0,03052026,PO_ROSAME,cleaned,0,7,0,0.0,1.0,0.0,benchmark/data/new_experiments/blocks/dfs_timeout=180s__300steps__03052026/evaluation_results/results_blocksworld_combined_timeout180s.csv
dfs_timeout=180s__300steps__03052026,180,1.0,03052026,PISAM,cleaned,4,7,0,0.0,0.0,1.0,benchmark/data/new_experiments/blocks/dfs_timeout=180s__300steps__03052026/evaluation_results/results_blocksworld_combined_timeout180s.csv
dfs_timeout=180s__300steps__03052026,180,1.0,03052026,PO_ROSAME,cleaned,4,7,0,0.0,0.5,0.5,benchmark/data/new_experiments/blocks/dfs_timeout=180s__300steps__03052026/evaluation_results/results_blocksworld_combined_timeout180s.csv
dfs_timeout=180s__300steps__03052026,180,1.0,03052026,PISAM,cleaned,1,7,0,0.0,1.0,0.0,benchmark/data/new_experiments/blocks/dfs_timeout=180s__300steps__03052026/evaluation_results/results_blocksworld_combined_timeout180s.csv
dfs_timeout=180s__300steps__03052026,180,1.0,03052026,PO_ROSAME,cleaned,1,7,0,0.0,0.5,0.5,benchmark/data/new_experiments/blocks/dfs_timeout=180s__300steps__03052026/evaluation_results/results_blocksworld_combined_timeout180s.csv
dfs_timeout=180s__300steps__03052026,180,1.0,03052026,PISAM,cleaned,2,7,0,0.0,0.0,1.0,benchmark/data/new_experiments/blocks/dfs_timeout=180s__300steps__03052026/evaluation_results/results_blocksworld_combined_timeout180s.csv
dfs_timeout=180s__300steps__03052026,180,1.0,03052026,PO_ROSAME,cleaned,2,7,0,0.0,0.0,1.0,benchmark/data/new_experiments/blocks/dfs_timeout=180s__300steps__03052026/evaluation_results/results_blocksworld_combined_timeout180s.csv
dfs_timeout=180s__300steps__03052026,180,1.0,03052026,PISAM,cleaned,3,7,0,0.0,1.0,0.0,benchmark/data/new_experiments/blocks/dfs_timeout=180s__300steps__03052026/evaluation_results/results_blocksworld_combined_timeout180s.csv
dfs_timeout=180s__300steps__03052026,180,1.0,03052026,PO_ROSAME,cleaned,3,7,0,0.0,0.0,1.0,benchmark/data/new_experiments/blocks/dfs_timeout=180s__300steps__03052026/evaluation_results/results_blocksworld_combined_timeout180s.csv
dfs_timeout=180s__300steps__03052026,180,1.0,03052026,PISAM,cleaned,0,7,10,1.0,0.0,0.0,benchmark/data/new_experiments/blocks/dfs_timeout=180s__300steps__03052026/evaluation_results/results_blocksworld_combined_timeout180s.csv
dfs_timeout=180s__300steps__03052026,180,1.0,03052026,PO_ROSAME,cleaned,0,7,10,1.0,0.0,0.0,benchmark/data/new_experiments/blocks/dfs_timeout=180s__300steps__03052026/evaluation_results/results_blocksworld_combined_timeout180s.csv
dfs_timeout=180s__300steps__03052026,180,1.0,03052026,PISAM,cleaned,2,7,10,1.0,0.0,0.0,benchmark/data/new_experiments/blocks/dfs_timeout=180s__300steps__03052026/evaluation_results/results_blocksworld_combined_timeout180s.csv
dfs_timeout=180s__300steps__03052026,180,1.0,03052026,PO_ROSAME,cleaned,2,7,10,1.0,0.0,0.0,benchmark/data/new_experiments/blocks/dfs_timeout=180s__300steps__03052026/evaluation_results/results_blocksworld_combined_timeout180s.csv
dfs_timeout=180s__300steps__03052026,180,1.0,03052026,PISAM,cleaned,3,7,10,1.0,0.0,0.0,benchmark/data/new_experiments/blocks/dfs_timeout=180s__300steps__03052026/evaluation_results/results_blocksworld_combined_timeout180s.csv
dfs_timeout=180s__300steps__03052026,180,1.0,03052026,PO_ROSAME,cleaned,3,7,10,1.0,0.0,0.0,benchmark/data/new_experiments/blocks/dfs_timeout=180s__300steps__03052026/evaluation_results/results_blocksworld_combined_timeout180s.csv
dfs_timeout=180s__300steps__03052026,180,1.0,03052026,PISAM,cleaned,1,7,10,1.0,0.0,0.0,benchmark/data/new_experiments/blocks/dfs_timeout=180s__300steps__03052026/evaluation_results/results_blocksworld_combined_timeout180s.csv
dfs_timeout=180s__300steps__03052026,180,1.0,03052026,PO_ROSAME,cleaned,1,7,10,1.0,0.0,0.0,benchmark/data/new_experiments/blocks/dfs_timeout=180s__300steps__03052026/evaluation_results/results_blocksworld_combined_timeout180s.csv
dfs_timeout=180s__300steps__03052026,180,1.0,03052026,PISAM,cleaned,4,7,10,1.0,0.0,0.0,benchmark/data/new_experiments/blocks/dfs_timeout=180s__300steps__03052026/evaluation_results/results_blocksworld_combined_timeout180s.csv
dfs_timeout=180s__300steps__03052026,180,1.0,03052026,PO_ROSAME,cleaned,4,7,10,1.0,0.0,0.0,benchmark/data/new_experiments/blocks/dfs_timeout=180s__300steps__03052026/evaluation_results/results_blocksworld_combined_timeout180s.csv
dfs_timeout=180s__300steps__03052026,180,1.0,03052026,PISAM,cleaned,0,7,25,1.0,0.0,0.0,benchmark/data/new_experiments/blocks/dfs_timeout=180s__300steps__03052026/evaluation_results/results_blocksworld_combined_timeout180s.csv
dfs_timeout=180s__300steps__03052026,180,1.0,03052026,PO_ROSAME,cleaned,0,7,25,1.0,0.0,0.0,benchmark/data/new_experiments/blocks/dfs_timeout=180s__300steps__03052026/evaluation_results/results_blocksworld_combined_timeout180s.csv
dfs_timeout=180s__300steps__03052026,180,1.0,03052026,PISAM,cleaned,4,7,25,1.0,0.0,0.0,benchmark/data/new_experiments/blocks/dfs_timeout=180s__300steps__03052026/evaluation_results/results_blocksworld_combined_timeout180s.csv
dfs_timeout=180s__300steps__03052026,180,1.0,03052026,PO_ROSAME,cleaned,4,7,25,1.0,0.0,0.0,benchmark/data/new_experiments/blocks/dfs_timeout=180s__300steps__03052026/evaluation_results/results_blocksworld_combined_timeout180s.csv
dfs_timeout=180s__300steps__03052026,180,1.0,03052026,PISAM,cleaned,3,7,25,1.0,0.0,0.0,benchmark/data/new_experiments/blocks/dfs_timeout=180s__300steps__03052026/evaluation_results/results_blocksworld_combined_timeout180s.csv
dfs_timeout=180s__300steps__03052026,180,1.0,03052026,PO_ROSAME,cleaned,3,7,25,1.0,0.0,0.0,benchmark/data/new_experiments/blocks/dfs_timeout=180s__300steps__03052026/evaluation_results/results_blocksworld_combined_timeout180s.csv
dfs_timeout=180s__300steps__03052026,180,1.0,03052026,PISAM,cleaned,2,7,25,1.0,0.0,0.0,benchmark/data/new_experiments/blocks/dfs_timeout=180s__300steps__03052026/evaluation_results/results_blocksworld_combined_timeout180s.csv
dfs_timeout=180s__300steps__03052026,180,1.0,03052026,PO_ROSAME,cleaned,2,7,25,0.0,0.0,1.0,benchmark/data/new_experiments/blocks/dfs_timeout=180s__300steps__03052026/evaluation_results/results_blocksworld_combined_timeout180s.csv
dfs_timeout=180s__300steps__03052026,180,1.0,03052026,PISAM,cleaned,1,7,25,1.0,0.0,0.0,benchmark/data/new_experiments/blocks/dfs_timeout=180s__300steps__03052026/evaluation_results/results_blocksworld_combined_timeout180s.csv
dfs_timeout=180s__300steps__03052026,180,1.0,03052026,PO_ROSAME,cleaned,1,7,25,1.0,0.0,0.0,benchmark/data/new_experiments/blocks/dfs_timeout=180s__300steps__03052026/evaluation_results/results_blocksworld_combined_timeout180s.csv
dfs_timeout=180s__300steps__03052026,180,1.0,03052026,PISAM,cleaned,0,7,50,1.0,0.0,0.0,benchmark/data/new_experiments/blocks/dfs_timeout=180s__300steps__03052026/evaluation_results/results_blocksworld_combined_timeout180s.csv
dfs_timeout=180s__300steps__03052026,180,1.0,03052026,PO_ROSAME,cleaned,0,7,50,1.0,0.0,0.0,benchmark/data/new_experiments/blocks/dfs_timeout=180s__300steps__03052026/evaluation_results/results_blocksworld_combined_timeout180s.csv
dfs_timeout=180s__300steps__03052026,180,1.0,03052026,PISAM,cleaned,4,7,50,1.0,0.0,0.0,benchmark/data/new_experiments/blocks/dfs_timeout=180s__300steps__03052026/evaluation_results/results_blocksworld_combined_timeout180s.csv
dfs_timeout=180s__300steps__03052026,180,1.0,03052026,PO_ROSAME,cleaned,4,7,50,1.0,0.0,0.0,benchmark/data/new_experiments/blocks/dfs_timeout=180s__300steps__03052026/evaluation_results/results_blocksworld_combined_timeout180s.csv
dfs_timeout=180s__300steps__03052026,180,1.0,03052026,PISAM,cleaned,2,7,50,1.0,0.0,0.0,benchmark/data/new_experiments/blocks/dfs_timeout=180s__300steps__03052026/evaluation_results/results_blocksworld_combined_timeout180s.csv
dfs_timeout=180s__300steps__03052026,180,1.0,03052026,PO_ROSAME,cleaned,2,7,50,0.0,0.0,1.0,benchmark/data/new_experiments/blocks/dfs_timeout=180s__300steps__03052026/evaluation_results/results_blocksworld_combined_timeout180s.csv
dfs_timeout=180s__300steps__03052026,180,1.0,03052026,PISAM,cleaned,3,7,50,1.0,0.0,0.0,benchmark/data/new_experiments/blocks/dfs_timeout=180s__300steps__03052026/evaluation_results/results_blocksworld_combined_timeout180s.csv
dfs_timeout=180s__300steps__03052026,180,1.0,03052026,PO_ROSAME,cleaned,3,7,50,1.0,0.0,0.0,benchmark/data/new_experiments/blocks/dfs_timeout=180s__300steps__03052026/evaluation_results/results_blocksworld_combined_timeout180s.csv
dfs_timeout=180s__300steps__03052026,180,1.0,03052026,PISAM,cleaned,1,7,50,1.0,0.0,0.0,benchmark/data/new_experiments/blocks/dfs_timeout=180s__300steps__03052026/evaluation_results/results_blocksworld_combined_timeout180s.csv
dfs_timeout=180s__300steps__03052026,180,1.0,03052026,PO_ROSAME,cleaned,1,7,50,1.0,0.0,0.0,benchmark/data/new_experiments/blocks/dfs_timeout=180s__300steps__03052026/evaluation_results/results_blocksworld_combined_timeout180s.csv
dfs_timeout=180s__300steps__03052026,180,1.0,03052026,PISAM,cleaned,0,7,75,1.0,0.0,0.0,benchmark/data/new_experiments/blocks/dfs_timeout=180s__300steps__03052026/evaluation_results/results_blocksworld_combined_timeout180s.csv
dfs_timeout=180s__300steps__03052026,180,1.0,03052026,PO_ROSAME,cleaned,0,7,75,1.0,0.0,0.0,benchmark/data/new_experiments/blocks/dfs_timeout=180s__300steps__03052026/evaluation_results/results_blocksworld_combined_timeout180s.csv
dfs_timeout=180s__300steps__03052026,180,1.0,03052026,PISAM,cleaned,2,7,75,1.0,0.0,0.0,benchmark/data/new_experiments/blocks/dfs_timeout=180s__300steps__03052026/evaluation_results/results_blocksworld_combined_timeout180s.csv
dfs_timeout=180s__300steps__03052026,180,1.0,03052026,PO_ROSAME,cleaned,2,7,75,0.0,0.0,1.0,benchmark/data/new_experiments/blocks/dfs_timeout=180s__300steps__03052026/evaluation_results/results_blocksworld_combined_timeout180s.csv
dfs_timeout=180s__300steps__03052026,180,1.0,03052026,PISAM,cleaned,4,7,75,1.0,0.0,0.0,benchmark/data/new_experiments/blocks/dfs_timeout=180s__300steps__03052026/evaluation_results/results_blocksworld_combined_timeout180s.csv
dfs_timeout=180s__300steps__03052026,180,1.0,03052026,PO_ROSAME,cleaned,4,7,75,1.0,0.0,0.0,benchmark/data/new_experiments/blocks/dfs_timeout=180s__300steps__03052026/evaluation_results/results_blocksworld_combined_timeout180s.csv
dfs_timeout=180s__300steps__03052026,180,1.0,03052026,PISAM,cleaned,3,7,75,1.0,0.0,0.0,benchmark/data/new_experiments/blocks/dfs_timeout=180s__300steps__03052026/evaluation_results/results_blocksworld_combined_timeout180s.csv
dfs_timeout=180s__300steps__03052026,180,1.0,03052026,PO_ROSAME,cleaned,3,7,75,1.0,0.0,0.0,benchmark/data/new_experiments/blocks/dfs_timeout=180s__300steps__03052026/evaluation_results/results_blocksworld_combined_timeout180s.csv
dfs_timeout=180s__300steps__03052026,180,1.0,03052026,PISAM,cleaned,1,7,75,1.0,0.0,0.0,benchmark/data/new_experiments/blocks/dfs_timeout=180s__300steps__03052026/evaluation_results/results_blocksworld_combined_timeout180s.csv
dfs_timeout=180s__300steps__03052026,180,1.0,03052026,PO_ROSAME,cleaned,1,7,75,1.0,0.0,0.0,benchmark/data/new_experiments/blocks/dfs_timeout=180s__300steps__03052026/evaluation_results/results_blocksworld_combined_timeout180s.csv
dfs_timeout=180s__300steps__03052026,180,1.0,03052026,PISAM,cleaned,3,7,100,1.0,0.0,0.0,benchmark/data/new_experiments/blocks/dfs_timeout=180s__300steps__03052026/evaluation_results/results_blocksworld_combined_timeout180s.csv
dfs_timeout=180s__300steps__03052026,180,1.0,03052026,PO_ROSAME,cleaned,3,7,100,1.0,0.0,0.0,benchmark/data/new_experiments/blocks/dfs_timeout=180s__300steps__03052026/evaluation_results/results_blocksworld_combined_timeout180s.csv
dfs_timeout=180s__300steps__03052026,180,1.0,03052026,PISAM,cleaned,0,7,100,1.0,0.0,0.0,benchmark/data/new_experiments/blocks/dfs_timeout=180s__300steps__03052026/evaluation_results/results_blocksworld_combined_timeout180s.csv
dfs_timeout=180s__300steps__03052026,180,1.0,03052026,PO_ROSAME,cleaned,0,7,100,1.0,0.0,0.0,benchmark/data/new_experiments/blocks/dfs_timeout=180s__300steps__03052026/evaluation_results/results_blocksworld_combined_timeout180s.csv
dfs_timeout=180s__300steps__03052026,180,1.0,03052026,PISAM,cleaned,1,7,100,1.0,0.0,0.0,benchmark/data/new_experiments/blocks/dfs_timeout=180s__300steps__03052026/evaluation_results/results_blocksworld_combined_timeout180s.csv
dfs_timeout=180s__300steps__03052026,180,1.0,03052026,PO_ROSAME,cleaned,1,7,100,1.0,0.0,0.0,benchmark/data/new_experiments/blocks/dfs_timeout=180s__300steps__03052026/evaluation_results/results_blocksworld_combined_timeout180s.csv
dfs_timeout=180s__300steps__03052026,180,1.0,03052026,PISAM,cleaned,2,7,100,1.0,0.0,0.0,benchmark/data/new_experiments/blocks/dfs_timeout=180s__300steps__03052026/evaluation_results/results_blocksworld_combined_timeout180s.csv
dfs_timeout=180s__300steps__03052026,180,1.0,03052026,PO_ROSAME,cleaned,2,7,100,0.0,0.0,1.0,benchmark/data/new_experiments/blocks/dfs_timeout=180s__300steps__03052026/evaluation_results/results_blocksworld_combined_timeout180s.csv
dfs_timeout=180s__300steps__03052026,180,1.0,03052026,PISAM,cleaned,4,7,100,1.0,0.0,0.0,benchmark/data/new_experiments/blocks/dfs_timeout=180s__300steps__03052026/evaluation_results/results_blocksworld_combined_timeout180s.csv
dfs_timeout=180s__300steps__03052026,180,1.0,03052026,PO_ROSAME,cleaned,4,7,100,1.0,0.0,0.0,benchmark/data/new_experiments/blocks/dfs_timeout=180s__300steps__03052026/evaluation_results/results_blocksworld_combined_timeout180s.csv
dfs_timeout=180s__300steps__03052026,180,1.0,03052026,PISAM,cleaned,1,8,0,0.0,1.0,0.0,benchmark/data/new_experiments/blocks/dfs_timeout=180s__300steps__03052026/evaluation_results/results_blocksworld_combined_timeout180s.csv
dfs_timeout=180s__300steps__03052026,180,1.0,03052026,PO_ROSAME,cleaned,1,8,0,0.0,0.5,0.5,benchmark/data/new_experiments/blocks/dfs_timeout=180s__300steps__03052026/evaluation_results/results_blocksworld_combined_timeout180s.csv
dfs_timeout=180s__300steps__03052026,180,1.0,03052026,PISAM,cleaned,0,8,0,0.0,1.0,0.0,benchmark/data/new_experiments/blocks/dfs_timeout=180s__300steps__03052026/evaluation_results/results_blocksworld_combined_timeout180s.csv
dfs_timeout=180s__300steps__03052026,180,1.0,03052026,PO_ROSAME,cleaned,0,8,0,1.0,0.0,0.0,benchmark/data/new_experiments/blocks/dfs_timeout=180s__300steps__03052026/evaluation_results/results_blocksworld_combined_timeout180s.csv
dfs_timeout=180s__300steps__03052026,180,1.0,03052026,PISAM,cleaned,2,8,0,0.0,0.0,1.0,benchmark/data/new_experiments/blocks/dfs_timeout=180s__300steps__03052026/evaluation_results/results_blocksworld_combined_timeout180s.csv
dfs_timeout=180s__300steps__03052026,180,1.0,03052026,PO_ROSAME,cleaned,2,8,0,0.0,0.0,0.0,benchmark/data/new_experiments/blocks/dfs_timeout=180s__300steps__03052026/evaluation_results/results_blocksworld_combined_timeout180s.csv
dfs_timeout=180s__300steps__03052026,180,1.0,03052026,PISAM,cleaned,4,8,0,0.0,0.0,1.0,benchmark/data/new_experiments/blocks/dfs_timeout=180s__300steps__03052026/evaluation_results/results_blocksworld_combined_timeout180s.csv
dfs_timeout=180s__300steps__03052026,180,1.0,03052026,PO_ROSAME,cleaned,4,8,0,0.0,1.0,0.0,benchmark/data/new_experiments/blocks/dfs_timeout=180s__300steps__03052026/evaluation_results/results_blocksworld_combined_timeout180s.csv
dfs_timeout=180s__300steps__03052026,180,1.0,03052026,PISAM,cleaned,3,8,0,0.0,1.0,0.0,benchmark/data/new_experiments/blocks/dfs_timeout=180s__300steps__03052026/evaluation_results/results_blocksworld_combined_timeout180s.csv
dfs_timeout=180s__300steps__03052026,180,1.0,03052026,PO_ROSAME,cleaned,3,8,0,0.0,0.0,0.0,benchmark/data/new_experiments/blocks/dfs_timeout=180s__300steps__03052026/evaluation_results/results_blocksworld_combined_timeout180s.csv
dfs_timeout=180s__300steps__03052026,180,1.0,03052026,PISAM,cleaned,2,8,10,1.0,0.0,0.0,benchmark/data/new_experiments/blocks/dfs_timeout=180s__300steps__03052026/evaluation_results/results_blocksworld_combined_timeout180s.csv
dfs_timeout=180s__300steps__03052026,180,1.0,03052026,PO_ROSAME,cleaned,2,8,10,0.0,0.0,0.0,benchmark/data/new_experiments/blocks/dfs_timeout=180s__300steps__03052026/evaluation_results/results_blocksworld_combined_timeout180s.csv
dfs_timeout=180s__300steps__03052026,180,1.0,03052026,PISAM,cleaned,3,8,10,1.0,0.0,0.0,benchmark/data/new_experiments/blocks/dfs_timeout=180s__300steps__03052026/evaluation_results/results_blocksworld_combined_timeout180s.csv
dfs_timeout=180s__300steps__03052026,180,1.0,03052026,PO_ROSAME,cleaned,3,8,10,0.5,0.0,0.5,benchmark/data/new_experiments/blocks/dfs_timeout=180s__300steps__03052026/evaluation_results/results_blocksworld_combined_timeout180s.csv
dfs_timeout=180s__300steps__03052026,180,1.0,03052026,PISAM,cleaned,0,8,10,1.0,0.0,0.0,benchmark/data/new_experiments/blocks/dfs_timeout=180s__300steps__03052026/evaluation_results/results_blocksworld_combined_timeout180s.csv
dfs_timeout=180s__300steps__03052026,180,1.0,03052026,PO_ROSAME,cleaned,0,8,10,1.0,0.0,0.0,benchmark/data/new_experiments/blocks/dfs_timeout=180s__300steps__03052026/evaluation_results/results_blocksworld_combined_timeout180s.csv
dfs_timeout=180s__300steps__03052026,180,1.0,03052026,PISAM,cleaned,1,8,10,1.0,0.0,0.0,benchmark/data/new_experiments/blocks/dfs_timeout=180s__300steps__03052026/evaluation_results/results_blocksworld_combined_timeout180s.csv
dfs_timeout=180s__300steps__03052026,180,1.0,03052026,PO_ROSAME,cleaned,1,8,10,1.0,0.0,0.0,benchmark/data/new_experiments/blocks/dfs_timeout=180s__300steps__03052026/evaluation_results/results_blocksworld_combined_timeout180s.csv
dfs_timeout=180s__300steps__03052026,180,1.0,03052026,PISAM,cleaned,4,8,10,1.0,0.0,0.0,benchmark/data/new_experiments/blocks/dfs_timeout=180s__300steps__03052026/evaluation_results/results_blocksworld_combined_timeout180s.csv
dfs_timeout=180s__300steps__03052026,180,1.0,03052026,PO_ROSAME,cleaned,4,8,10,0.0,0.0,0.0,benchmark/data/new_experiments/blocks/dfs_timeout=180s__300steps__03052026/evaluation_results/results_blocksworld_combined_timeout180s.csv
dfs_timeout=180s__300steps__03052026,180,1.0,03052026,PISAM,cleaned,0,8,25,1.0,0.0,0.0,benchmark/data/new_experiments/blocks/dfs_timeout=180s__300steps__03052026/evaluation_results/results_blocksworld_combined_timeout180s.csv
dfs_timeout=180s__300steps__03052026,180,1.0,03052026,PO_ROSAME,cleaned,0,8,25,1.0,0.0,0.0,benchmark/data/new_experiments/blocks/dfs_timeout=180s__300steps__03052026/evaluation_results/results_blocksworld_combined_timeout180s.csv
dfs_timeout=180s__300steps__03052026,180,1.0,03052026,PISAM,cleaned,1,8,25,1.0,0.0,0.0,benchmark/data/new_experiments/blocks/dfs_timeout=180s__300steps__03052026/evaluation_results/results_blocksworld_combined_timeout180s.csv
dfs_timeout=180s__300steps__03052026,180,1.0,03052026,PO_ROSAME,cleaned,1,8,25,1.0,0.0,0.0,benchmark/data/new_experiments/blocks/dfs_timeout=180s__300steps__03052026/evaluation_results/results_blocksworld_combined_timeout180s.csv
dfs_timeout=180s__300steps__03052026,180,1.0,03052026,PISAM,cleaned,2,8,25,1.0,0.0,0.0,benchmark/data/new_experiments/blocks/dfs_timeout=180s__300steps__03052026/evaluation_results/results_blocksworld_combined_timeout180s.csv
dfs_timeout=180s__300steps__03052026,180,1.0,03052026,PO_ROSAME,cleaned,2,8,25,0.0,0.0,0.0,benchmark/data/new_experiments/blocks/dfs_timeout=180s__300steps__03052026/evaluation_results/results_blocksworld_combined_timeout180s.csv
dfs_timeout=180s__300steps__03052026,180,1.0,03052026,PISAM,cleaned,4,8,25,1.0,0.0,0.0,benchmark/data/new_experiments/blocks/dfs_timeout=180s__300steps__03052026/evaluation_results/results_blocksworld_combined_timeout180s.csv
dfs_timeout=180s__300steps__03052026,180,1.0,03052026,PO_ROSAME,cleaned,4,8,25,0.0,0.0,0.0,benchmark/data/new_experiments/blocks/dfs_timeout=180s__300steps__03052026/evaluation_results/results_blocksworld_combined_timeout180s.csv
dfs_timeout=180s__300steps__03052026,180,1.0,03052026,PISAM,cleaned,3,8,25,1.0,0.0,0.0,benchmark/data/new_experiments/blocks/dfs_timeout=180s__300steps__03052026/evaluation_results/results_blocksworld_combined_timeout180s.csv
dfs_timeout=180s__300steps__03052026,180,1.0,03052026,PO_ROSAME,cleaned,3,8,25,0.0,1.0,0.0,benchmark/data/new_experiments/blocks/dfs_timeout=180s__300steps__03052026/evaluation_results/results_blocksworld_combined_timeout180s.csv
dfs_timeout=180s__300steps__03052026,180,1.0,03052026,PISAM,cleaned,4,8,50,1.0,0.0,0.0,benchmark/data/new_experiments/blocks/dfs_timeout=180s__300steps__03052026/evaluation_results/results_blocksworld_combined_timeout180s.csv
dfs_timeout=180s__300steps__03052026,180,1.0,03052026,PO_ROSAME,cleaned,4,8,50,0.0,0.0,0.0,benchmark/data/new_experiments/blocks/dfs_timeout=180s__300steps__03052026/evaluation_results/results_blocksworld_combined_timeout180s.csv
dfs_timeout=180s__300steps__03052026,180,1.0,03052026,PISAM,cleaned,2,8,50,1.0,0.0,0.0,benchmark/data/new_experiments/blocks/dfs_timeout=180s__300steps__03052026/evaluation_results/results_blocksworld_combined_timeout180s.csv
dfs_timeout=180s__300steps__03052026,180,1.0,03052026,PO_ROSAME,cleaned,2,8,50,0.0,1.0,0.0,benchmark/data/new_experiments/blocks/dfs_timeout=180s__300steps__03052026/evaluation_results/results_blocksworld_combined_timeout180s.csv
dfs_timeout=180s__300steps__03052026,180,1.0,03052026,PISAM,cleaned,1,8,50,1.0,0.0,0.0,benchmark/data/new_experiments/blocks/dfs_timeout=180s__300steps__03052026/evaluation_results/results_blocksworld_combined_timeout180s.csv
dfs_timeout=180s__300steps__03052026,180,1.0,03052026,PO_ROSAME,cleaned,1,8,50,1.0,0.0,0.0,benchmark/data/new_experiments/blocks/dfs_timeout=180s__300steps__03052026/evaluation_results/results_blocksworld_combined_timeout180s.csv
dfs_timeout=180s__300steps__03052026,180,1.0,03052026,PISAM,cleaned,0,8,50,1.0,0.0,0.0,benchmark/data/new_experiments/blocks/dfs_timeout=180s__300steps__03052026/evaluation_results/results_blocksworld_combined_timeout180s.csv
dfs_timeout=180s__300steps__03052026,180,1.0,03052026,PO_ROSAME,cleaned,0,8,50,1.0,0.0,0.0,benchmark/data/new_experiments/blocks/dfs_timeout=180s__300steps__03052026/evaluation_results/results_blocksworld_combined_timeout180s.csv
dfs_timeout=180s__300steps__03052026,180,1.0,03052026,PISAM,cleaned,3,8,50,1.0,0.0,0.0,benchmark/data/new_experiments/blocks/dfs_timeout=180s__300steps__03052026/evaluation_results/results_blocksworld_combined_timeout180s.csv
dfs_timeout=180s__300steps__03052026,180,1.0,03052026,PO_ROSAME,cleaned,3,8,50,0.0,0.0,0.0,benchmark/data/new_experiments/blocks/dfs_timeout=180s__300steps__03052026/evaluation_results/results_blocksworld_combined_timeout180s.csv
dfs_timeout=180s__300steps__03052026,180,1.0,03052026,PISAM,cleaned,3,8,75,1.0,0.0,0.0,benchmark/data/new_experiments/blocks/dfs_timeout=180s__300steps__03052026/evaluation_results/results_blocksworld_combined_timeout180s.csv
dfs_timeout=180s__300steps__03052026,180,1.0,03052026,PO_ROSAME,cleaned,3,8,75,0.0,0.0,0.0,benchmark/data/new_experiments/blocks/dfs_timeout=180s__300steps__03052026/evaluation_results/results_blocksworld_combined_timeout180s.csv
dfs_timeout=180s__300steps__03052026,180,1.0,03052026,PISAM,cleaned,0,8,75,1.0,0.0,0.0,benchmark/data/new_experiments/blocks/dfs_timeout=180s__300steps__03052026/evaluation_results/results_blocksworld_combined_timeout180s.csv
dfs_timeout=180s__300steps__03052026,180,1.0,03052026,PO_ROSAME,cleaned,0,8,75,1.0,0.0,0.0,benchmark/data/new_experiments/blocks/dfs_timeout=180s__300steps__03052026/evaluation_results/results_blocksworld_combined_timeout180s.csv
dfs_timeout=180s__300steps__03052026,180,1.0,03052026,PISAM,cleaned,2,8,75,1.0,0.0,0.0,benchmark/data/new_experiments/blocks/dfs_timeout=180s__300steps__03052026/evaluation_results/results_blocksworld_combined_timeout180s.csv
dfs_timeout=180s__300steps__03052026,180,1.0,03052026,PO_ROSAME,cleaned,2,8,75,0.0,0.0,0.0,benchmark/data/new_experiments/blocks/dfs_timeout=180s__300steps__03052026/evaluation_results/results_blocksworld_combined_timeout180s.csv
dfs_timeout=180s__300steps__03052026,180,1.0,03052026,PISAM,cleaned,1,8,75,1.0,0.0,0.0,benchmark/data/new_experiments/blocks/dfs_timeout=180s__300steps__03052026/evaluation_results/results_blocksworld_combined_timeout180s.csv
dfs_timeout=180s__300steps__03052026,180,1.0,03052026,PO_ROSAME,cleaned,1,8,75,1.0,0.0,0.0,benchmark/data/new_experiments/blocks/dfs_timeout=180s__300steps__03052026/evaluation_results/results_blocksworld_combined_timeout180s.csv
dfs_timeout=180s__300steps__03052026,180,1.0,03052026,PISAM,cleaned,4,8,75,1.0,0.0,0.0,benchmark/data/new_experiments/blocks/dfs_timeout=180s__300steps__03052026/evaluation_results/results_blocksworld_combined_timeout180s.csv
dfs_timeout=180s__300steps__03052026,180,1.0,03052026,PO_ROSAME,cleaned,4,8,75,0.5,0.0,0.5,benchmark/data/new_experiments/blocks/dfs_timeout=180s__300steps__03052026/evaluation_results/results_blocksworld_combined_timeout180s.csv
dfs_timeout=180s__300steps__03052026,180,1.0,03052026,PISAM,cleaned,0,8,100,1.0,0.0,0.0,benchmark/data/new_experiments/blocks/dfs_timeout=180s__300steps__03052026/evaluation_results/results_blocksworld_combined_timeout180s.csv
dfs_timeout=180s__300steps__03052026,180,1.0,03052026,PO_ROSAME,cleaned,0,8,100,1.0,0.0,0.0,benchmark/data/new_experiments/blocks/dfs_timeout=180s__300steps__03052026/evaluation_results/results_blocksworld_combined_timeout180s.csv
dfs_timeout=180s__300steps__03052026,180,1.0,03052026,PISAM,cleaned,3,8,100,1.0,0.0,0.0,benchmark/data/new_experiments/blocks/dfs_timeout=180s__300steps__03052026/evaluation_results/results_blocksworld_combined_timeout180s.csv
dfs_timeout=180s__300steps__03052026,180,1.0,03052026,PO_ROSAME,cleaned,3,8,100,0.0,0.0,0.0,benchmark/data/new_experiments/blocks/dfs_timeout=180s__300steps__03052026/evaluation_results/results_blocksworld_combined_timeout180s.csv
dfs_timeout=180s__300steps__03052026,180,1.0,03052026,PISAM,cleaned,1,8,100,1.0,0.0,0.0,benchmark/data/new_experiments/blocks/dfs_timeout=180s__300steps__03052026/evaluation_results/results_blocksworld_combined_timeout180s.csv
dfs_timeout=180s__300steps__03052026,180,1.0,03052026,PO_ROSAME,cleaned,1,8,100,1.0,0.0,0.0,benchmark/data/new_experiments/blocks/dfs_timeout=180s__300steps__03052026/evaluation_results/results_blocksworld_combined_timeout180s.csv
dfs_timeout=180s__300steps__03052026,180,1.0,03052026,PISAM,cleaned,2,8,100,1.0,0.0,0.0,benchmark/data/new_experiments/blocks/dfs_timeout=180s__300steps__03052026/evaluation_results/results_blocksworld_combined_timeout180s.csv
dfs_timeout=180s__300steps__03052026,180,1.0,03052026,PO_ROSAME,cleaned,2,8,100,0.0,0.0,0.0,benchmark/data/new_experiments/blocks/dfs_timeout=180s__300steps__03052026/evaluation_results/results_blocksworld_combined_timeout180s.csv
dfs_timeout=180s__300steps__03052026,180,1.0,03052026,PISAM,cleaned,4,8,100,1.0,0.0,0.0,benchmark/data/new_experiments/blocks/dfs_timeout=180s__300steps__03052026/evaluation_results/results_blocksworld_combined_timeout180s.csv
dfs_timeout=180s__300steps__03052026,180,1.0,03052026,PO_ROSAME,cleaned,4,8,100,0.0,0.0,0.0,benchmark/data/new_experiments/blocks/dfs_timeout=180s__300steps__03052026/evaluation_results/results_blocksworld_combined_timeout180s.csv
dfs_timeout=180s__300steps__28042026,180,0.0,28042026,PISAM,unclean,0,1,0,0.0,0.0,1.0,benchmark/data/new_experiments/blocks/dfs_timeout=180s__300steps__28042026/evaluation_results/results_blocksworld_combined_timeout180s.csv
dfs_timeout=180s__300steps__28042026,180,0.0,28042026,PO_ROSAME,unclean,0,1,0,0.0,0.0,1.0,benchmark/data/new_experiments/blocks/dfs_timeout=180s__300steps__28042026/evaluation_results/results_blocksworld_combined_timeout180s.csv
dfs_timeout=180s__300steps__28042026,180,0.0,28042026,PISAM,unclean,2,1,0,1.0,0.0,0.0,benchmark/data/new_experiments/blocks/dfs_timeout=180s__300steps__28042026/evaluation_results/results_blocksworld_combined_timeout180s.csv
dfs_timeout=180s__300steps__28042026,180,0.0,28042026,PO_ROSAME,unclean,2,1,0,0.0,0.0,1.0,benchmark/data/new_experiments/blocks/dfs_timeout=180s__300steps__28042026/evaluation_results/results_blocksworld_combined_timeout180s.csv
dfs_timeout=180s__300steps__28042026,180,0.0,28042026,PISAM,unclean,1,1,0,0.0,1.0,0.0,benchmark/data/new_experiments/blocks/dfs_timeout=180s__300steps__28042026/evaluation_results/results_blocksworld_combined_timeout180s.csv
dfs_timeout=180s__300steps__28042026,180,0.0,28042026,PO_ROSAME,unclean,1,1,0,0.5,0.0,0.5,benchmark/data/new_experiments/blocks/dfs_timeout=180s__300steps__28042026/evaluation_results/results_blocksworld_combined_timeout180s.csv
dfs_timeout=180s__300steps__28042026,180,0.0,28042026,PISAM,unclean,4,1,0,1.0,0.0,0.0,benchmark/data/new_experiments/blocks/dfs_timeout=180s__300steps__28042026/evaluation_results/results_blocksworld_combined_timeout180s.csv
dfs_timeout=180s__300steps__28042026,180,0.0,28042026,PO_ROSAME,unclean,4,1,0,0.0,0.0,1.0,benchmark/data/new_experiments/blocks/dfs_timeout=180s__300steps__28042026/evaluation_results/results_blocksworld_combined_timeout180s.csv
dfs_timeout=180s__300steps__28042026,180,0.0,28042026,PISAM,unclean,3,1,0,0.0,1.0,0.0,benchmark/data/new_experiments/blocks/dfs_timeout=180s__300steps__28042026/evaluation_results/results_blocksworld_combined_timeout180s.csv
dfs_timeout=180s__300steps__28042026,180,0.0,28042026,PO_ROSAME,unclean,3,1,0,0.0,0.0,1.0,benchmark/data/new_experiments/blocks/dfs_timeout=180s__300steps__28042026/evaluation_results/results_blocksworld_combined_timeout180s.csv
dfs_timeout=180s__300steps__28042026,180,0.0,28042026,PISAM,unclean,2,1,10,1.0,0.0,0.0,benchmark/data/new_experiments/blocks/dfs_timeout=180s__300steps__28042026/evaluation_results/results_blocksworld_combined_timeout180s.csv
dfs_timeout=180s__300steps__28042026,180,0.0,28042026,PO_ROSAME,unclean,2,1,10,1.0,0.0,0.0,benchmark/data/new_experiments/blocks/dfs_timeout=180s__300steps__28042026/evaluation_results/results_blocksworld_combined_timeout180s.csv
dfs_timeout=180s__300steps__28042026,180,0.0,28042026,PISAM,unclean,0,1,10,1.0,0.0,0.0,benchmark/data/new_experiments/blocks/dfs_timeout=180s__300steps__28042026/evaluation_results/results_blocksworld_combined_timeout180s.csv
dfs_timeout=180s__300steps__28042026,180,0.0,28042026,PO_ROSAME,unclean,0,1,10,1.0,0.0,0.0,benchmark/data/new_experiments/blocks/dfs_timeout=180s__300steps__28042026/evaluation_results/results_blocksworld_combined_timeout180s.csv
dfs_timeout=180s__300steps__28042026,180,0.0,28042026,PISAM,unclean,4,1,10,1.0,0.0,0.0,benchmark/data/new_experiments/blocks/dfs_timeout=180s__300steps__28042026/evaluation_results/results_blocksworld_combined_timeout180s.csv
dfs_timeout=180s__300steps__28042026,180,0.0,28042026,PO_ROSAME,unclean,4,1,10,1.0,0.0,0.0,benchmark/data/new_experiments/blocks/dfs_timeout=180s__300steps__28042026/evaluation_results/results_blocksworld_combined_timeout180s.csv
dfs_timeout=180s__300steps__28042026,180,0.0,28042026,PISAM,unclean,3,1,10,1.0,0.0,0.0,benchmark/data/new_experiments/blocks/dfs_timeout=180s__300steps__28042026/evaluation_results/results_blocksworld_combined_timeout180s.csv
dfs_timeout=180s__300steps__28042026,180,0.0,28042026,PO_ROSAME,unclean,3,1,10,1.0,0.0,0.0,benchmark/data/new_experiments/blocks/dfs_timeout=180s__300steps__28042026/evaluation_results/results_blocksworld_combined_timeout180s.csv
dfs_timeout=180s__300steps__28042026,180,0.0,28042026,PISAM,unclean,1,1,10,1.0,0.0,0.0,benchmark/data/new_experiments/blocks/dfs_timeout=180s__300steps__28042026/evaluation_results/results_blocksworld_combined_timeout180s.csv
dfs_timeout=180s__300steps__28042026,180,0.0,28042026,PO_ROSAME,unclean,1,1,10,1.0,0.0,0.0,benchmark/data/new_experiments/blocks/dfs_timeout=180s__300steps__28042026/evaluation_results/results_blocksworld_combined_timeout180s.csv
dfs_timeout=180s__300steps__28042026,180,0.0,28042026,PISAM,unclean,4,1,25,1.0,0.0,0.0,benchmark/data/new_experiments/blocks/dfs_timeout=180s__300steps__28042026/evaluation_results/results_blocksworld_combined_timeout180s.csv
dfs_timeout=180s__300steps__28042026,180,0.0,28042026,PO_ROSAME,unclean,4,1,25,1.0,0.0,0.0,benchmark/data/new_experiments/blocks/dfs_timeout=180s__300steps__28042026/evaluation_results/results_blocksworld_combined_timeout180s.csv
dfs_timeout=180s__300steps__28042026,180,0.0,28042026,PISAM,unclean,2,1,25,1.0,0.0,0.0,benchmark/data/new_experiments/blocks/dfs_timeout=180s__300steps__28042026/evaluation_results/results_blocksworld_combined_timeout180s.csv
dfs_timeout=180s__300steps__28042026,180,0.0,28042026,PO_ROSAME,unclean,2,1,25,1.0,0.0,0.0,benchmark/data/new_experiments/blocks/dfs_timeout=180s__300steps__28042026/evaluation_results/results_blocksworld_combined_timeout180s.csv
dfs_timeout=180s__300steps__28042026,180,0.0,28042026,PISAM,unclean,0,1,25,1.0,0.0,0.0,benchmark/data/new_experiments/blocks/dfs_timeout=180s__300steps__28042026/evaluation_results/results_blocksworld_combined_timeout180s.csv
dfs_timeout=180s__300steps__28042026,180,0.0,28042026,PO_ROSAME,unclean,0,1,25,1.0,0.0,0.0,benchmark/data/new_experiments/blocks/dfs_timeout=180s__300steps__28042026/evaluation_results/results_blocksworld_combined_timeout180s.csv
dfs_timeout=180s__300steps__28042026,180,0.0,28042026,PISAM,unclean,3,1,25,1.0,0.0,0.0,benchmark/data/new_experiments/blocks/dfs_timeout=180s__300steps__28042026/evaluation_results/results_blocksworld_combined_timeout180s.csv
dfs_timeout=180s__300steps__28042026,180,0.0,28042026,PO_ROSAME,unclean,3,1,25,1.0,0.0,0.0,benchmark/data/new_experiments/blocks/dfs_timeout=180s__300steps__28042026/evaluation_results/results_blocksworld_combined_timeout180s.csv
dfs_timeout=180s__300steps__28042026,180,0.0,28042026,PISAM,unclean,1,1,25,1.0,0.0,0.0,benchmark/data/new_experiments/blocks/dfs_timeout=180s__300steps__28042026/evaluation_results/results_blocksworld_combined_timeout180s.csv
dfs_timeout=180s__300steps__28042026,180,0.0,28042026,PO_ROSAME,unclean,1,1,25,1.0,0.0,0.0,benchmark/data/new_experiments/blocks/dfs_timeout=180s__300steps__28042026/evaluation_results/results_blocksworld_combined_timeout180s.csv
dfs_timeout=180s__300steps__28042026,180,0.0,28042026,PISAM,unclean,2,1,50,1.0,0.0,0.0,benchmark/data/new_experiments/blocks/dfs_timeout=180s__300steps__28042026/evaluation_results/results_blocksworld_combined_timeout180s.csv
dfs_timeout=180s__300steps__28042026,180,0.0,28042026,PO_ROSAME,unclean,2,1,50,1.0,0.0,0.0,benchmark/data/new_experiments/blocks/dfs_timeout=180s__300steps__28042026/evaluation_results/results_blocksworld_combined_timeout180s.csv
dfs_timeout=180s__300steps__28042026,180,0.0,28042026,PISAM,unclean,0,1,50,1.0,0.0,0.0,benchmark/data/new_experiments/blocks/dfs_timeout=180s__300steps__28042026/evaluation_results/results_blocksworld_combined_timeout180s.csv
dfs_timeout=180s__300steps__28042026,180,0.0,28042026,PO_ROSAME,unclean,0,1,50,1.0,0.0,0.0,benchmark/data/new_experiments/blocks/dfs_timeout=180s__300steps__28042026/evaluation_results/results_blocksworld_combined_timeout180s.csv
dfs_timeout=180s__300steps__28042026,180,0.0,28042026,PISAM,unclean,4,1,50,1.0,0.0,0.0,benchmark/data/new_experiments/blocks/dfs_timeout=180s__300steps__28042026/evaluation_results/results_blocksworld_combined_timeout180s.csv
dfs_timeout=180s__300steps__28042026,180,0.0,28042026,PO_ROSAME,unclean,4,1,50,1.0,0.0,0.0,benchmark/data/new_experiments/blocks/dfs_timeout=180s__300steps__28042026/evaluation_results/results_blocksworld_combined_timeout180s.csv
dfs_timeout=180s__300steps__28042026,180,0.0,28042026,PISAM,unclean,1,1,50,1.0,0.0,0.0,benchmark/data/new_experiments/blocks/dfs_timeout=180s__300steps__28042026/evaluation_results/results_blocksworld_combined_timeout180s.csv
dfs_timeout=180s__300steps__28042026,180,0.0,28042026,PO_ROSAME,unclean,1,1,50,1.0,0.0,0.0,benchmark/data/new_experiments/blocks/dfs_timeout=180s__300steps__28042026/evaluation_results/results_blocksworld_combined_timeout180s.csv
dfs_timeout=180s__300steps__28042026,180,0.0,28042026,PISAM,unclean,3,1,50,1.0,0.0,0.0,benchmark/data/new_experiments/blocks/dfs_timeout=180s__300steps__28042026/evaluation_results/results_blocksworld_combined_timeout180s.csv
dfs_timeout=180s__300steps__28042026,180,0.0,28042026,PO_ROSAME,unclean,3,1,50,1.0,0.0,0.0,benchmark/data/new_experiments/blocks/dfs_timeout=180s__300steps__28042026/evaluation_results/results_blocksworld_combined_timeout180s.csv
dfs_timeout=180s__300steps__28042026,180,0.0,28042026,PISAM,unclean,4,1,75,1.0,0.0,0.0,benchmark/data/new_experiments/blocks/dfs_timeout=180s__300steps__28042026/evaluation_results/results_blocksworld_combined_timeout180s.csv
dfs_timeout=180s__300steps__28042026,180,0.0,28042026,PO_ROSAME,unclean,4,1,75,1.0,0.0,0.0,benchmark/data/new_experiments/blocks/dfs_timeout=180s__300steps__28042026/evaluation_results/results_blocksworld_combined_timeout180s.csv
dfs_timeout=180s__300steps__28042026,180,0.0,28042026,PISAM,unclean,1,1,75,1.0,0.0,0.0,benchmark/data/new_experiments/blocks/dfs_timeout=180s__300steps__28042026/evaluation_results/results_blocksworld_combined_timeout180s.csv
dfs_timeout=180s__300steps__28042026,180,0.0,28042026,PO_ROSAME,unclean,1,1,75,1.0,0.0,0.0,benchmark/data/new_experiments/blocks/dfs_timeout=180s__300steps__28042026/evaluation_results/results_blocksworld_combined_timeout180s.csv
dfs_timeout=180s__300steps__28042026,180,0.0,28042026,PISAM,unclean,0,1,75,1.0,0.0,0.0,benchmark/data/new_experiments/blocks/dfs_timeout=180s__300steps__28042026/evaluation_results/results_blocksworld_combined_timeout180s.csv
dfs_timeout=180s__300steps__28042026,180,0.0,28042026,PO_ROSAME,unclean,0,1,75,1.0,0.0,0.0,benchmark/data/new_experiments/blocks/dfs_timeout=180s__300steps__28042026/evaluation_results/results_blocksworld_combined_timeout180s.csv
dfs_timeout=180s__300steps__28042026,180,0.0,28042026,PISAM,unclean,3,1,75,1.0,0.0,0.0,benchmark/data/new_experiments/blocks/dfs_timeout=180s__300steps__28042026/evaluation_results/results_blocksworld_combined_timeout180s.csv
dfs_timeout=180s__300steps__28042026,180,0.0,28042026,PO_ROSAME,unclean,3,1,75,1.0,0.0,0.0,benchmark/data/new_experiments/blocks/dfs_timeout=180s__300steps__28042026/evaluation_results/results_blocksworld_combined_timeout180s.csv
dfs_timeout=180s__300steps__28042026,180,0.0,28042026,PISAM,unclean,2,1,75,1.0,0.0,0.0,benchmark/data/new_experiments/blocks/dfs_timeout=180s__300steps__28042026/evaluation_results/results_blocksworld_combined_timeout180s.csv
dfs_timeout=180s__300steps__28042026,180,0.0,28042026,PO_ROSAME,unclean,2,1,75,1.0,0.0,0.0,benchmark/data/new_experiments/blocks/dfs_timeout=180s__300steps__28042026/evaluation_results/results_blocksworld_combined_timeout180s.csv
dfs_timeout=180s__300steps__28042026,180,0.0,28042026,PISAM,unclean,2,1,100,1.0,0.0,0.0,benchmark/data/new_experiments/blocks/dfs_timeout=180s__300steps__28042026/evaluation_results/results_blocksworld_combined_timeout180s.csv
dfs_timeout=180s__300steps__28042026,180,0.0,28042026,PO_ROSAME,unclean,2,1,100,1.0,0.0,0.0,benchmark/data/new_experiments/blocks/dfs_timeout=180s__300steps__28042026/evaluation_results/results_blocksworld_combined_timeout180s.csv
dfs_timeout=180s__300steps__28042026,180,0.0,28042026,PISAM,unclean,1,1,100,1.0,0.0,0.0,benchmark/data/new_experiments/blocks/dfs_timeout=180s__300steps__28042026/evaluation_results/results_blocksworld_combined_timeout180s.csv
dfs_timeout=180s__300steps__28042026,180,0.0,28042026,PO_ROSAME,unclean,1,1,100,1.0,0.0,0.0,benchmark/data/new_experiments/blocks/dfs_timeout=180s__300steps__28042026/evaluation_results/results_blocksworld_combined_timeout180s.csv
dfs_timeout=180s__300steps__28042026,180,0.0,28042026,PISAM,unclean,0,1,100,1.0,0.0,0.0,benchmark/data/new_experiments/blocks/dfs_timeout=180s__300steps__28042026/evaluation_results/results_blocksworld_combined_timeout180s.csv
dfs_timeout=180s__300steps__28042026,180,0.0,28042026,PO_ROSAME,unclean,0,1,100,1.0,0.0,0.0,benchmark/data/new_experiments/blocks/dfs_timeout=180s__300steps__28042026/evaluation_results/results_blocksworld_combined_timeout180s.csv
dfs_timeout=180s__300steps__28042026,180,0.0,28042026,PISAM,unclean,4,1,100,1.0,0.0,0.0,benchmark/data/new_experiments/blocks/dfs_timeout=180s__300steps__28042026/evaluation_results/results_blocksworld_combined_timeout180s.csv
dfs_timeout=180s__300steps__28042026,180,0.0,28042026,PO_ROSAME,unclean,4,1,100,1.0,0.0,0.0,benchmark/data/new_experiments/blocks/dfs_timeout=180s__300steps__28042026/evaluation_results/results_blocksworld_combined_timeout180s.csv
dfs_timeout=180s__300steps__28042026,180,0.0,28042026,PISAM,unclean,3,1,100,1.0,0.0,0.0,benchmark/data/new_experiments/blocks/dfs_timeout=180s__300steps__28042026/evaluation_results/results_blocksworld_combined_timeout180s.csv
dfs_timeout=180s__300steps__28042026,180,0.0,28042026,PO_ROSAME,unclean,3,1,100,1.0,0.0,0.0,benchmark/data/new_experiments/blocks/dfs_timeout=180s__300steps__28042026/evaluation_results/results_blocksworld_combined_timeout180s.csv
dfs_timeout=180s__300steps__28042026,180,0.0,28042026,PISAM,unclean,2,2,0,0.0,1.0,0.0,benchmark/data/new_experiments/blocks/dfs_timeout=180s__300steps__28042026/evaluation_results/results_blocksworld_combined_timeout180s.csv
dfs_timeout=180s__300steps__28042026,180,0.0,28042026,PO_ROSAME,unclean,2,2,0,0.0,0.0,1.0,benchmark/data/new_experiments/blocks/dfs_timeout=180s__300steps__28042026/evaluation_results/results_blocksworld_combined_timeout180s.csv
dfs_timeout=180s__300steps__28042026,180,0.0,28042026,PISAM,unclean,4,2,0,0.0,1.0,0.0,benchmark/data/new_experiments/blocks/dfs_timeout=180s__300steps__28042026/evaluation_results/results_blocksworld_combined_timeout180s.csv
dfs_timeout=180s__300steps__28042026,180,0.0,28042026,PO_ROSAME,unclean,4,2,0,0.0,1.0,0.0,benchmark/data/new_experiments/blocks/dfs_timeout=180s__300steps__28042026/evaluation_results/results_blocksworld_combined_timeout180s.csv
dfs_timeout=180s__300steps__28042026,180,0.0,28042026,PISAM,unclean,3,2,0,0.0,1.0,0.0,benchmark/data/new_experiments/blocks/dfs_timeout=180s__300steps__28042026/evaluation_results/results_blocksworld_combined_timeout180s.csv
dfs_timeout=180s__300steps__28042026,180,0.0,28042026,PO_ROSAME,unclean,3,2,0,0.0,0.0,1.0,benchmark/data/new_experiments/blocks/dfs_timeout=180s__300steps__28042026/evaluation_results/results_blocksworld_combined_timeout180s.csv
dfs_timeout=180s__300steps__28042026,180,0.0,28042026,PISAM,unclean,0,2,0,0.5,0.5,0.0,benchmark/data/new_experiments/blocks/dfs_timeout=180s__300steps__28042026/evaluation_results/results_blocksworld_combined_timeout180s.csv
dfs_timeout=180s__300steps__28042026,180,0.0,28042026,PO_ROSAME,unclean,0,2,0,0.0,0.0,1.0,benchmark/data/new_experiments/blocks/dfs_timeout=180s__300steps__28042026/evaluation_results/results_blocksworld_combined_timeout180s.csv
dfs_timeout=180s__300steps__28042026,180,0.0,28042026,PISAM,unclean,1,2,0,0.0,1.0,0.0,benchmark/data/new_experiments/blocks/dfs_timeout=180s__300steps__28042026/evaluation_results/results_blocksworld_combined_timeout180s.csv
dfs_timeout=180s__300steps__28042026,180,0.0,28042026,PO_ROSAME,unclean,1,2,0,0.0,1.0,0.0,benchmark/data/new_experiments/blocks/dfs_timeout=180s__300steps__28042026/evaluation_results/results_blocksworld_combined_timeout180s.csv
dfs_timeout=180s__300steps__28042026,180,0.0,28042026,PISAM,unclean,3,2,10,1.0,0.0,0.0,benchmark/data/new_experiments/blocks/dfs_timeout=180s__300steps__28042026/evaluation_results/results_blocksworld_combined_timeout180s.csv
dfs_timeout=180s__300steps__28042026,180,0.0,28042026,PO_ROSAME,unclean,3,2,10,1.0,0.0,0.0,benchmark/data/new_experiments/blocks/dfs_timeout=180s__300steps__28042026/evaluation_results/results_blocksworld_combined_timeout180s.csv
dfs_timeout=180s__300steps__28042026,180,0.0,28042026,PISAM,unclean,4,2,10,1.0,0.0,0.0,benchmark/data/new_experiments/blocks/dfs_timeout=180s__300steps__28042026/evaluation_results/results_blocksworld_combined_timeout180s.csv
dfs_timeout=180s__300steps__28042026,180,0.0,28042026,PO_ROSAME,unclean,4,2,10,1.0,0.0,0.0,benchmark/data/new_experiments/blocks/dfs_timeout=180s__300steps__28042026/evaluation_results/results_blocksworld_combined_timeout180s.csv
dfs_timeout=180s__300steps__28042026,180,0.0,28042026,PISAM,unclean,0,2,10,1.0,0.0,0.0,benchmark/data/new_experiments/blocks/dfs_timeout=180s__300steps__28042026/evaluation_results/results_blocksworld_combined_timeout180s.csv
dfs_timeout=180s__300steps__28042026,180,0.0,28042026,PO_ROSAME,unclean,0,2,10,1.0,0.0,0.0,benchmark/data/new_experiments/blocks/dfs_timeout=180s__300steps__28042026/evaluation_results/results_blocksworld_combined_timeout180s.csv
dfs_timeout=180s__300steps__28042026,180,0.0,28042026,PISAM,unclean,2,2,10,1.0,0.0,0.0,benchmark/data/new_experiments/blocks/dfs_timeout=180s__300steps__28042026/evaluation_results/results_blocksworld_combined_timeout180s.csv
dfs_timeout=180s__300steps__28042026,180,0.0,28042026,PO_ROSAME,unclean,2,2,10,1.0,0.0,0.0,benchmark/data/new_experiments/blocks/dfs_timeout=180s__300steps__28042026/evaluation_results/results_blocksworld_combined_timeout180s.csv
dfs_timeout=180s__300steps__28042026,180,0.0,28042026,PISAM,unclean,1,2,10,1.0,0.0,0.0,benchmark/data/new_experiments/blocks/dfs_timeout=180s__300steps__28042026/evaluation_results/results_blocksworld_combined_timeout180s.csv
dfs_timeout=180s__300steps__28042026,180,0.0,28042026,PO_ROSAME,unclean,1,2,10,1.0,0.0,0.0,benchmark/data/new_experiments/blocks/dfs_timeout=180s__300steps__28042026/evaluation_results/results_blocksworld_combined_timeout180s.csv
dfs_timeout=180s__300steps__28042026,180,0.0,28042026,PISAM,unclean,2,2,25,1.0,0.0,0.0,benchmark/data/new_experiments/blocks/dfs_timeout=180s__300steps__28042026/evaluation_results/results_blocksworld_combined_timeout180s.csv
dfs_timeout=180s__300steps__28042026,180,0.0,28042026,PO_ROSAME,unclean,2,2,25,1.0,0.0,0.0,benchmark/data/new_experiments/blocks/dfs_timeout=180s__300steps__28042026/evaluation_results/results_blocksworld_combined_timeout180s.csv
dfs_timeout=180s__300steps__28042026,180,0.0,28042026,PISAM,unclean,4,2,25,1.0,0.0,0.0,benchmark/data/new_experiments/blocks/dfs_timeout=180s__300steps__28042026/evaluation_results/results_blocksworld_combined_timeout180s.csv
dfs_timeout=180s__300steps__28042026,180,0.0,28042026,PO_ROSAME,unclean,4,2,25,1.0,0.0,0.0,benchmark/data/new_experiments/blocks/dfs_timeout=180s__300steps__28042026/evaluation_results/results_blocksworld_combined_timeout180s.csv
dfs_timeout=180s__300steps__28042026,180,0.0,28042026,PISAM,unclean,3,2,25,1.0,0.0,0.0,benchmark/data/new_experiments/blocks/dfs_timeout=180s__300steps__28042026/evaluation_results/results_blocksworld_combined_timeout180s.csv
dfs_timeout=180s__300steps__28042026,180,0.0,28042026,PO_ROSAME,unclean,3,2,25,1.0,0.0,0.0,benchmark/data/new_experiments/blocks/dfs_timeout=180s__300steps__28042026/evaluation_results/results_blocksworld_combined_timeout180s.csv
dfs_timeout=180s__300steps__28042026,180,0.0,28042026,PISAM,unclean,0,2,25,1.0,0.0,0.0,benchmark/data/new_experiments/blocks/dfs_timeout=180s__300steps__28042026/evaluation_results/results_blocksworld_combined_timeout180s.csv
dfs_timeout=180s__300steps__28042026,180,0.0,28042026,PO_ROSAME,unclean,0,2,25,1.0,0.0,0.0,benchmark/data/new_experiments/blocks/dfs_timeout=180s__300steps__28042026/evaluation_results/results_blocksworld_combined_timeout180s.csv
dfs_timeout=180s__300steps__28042026,180,0.0,28042026,PISAM,unclean,1,2,25,1.0,0.0,0.0,benchmark/data/new_experiments/blocks/dfs_timeout=180s__300steps__28042026/evaluation_results/results_blocksworld_combined_timeout180s.csv
dfs_timeout=180s__300steps__28042026,180,0.0,28042026,PO_ROSAME,unclean,1,2,25,1.0,0.0,0.0,benchmark/data/new_experiments/blocks/dfs_timeout=180s__300steps__28042026/evaluation_results/results_blocksworld_combined_timeout180s.csv
dfs_timeout=180s__300steps__28042026,180,0.0,28042026,PISAM,unclean,4,2,50,1.0,0.0,0.0,benchmark/data/new_experiments/blocks/dfs_timeout=180s__300steps__28042026/evaluation_results/results_blocksworld_combined_timeout180s.csv
dfs_timeout=180s__300steps__28042026,180,0.0,28042026,PO_ROSAME,unclean,4,2,50,1.0,0.0,0.0,benchmark/data/new_experiments/blocks/dfs_timeout=180s__300steps__28042026/evaluation_results/results_blocksworld_combined_timeout180s.csv
dfs_timeout=180s__300steps__28042026,180,0.0,28042026,PISAM,unclean,0,2,50,1.0,0.0,0.0,benchmark/data/new_experiments/blocks/dfs_timeout=180s__300steps__28042026/evaluation_results/results_blocksworld_combined_timeout180s.csv
dfs_timeout=180s__300steps__28042026,180,0.0,28042026,PO_ROSAME,unclean,0,2,50,1.0,0.0,0.0,benchmark/data/new_experiments/blocks/dfs_timeout=180s__300steps__28042026/evaluation_results/results_blocksworld_combined_timeout180s.csv
dfs_timeout=180s__300steps__28042026,180,0.0,28042026,PISAM,unclean,2,2,50,1.0,0.0,0.0,benchmark/data/new_experiments/blocks/dfs_timeout=180s__300steps__28042026/evaluation_results/results_blocksworld_combined_timeout180s.csv
dfs_timeout=180s__300steps__28042026,180,0.0,28042026,PO_ROSAME,unclean,2,2,50,1.0,0.0,0.0,benchmark/data/new_experiments/blocks/dfs_timeout=180s__300steps__28042026/evaluation_results/results_blocksworld_combined_timeout180s.csv
dfs_timeout=180s__300steps__28042026,180,0.0,28042026,PISAM,unclean,1,2,50,1.0,0.0,0.0,benchmark/data/new_experiments/blocks/dfs_timeout=180s__300steps__28042026/evaluation_results/results_blocksworld_combined_timeout180s.csv
dfs_timeout=180s__300steps__28042026,180,0.0,28042026,PO_ROSAME,unclean,1,2,50,1.0,0.0,0.0,benchmark/data/new_experiments/blocks/dfs_timeout=180s__300steps__28042026/evaluation_results/results_blocksworld_combined_timeout180s.csv
dfs_timeout=180s__300steps__28042026,180,0.0,28042026,PISAM,unclean,3,2,50,1.0,0.0,0.0,benchmark/data/new_experiments/blocks/dfs_timeout=180s__300steps__28042026/evaluation_results/results_blocksworld_combined_timeout180s.csv
dfs_timeout=180s__300steps__28042026,180,0.0,28042026,PO_ROSAME,unclean,3,2,50,1.0,0.0,0.0,benchmark/data/new_experiments/blocks/dfs_timeout=180s__300steps__28042026/evaluation_results/results_blocksworld_combined_timeout180s.csv
dfs_timeout=180s__300steps__28042026,180,0.0,28042026,PISAM,unclean,4,2,75,1.0,0.0,0.0,benchmark/data/new_experiments/blocks/dfs_timeout=180s__300steps__28042026/evaluation_results/results_blocksworld_combined_timeout180s.csv
dfs_timeout=180s__300steps__28042026,180,0.0,28042026,PO_ROSAME,unclean,4,2,75,1.0,0.0,0.0,benchmark/data/new_experiments/blocks/dfs_timeout=180s__300steps__28042026/evaluation_results/results_blocksworld_combined_timeout180s.csv
dfs_timeout=180s__300steps__28042026,180,0.0,28042026,PISAM,unclean,0,2,75,1.0,0.0,0.0,benchmark/data/new_experiments/blocks/dfs_timeout=180s__300steps__28042026/evaluation_results/results_blocksworld_combined_timeout180s.csv
dfs_timeout=180s__300steps__28042026,180,0.0,28042026,PO_ROSAME,unclean,0,2,75,1.0,0.0,0.0,benchmark/data/new_experiments/blocks/dfs_timeout=180s__300steps__28042026/evaluation_results/results_blocksworld_combined_timeout180s.csv
dfs_timeout=180s__300steps__28042026,180,0.0,28042026,PISAM,unclean,2,2,75,1.0,0.0,0.0,benchmark/data/new_experiments/blocks/dfs_timeout=180s__300steps__28042026/evaluation_results/results_blocksworld_combined_timeout180s.csv
dfs_timeout=180s__300steps__28042026,180,0.0,28042026,PO_ROSAME,unclean,2,2,75,1.0,0.0,0.0,benchmark/data/new_experiments/blocks/dfs_timeout=180s__300steps__28042026/evaluation_results/results_blocksworld_combined_timeout180s.csv
dfs_timeout=180s__300steps__28042026,180,0.0,28042026,PISAM,unclean,1,2,75,1.0,0.0,0.0,benchmark/data/new_experiments/blocks/dfs_timeout=180s__300steps__28042026/evaluation_results/results_blocksworld_combined_timeout180s.csv
dfs_timeout=180s__300steps__28042026,180,0.0,28042026,PO_ROSAME,unclean,1,2,75,1.0,0.0,0.0,benchmark/data/new_experiments/blocks/dfs_timeout=180s__300steps__28042026/evaluation_results/results_blocksworld_combined_timeout180s.csv
dfs_timeout=180s__300steps__28042026,180,0.0,28042026,PISAM,unclean,3,2,75,1.0,0.0,0.0,benchmark/data/new_experiments/blocks/dfs_timeout=180s__300steps__28042026/evaluation_results/results_blocksworld_combined_timeout180s.csv
dfs_timeout=180s__300steps__28042026,180,0.0,28042026,PO_ROSAME,unclean,3,2,75,1.0,0.0,0.0,benchmark/data/new_experiments/blocks/dfs_timeout=180s__300steps__28042026/evaluation_results/results_blocksworld_combined_timeout180s.csv
dfs_timeout=180s__300steps__28042026,180,0.0,28042026,PISAM,unclean,3,2,100,1.0,0.0,0.0,benchmark/data/new_experiments/blocks/dfs_timeout=180s__300steps__28042026/evaluation_results/results_blocksworld_combined_timeout180s.csv
dfs_timeout=180s__300steps__28042026,180,0.0,28042026,PO_ROSAME,unclean,3,2,100,1.0,0.0,0.0,benchmark/data/new_experiments/blocks/dfs_timeout=180s__300steps__28042026/evaluation_results/results_blocksworld_combined_timeout180s.csv
dfs_timeout=180s__300steps__28042026,180,0.0,28042026,PISAM,unclean,1,2,100,1.0,0.0,0.0,benchmark/data/new_experiments/blocks/dfs_timeout=180s__300steps__28042026/evaluation_results/results_blocksworld_combined_timeout180s.csv
dfs_timeout=180s__300steps__28042026,180,0.0,28042026,PO_ROSAME,unclean,1,2,100,1.0,0.0,0.0,benchmark/data/new_experiments/blocks/dfs_timeout=180s__300steps__28042026/evaluation_results/results_blocksworld_combined_timeout180s.csv
dfs_timeout=180s__300steps__28042026,180,0.0,28042026,PISAM,unclean,0,2,100,1.0,0.0,0.0,benchmark/data/new_experiments/blocks/dfs_timeout=180s__300steps__28042026/evaluation_results/results_blocksworld_combined_timeout180s.csv
dfs_timeout=180s__300steps__28042026,180,0.0,28042026,PO_ROSAME,unclean,0,2,100,1.0,0.0,0.0,benchmark/data/new_experiments/blocks/dfs_timeout=180s__300steps__28042026/evaluation_results/results_blocksworld_combined_timeout180s.csv
dfs_timeout=180s__300steps__28042026,180,0.0,28042026,PISAM,unclean,4,2,100,1.0,0.0,0.0,benchmark/data/new_experiments/blocks/dfs_timeout=180s__300steps__28042026/evaluation_results/results_blocksworld_combined_timeout180s.csv
dfs_timeout=180s__300steps__28042026,180,0.0,28042026,PO_ROSAME,unclean,4,2,100,1.0,0.0,0.0,benchmark/data/new_experiments/blocks/dfs_timeout=180s__300steps__28042026/evaluation_results/results_blocksworld_combined_timeout180s.csv
dfs_timeout=180s__300steps__28042026,180,0.0,28042026,PISAM,unclean,2,2,100,1.0,0.0,0.0,benchmark/data/new_experiments/blocks/dfs_timeout=180s__300steps__28042026/evaluation_results/results_blocksworld_combined_timeout180s.csv
dfs_timeout=180s__300steps__28042026,180,0.0,28042026,PO_ROSAME,unclean,2,2,100,1.0,0.0,0.0,benchmark/data/new_experiments/blocks/dfs_timeout=180s__300steps__28042026/evaluation_results/results_blocksworld_combined_timeout180s.csv
dfs_timeout=180s__300steps__28042026,180,0.0,28042026,PISAM,unclean,3,3,0,0.0,1.0,0.0,benchmark/data/new_experiments/blocks/dfs_timeout=180s__300steps__28042026/evaluation_results/results_blocksworld_combined_timeout180s.csv
dfs_timeout=180s__300steps__28042026,180,0.0,28042026,PO_ROSAME,unclean,3,3,0,0.0,0.0,1.0,benchmark/data/new_experiments/blocks/dfs_timeout=180s__300steps__28042026/evaluation_results/results_blocksworld_combined_timeout180s.csv
dfs_timeout=180s__300steps__28042026,180,0.0,28042026,PISAM,unclean,0,3,0,0.5,0.5,0.0,benchmark/data/new_experiments/blocks/dfs_timeout=180s__300steps__28042026/evaluation_results/results_blocksworld_combined_timeout180s.csv
dfs_timeout=180s__300steps__28042026,180,0.0,28042026,PO_ROSAME,unclean,0,3,0,1.0,0.0,0.0,benchmark/data/new_experiments/blocks/dfs_timeout=180s__300steps__28042026/evaluation_results/results_blocksworld_combined_timeout180s.csv
dfs_timeout=180s__300steps__28042026,180,0.0,28042026,PISAM,unclean,2,3,0,0.0,1.0,0.0,benchmark/data/new_experiments/blocks/dfs_timeout=180s__300steps__28042026/evaluation_results/results_blocksworld_combined_timeout180s.csv
dfs_timeout=180s__300steps__28042026,180,0.0,28042026,PO_ROSAME,unclean,2,3,0,0.0,0.0,0.0,benchmark/data/new_experiments/blocks/dfs_timeout=180s__300steps__28042026/evaluation_results/results_blocksworld_combined_timeout180s.csv
dfs_timeout=180s__300steps__28042026,180,0.0,28042026,PISAM,unclean,4,3,0,0.0,1.0,0.0,benchmark/data/new_experiments/blocks/dfs_timeout=180s__300steps__28042026/evaluation_results/results_blocksworld_combined_timeout180s.csv
dfs_timeout=180s__300steps__28042026,180,0.0,28042026,PO_ROSAME,unclean,4,3,0,0.0,0.0,1.0,benchmark/data/new_experiments/blocks/dfs_timeout=180s__300steps__28042026/evaluation_results/results_blocksworld_combined_timeout180s.csv
dfs_timeout=180s__300steps__28042026,180,0.0,28042026,PISAM,unclean,1,3,0,0.0,1.0,0.0,benchmark/data/new_experiments/blocks/dfs_timeout=180s__300steps__28042026/evaluation_results/results_blocksworld_combined_timeout180s.csv
dfs_timeout=180s__300steps__28042026,180,0.0,28042026,PO_ROSAME,unclean,1,3,0,0.0,0.0,1.0,benchmark/data/new_experiments/blocks/dfs_timeout=180s__300steps__28042026/evaluation_results/results_blocksworld_combined_timeout180s.csv
dfs_timeout=180s__300steps__28042026,180,0.0,28042026,PISAM,unclean,1,3,10,1.0,0.0,0.0,benchmark/data/new_experiments/blocks/dfs_timeout=180s__300steps__28042026/evaluation_results/results_blocksworld_combined_timeout180s.csv
dfs_timeout=180s__300steps__28042026,180,0.0,28042026,PO_ROSAME,unclean,1,3,10,1.0,0.0,0.0,benchmark/data/new_experiments/blocks/dfs_timeout=180s__300steps__28042026/evaluation_results/results_blocksworld_combined_timeout180s.csv
dfs_timeout=180s__300steps__28042026,180,0.0,28042026,PISAM,unclean,4,3,10,1.0,0.0,0.0,benchmark/data/new_experiments/blocks/dfs_timeout=180s__300steps__28042026/evaluation_results/results_blocksworld_combined_timeout180s.csv
dfs_timeout=180s__300steps__28042026,180,0.0,28042026,PO_ROSAME,unclean,4,3,10,0.5,0.0,0.5,benchmark/data/new_experiments/blocks/dfs_timeout=180s__300steps__28042026/evaluation_results/results_blocksworld_combined_timeout180s.csv
dfs_timeout=180s__300steps__28042026,180,0.0,28042026,PISAM,unclean,2,3,10,1.0,0.0,0.0,benchmark/data/new_experiments/blocks/dfs_timeout=180s__300steps__28042026/evaluation_results/results_blocksworld_combined_timeout180s.csv
dfs_timeout=180s__300steps__28042026,180,0.0,28042026,PO_ROSAME,unclean,2,3,10,0.0,0.0,0.0,benchmark/data/new_experiments/blocks/dfs_timeout=180s__300steps__28042026/evaluation_results/results_blocksworld_combined_timeout180s.csv
dfs_timeout=180s__300steps__28042026,180,0.0,28042026,PISAM,unclean,3,3,10,1.0,0.0,0.0,benchmark/data/new_experiments/blocks/dfs_timeout=180s__300steps__28042026/evaluation_results/results_blocksworld_combined_timeout180s.csv
dfs_timeout=180s__300steps__28042026,180,0.0,28042026,PO_ROSAME,unclean,3,3,10,1.0,0.0,0.0,benchmark/data/new_experiments/blocks/dfs_timeout=180s__300steps__28042026/evaluation_results/results_blocksworld_combined_timeout180s.csv
dfs_timeout=180s__300steps__28042026,180,0.0,28042026,PISAM,unclean,0,3,10,1.0,0.0,0.0,benchmark/data/new_experiments/blocks/dfs_timeout=180s__300steps__28042026/evaluation_results/results_blocksworld_combined_timeout180s.csv
dfs_timeout=180s__300steps__28042026,180,0.0,28042026,PO_ROSAME,unclean,0,3,10,0.0,0.0,1.0,benchmark/data/new_experiments/blocks/dfs_timeout=180s__300steps__28042026/evaluation_results/results_blocksworld_combined_timeout180s.csv
dfs_timeout=180s__300steps__28042026,180,0.0,28042026,PISAM,unclean,2,3,25,1.0,0.0,0.0,benchmark/data/new_experiments/blocks/dfs_timeout=180s__300steps__28042026/evaluation_results/results_blocksworld_combined_timeout180s.csv
dfs_timeout=180s__300steps__28042026,180,0.0,28042026,PO_ROSAME,unclean,2,3,25,0.0,0.0,0.0,benchmark/data/new_experiments/blocks/dfs_timeout=180s__300steps__28042026/evaluation_results/results_blocksworld_combined_timeout180s.csv
dfs_timeout=180s__300steps__28042026,180,0.0,28042026,PISAM,unclean,0,3,25,1.0,0.0,0.0,benchmark/data/new_experiments/blocks/dfs_timeout=180s__300steps__28042026/evaluation_results/results_blocksworld_combined_timeout180s.csv
dfs_timeout=180s__300steps__28042026,180,0.0,28042026,PO_ROSAME,unclean,0,3,25,0.0,0.0,1.0,benchmark/data/new_experiments/blocks/dfs_timeout=180s__300steps__28042026/evaluation_results/results_blocksworld_combined_timeout180s.csv
dfs_timeout=180s__300steps__28042026,180,0.0,28042026,PISAM,unclean,3,3,25,1.0,0.0,0.0,benchmark/data/new_experiments/blocks/dfs_timeout=180s__300steps__28042026/evaluation_results/results_blocksworld_combined_timeout180s.csv
dfs_timeout=180s__300steps__28042026,180,0.0,28042026,PO_ROSAME,unclean,3,3,25,1.0,0.0,0.0,benchmark/data/new_experiments/blocks/dfs_timeout=180s__300steps__28042026/evaluation_results/results_blocksworld_combined_timeout180s.csv
dfs_timeout=180s__300steps__28042026,180,0.0,28042026,PISAM,unclean,1,3,25,1.0,0.0,0.0,benchmark/data/new_experiments/blocks/dfs_timeout=180s__300steps__28042026/evaluation_results/results_blocksworld_combined_timeout180s.csv
dfs_timeout=180s__300steps__28042026,180,0.0,28042026,PO_ROSAME,unclean,1,3,25,1.0,0.0,0.0,benchmark/data/new_experiments/blocks/dfs_timeout=180s__300steps__28042026/evaluation_results/results_blocksworld_combined_timeout180s.csv
dfs_timeout=180s__300steps__28042026,180,0.0,28042026,PISAM,unclean,4,3,25,1.0,0.0,0.0,benchmark/data/new_experiments/blocks/dfs_timeout=180s__300steps__28042026/evaluation_results/results_blocksworld_combined_timeout180s.csv
dfs_timeout=180s__300steps__28042026,180,0.0,28042026,PO_ROSAME,unclean,4,3,25,0.5,0.0,0.5,benchmark/data/new_experiments/blocks/dfs_timeout=180s__300steps__28042026/evaluation_results/results_blocksworld_combined_timeout180s.csv
dfs_timeout=180s__300steps__28042026,180,0.0,28042026,PISAM,unclean,1,3,50,1.0,0.0,0.0,benchmark/data/new_experiments/blocks/dfs_timeout=180s__300steps__28042026/evaluation_results/results_blocksworld_combined_timeout180s.csv
dfs_timeout=180s__300steps__28042026,180,0.0,28042026,PO_ROSAME,unclean,1,3,50,1.0,0.0,0.0,benchmark/data/new_experiments/blocks/dfs_timeout=180s__300steps__28042026/evaluation_results/results_blocksworld_combined_timeout180s.csv
dfs_timeout=180s__300steps__28042026,180,0.0,28042026,PISAM,unclean,2,3,50,1.0,0.0,0.0,benchmark/data/new_experiments/blocks/dfs_timeout=180s__300steps__28042026/evaluation_results/results_blocksworld_combined_timeout180s.csv
dfs_timeout=180s__300steps__28042026,180,0.0,28042026,PO_ROSAME,unclean,2,3,50,0.0,0.0,0.0,benchmark/data/new_experiments/blocks/dfs_timeout=180s__300steps__28042026/evaluation_results/results_blocksworld_combined_timeout180s.csv
dfs_timeout=180s__300steps__28042026,180,0.0,28042026,PISAM,unclean,0,3,50,1.0,0.0,0.0,benchmark/data/new_experiments/blocks/dfs_timeout=180s__300steps__28042026/evaluation_results/results_blocksworld_combined_timeout180s.csv
dfs_timeout=180s__300steps__28042026,180,0.0,28042026,PO_ROSAME,unclean,0,3,50,1.0,0.0,0.0,benchmark/data/new_experiments/blocks/dfs_timeout=180s__300steps__28042026/evaluation_results/results_blocksworld_combined_timeout180s.csv
dfs_timeout=180s__300steps__28042026,180,0.0,28042026,PISAM,unclean,3,3,50,1.0,0.0,0.0,benchmark/data/new_experiments/blocks/dfs_timeout=180s__300steps__28042026/evaluation_results/results_blocksworld_combined_timeout180s.csv
dfs_timeout=180s__300steps__28042026,180,0.0,28042026,PO_ROSAME,unclean,3,3,50,1.0,0.0,0.0,benchmark/data/new_experiments/blocks/dfs_timeout=180s__300steps__28042026/evaluation_results/results_blocksworld_combined_timeout180s.csv
dfs_timeout=180s__300steps__28042026,180,0.0,28042026,PISAM,unclean,4,3,50,1.0,0.0,0.0,benchmark/data/new_experiments/blocks/dfs_timeout=180s__300steps__28042026/evaluation_results/results_blocksworld_combined_timeout180s.csv
dfs_timeout=180s__300steps__28042026,180,0.0,28042026,PO_ROSAME,unclean,4,3,50,0.5,0.0,0.5,benchmark/data/new_experiments/blocks/dfs_timeout=180s__300steps__28042026/evaluation_results/results_blocksworld_combined_timeout180s.csv
dfs_timeout=180s__300steps__28042026,180,0.0,28042026,PISAM,unclean,3,3,75,1.0,0.0,0.0,benchmark/data/new_experiments/blocks/dfs_timeout=180s__300steps__28042026/evaluation_results/results_blocksworld_combined_timeout180s.csv
dfs_timeout=180s__300steps__28042026,180,0.0,28042026,PO_ROSAME,unclean,3,3,75,1.0,0.0,0.0,benchmark/data/new_experiments/blocks/dfs_timeout=180s__300steps__28042026/evaluation_results/results_blocksworld_combined_timeout180s.csv
dfs_timeout=180s__300steps__28042026,180,0.0,28042026,PISAM,unclean,4,3,75,1.0,0.0,0.0,benchmark/data/new_experiments/blocks/dfs_timeout=180s__300steps__28042026/evaluation_results/results_blocksworld_combined_timeout180s.csv
dfs_timeout=180s__300steps__28042026,180,0.0,28042026,PO_ROSAME,unclean,4,3,75,0.5,0.0,0.5,benchmark/data/new_experiments/blocks/dfs_timeout=180s__300steps__28042026/evaluation_results/results_blocksworld_combined_timeout180s.csv
dfs_timeout=180s__300steps__28042026,180,0.0,28042026,PISAM,unclean,0,3,75,1.0,0.0,0.0,benchmark/data/new_experiments/blocks/dfs_timeout=180s__300steps__28042026/evaluation_results/results_blocksworld_combined_timeout180s.csv
dfs_timeout=180s__300steps__28042026,180,0.0,28042026,PO_ROSAME,unclean,0,3,75,0.0,0.0,1.0,benchmark/data/new_experiments/blocks/dfs_timeout=180s__300steps__28042026/evaluation_results/results_blocksworld_combined_timeout180s.csv
dfs_timeout=180s__300steps__28042026,180,0.0,28042026,PISAM,unclean,1,3,75,1.0,0.0,0.0,benchmark/data/new_experiments/blocks/dfs_timeout=180s__300steps__28042026/evaluation_results/results_blocksworld_combined_timeout180s.csv
dfs_timeout=180s__300steps__28042026,180,0.0,28042026,PO_ROSAME,unclean,1,3,75,1.0,0.0,0.0,benchmark/data/new_experiments/blocks/dfs_timeout=180s__300steps__28042026/evaluation_results/results_blocksworld_combined_timeout180s.csv
dfs_timeout=180s__300steps__28042026,180,0.0,28042026,PISAM,unclean,2,3,75,1.0,0.0,0.0,benchmark/data/new_experiments/blocks/dfs_timeout=180s__300steps__28042026/evaluation_results/results_blocksworld_combined_timeout180s.csv
dfs_timeout=180s__300steps__28042026,180,0.0,28042026,PO_ROSAME,unclean,2,3,75,0.0,0.0,0.0,benchmark/data/new_experiments/blocks/dfs_timeout=180s__300steps__28042026/evaluation_results/results_blocksworld_combined_timeout180s.csv
dfs_timeout=180s__300steps__28042026,180,0.0,28042026,PISAM,unclean,3,3,100,1.0,0.0,0.0,benchmark/data/new_experiments/blocks/dfs_timeout=180s__300steps__28042026/evaluation_results/results_blocksworld_combined_timeout180s.csv
dfs_timeout=180s__300steps__28042026,180,0.0,28042026,PO_ROSAME,unclean,3,3,100,1.0,0.0,0.0,benchmark/data/new_experiments/blocks/dfs_timeout=180s__300steps__28042026/evaluation_results/results_blocksworld_combined_timeout180s.csv
dfs_timeout=180s__300steps__28042026,180,0.0,28042026,PISAM,unclean,4,3,100,1.0,0.0,0.0,benchmark/data/new_experiments/blocks/dfs_timeout=180s__300steps__28042026/evaluation_results/results_blocksworld_combined_timeout180s.csv
dfs_timeout=180s__300steps__28042026,180,0.0,28042026,PO_ROSAME,unclean,4,3,100,0.5,0.0,0.5,benchmark/data/new_experiments/blocks/dfs_timeout=180s__300steps__28042026/evaluation_results/results_blocksworld_combined_timeout180s.csv
dfs_timeout=180s__300steps__28042026,180,0.0,28042026,PISAM,unclean,0,3,100,1.0,0.0,0.0,benchmark/data/new_experiments/blocks/dfs_timeout=180s__300steps__28042026/evaluation_results/results_blocksworld_combined_timeout180s.csv
dfs_timeout=180s__300steps__28042026,180,0.0,28042026,PO_ROSAME,unclean,0,3,100,0.0,0.0,1.0,benchmark/data/new_experiments/blocks/dfs_timeout=180s__300steps__28042026/evaluation_results/results_blocksworld_combined_timeout180s.csv
dfs_timeout=180s__300steps__28042026,180,0.0,28042026,PISAM,unclean,2,3,100,1.0,0.0,0.0,benchmark/data/new_experiments/blocks/dfs_timeout=180s__300steps__28042026/evaluation_results/results_blocksworld_combined_timeout180s.csv
dfs_timeout=180s__300steps__28042026,180,0.0,28042026,PO_ROSAME,unclean,2,3,100,0.0,0.0,0.0,benchmark/data/new_experiments/blocks/dfs_timeout=180s__300steps__28042026/evaluation_results/results_blocksworld_combined_timeout180s.csv
dfs_timeout=180s__300steps__28042026,180,0.0,28042026,PISAM,unclean,1,3,100,1.0,0.0,0.0,benchmark/data/new_experiments/blocks/dfs_timeout=180s__300steps__28042026/evaluation_results/results_blocksworld_combined_timeout180s.csv
dfs_timeout=180s__300steps__28042026,180,0.0,28042026,PO_ROSAME,unclean,1,3,100,1.0,0.0,0.0,benchmark/data/new_experiments/blocks/dfs_timeout=180s__300steps__28042026/evaluation_results/results_blocksworld_combined_timeout180s.csv
dfs_timeout=180s__300steps__28042026,180,0.0,28042026,PISAM,unclean,3,4,0,0.0,1.0,0.0,benchmark/data/new_experiments/blocks/dfs_timeout=180s__300steps__28042026/evaluation_results/results_blocksworld_combined_timeout180s.csv
dfs_timeout=180s__300steps__28042026,180,0.0,28042026,PO_ROSAME,unclean,3,4,0,0.0,1.0,0.0,benchmark/data/new_experiments/blocks/dfs_timeout=180s__300steps__28042026/evaluation_results/results_blocksworld_combined_timeout180s.csv
dfs_timeout=180s__300steps__28042026,180,0.0,28042026,PISAM,unclean,2,4,0,0.0,1.0,0.0,benchmark/data/new_experiments/blocks/dfs_timeout=180s__300steps__28042026/evaluation_results/results_blocksworld_combined_timeout180s.csv
dfs_timeout=180s__300steps__28042026,180,0.0,28042026,PO_ROSAME,unclean,2,4,0,0.0,0.0,0.0,benchmark/data/new_experiments/blocks/dfs_timeout=180s__300steps__28042026/evaluation_results/results_blocksworld_combined_timeout180s.csv
dfs_timeout=180s__300steps__28042026,180,0.0,28042026,PISAM,unclean,1,4,0,0.0,1.0,0.0,benchmark/data/new_experiments/blocks/dfs_timeout=180s__300steps__28042026/evaluation_results/results_blocksworld_combined_timeout180s.csv
dfs_timeout=180s__300steps__28042026,180,0.0,28042026,PO_ROSAME,unclean,1,4,0,0.0,0.0,0.0,benchmark/data/new_experiments/blocks/dfs_timeout=180s__300steps__28042026/evaluation_results/results_blocksworld_combined_timeout180s.csv
dfs_timeout=180s__300steps__28042026,180,0.0,28042026,PISAM,unclean,4,4,0,0.0,1.0,0.0,benchmark/data/new_experiments/blocks/dfs_timeout=180s__300steps__28042026/evaluation_results/results_blocksworld_combined_timeout180s.csv
dfs_timeout=180s__300steps__28042026,180,0.0,28042026,PO_ROSAME,unclean,4,4,0,0.0,0.0,1.0,benchmark/data/new_experiments/blocks/dfs_timeout=180s__300steps__28042026/evaluation_results/results_blocksworld_combined_timeout180s.csv
dfs_timeout=180s__300steps__28042026,180,0.0,28042026,PISAM,unclean,0,4,0,0.5,0.5,0.0,benchmark/data/new_experiments/blocks/dfs_timeout=180s__300steps__28042026/evaluation_results/results_blocksworld_combined_timeout180s.csv
dfs_timeout=180s__300steps__28042026,180,0.0,28042026,PO_ROSAME,unclean,0,4,0,0.0,0.0,1.0,benchmark/data/new_experiments/blocks/dfs_timeout=180s__300steps__28042026/evaluation_results/results_blocksworld_combined_timeout180s.csv
dfs_timeout=180s__300steps__28042026,180,0.0,28042026,PISAM,unclean,2,4,10,1.0,0.0,0.0,benchmark/data/new_experiments/blocks/dfs_timeout=180s__300steps__28042026/evaluation_results/results_blocksworld_combined_timeout180s.csv
dfs_timeout=180s__300steps__28042026,180,0.0,28042026,PO_ROSAME,unclean,2,4,10,0.0,0.0,1.0,benchmark/data/new_experiments/blocks/dfs_timeout=180s__300steps__28042026/evaluation_results/results_blocksworld_combined_timeout180s.csv
dfs_timeout=180s__300steps__28042026,180,0.0,28042026,PISAM,unclean,1,4,10,1.0,0.0,0.0,benchmark/data/new_experiments/blocks/dfs_timeout=180s__300steps__28042026/evaluation_results/results_blocksworld_combined_timeout180s.csv
dfs_timeout=180s__300steps__28042026,180,0.0,28042026,PO_ROSAME,unclean,1,4,10,0.0,0.0,0.0,benchmark/data/new_experiments/blocks/dfs_timeout=180s__300steps__28042026/evaluation_results/results_blocksworld_combined_timeout180s.csv
dfs_timeout=180s__300steps__28042026,180,0.0,28042026,PISAM,unclean,3,4,10,1.0,0.0,0.0,benchmark/data/new_experiments/blocks/dfs_timeout=180s__300steps__28042026/evaluation_results/results_blocksworld_combined_timeout180s.csv
dfs_timeout=180s__300steps__28042026,180,0.0,28042026,PO_ROSAME,unclean,3,4,10,1.0,0.0,0.0,benchmark/data/new_experiments/blocks/dfs_timeout=180s__300steps__28042026/evaluation_results/results_blocksworld_combined_timeout180s.csv
dfs_timeout=180s__300steps__28042026,180,0.0,28042026,PISAM,unclean,4,4,10,1.0,0.0,0.0,benchmark/data/new_experiments/blocks/dfs_timeout=180s__300steps__28042026/evaluation_results/results_blocksworld_combined_timeout180s.csv
dfs_timeout=180s__300steps__28042026,180,0.0,28042026,PO_ROSAME,unclean,4,4,10,1.0,0.0,0.0,benchmark/data/new_experiments/blocks/dfs_timeout=180s__300steps__28042026/evaluation_results/results_blocksworld_combined_timeout180s.csv
dfs_timeout=180s__300steps__28042026,180,0.0,28042026,PISAM,unclean,0,4,10,1.0,0.0,0.0,benchmark/data/new_experiments/blocks/dfs_timeout=180s__300steps__28042026/evaluation_results/results_blocksworld_combined_timeout180s.csv
dfs_timeout=180s__300steps__28042026,180,0.0,28042026,PO_ROSAME,unclean,0,4,10,1.0,0.0,0.0,benchmark/data/new_experiments/blocks/dfs_timeout=180s__300steps__28042026/evaluation_results/results_blocksworld_combined_timeout180s.csv
dfs_timeout=180s__300steps__28042026,180,0.0,28042026,PISAM,unclean,3,4,25,1.0,0.0,0.0,benchmark/data/new_experiments/blocks/dfs_timeout=180s__300steps__28042026/evaluation_results/results_blocksworld_combined_timeout180s.csv
dfs_timeout=180s__300steps__28042026,180,0.0,28042026,PO_ROSAME,unclean,3,4,25,1.0,0.0,0.0,benchmark/data/new_experiments/blocks/dfs_timeout=180s__300steps__28042026/evaluation_results/results_blocksworld_combined_timeout180s.csv
dfs_timeout=180s__300steps__28042026,180,0.0,28042026,PISAM,unclean,2,4,25,1.0,0.0,0.0,benchmark/data/new_experiments/blocks/dfs_timeout=180s__300steps__28042026/evaluation_results/results_blocksworld_combined_timeout180s.csv
dfs_timeout=180s__300steps__28042026,180,0.0,28042026,PO_ROSAME,unclean,2,4,25,0.0,0.0,0.0,benchmark/data/new_experiments/blocks/dfs_timeout=180s__300steps__28042026/evaluation_results/results_blocksworld_combined_timeout180s.csv
dfs_timeout=180s__300steps__28042026,180,0.0,28042026,PISAM,unclean,4,4,25,1.0,0.0,0.0,benchmark/data/new_experiments/blocks/dfs_timeout=180s__300steps__28042026/evaluation_results/results_blocksworld_combined_timeout180s.csv
dfs_timeout=180s__300steps__28042026,180,0.0,28042026,PO_ROSAME,unclean,4,4,25,1.0,0.0,0.0,benchmark/data/new_experiments/blocks/dfs_timeout=180s__300steps__28042026/evaluation_results/results_blocksworld_combined_timeout180s.csv
dfs_timeout=180s__300steps__28042026,180,0.0,28042026,PISAM,unclean,0,4,25,1.0,0.0,0.0,benchmark/data/new_experiments/blocks/dfs_timeout=180s__300steps__28042026/evaluation_results/results_blocksworld_combined_timeout180s.csv
dfs_timeout=180s__300steps__28042026,180,0.0,28042026,PO_ROSAME,unclean,0,4,25,1.0,0.0,0.0,benchmark/data/new_experiments/blocks/dfs_timeout=180s__300steps__28042026/evaluation_results/results_blocksworld_combined_timeout180s.csv
dfs_timeout=180s__300steps__28042026,180,0.0,28042026,PISAM,unclean,1,4,25,1.0,0.0,0.0,benchmark/data/new_experiments/blocks/dfs_timeout=180s__300steps__28042026/evaluation_results/results_blocksworld_combined_timeout180s.csv
dfs_timeout=180s__300steps__28042026,180,0.0,28042026,PO_ROSAME,unclean,1,4,25,0.0,0.0,0.0,benchmark/data/new_experiments/blocks/dfs_timeout=180s__300steps__28042026/evaluation_results/results_blocksworld_combined_timeout180s.csv
dfs_timeout=180s__300steps__28042026,180,0.0,28042026,PISAM,unclean,0,4,50,1.0,0.0,0.0,benchmark/data/new_experiments/blocks/dfs_timeout=180s__300steps__28042026/evaluation_results/results_blocksworld_combined_timeout180s.csv
dfs_timeout=180s__300steps__28042026,180,0.0,28042026,PO_ROSAME,unclean,0,4,50,1.0,0.0,0.0,benchmark/data/new_experiments/blocks/dfs_timeout=180s__300steps__28042026/evaluation_results/results_blocksworld_combined_timeout180s.csv
dfs_timeout=180s__300steps__28042026,180,0.0,28042026,PISAM,unclean,2,4,50,1.0,0.0,0.0,benchmark/data/new_experiments/blocks/dfs_timeout=180s__300steps__28042026/evaluation_results/results_blocksworld_combined_timeout180s.csv
dfs_timeout=180s__300steps__28042026,180,0.0,28042026,PO_ROSAME,unclean,2,4,50,0.0,1.0,0.0,benchmark/data/new_experiments/blocks/dfs_timeout=180s__300steps__28042026/evaluation_results/results_blocksworld_combined_timeout180s.csv
dfs_timeout=180s__300steps__28042026,180,0.0,28042026,PISAM,unclean,4,4,50,1.0,0.0,0.0,benchmark/data/new_experiments/blocks/dfs_timeout=180s__300steps__28042026/evaluation_results/results_blocksworld_combined_timeout180s.csv
dfs_timeout=180s__300steps__28042026,180,0.0,28042026,PO_ROSAME,unclean,4,4,50,1.0,0.0,0.0,benchmark/data/new_experiments/blocks/dfs_timeout=180s__300steps__28042026/evaluation_results/results_blocksworld_combined_timeout180s.csv
dfs_timeout=180s__300steps__28042026,180,0.0,28042026,PISAM,unclean,1,4,50,1.0,0.0,0.0,benchmark/data/new_experiments/blocks/dfs_timeout=180s__300steps__28042026/evaluation_results/results_blocksworld_combined_timeout180s.csv
dfs_timeout=180s__300steps__28042026,180,0.0,28042026,PO_ROSAME,unclean,1,4,50,0.0,0.0,0.0,benchmark/data/new_experiments/blocks/dfs_timeout=180s__300steps__28042026/evaluation_results/results_blocksworld_combined_timeout180s.csv
dfs_timeout=180s__300steps__28042026,180,0.0,28042026,PISAM,unclean,3,4,50,1.0,0.0,0.0,benchmark/data/new_experiments/blocks/dfs_timeout=180s__300steps__28042026/evaluation_results/results_blocksworld_combined_timeout180s.csv
dfs_timeout=180s__300steps__28042026,180,0.0,28042026,PO_ROSAME,unclean,3,4,50,1.0,0.0,0.0,benchmark/data/new_experiments/blocks/dfs_timeout=180s__300steps__28042026/evaluation_results/results_blocksworld_combined_timeout180s.csv
dfs_timeout=180s__300steps__28042026,180,0.0,28042026,PISAM,unclean,1,4,75,1.0,0.0,0.0,benchmark/data/new_experiments/blocks/dfs_timeout=180s__300steps__28042026/evaluation_results/results_blocksworld_combined_timeout180s.csv
dfs_timeout=180s__300steps__28042026,180,0.0,28042026,PO_ROSAME,unclean,1,4,75,0.0,0.0,0.0,benchmark/data/new_experiments/blocks/dfs_timeout=180s__300steps__28042026/evaluation_results/results_blocksworld_combined_timeout180s.csv
dfs_timeout=180s__300steps__28042026,180,0.0,28042026,PISAM,unclean,0,4,75,1.0,0.0,0.0,benchmark/data/new_experiments/blocks/dfs_timeout=180s__300steps__28042026/evaluation_results/results_blocksworld_combined_timeout180s.csv
dfs_timeout=180s__300steps__28042026,180,0.0,28042026,PO_ROSAME,unclean,0,4,75,1.0,0.0,0.0,benchmark/data/new_experiments/blocks/dfs_timeout=180s__300steps__28042026/evaluation_results/results_blocksworld_combined_timeout180s.csv
dfs_timeout=180s__300steps__28042026,180,0.0,28042026,PISAM,unclean,3,4,75,1.0,0.0,0.0,benchmark/data/new_experiments/blocks/dfs_timeout=180s__300steps__28042026/evaluation_results/results_blocksworld_combined_timeout180s.csv
dfs_timeout=180s__300steps__28042026,180,0.0,28042026,PO_ROSAME,unclean,3,4,75,1.0,0.0,0.0,benchmark/data/new_experiments/blocks/dfs_timeout=180s__300steps__28042026/evaluation_results/results_blocksworld_combined_timeout180s.csv
dfs_timeout=180s__300steps__28042026,180,0.0,28042026,PISAM,unclean,4,4,75,1.0,0.0,0.0,benchmark/data/new_experiments/blocks/dfs_timeout=180s__300steps__28042026/evaluation_results/results_blocksworld_combined_timeout180s.csv
dfs_timeout=180s__300steps__28042026,180,0.0,28042026,PO_ROSAME,unclean,4,4,75,1.0,0.0,0.0,benchmark/data/new_experiments/blocks/dfs_timeout=180s__300steps__28042026/evaluation_results/results_blocksworld_combined_timeout180s.csv
dfs_timeout=180s__300steps__28042026,180,0.0,28042026,PISAM,unclean,2,4,75,1.0,0.0,0.0,benchmark/data/new_experiments/blocks/dfs_timeout=180s__300steps__28042026/evaluation_results/results_blocksworld_combined_timeout180s.csv
dfs_timeout=180s__300steps__28042026,180,0.0,28042026,PO_ROSAME,unclean,2,4,75,0.0,1.0,0.0,benchmark/data/new_experiments/blocks/dfs_timeout=180s__300steps__28042026/evaluation_results/results_blocksworld_combined_timeout180s.csv
dfs_timeout=180s__300steps__28042026,180,0.0,28042026,PISAM,unclean,4,4,100,1.0,0.0,0.0,benchmark/data/new_experiments/blocks/dfs_timeout=180s__300steps__28042026/evaluation_results/results_blocksworld_combined_timeout180s.csv
dfs_timeout=180s__300steps__28042026,180,0.0,28042026,PO_ROSAME,unclean,4,4,100,1.0,0.0,0.0,benchmark/data/new_experiments/blocks/dfs_timeout=180s__300steps__28042026/evaluation_results/results_blocksworld_combined_timeout180s.csv
dfs_timeout=180s__300steps__28042026,180,0.0,28042026,PISAM,unclean,0,4,100,1.0,0.0,0.0,benchmark/data/new_experiments/blocks/dfs_timeout=180s__300steps__28042026/evaluation_results/results_blocksworld_combined_timeout180s.csv
dfs_timeout=180s__300steps__28042026,180,0.0,28042026,PO_ROSAME,unclean,0,4,100,1.0,0.0,0.0,benchmark/data/new_experiments/blocks/dfs_timeout=180s__300steps__28042026/evaluation_results/results_blocksworld_combined_timeout180s.csv
dfs_timeout=180s__300steps__28042026,180,0.0,28042026,PISAM,unclean,3,4,100,1.0,0.0,0.0,benchmark/data/new_experiments/blocks/dfs_timeout=180s__300steps__28042026/evaluation_results/results_blocksworld_combined_timeout180s.csv
dfs_timeout=180s__300steps__28042026,180,0.0,28042026,PO_ROSAME,unclean,3,4,100,1.0,0.0,0.0,benchmark/data/new_experiments/blocks/dfs_timeout=180s__300steps__28042026/evaluation_results/results_blocksworld_combined_timeout180s.csv
dfs_timeout=180s__300steps__28042026,180,0.0,28042026,PISAM,unclean,1,4,100,1.0,0.0,0.0,benchmark/data/new_experiments/blocks/dfs_timeout=180s__300steps__28042026/evaluation_results/results_blocksworld_combined_timeout180s.csv
dfs_timeout=180s__300steps__28042026,180,0.0,28042026,PO_ROSAME,unclean,1,4,100,0.0,1.0,0.0,benchmark/data/new_experiments/blocks/dfs_timeout=180s__300steps__28042026/evaluation_results/results_blocksworld_combined_timeout180s.csv
dfs_timeout=180s__300steps__28042026,180,0.0,28042026,PISAM,unclean,2,4,100,1.0,0.0,0.0,benchmark/data/new_experiments/blocks/dfs_timeout=180s__300steps__28042026/evaluation_results/results_blocksworld_combined_timeout180s.csv
dfs_timeout=180s__300steps__28042026,180,0.0,28042026,PO_ROSAME,unclean,2,4,100,0.0,0.0,0.0,benchmark/data/new_experiments/blocks/dfs_timeout=180s__300steps__28042026/evaluation_results/results_blocksworld_combined_timeout180s.csv
dfs_timeout=180s__300steps__28042026,180,0.0,28042026,PISAM,unclean,3,5,0,0.0,1.0,0.0,benchmark/data/new_experiments/blocks/dfs_timeout=180s__300steps__28042026/evaluation_results/results_blocksworld_combined_timeout180s.csv
dfs_timeout=180s__300steps__28042026,180,0.0,28042026,PO_ROSAME,unclean,3,5,0,0.0,0.0,0.0,benchmark/data/new_experiments/blocks/dfs_timeout=180s__300steps__28042026/evaluation_results/results_blocksworld_combined_timeout180s.csv
dfs_timeout=180s__300steps__28042026,180,0.0,28042026,PISAM,unclean,0,5,0,0.5,0.5,0.0,benchmark/data/new_experiments/blocks/dfs_timeout=180s__300steps__28042026/evaluation_results/results_blocksworld_combined_timeout180s.csv
dfs_timeout=180s__300steps__28042026,180,0.0,28042026,PO_ROSAME,unclean,0,5,0,0.0,0.0,0.0,benchmark/data/new_experiments/blocks/dfs_timeout=180s__300steps__28042026/evaluation_results/results_blocksworld_combined_timeout180s.csv
dfs_timeout=180s__300steps__28042026,180,0.0,28042026,PISAM,unclean,1,5,0,0.0,1.0,0.0,benchmark/data/new_experiments/blocks/dfs_timeout=180s__300steps__28042026/evaluation_results/results_blocksworld_combined_timeout180s.csv
dfs_timeout=180s__300steps__28042026,180,0.0,28042026,PO_ROSAME,unclean,1,5,0,1.0,0.0,0.0,benchmark/data/new_experiments/blocks/dfs_timeout=180s__300steps__28042026/evaluation_results/results_blocksworld_combined_timeout180s.csv
dfs_timeout=180s__300steps__28042026,180,0.0,28042026,PISAM,unclean,4,5,0,0.0,1.0,0.0,benchmark/data/new_experiments/blocks/dfs_timeout=180s__300steps__28042026/evaluation_results/results_blocksworld_combined_timeout180s.csv
dfs_timeout=180s__300steps__28042026,180,0.0,28042026,PO_ROSAME,unclean,4,5,0,0.5,0.0,0.5,benchmark/data/new_experiments/blocks/dfs_timeout=180s__300steps__28042026/evaluation_results/results_blocksworld_combined_timeout180s.csv
dfs_timeout=180s__300steps__28042026,180,0.0,28042026,PISAM,unclean,2,5,0,0.0,1.0,0.0,benchmark/data/new_experiments/blocks/dfs_timeout=180s__300steps__28042026/evaluation_results/results_blocksworld_combined_timeout180s.csv
dfs_timeout=180s__300steps__28042026,180,0.0,28042026,PO_ROSAME,unclean,2,5,0,0.0,1.0,0.0,benchmark/data/new_experiments/blocks/dfs_timeout=180s__300steps__28042026/evaluation_results/results_blocksworld_combined_timeout180s.csv
dfs_timeout=180s__300steps__28042026,180,0.0,28042026,PISAM,unclean,1,5,10,1.0,0.0,0.0,benchmark/data/new_experiments/blocks/dfs_timeout=180s__300steps__28042026/evaluation_results/results_blocksworld_combined_timeout180s.csv
dfs_timeout=180s__300steps__28042026,180,0.0,28042026,PO_ROSAME,unclean,1,5,10,0.0,0.0,1.0,benchmark/data/new_experiments/blocks/dfs_timeout=180s__300steps__28042026/evaluation_results/results_blocksworld_combined_timeout180s.csv
dfs_timeout=180s__300steps__28042026,180,0.0,28042026,PISAM,unclean,2,5,10,1.0,0.0,0.0,benchmark/data/new_experiments/blocks/dfs_timeout=180s__300steps__28042026/evaluation_results/results_blocksworld_combined_timeout180s.csv
dfs_timeout=180s__300steps__28042026,180,0.0,28042026,PO_ROSAME,unclean,2,5,10,1.0,0.0,0.0,benchmark/data/new_experiments/blocks/dfs_timeout=180s__300steps__28042026/evaluation_results/results_blocksworld_combined_timeout180s.csv
dfs_timeout=180s__300steps__28042026,180,0.0,28042026,PISAM,unclean,0,5,10,1.0,0.0,0.0,benchmark/data/new_experiments/blocks/dfs_timeout=180s__300steps__28042026/evaluation_results/results_blocksworld_combined_timeout180s.csv
dfs_timeout=180s__300steps__28042026,180,0.0,28042026,PO_ROSAME,unclean,0,5,10,0.0,1.0,0.0,benchmark/data/new_experiments/blocks/dfs_timeout=180s__300steps__28042026/evaluation_results/results_blocksworld_combined_timeout180s.csv
dfs_timeout=180s__300steps__28042026,180,0.0,28042026,PISAM,unclean,4,5,10,1.0,0.0,0.0,benchmark/data/new_experiments/blocks/dfs_timeout=180s__300steps__28042026/evaluation_results/results_blocksworld_combined_timeout180s.csv
dfs_timeout=180s__300steps__28042026,180,0.0,28042026,PO_ROSAME,unclean,4,5,10,0.0,0.0,0.0,benchmark/data/new_experiments/blocks/dfs_timeout=180s__300steps__28042026/evaluation_results/results_blocksworld_combined_timeout180s.csv
dfs_timeout=180s__300steps__28042026,180,0.0,28042026,PISAM,unclean,3,5,10,1.0,0.0,0.0,benchmark/data/new_experiments/blocks/dfs_timeout=180s__300steps__28042026/evaluation_results/results_blocksworld_combined_timeout180s.csv
dfs_timeout=180s__300steps__28042026,180,0.0,28042026,PO_ROSAME,unclean,3,5,10,0.0,0.0,0.0,benchmark/data/new_experiments/blocks/dfs_timeout=180s__300steps__28042026/evaluation_results/results_blocksworld_combined_timeout180s.csv
dfs_timeout=180s__300steps__28042026,180,0.0,28042026,PISAM,unclean,1,5,25,1.0,0.0,0.0,benchmark/data/new_experiments/blocks/dfs_timeout=180s__300steps__28042026/evaluation_results/results_blocksworld_combined_timeout180s.csv
dfs_timeout=180s__300steps__28042026,180,0.0,28042026,PO_ROSAME,unclean,1,5,25,0.0,0.0,1.0,benchmark/data/new_experiments/blocks/dfs_timeout=180s__300steps__28042026/evaluation_results/results_blocksworld_combined_timeout180s.csv
dfs_timeout=180s__300steps__28042026,180,0.0,28042026,PISAM,unclean,4,5,25,1.0,0.0,0.0,benchmark/data/new_experiments/blocks/dfs_timeout=180s__300steps__28042026/evaluation_results/results_blocksworld_combined_timeout180s.csv
dfs_timeout=180s__300steps__28042026,180,0.0,28042026,PO_ROSAME,unclean,4,5,25,0.0,0.0,0.0,benchmark/data/new_experiments/blocks/dfs_timeout=180s__300steps__28042026/evaluation_results/results_blocksworld_combined_timeout180s.csv
dfs_timeout=180s__300steps__28042026,180,0.0,28042026,PISAM,unclean,0,5,25,1.0,0.0,0.0,benchmark/data/new_experiments/blocks/dfs_timeout=180s__300steps__28042026/evaluation_results/results_blocksworld_combined_timeout180s.csv
dfs_timeout=180s__300steps__28042026,180,0.0,28042026,PO_ROSAME,unclean,0,5,25,0.0,0.0,0.0,benchmark/data/new_experiments/blocks/dfs_timeout=180s__300steps__28042026/evaluation_results/results_blocksworld_combined_timeout180s.csv
dfs_timeout=180s__300steps__28042026,180,0.0,28042026,PISAM,unclean,3,5,25,1.0,0.0,0.0,benchmark/data/new_experiments/blocks/dfs_timeout=180s__300steps__28042026/evaluation_results/results_blocksworld_combined_timeout180s.csv
dfs_timeout=180s__300steps__28042026,180,0.0,28042026,PO_ROSAME,unclean,3,5,25,0.0,0.0,0.0,benchmark/data/new_experiments/blocks/dfs_timeout=180s__300steps__28042026/evaluation_results/results_blocksworld_combined_timeout180s.csv
dfs_timeout=180s__300steps__28042026,180,0.0,28042026,PISAM,unclean,2,5,25,1.0,0.0,0.0,benchmark/data/new_experiments/blocks/dfs_timeout=180s__300steps__28042026/evaluation_results/results_blocksworld_combined_timeout180s.csv
dfs_timeout=180s__300steps__28042026,180,0.0,28042026,PO_ROSAME,unclean,2,5,25,1.0,0.0,0.0,benchmark/data/new_experiments/blocks/dfs_timeout=180s__300steps__28042026/evaluation_results/results_blocksworld_combined_timeout180s.csv
dfs_timeout=180s__300steps__28042026,180,0.0,28042026,PISAM,unclean,4,5,50,1.0,0.0,0.0,benchmark/data/new_experiments/blocks/dfs_timeout=180s__300steps__28042026/evaluation_results/results_blocksworld_combined_timeout180s.csv
dfs_timeout=180s__300steps__28042026,180,0.0,28042026,PO_ROSAME,unclean,4,5,50,0.0,0.0,0.0,benchmark/data/new_experiments/blocks/dfs_timeout=180s__300steps__28042026/evaluation_results/results_blocksworld_combined_timeout180s.csv
dfs_timeout=180s__300steps__28042026,180,0.0,28042026,PISAM,unclean,3,5,50,1.0,0.0,0.0,benchmark/data/new_experiments/blocks/dfs_timeout=180s__300steps__28042026/evaluation_results/results_blocksworld_combined_timeout180s.csv
dfs_timeout=180s__300steps__28042026,180,0.0,28042026,PO_ROSAME,unclean,3,5,50,0.0,0.0,0.0,benchmark/data/new_experiments/blocks/dfs_timeout=180s__300steps__28042026/evaluation_results/results_blocksworld_combined_timeout180s.csv
dfs_timeout=180s__300steps__28042026,180,0.0,28042026,PISAM,unclean,0,5,50,1.0,0.0,0.0,benchmark/data/new_experiments/blocks/dfs_timeout=180s__300steps__28042026/evaluation_results/results_blocksworld_combined_timeout180s.csv
dfs_timeout=180s__300steps__28042026,180,0.0,28042026,PO_ROSAME,unclean,0,5,50,0.0,1.0,0.0,benchmark/data/new_experiments/blocks/dfs_timeout=180s__300steps__28042026/evaluation_results/results_blocksworld_combined_timeout180s.csv
dfs_timeout=180s__300steps__28042026,180,0.0,28042026,PISAM,unclean,2,5,50,1.0,0.0,0.0,benchmark/data/new_experiments/blocks/dfs_timeout=180s__300steps__28042026/evaluation_results/results_blocksworld_combined_timeout180s.csv
dfs_timeout=180s__300steps__28042026,180,0.0,28042026,PO_ROSAME,unclean,2,5,50,1.0,0.0,0.0,benchmark/data/new_experiments/blocks/dfs_timeout=180s__300steps__28042026/evaluation_results/results_blocksworld_combined_timeout180s.csv
dfs_timeout=180s__300steps__28042026,180,0.0,28042026,PISAM,unclean,1,5,50,1.0,0.0,0.0,benchmark/data/new_experiments/blocks/dfs_timeout=180s__300steps__28042026/evaluation_results/results_blocksworld_combined_timeout180s.csv
dfs_timeout=180s__300steps__28042026,180,0.0,28042026,PO_ROSAME,unclean,1,5,50,0.0,0.0,1.0,benchmark/data/new_experiments/blocks/dfs_timeout=180s__300steps__28042026/evaluation_results/results_blocksworld_combined_timeout180s.csv
dfs_timeout=180s__300steps__28042026,180,0.0,28042026,PISAM,unclean,2,5,75,1.0,0.0,0.0,benchmark/data/new_experiments/blocks/dfs_timeout=180s__300steps__28042026/evaluation_results/results_blocksworld_combined_timeout180s.csv
dfs_timeout=180s__300steps__28042026,180,0.0,28042026,PO_ROSAME,unclean,2,5,75,1.0,0.0,0.0,benchmark/data/new_experiments/blocks/dfs_timeout=180s__300steps__28042026/evaluation_results/results_blocksworld_combined_timeout180s.csv
dfs_timeout=180s__300steps__28042026,180,0.0,28042026,PISAM,unclean,0,5,75,1.0,0.0,0.0,benchmark/data/new_experiments/blocks/dfs_timeout=180s__300steps__28042026/evaluation_results/results_blocksworld_combined_timeout180s.csv
dfs_timeout=180s__300steps__28042026,180,0.0,28042026,PO_ROSAME,unclean,0,5,75,0.0,1.0,0.0,benchmark/data/new_experiments/blocks/dfs_timeout=180s__300steps__28042026/evaluation_results/results_blocksworld_combined_timeout180s.csv
dfs_timeout=180s__300steps__28042026,180,0.0,28042026,PISAM,unclean,4,5,75,1.0,0.0,0.0,benchmark/data/new_experiments/blocks/dfs_timeout=180s__300steps__28042026/evaluation_results/results_blocksworld_combined_timeout180s.csv
dfs_timeout=180s__300steps__28042026,180,0.0,28042026,PO_ROSAME,unclean,4,5,75,0.0,1.0,0.0,benchmark/data/new_experiments/blocks/dfs_timeout=180s__300steps__28042026/evaluation_results/results_blocksworld_combined_timeout180s.csv
dfs_timeout=180s__300steps__28042026,180,0.0,28042026,PISAM,unclean,1,5,75,1.0,0.0,0.0,benchmark/data/new_experiments/blocks/dfs_timeout=180s__300steps__28042026/evaluation_results/results_blocksworld_combined_timeout180s.csv
dfs_timeout=180s__300steps__28042026,180,0.0,28042026,PO_ROSAME,unclean,1,5,75,0.0,0.0,1.0,benchmark/data/new_experiments/blocks/dfs_timeout=180s__300steps__28042026/evaluation_results/results_blocksworld_combined_timeout180s.csv
dfs_timeout=180s__300steps__28042026,180,0.0,28042026,PISAM,unclean,3,5,75,1.0,0.0,0.0,benchmark/data/new_experiments/blocks/dfs_timeout=180s__300steps__28042026/evaluation_results/results_blocksworld_combined_timeout180s.csv
dfs_timeout=180s__300steps__28042026,180,0.0,28042026,PO_ROSAME,unclean,3,5,75,0.0,0.0,0.0,benchmark/data/new_experiments/blocks/dfs_timeout=180s__300steps__28042026/evaluation_results/results_blocksworld_combined_timeout180s.csv
dfs_timeout=180s__300steps__28042026,180,0.0,28042026,PISAM,unclean,3,5,100,1.0,0.0,0.0,benchmark/data/new_experiments/blocks/dfs_timeout=180s__300steps__28042026/evaluation_results/results_blocksworld_combined_timeout180s.csv
dfs_timeout=180s__300steps__28042026,180,0.0,28042026,PO_ROSAME,unclean,3,5,100,0.0,1.0,0.0,benchmark/data/new_experiments/blocks/dfs_timeout=180s__300steps__28042026/evaluation_results/results_blocksworld_combined_timeout180s.csv
dfs_timeout=180s__300steps__28042026,180,0.0,28042026,PISAM,unclean,4,5,100,1.0,0.0,0.0,benchmark/data/new_experiments/blocks/dfs_timeout=180s__300steps__28042026/evaluation_results/results_blocksworld_combined_timeout180s.csv
dfs_timeout=180s__300steps__28042026,180,0.0,28042026,PO_ROSAME,unclean,4,5,100,0.0,0.0,0.0,benchmark/data/new_experiments/blocks/dfs_timeout=180s__300steps__28042026/evaluation_results/results_blocksworld_combined_timeout180s.csv
dfs_timeout=180s__300steps__28042026,180,0.0,28042026,PISAM,unclean,0,5,100,1.0,0.0,0.0,benchmark/data/new_experiments/blocks/dfs_timeout=180s__300steps__28042026/evaluation_results/results_blocksworld_combined_timeout180s.csv
dfs_timeout=180s__300steps__28042026,180,0.0,28042026,PO_ROSAME,unclean,0,5,100,0.0,0.0,0.0,benchmark/data/new_experiments/blocks/dfs_timeout=180s__300steps__28042026/evaluation_results/results_blocksworld_combined_timeout180s.csv
dfs_timeout=180s__300steps__28042026,180,0.0,28042026,PISAM,unclean,2,5,100,1.0,0.0,0.0,benchmark/data/new_experiments/blocks/dfs_timeout=180s__300steps__28042026/evaluation_results/results_blocksworld_combined_timeout180s.csv
dfs_timeout=180s__300steps__28042026,180,0.0,28042026,PO_ROSAME,unclean,2,5,100,1.0,0.0,0.0,benchmark/data/new_experiments/blocks/dfs_timeout=180s__300steps__28042026/evaluation_results/results_blocksworld_combined_timeout180s.csv
dfs_timeout=180s__300steps__28042026,180,0.0,28042026,PISAM,unclean,1,5,100,1.0,0.0,0.0,benchmark/data/new_experiments/blocks/dfs_timeout=180s__300steps__28042026/evaluation_results/results_blocksworld_combined_timeout180s.csv
dfs_timeout=180s__300steps__28042026,180,0.0,28042026,PO_ROSAME,unclean,1,5,100,0.0,0.0,1.0,benchmark/data/new_experiments/blocks/dfs_timeout=180s__300steps__28042026/evaluation_results/results_blocksworld_combined_timeout180s.csv
dfs_timeout=180s__300steps__28042026,180,0.0,28042026,PISAM,unclean,1,6,0,0.0,1.0,0.0,benchmark/data/new_experiments/blocks/dfs_timeout=180s__300steps__28042026/evaluation_results/results_blocksworld_combined_timeout180s.csv
dfs_timeout=180s__300steps__28042026,180,0.0,28042026,PO_ROSAME,unclean,1,6,0,0.0,0.0,1.0,benchmark/data/new_experiments/blocks/dfs_timeout=180s__300steps__28042026/evaluation_results/results_blocksworld_combined_timeout180s.csv
dfs_timeout=180s__300steps__28042026,180,0.0,28042026,PISAM,unclean,0,6,0,0.0,1.0,0.0,benchmark/data/new_experiments/blocks/dfs_timeout=180s__300steps__28042026/evaluation_results/results_blocksworld_combined_timeout180s.csv
dfs_timeout=180s__300steps__28042026,180,0.0,28042026,PO_ROSAME,unclean,0,6,0,0.0,0.0,1.0,benchmark/data/new_experiments/blocks/dfs_timeout=180s__300steps__28042026/evaluation_results/results_blocksworld_combined_timeout180s.csv
dfs_timeout=180s__300steps__28042026,180,0.0,28042026,PISAM,unclean,3,6,0,0.0,1.0,0.0,benchmark/data/new_experiments/blocks/dfs_timeout=180s__300steps__28042026/evaluation_results/results_blocksworld_combined_timeout180s.csv
dfs_timeout=180s__300steps__28042026,180,0.0,28042026,PO_ROSAME,unclean,3,6,0,0.0,0.0,1.0,benchmark/data/new_experiments/blocks/dfs_timeout=180s__300steps__28042026/evaluation_results/results_blocksworld_combined_timeout180s.csv
dfs_timeout=180s__300steps__28042026,180,0.0,28042026,PISAM,unclean,2,6,0,0.0,1.0,0.0,benchmark/data/new_experiments/blocks/dfs_timeout=180s__300steps__28042026/evaluation_results/results_blocksworld_combined_timeout180s.csv
dfs_timeout=180s__300steps__28042026,180,0.0,28042026,PO_ROSAME,unclean,2,6,0,0.0,0.0,1.0,benchmark/data/new_experiments/blocks/dfs_timeout=180s__300steps__28042026/evaluation_results/results_blocksworld_combined_timeout180s.csv
dfs_timeout=180s__300steps__28042026,180,0.0,28042026,PISAM,unclean,4,6,0,0.0,1.0,0.0,benchmark/data/new_experiments/blocks/dfs_timeout=180s__300steps__28042026/evaluation_results/results_blocksworld_combined_timeout180s.csv
dfs_timeout=180s__300steps__28042026,180,0.0,28042026,PO_ROSAME,unclean,4,6,0,0.0,0.0,1.0,benchmark/data/new_experiments/blocks/dfs_timeout=180s__300steps__28042026/evaluation_results/results_blocksworld_combined_timeout180s.csv
dfs_timeout=180s__300steps__28042026,180,0.0,28042026,PISAM,unclean,2,6,10,1.0,0.0,0.0,benchmark/data/new_experiments/blocks/dfs_timeout=180s__300steps__28042026/evaluation_results/results_blocksworld_combined_timeout180s.csv
dfs_timeout=180s__300steps__28042026,180,0.0,28042026,PO_ROSAME,unclean,2,6,10,1.0,0.0,0.0,benchmark/data/new_experiments/blocks/dfs_timeout=180s__300steps__28042026/evaluation_results/results_blocksworld_combined_timeout180s.csv
dfs_timeout=180s__300steps__28042026,180,0.0,28042026,PISAM,unclean,0,6,10,1.0,0.0,0.0,benchmark/data/new_experiments/blocks/dfs_timeout=180s__300steps__28042026/evaluation_results/results_blocksworld_combined_timeout180s.csv
dfs_timeout=180s__300steps__28042026,180,0.0,28042026,PO_ROSAME,unclean,0,6,10,1.0,0.0,0.0,benchmark/data/new_experiments/blocks/dfs_timeout=180s__300steps__28042026/evaluation_results/results_blocksworld_combined_timeout180s.csv
dfs_timeout=180s__300steps__28042026,180,0.0,28042026,PISAM,unclean,3,6,10,1.0,0.0,0.0,benchmark/data/new_experiments/blocks/dfs_timeout=180s__300steps__28042026/evaluation_results/results_blocksworld_combined_timeout180s.csv
dfs_timeout=180s__300steps__28042026,180,0.0,28042026,PO_ROSAME,unclean,3,6,10,0.5,0.0,0.5,benchmark/data/new_experiments/blocks/dfs_timeout=180s__300steps__28042026/evaluation_results/results_blocksworld_combined_timeout180s.csv
dfs_timeout=180s__300steps__28042026,180,0.0,28042026,PISAM,unclean,1,6,10,1.0,0.0,0.0,benchmark/data/new_experiments/blocks/dfs_timeout=180s__300steps__28042026/evaluation_results/results_blocksworld_combined_timeout180s.csv
dfs_timeout=180s__300steps__28042026,180,0.0,28042026,PO_ROSAME,unclean,1,6,10,1.0,0.0,0.0,benchmark/data/new_experiments/blocks/dfs_timeout=180s__300steps__28042026/evaluation_results/results_blocksworld_combined_timeout180s.csv
dfs_timeout=180s__300steps__28042026,180,0.0,28042026,PISAM,unclean,4,6,10,1.0,0.0,0.0,benchmark/data/new_experiments/blocks/dfs_timeout=180s__300steps__28042026/evaluation_results/results_blocksworld_combined_timeout180s.csv
dfs_timeout=180s__300steps__28042026,180,0.0,28042026,PO_ROSAME,unclean,4,6,10,1.0,0.0,0.0,benchmark/data/new_experiments/blocks/dfs_timeout=180s__300steps__28042026/evaluation_results/results_blocksworld_combined_timeout180s.csv
dfs_timeout=180s__300steps__28042026,180,0.0,28042026,PISAM,unclean,2,6,25,1.0,0.0,0.0,benchmark/data/new_experiments/blocks/dfs_timeout=180s__300steps__28042026/evaluation_results/results_blocksworld_combined_timeout180s.csv
dfs_timeout=180s__300steps__28042026,180,0.0,28042026,PO_ROSAME,unclean,2,6,25,1.0,0.0,0.0,benchmark/data/new_experiments/blocks/dfs_timeout=180s__300steps__28042026/evaluation_results/results_blocksworld_combined_timeout180s.csv
dfs_timeout=180s__300steps__28042026,180,0.0,28042026,PISAM,unclean,0,6,25,1.0,0.0,0.0,benchmark/data/new_experiments/blocks/dfs_timeout=180s__300steps__28042026/evaluation_results/results_blocksworld_combined_timeout180s.csv
dfs_timeout=180s__300steps__28042026,180,0.0,28042026,PO_ROSAME,unclean,0,6,25,1.0,0.0,0.0,benchmark/data/new_experiments/blocks/dfs_timeout=180s__300steps__28042026/evaluation_results/results_blocksworld_combined_timeout180s.csv
dfs_timeout=180s__300steps__28042026,180,0.0,28042026,PISAM,unclean,4,6,25,1.0,0.0,0.0,benchmark/data/new_experiments/blocks/dfs_timeout=180s__300steps__28042026/evaluation_results/results_blocksworld_combined_timeout180s.csv
dfs_timeout=180s__300steps__28042026,180,0.0,28042026,PO_ROSAME,unclean,4,6,25,1.0,0.0,0.0,benchmark/data/new_experiments/blocks/dfs_timeout=180s__300steps__28042026/evaluation_results/results_blocksworld_combined_timeout180s.csv
dfs_timeout=180s__300steps__28042026,180,0.0,28042026,PISAM,unclean,1,6,25,1.0,0.0,0.0,benchmark/data/new_experiments/blocks/dfs_timeout=180s__300steps__28042026/evaluation_results/results_blocksworld_combined_timeout180s.csv
dfs_timeout=180s__300steps__28042026,180,0.0,28042026,PO_ROSAME,unclean,1,6,25,1.0,0.0,0.0,benchmark/data/new_experiments/blocks/dfs_timeout=180s__300steps__28042026/evaluation_results/results_blocksworld_combined_timeout180s.csv
dfs_timeout=180s__300steps__28042026,180,0.0,28042026,PISAM,unclean,3,6,25,1.0,0.0,0.0,benchmark/data/new_experiments/blocks/dfs_timeout=180s__300steps__28042026/evaluation_results/results_blocksworld_combined_timeout180s.csv
dfs_timeout=180s__300steps__28042026,180,0.0,28042026,PO_ROSAME,unclean,3,6,25,0.5,0.0,0.5,benchmark/data/new_experiments/blocks/dfs_timeout=180s__300steps__28042026/evaluation_results/results_blocksworld_combined_timeout180s.csv
dfs_timeout=180s__300steps__28042026,180,0.0,28042026,PISAM,unclean,2,6,50,1.0,0.0,0.0,benchmark/data/new_experiments/blocks/dfs_timeout=180s__300steps__28042026/evaluation_results/results_blocksworld_combined_timeout180s.csv
dfs_timeout=180s__300steps__28042026,180,0.0,28042026,PO_ROSAME,unclean,2,6,50,1.0,0.0,0.0,benchmark/data/new_experiments/blocks/dfs_timeout=180s__300steps__28042026/evaluation_results/results_blocksworld_combined_timeout180s.csv
dfs_timeout=180s__300steps__28042026,180,0.0,28042026,PISAM,unclean,0,6,50,1.0,0.0,0.0,benchmark/data/new_experiments/blocks/dfs_timeout=180s__300steps__28042026/evaluation_results/results_blocksworld_combined_timeout180s.csv
dfs_timeout=180s__300steps__28042026,180,0.0,28042026,PO_ROSAME,unclean,0,6,50,1.0,0.0,0.0,benchmark/data/new_experiments/blocks/dfs_timeout=180s__300steps__28042026/evaluation_results/results_blocksworld_combined_timeout180s.csv
dfs_timeout=180s__300steps__28042026,180,0.0,28042026,PISAM,unclean,3,6,50,1.0,0.0,0.0,benchmark/data/new_experiments/blocks/dfs_timeout=180s__300steps__28042026/evaluation_results/results_blocksworld_combined_timeout180s.csv
dfs_timeout=180s__300steps__28042026,180,0.0,28042026,PO_ROSAME,unclean,3,6,50,0.5,0.0,0.5,benchmark/data/new_experiments/blocks/dfs_timeout=180s__300steps__28042026/evaluation_results/results_blocksworld_combined_timeout180s.csv
dfs_timeout=180s__300steps__28042026,180,0.0,28042026,PISAM,unclean,4,6,50,1.0,0.0,0.0,benchmark/data/new_experiments/blocks/dfs_timeout=180s__300steps__28042026/evaluation_results/results_blocksworld_combined_timeout180s.csv
dfs_timeout=180s__300steps__28042026,180,0.0,28042026,PO_ROSAME,unclean,4,6,50,1.0,0.0,0.0,benchmark/data/new_experiments/blocks/dfs_timeout=180s__300steps__28042026/evaluation_results/results_blocksworld_combined_timeout180s.csv
dfs_timeout=180s__300steps__28042026,180,0.0,28042026,PISAM,unclean,1,6,50,1.0,0.0,0.0,benchmark/data/new_experiments/blocks/dfs_timeout=180s__300steps__28042026/evaluation_results/results_blocksworld_combined_timeout180s.csv
dfs_timeout=180s__300steps__28042026,180,0.0,28042026,PO_ROSAME,unclean,1,6,50,1.0,0.0,0.0,benchmark/data/new_experiments/blocks/dfs_timeout=180s__300steps__28042026/evaluation_results/results_blocksworld_combined_timeout180s.csv
dfs_timeout=180s__300steps__28042026,180,0.0,28042026,PISAM,unclean,3,6,75,1.0,0.0,0.0,benchmark/data/new_experiments/blocks/dfs_timeout=180s__300steps__28042026/evaluation_results/results_blocksworld_combined_timeout180s.csv
dfs_timeout=180s__300steps__28042026,180,0.0,28042026,PO_ROSAME,unclean,3,6,75,0.5,0.0,0.5,benchmark/data/new_experiments/blocks/dfs_timeout=180s__300steps__28042026/evaluation_results/results_blocksworld_combined_timeout180s.csv
dfs_timeout=180s__300steps__28042026,180,0.0,28042026,PISAM,unclean,4,6,75,1.0,0.0,0.0,benchmark/data/new_experiments/blocks/dfs_timeout=180s__300steps__28042026/evaluation_results/results_blocksworld_combined_timeout180s.csv
dfs_timeout=180s__300steps__28042026,180,0.0,28042026,PO_ROSAME,unclean,4,6,75,1.0,0.0,0.0,benchmark/data/new_experiments/blocks/dfs_timeout=180s__300steps__28042026/evaluation_results/results_blocksworld_combined_timeout180s.csv
dfs_timeout=180s__300steps__28042026,180,0.0,28042026,PISAM,unclean,0,6,75,1.0,0.0,0.0,benchmark/data/new_experiments/blocks/dfs_timeout=180s__300steps__28042026/evaluation_results/results_blocksworld_combined_timeout180s.csv
dfs_timeout=180s__300steps__28042026,180,0.0,28042026,PO_ROSAME,unclean,0,6,75,1.0,0.0,0.0,benchmark/data/new_experiments/blocks/dfs_timeout=180s__300steps__28042026/evaluation_results/results_blocksworld_combined_timeout180s.csv
dfs_timeout=180s__300steps__28042026,180,0.0,28042026,PISAM,unclean,2,6,75,1.0,0.0,0.0,benchmark/data/new_experiments/blocks/dfs_timeout=180s__300steps__28042026/evaluation_results/results_blocksworld_combined_timeout180s.csv
dfs_timeout=180s__300steps__28042026,180,0.0,28042026,PO_ROSAME,unclean,2,6,75,1.0,0.0,0.0,benchmark/data/new_experiments/blocks/dfs_timeout=180s__300steps__28042026/evaluation_results/results_blocksworld_combined_timeout180s.csv
dfs_timeout=180s__300steps__28042026,180,0.0,28042026,PISAM,unclean,1,6,75,1.0,0.0,0.0,benchmark/data/new_experiments/blocks/dfs_timeout=180s__300steps__28042026/evaluation_results/results_blocksworld_combined_timeout180s.csv
dfs_timeout=180s__300steps__28042026,180,0.0,28042026,PO_ROSAME,unclean,1,6,75,1.0,0.0,0.0,benchmark/data/new_experiments/blocks/dfs_timeout=180s__300steps__28042026/evaluation_results/results_blocksworld_combined_timeout180s.csv
dfs_timeout=180s__300steps__28042026,180,0.0,28042026,PISAM,unclean,2,6,100,1.0,0.0,0.0,benchmark/data/new_experiments/blocks/dfs_timeout=180s__300steps__28042026/evaluation_results/results_blocksworld_combined_timeout180s.csv
dfs_timeout=180s__300steps__28042026,180,0.0,28042026,PO_ROSAME,unclean,2,6,100,1.0,0.0,0.0,benchmark/data/new_experiments/blocks/dfs_timeout=180s__300steps__28042026/evaluation_results/results_blocksworld_combined_timeout180s.csv
dfs_timeout=180s__300steps__28042026,180,0.0,28042026,PISAM,unclean,0,6,100,1.0,0.0,0.0,benchmark/data/new_experiments/blocks/dfs_timeout=180s__300steps__28042026/evaluation_results/results_blocksworld_combined_timeout180s.csv
dfs_timeout=180s__300steps__28042026,180,0.0,28042026,PO_ROSAME,unclean,0,6,100,1.0,0.0,0.0,benchmark/data/new_experiments/blocks/dfs_timeout=180s__300steps__28042026/evaluation_results/results_blocksworld_combined_timeout180s.csv
dfs_timeout=180s__300steps__28042026,180,0.0,28042026,PISAM,unclean,3,6,100,1.0,0.0,0.0,benchmark/data/new_experiments/blocks/dfs_timeout=180s__300steps__28042026/evaluation_results/results_blocksworld_combined_timeout180s.csv
dfs_timeout=180s__300steps__28042026,180,0.0,28042026,PO_ROSAME,unclean,3,6,100,0.5,0.0,0.5,benchmark/data/new_experiments/blocks/dfs_timeout=180s__300steps__28042026/evaluation_results/results_blocksworld_combined_timeout180s.csv
dfs_timeout=180s__300steps__28042026,180,0.0,28042026,PISAM,unclean,1,6,100,1.0,0.0,0.0,benchmark/data/new_experiments/blocks/dfs_timeout=180s__300steps__28042026/evaluation_results/results_blocksworld_combined_timeout180s.csv
dfs_timeout=180s__300steps__28042026,180,0.0,28042026,PO_ROSAME,unclean,1,6,100,1.0,0.0,0.0,benchmark/data/new_experiments/blocks/dfs_timeout=180s__300steps__28042026/evaluation_results/results_blocksworld_combined_timeout180s.csv
dfs_timeout=180s__300steps__28042026,180,0.0,28042026,PISAM,unclean,4,6,100,1.0,0.0,0.0,benchmark/data/new_experiments/blocks/dfs_timeout=180s__300steps__28042026/evaluation_results/results_blocksworld_combined_timeout180s.csv
dfs_timeout=180s__300steps__28042026,180,0.0,28042026,PO_ROSAME,unclean,4,6,100,1.0,0.0,0.0,benchmark/data/new_experiments/blocks/dfs_timeout=180s__300steps__28042026/evaluation_results/results_blocksworld_combined_timeout180s.csv
dfs_timeout=180s__300steps__28042026,180,0.0,28042026,PISAM,unclean,3,7,0,0.0,1.0,0.0,benchmark/data/new_experiments/blocks/dfs_timeout=180s__300steps__28042026/evaluation_results/results_blocksworld_combined_timeout180s.csv
dfs_timeout=180s__300steps__28042026,180,0.0,28042026,PO_ROSAME,unclean,3,7,0,0.0,0.0,1.0,benchmark/data/new_experiments/blocks/dfs_timeout=180s__300steps__28042026/evaluation_results/results_blocksworld_combined_timeout180s.csv
dfs_timeout=180s__300steps__28042026,180,0.0,28042026,PISAM,unclean,4,7,0,0.0,1.0,0.0,benchmark/data/new_experiments/blocks/dfs_timeout=180s__300steps__28042026/evaluation_results/results_blocksworld_combined_timeout180s.csv
dfs_timeout=180s__300steps__28042026,180,0.0,28042026,PO_ROSAME,unclean,4,7,0,0.5,0.0,0.5,benchmark/data/new_experiments/blocks/dfs_timeout=180s__300steps__28042026/evaluation_results/results_blocksworld_combined_timeout180s.csv
dfs_timeout=180s__300steps__28042026,180,0.0,28042026,PISAM,unclean,0,7,0,0.0,1.0,0.0,benchmark/data/new_experiments/blocks/dfs_timeout=180s__300steps__28042026/evaluation_results/results_blocksworld_combined_timeout180s.csv
dfs_timeout=180s__300steps__28042026,180,0.0,28042026,PO_ROSAME,unclean,0,7,0,0.0,1.0,0.0,benchmark/data/new_experiments/blocks/dfs_timeout=180s__300steps__28042026/evaluation_results/results_blocksworld_combined_timeout180s.csv
dfs_timeout=180s__300steps__28042026,180,0.0,28042026,PISAM,unclean,1,7,0,0.0,1.0,0.0,benchmark/data/new_experiments/blocks/dfs_timeout=180s__300steps__28042026/evaluation_results/results_blocksworld_combined_timeout180s.csv
dfs_timeout=180s__300steps__28042026,180,0.0,28042026,PO_ROSAME,unclean,1,7,0,0.0,0.0,1.0,benchmark/data/new_experiments/blocks/dfs_timeout=180s__300steps__28042026/evaluation_results/results_blocksworld_combined_timeout180s.csv
dfs_timeout=180s__300steps__28042026,180,0.0,28042026,PISAM,unclean,2,7,0,0.0,1.0,0.0,benchmark/data/new_experiments/blocks/dfs_timeout=180s__300steps__28042026/evaluation_results/results_blocksworld_combined_timeout180s.csv
dfs_timeout=180s__300steps__28042026,180,0.0,28042026,PO_ROSAME,unclean,2,7,0,0.0,0.0,1.0,benchmark/data/new_experiments/blocks/dfs_timeout=180s__300steps__28042026/evaluation_results/results_blocksworld_combined_timeout180s.csv
dfs_timeout=180s__300steps__28042026,180,0.0,28042026,PISAM,unclean,4,7,10,1.0,0.0,0.0,benchmark/data/new_experiments/blocks/dfs_timeout=180s__300steps__28042026/evaluation_results/results_blocksworld_combined_timeout180s.csv
dfs_timeout=180s__300steps__28042026,180,0.0,28042026,PO_ROSAME,unclean,4,7,10,1.0,0.0,0.0,benchmark/data/new_experiments/blocks/dfs_timeout=180s__300steps__28042026/evaluation_results/results_blocksworld_combined_timeout180s.csv
dfs_timeout=180s__300steps__28042026,180,0.0,28042026,PISAM,unclean,3,7,10,1.0,0.0,0.0,benchmark/data/new_experiments/blocks/dfs_timeout=180s__300steps__28042026/evaluation_results/results_blocksworld_combined_timeout180s.csv
dfs_timeout=180s__300steps__28042026,180,0.0,28042026,PO_ROSAME,unclean,3,7,10,1.0,0.0,0.0,benchmark/data/new_experiments/blocks/dfs_timeout=180s__300steps__28042026/evaluation_results/results_blocksworld_combined_timeout180s.csv
dfs_timeout=180s__300steps__28042026,180,0.0,28042026,PISAM,unclean,2,7,10,1.0,0.0,0.0,benchmark/data/new_experiments/blocks/dfs_timeout=180s__300steps__28042026/evaluation_results/results_blocksworld_combined_timeout180s.csv
dfs_timeout=180s__300steps__28042026,180,0.0,28042026,PO_ROSAME,unclean,2,7,10,0.0,0.0,1.0,benchmark/data/new_experiments/blocks/dfs_timeout=180s__300steps__28042026/evaluation_results/results_blocksworld_combined_timeout180s.csv
dfs_timeout=180s__300steps__28042026,180,0.0,28042026,PISAM,unclean,0,7,10,1.0,0.0,0.0,benchmark/data/new_experiments/blocks/dfs_timeout=180s__300steps__28042026/evaluation_results/results_blocksworld_combined_timeout180s.csv
dfs_timeout=180s__300steps__28042026,180,0.0,28042026,PO_ROSAME,unclean,0,7,10,1.0,0.0,0.0,benchmark/data/new_experiments/blocks/dfs_timeout=180s__300steps__28042026/evaluation_results/results_blocksworld_combined_timeout180s.csv
dfs_timeout=180s__300steps__28042026,180,0.0,28042026,PISAM,unclean,1,7,10,1.0,0.0,0.0,benchmark/data/new_experiments/blocks/dfs_timeout=180s__300steps__28042026/evaluation_results/results_blocksworld_combined_timeout180s.csv
dfs_timeout=180s__300steps__28042026,180,0.0,28042026,PO_ROSAME,unclean,1,7,10,1.0,0.0,0.0,benchmark/data/new_experiments/blocks/dfs_timeout=180s__300steps__28042026/evaluation_results/results_blocksworld_combined_timeout180s.csv
dfs_timeout=180s__300steps__28042026,180,0.0,28042026,PISAM,unclean,2,7,25,1.0,0.0,0.0,benchmark/data/new_experiments/blocks/dfs_timeout=180s__300steps__28042026/evaluation_results/results_blocksworld_combined_timeout180s.csv
dfs_timeout=180s__300steps__28042026,180,0.0,28042026,PO_ROSAME,unclean,2,7,25,1.0,0.0,0.0,benchmark/data/new_experiments/blocks/dfs_timeout=180s__300steps__28042026/evaluation_results/results_blocksworld_combined_timeout180s.csv
dfs_timeout=180s__300steps__28042026,180,0.0,28042026,PISAM,unclean,0,7,25,1.0,0.0,0.0,benchmark/data/new_experiments/blocks/dfs_timeout=180s__300steps__28042026/evaluation_results/results_blocksworld_combined_timeout180s.csv
dfs_timeout=180s__300steps__28042026,180,0.0,28042026,PO_ROSAME,unclean,0,7,25,1.0,0.0,0.0,benchmark/data/new_experiments/blocks/dfs_timeout=180s__300steps__28042026/evaluation_results/results_blocksworld_combined_timeout180s.csv
dfs_timeout=180s__300steps__28042026,180,0.0,28042026,PISAM,unclean,4,7,25,1.0,0.0,0.0,benchmark/data/new_experiments/blocks/dfs_timeout=180s__300steps__28042026/evaluation_results/results_blocksworld_combined_timeout180s.csv
dfs_timeout=180s__300steps__28042026,180,0.0,28042026,PO_ROSAME,unclean,4,7,25,1.0,0.0,0.0,benchmark/data/new_experiments/blocks/dfs_timeout=180s__300steps__28042026/evaluation_results/results_blocksworld_combined_timeout180s.csv
dfs_timeout=180s__300steps__28042026,180,0.0,28042026,PISAM,unclean,3,7,25,1.0,0.0,0.0,benchmark/data/new_experiments/blocks/dfs_timeout=180s__300steps__28042026/evaluation_results/results_blocksworld_combined_timeout180s.csv
dfs_timeout=180s__300steps__28042026,180,0.0,28042026,PO_ROSAME,unclean,3,7,25,1.0,0.0,0.0,benchmark/data/new_experiments/blocks/dfs_timeout=180s__300steps__28042026/evaluation_results/results_blocksworld_combined_timeout180s.csv
dfs_timeout=180s__300steps__28042026,180,0.0,28042026,PISAM,unclean,1,7,25,1.0,0.0,0.0,benchmark/data/new_experiments/blocks/dfs_timeout=180s__300steps__28042026/evaluation_results/results_blocksworld_combined_timeout180s.csv
dfs_timeout=180s__300steps__28042026,180,0.0,28042026,PO_ROSAME,unclean,1,7,25,1.0,0.0,0.0,benchmark/data/new_experiments/blocks/dfs_timeout=180s__300steps__28042026/evaluation_results/results_blocksworld_combined_timeout180s.csv
dfs_timeout=180s__300steps__28042026,180,0.0,28042026,PISAM,unclean,2,7,50,1.0,0.0,0.0,benchmark/data/new_experiments/blocks/dfs_timeout=180s__300steps__28042026/evaluation_results/results_blocksworld_combined_timeout180s.csv
dfs_timeout=180s__300steps__28042026,180,0.0,28042026,PO_ROSAME,unclean,2,7,50,0.0,0.0,1.0,benchmark/data/new_experiments/blocks/dfs_timeout=180s__300steps__28042026/evaluation_results/results_blocksworld_combined_timeout180s.csv
dfs_timeout=180s__300steps__28042026,180,0.0,28042026,PISAM,unclean,0,7,50,1.0,0.0,0.0,benchmark/data/new_experiments/blocks/dfs_timeout=180s__300steps__28042026/evaluation_results/results_blocksworld_combined_timeout180s.csv
dfs_timeout=180s__300steps__28042026,180,0.0,28042026,PO_ROSAME,unclean,0,7,50,,,,benchmark/data/new_experiments/blocks/dfs_timeout=180s__300steps__28042026/evaluation_results/results_blocksworld_combined_timeout180s.csv
dfs_timeout=180s__300steps__28042026,180,0.0,28042026,PISAM,unclean,4,7,50,1.0,0.0,0.0,benchmark/data/new_experiments/blocks/dfs_timeout=180s__300steps__28042026/evaluation_results/results_blocksworld_combined_timeout180s.csv
dfs_timeout=180s__300steps__28042026,180,0.0,28042026,PO_ROSAME,unclean,4,7,50,1.0,0.0,0.0,benchmark/data/new_experiments/blocks/dfs_timeout=180s__300steps__28042026/evaluation_results/results_blocksworld_combined_timeout180s.csv
dfs_timeout=180s__300steps__28042026,180,0.0,28042026,PISAM,unclean,1,7,50,1.0,0.0,0.0,benchmark/data/new_experiments/blocks/dfs_timeout=180s__300steps__28042026/evaluation_results/results_blocksworld_combined_timeout180s.csv
dfs_timeout=180s__300steps__28042026,180,0.0,28042026,PO_ROSAME,unclean,1,7,50,1.0,0.0,0.0,benchmark/data/new_experiments/blocks/dfs_timeout=180s__300steps__28042026/evaluation_results/results_blocksworld_combined_timeout180s.csv
dfs_timeout=180s__300steps__28042026,180,0.0,28042026,PISAM,unclean,3,7,50,1.0,0.0,0.0,benchmark/data/new_experiments/blocks/dfs_timeout=180s__300steps__28042026/evaluation_results/results_blocksworld_combined_timeout180s.csv
dfs_timeout=180s__300steps__28042026,180,0.0,28042026,PO_ROSAME,unclean,3,7,50,1.0,0.0,0.0,benchmark/data/new_experiments/blocks/dfs_timeout=180s__300steps__28042026/evaluation_results/results_blocksworld_combined_timeout180s.csv
dfs_timeout=180s__300steps__28042026,180,0.0,28042026,PISAM,unclean,2,7,75,1.0,0.0,0.0,benchmark/data/new_experiments/blocks/dfs_timeout=180s__300steps__28042026/evaluation_results/results_blocksworld_combined_timeout180s.csv
dfs_timeout=180s__300steps__28042026,180,0.0,28042026,PO_ROSAME,unclean,2,7,75,0.0,0.0,1.0,benchmark/data/new_experiments/blocks/dfs_timeout=180s__300steps__28042026/evaluation_results/results_blocksworld_combined_timeout180s.csv
dfs_timeout=180s__300steps__28042026,180,0.0,28042026,PISAM,unclean,3,7,75,1.0,0.0,0.0,benchmark/data/new_experiments/blocks/dfs_timeout=180s__300steps__28042026/evaluation_results/results_blocksworld_combined_timeout180s.csv
dfs_timeout=180s__300steps__28042026,180,0.0,28042026,PO_ROSAME,unclean,3,7,75,1.0,0.0,0.0,benchmark/data/new_experiments/blocks/dfs_timeout=180s__300steps__28042026/evaluation_results/results_blocksworld_combined_timeout180s.csv
dfs_timeout=180s__300steps__28042026,180,0.0,28042026,PISAM,unclean,4,7,75,1.0,0.0,0.0,benchmark/data/new_experiments/blocks/dfs_timeout=180s__300steps__28042026/evaluation_results/results_blocksworld_combined_timeout180s.csv
dfs_timeout=180s__300steps__28042026,180,0.0,28042026,PO_ROSAME,unclean,4,7,75,1.0,0.0,0.0,benchmark/data/new_experiments/blocks/dfs_timeout=180s__300steps__28042026/evaluation_results/results_blocksworld_combined_timeout180s.csv
dfs_timeout=180s__300steps__28042026,180,0.0,28042026,PISAM,unclean,0,7,75,1.0,0.0,0.0,benchmark/data/new_experiments/blocks/dfs_timeout=180s__300steps__28042026/evaluation_results/results_blocksworld_combined_timeout180s.csv
dfs_timeout=180s__300steps__28042026,180,0.0,28042026,PO_ROSAME,unclean,0,7,75,1.0,0.0,0.0,benchmark/data/new_experiments/blocks/dfs_timeout=180s__300steps__28042026/evaluation_results/results_blocksworld_combined_timeout180s.csv
dfs_timeout=180s__300steps__28042026,180,0.0,28042026,PISAM,unclean,1,7,75,1.0,0.0,0.0,benchmark/data/new_experiments/blocks/dfs_timeout=180s__300steps__28042026/evaluation_results/results_blocksworld_combined_timeout180s.csv
dfs_timeout=180s__300steps__28042026,180,0.0,28042026,PO_ROSAME,unclean,1,7,75,1.0,0.0,0.0,benchmark/data/new_experiments/blocks/dfs_timeout=180s__300steps__28042026/evaluation_results/results_blocksworld_combined_timeout180s.csv
dfs_timeout=180s__300steps__28042026,180,0.0,28042026,PISAM,unclean,1,7,100,1.0,0.0,0.0,benchmark/data/new_experiments/blocks/dfs_timeout=180s__300steps__28042026/evaluation_results/results_blocksworld_combined_timeout180s.csv
dfs_timeout=180s__300steps__28042026,180,0.0,28042026,PO_ROSAME,unclean,1,7,100,1.0,0.0,0.0,benchmark/data/new_experiments/blocks/dfs_timeout=180s__300steps__28042026/evaluation_results/results_blocksworld_combined_timeout180s.csv
dfs_timeout=180s__300steps__28042026,180,0.0,28042026,PISAM,unclean,0,7,100,1.0,0.0,0.0,benchmark/data/new_experiments/blocks/dfs_timeout=180s__300steps__28042026/evaluation_results/results_blocksworld_combined_timeout180s.csv
dfs_timeout=180s__300steps__28042026,180,0.0,28042026,PO_ROSAME,unclean,0,7,100,1.0,0.0,0.0,benchmark/data/new_experiments/blocks/dfs_timeout=180s__300steps__28042026/evaluation_results/results_blocksworld_combined_timeout180s.csv
dfs_timeout=180s__300steps__28042026,180,0.0,28042026,PISAM,unclean,3,7,100,1.0,0.0,0.0,benchmark/data/new_experiments/blocks/dfs_timeout=180s__300steps__28042026/evaluation_results/results_blocksworld_combined_timeout180s.csv
dfs_timeout=180s__300steps__28042026,180,0.0,28042026,PO_ROSAME,unclean,3,7,100,1.0,0.0,0.0,benchmark/data/new_experiments/blocks/dfs_timeout=180s__300steps__28042026/evaluation_results/results_blocksworld_combined_timeout180s.csv
dfs_timeout=180s__300steps__28042026,180,0.0,28042026,PISAM,unclean,2,7,100,1.0,0.0,0.0,benchmark/data/new_experiments/blocks/dfs_timeout=180s__300steps__28042026/evaluation_results/results_blocksworld_combined_timeout180s.csv
dfs_timeout=180s__300steps__28042026,180,0.0,28042026,PO_ROSAME,unclean,2,7,100,0.0,0.0,1.0,benchmark/data/new_experiments/blocks/dfs_timeout=180s__300steps__28042026/evaluation_results/results_blocksworld_combined_timeout180s.csv
dfs_timeout=180s__300steps__28042026,180,0.0,28042026,PISAM,unclean,4,7,100,1.0,0.0,0.0,benchmark/data/new_experiments/blocks/dfs_timeout=180s__300steps__28042026/evaluation_results/results_blocksworld_combined_timeout180s.csv
dfs_timeout=180s__300steps__28042026,180,0.0,28042026,PO_ROSAME,unclean,4,7,100,1.0,0.0,0.0,benchmark/data/new_experiments/blocks/dfs_timeout=180s__300steps__28042026/evaluation_results/results_blocksworld_combined_timeout180s.csv
dfs_timeout=180s__300steps__28042026,180,0.0,28042026,PISAM,unclean,2,8,0,0.0,1.0,0.0,benchmark/data/new_experiments/blocks/dfs_timeout=180s__300steps__28042026/evaluation_results/results_blocksworld_combined_timeout180s.csv
dfs_timeout=180s__300steps__28042026,180,0.0,28042026,PO_ROSAME,unclean,2,8,0,0.0,0.0,0.0,benchmark/data/new_experiments/blocks/dfs_timeout=180s__300steps__28042026/evaluation_results/results_blocksworld_combined_timeout180s.csv
dfs_timeout=180s__300steps__28042026,180,0.0,28042026,PISAM,unclean,4,8,0,0.0,1.0,0.0,benchmark/data/new_experiments/blocks/dfs_timeout=180s__300steps__28042026/evaluation_results/results_blocksworld_combined_timeout180s.csv
dfs_timeout=180s__300steps__28042026,180,0.0,28042026,PO_ROSAME,unclean,4,8,0,0.0,0.0,0.0,benchmark/data/new_experiments/blocks/dfs_timeout=180s__300steps__28042026/evaluation_results/results_blocksworld_combined_timeout180s.csv
dfs_timeout=180s__300steps__28042026,180,0.0,28042026,PISAM,unclean,3,8,0,0.0,1.0,0.0,benchmark/data/new_experiments/blocks/dfs_timeout=180s__300steps__28042026/evaluation_results/results_blocksworld_combined_timeout180s.csv
dfs_timeout=180s__300steps__28042026,180,0.0,28042026,PO_ROSAME,unclean,3,8,0,0.0,0.0,0.0,benchmark/data/new_experiments/blocks/dfs_timeout=180s__300steps__28042026/evaluation_results/results_blocksworld_combined_timeout180s.csv
dfs_timeout=180s__300steps__28042026,180,0.0,28042026,PISAM,unclean,1,8,0,0.0,1.0,0.0,benchmark/data/new_experiments/blocks/dfs_timeout=180s__300steps__28042026/evaluation_results/results_blocksworld_combined_timeout180s.csv
dfs_timeout=180s__300steps__28042026,180,0.0,28042026,PO_ROSAME,unclean,1,8,0,,,,benchmark/data/new_experiments/blocks/dfs_timeout=180s__300steps__28042026/evaluation_results/results_blocksworld_combined_timeout180s.csv
dfs_timeout=180s__300steps__28042026,180,0.0,28042026,PISAM,unclean,0,8,0,0.0,1.0,0.0,benchmark/data/new_experiments/blocks/dfs_timeout=180s__300steps__28042026/evaluation_results/results_blocksworld_combined_timeout180s.csv
dfs_timeout=180s__300steps__28042026,180,0.0,28042026,PO_ROSAME,unclean,0,8,0,0.0,1.0,0.0,benchmark/data/new_experiments/blocks/dfs_timeout=180s__300steps__28042026/evaluation_results/results_blocksworld_combined_timeout180s.csv
dfs_timeout=180s__300steps__28042026,180,0.0,28042026,PISAM,unclean,4,8,10,1.0,0.0,0.0,benchmark/data/new_experiments/blocks/dfs_timeout=180s__300steps__28042026/evaluation_results/results_blocksworld_combined_timeout180s.csv
dfs_timeout=180s__300steps__28042026,180,0.0,28042026,PO_ROSAME,unclean,4,8,10,0.0,0.0,0.0,benchmark/data/new_experiments/blocks/dfs_timeout=180s__300steps__28042026/evaluation_results/results_blocksworld_combined_timeout180s.csv
dfs_timeout=180s__300steps__28042026,180,0.0,28042026,PISAM,unclean,3,8,10,1.0,0.0,0.0,benchmark/data/new_experiments/blocks/dfs_timeout=180s__300steps__28042026/evaluation_results/results_blocksworld_combined_timeout180s.csv
dfs_timeout=180s__300steps__28042026,180,0.0,28042026,PO_ROSAME,unclean,3,8,10,0.0,0.0,0.0,benchmark/data/new_experiments/blocks/dfs_timeout=180s__300steps__28042026/evaluation_results/results_blocksworld_combined_timeout180s.csv
dfs_timeout=180s__300steps__28042026,180,0.0,28042026,PISAM,unclean,0,8,10,1.0,0.0,0.0,benchmark/data/new_experiments/blocks/dfs_timeout=180s__300steps__28042026/evaluation_results/results_blocksworld_combined_timeout180s.csv
dfs_timeout=180s__300steps__28042026,180,0.0,28042026,PO_ROSAME,unclean,0,8,10,1.0,0.0,0.0,benchmark/data/new_experiments/blocks/dfs_timeout=180s__300steps__28042026/evaluation_results/results_blocksworld_combined_timeout180s.csv
dfs_timeout=180s__300steps__28042026,180,0.0,28042026,PISAM,unclean,1,8,10,1.0,0.0,0.0,benchmark/data/new_experiments/blocks/dfs_timeout=180s__300steps__28042026/evaluation_results/results_blocksworld_combined_timeout180s.csv
dfs_timeout=180s__300steps__28042026,180,0.0,28042026,PO_ROSAME,unclean,1,8,10,1.0,0.0,0.0,benchmark/data/new_experiments/blocks/dfs_timeout=180s__300steps__28042026/evaluation_results/results_blocksworld_combined_timeout180s.csv
dfs_timeout=180s__300steps__28042026,180,0.0,28042026,PISAM,unclean,2,8,10,1.0,0.0,0.0,benchmark/data/new_experiments/blocks/dfs_timeout=180s__300steps__28042026/evaluation_results/results_blocksworld_combined_timeout180s.csv
dfs_timeout=180s__300steps__28042026,180,0.0,28042026,PO_ROSAME,unclean,2,8,10,0.0,0.0,0.0,benchmark/data/new_experiments/blocks/dfs_timeout=180s__300steps__28042026/evaluation_results/results_blocksworld_combined_timeout180s.csv
dfs_timeout=180s__300steps__28042026,180,0.0,28042026,PISAM,unclean,1,8,25,1.0,0.0,0.0,benchmark/data/new_experiments/blocks/dfs_timeout=180s__300steps__28042026/evaluation_results/results_blocksworld_combined_timeout180s.csv
dfs_timeout=180s__300steps__28042026,180,0.0,28042026,PO_ROSAME,unclean,1,8,25,1.0,0.0,0.0,benchmark/data/new_experiments/blocks/dfs_timeout=180s__300steps__28042026/evaluation_results/results_blocksworld_combined_timeout180s.csv
dfs_timeout=180s__300steps__28042026,180,0.0,28042026,PISAM,unclean,4,8,25,1.0,0.0,0.0,benchmark/data/new_experiments/blocks/dfs_timeout=180s__300steps__28042026/evaluation_results/results_blocksworld_combined_timeout180s.csv
dfs_timeout=180s__300steps__28042026,180,0.0,28042026,PO_ROSAME,unclean,4,8,25,0.0,1.0,0.0,benchmark/data/new_experiments/blocks/dfs_timeout=180s__300steps__28042026/evaluation_results/results_blocksworld_combined_timeout180s.csv
dfs_timeout=180s__300steps__28042026,180,0.0,28042026,PISAM,unclean,2,8,25,1.0,0.0,0.0,benchmark/data/new_experiments/blocks/dfs_timeout=180s__300steps__28042026/evaluation_results/results_blocksworld_combined_timeout180s.csv
dfs_timeout=180s__300steps__28042026,180,0.0,28042026,PO_ROSAME,unclean,2,8,25,0.0,0.0,0.0,benchmark/data/new_experiments/blocks/dfs_timeout=180s__300steps__28042026/evaluation_results/results_blocksworld_combined_timeout180s.csv
dfs_timeout=180s__300steps__28042026,180,0.0,28042026,PISAM,unclean,3,8,25,1.0,0.0,0.0,benchmark/data/new_experiments/blocks/dfs_timeout=180s__300steps__28042026/evaluation_results/results_blocksworld_combined_timeout180s.csv
dfs_timeout=180s__300steps__28042026,180,0.0,28042026,PO_ROSAME,unclean,3,8,25,0.0,1.0,0.0,benchmark/data/new_experiments/blocks/dfs_timeout=180s__300steps__28042026/evaluation_results/results_blocksworld_combined_timeout180s.csv
dfs_timeout=180s__300steps__28042026,180,0.0,28042026,PISAM,unclean,0,8,25,1.0,0.0,0.0,benchmark/data/new_experiments/blocks/dfs_timeout=180s__300steps__28042026/evaluation_results/results_blocksworld_combined_timeout180s.csv
dfs_timeout=180s__300steps__28042026,180,0.0,28042026,PO_ROSAME,unclean,0,8,25,1.0,0.0,0.0,benchmark/data/new_experiments/blocks/dfs_timeout=180s__300steps__28042026/evaluation_results/results_blocksworld_combined_timeout180s.csv
dfs_timeout=180s__300steps__28042026,180,0.0,28042026,PISAM,unclean,2,8,50,1.0,0.0,0.0,benchmark/data/new_experiments/blocks/dfs_timeout=180s__300steps__28042026/evaluation_results/results_blocksworld_combined_timeout180s.csv
dfs_timeout=180s__300steps__28042026,180,0.0,28042026,PO_ROSAME,unclean,2,8,50,0.0,1.0,0.0,benchmark/data/new_experiments/blocks/dfs_timeout=180s__300steps__28042026/evaluation_results/results_blocksworld_combined_timeout180s.csv
dfs_timeout=180s__300steps__28042026,180,0.0,28042026,PISAM,unclean,4,8,50,1.0,0.0,0.0,benchmark/data/new_experiments/blocks/dfs_timeout=180s__300steps__28042026/evaluation_results/results_blocksworld_combined_timeout180s.csv
dfs_timeout=180s__300steps__28042026,180,0.0,28042026,PO_ROSAME,unclean,4,8,50,0.5,0.0,0.5,benchmark/data/new_experiments/blocks/dfs_timeout=180s__300steps__28042026/evaluation_results/results_blocksworld_combined_timeout180s.csv
dfs_timeout=180s__300steps__28042026,180,0.0,28042026,PISAM,unclean,1,8,50,1.0,0.0,0.0,benchmark/data/new_experiments/blocks/dfs_timeout=180s__300steps__28042026/evaluation_results/results_blocksworld_combined_timeout180s.csv
dfs_timeout=180s__300steps__28042026,180,0.0,28042026,PO_ROSAME,unclean,1,8,50,1.0,0.0,0.0,benchmark/data/new_experiments/blocks/dfs_timeout=180s__300steps__28042026/evaluation_results/results_blocksworld_combined_timeout180s.csv
dfs_timeout=180s__300steps__28042026,180,0.0,28042026,PISAM,unclean,0,8,50,1.0,0.0,0.0,benchmark/data/new_experiments/blocks/dfs_timeout=180s__300steps__28042026/evaluation_results/results_blocksworld_combined_timeout180s.csv
dfs_timeout=180s__300steps__28042026,180,0.0,28042026,PO_ROSAME,unclean,0,8,50,1.0,0.0,0.0,benchmark/data/new_experiments/blocks/dfs_timeout=180s__300steps__28042026/evaluation_results/results_blocksworld_combined_timeout180s.csv
dfs_timeout=180s__300steps__28042026,180,0.0,28042026,PISAM,unclean,3,8,50,1.0,0.0,0.0,benchmark/data/new_experiments/blocks/dfs_timeout=180s__300steps__28042026/evaluation_results/results_blocksworld_combined_timeout180s.csv
dfs_timeout=180s__300steps__28042026,180,0.0,28042026,PO_ROSAME,unclean,3,8,50,0.0,0.0,0.0,benchmark/data/new_experiments/blocks/dfs_timeout=180s__300steps__28042026/evaluation_results/results_blocksworld_combined_timeout180s.csv
dfs_timeout=180s__300steps__28042026,180,0.0,28042026,PISAM,unclean,2,8,75,1.0,0.0,0.0,benchmark/data/new_experiments/blocks/dfs_timeout=180s__300steps__28042026/evaluation_results/results_blocksworld_combined_timeout180s.csv
dfs_timeout=180s__300steps__28042026,180,0.0,28042026,PO_ROSAME,unclean,2,8,75,0.0,0.0,0.0,benchmark/data/new_experiments/blocks/dfs_timeout=180s__300steps__28042026/evaluation_results/results_blocksworld_combined_timeout180s.csv
dfs_timeout=180s__300steps__28042026,180,0.0,28042026,PISAM,unclean,0,8,75,1.0,0.0,0.0,benchmark/data/new_experiments/blocks/dfs_timeout=180s__300steps__28042026/evaluation_results/results_blocksworld_combined_timeout180s.csv
dfs_timeout=180s__300steps__28042026,180,0.0,28042026,PO_ROSAME,unclean,0,8,75,1.0,0.0,0.0,benchmark/data/new_experiments/blocks/dfs_timeout=180s__300steps__28042026/evaluation_results/results_blocksworld_combined_timeout180s.csv
dfs_timeout=180s__300steps__28042026,180,0.0,28042026,PISAM,unclean,4,8,75,1.0,0.0,0.0,benchmark/data/new_experiments/blocks/dfs_timeout=180s__300steps__28042026/evaluation_results/results_blocksworld_combined_timeout180s.csv
dfs_timeout=180s__300steps__28042026,180,0.0,28042026,PO_ROSAME,unclean,4,8,75,0.0,0.0,0.0,benchmark/data/new_experiments/blocks/dfs_timeout=180s__300steps__28042026/evaluation_results/results_blocksworld_combined_timeout180s.csv
dfs_timeout=180s__300steps__28042026,180,0.0,28042026,PISAM,unclean,3,8,75,1.0,0.0,0.0,benchmark/data/new_experiments/blocks/dfs_timeout=180s__300steps__28042026/evaluation_results/results_blocksworld_combined_timeout180s.csv
dfs_timeout=180s__300steps__28042026,180,0.0,28042026,PO_ROSAME,unclean,3,8,75,0.0,0.0,0.0,benchmark/data/new_experiments/blocks/dfs_timeout=180s__300steps__28042026/evaluation_results/results_blocksworld_combined_timeout180s.csv
dfs_timeout=180s__300steps__28042026,180,0.0,28042026,PISAM,unclean,1,8,75,1.0,0.0,0.0,benchmark/data/new_experiments/blocks/dfs_timeout=180s__300steps__28042026/evaluation_results/results_blocksworld_combined_timeout180s.csv
dfs_timeout=180s__300steps__28042026,180,0.0,28042026,PO_ROSAME,unclean,1,8,75,1.0,0.0,0.0,benchmark/data/new_experiments/blocks/dfs_timeout=180s__300steps__28042026/evaluation_results/results_blocksworld_combined_timeout180s.csv
dfs_timeout=180s__300steps__28042026,180,0.0,28042026,PISAM,unclean,0,8,100,1.0,0.0,0.0,benchmark/data/new_experiments/blocks/dfs_timeout=180s__300steps__28042026/evaluation_results/results_blocksworld_combined_timeout180s.csv
dfs_timeout=180s__300steps__28042026,180,0.0,28042026,PO_ROSAME,unclean,0,8,100,1.0,0.0,0.0,benchmark/data/new_experiments/blocks/dfs_timeout=180s__300steps__28042026/evaluation_results/results_blocksworld_combined_timeout180s.csv
dfs_timeout=180s__300steps__28042026,180,0.0,28042026,PISAM,unclean,2,8,100,1.0,0.0,0.0,benchmark/data/new_experiments/blocks/dfs_timeout=180s__300steps__28042026/evaluation_results/results_blocksworld_combined_timeout180s.csv
dfs_timeout=180s__300steps__28042026,180,0.0,28042026,PO_ROSAME,unclean,2,8,100,0.0,0.0,1.0,benchmark/data/new_experiments/blocks/dfs_timeout=180s__300steps__28042026/evaluation_results/results_blocksworld_combined_timeout180s.csv
dfs_timeout=180s__300steps__28042026,180,0.0,28042026,PISAM,unclean,1,8,100,1.0,0.0,0.0,benchmark/data/new_experiments/blocks/dfs_timeout=180s__300steps__28042026/evaluation_results/results_blocksworld_combined_timeout180s.csv
dfs_timeout=180s__300steps__28042026,180,0.0,28042026,PO_ROSAME,unclean,1,8,100,1.0,0.0,0.0,benchmark/data/new_experiments/blocks/dfs_timeout=180s__300steps__28042026/evaluation_results/results_blocksworld_combined_timeout180s.csv
dfs_timeout=180s__300steps__28042026,180,0.0,28042026,PISAM,unclean,3,8,100,1.0,0.0,0.0,benchmark/data/new_experiments/blocks/dfs_timeout=180s__300steps__28042026/evaluation_results/results_blocksworld_combined_timeout180s.csv
dfs_timeout=180s__300steps__28042026,180,0.0,28042026,PO_ROSAME,unclean,3,8,100,0.0,1.0,0.0,benchmark/data/new_experiments/blocks/dfs_timeout=180s__300steps__28042026/evaluation_results/results_blocksworld_combined_timeout180s.csv
dfs_timeout=180s__300steps__28042026,180,0.0,28042026,PISAM,unclean,4,8,100,1.0,0.0,0.0,benchmark/data/new_experiments/blocks/dfs_timeout=180s__300steps__28042026/evaluation_results/results_blocksworld_combined_timeout180s.csv
dfs_timeout=180s__300steps__28042026,180,0.0,28042026,PO_ROSAME,unclean,4,8,100,0.0,0.0,0.0,benchmark/data/new_experiments/blocks/dfs_timeout=180s__300steps__28042026/evaluation_results/results_blocksworld_combined_timeout180s.csv
dfs_timeout=180s__300steps__28042026,180,0.0,28042026,PISAM,cleaned,0,1,0,1.0,0.0,0.0,benchmark/data/new_experiments/blocks/dfs_timeout=180s__300steps__28042026/evaluation_results/results_blocksworld_combined_timeout180s.csv
dfs_timeout=180s__300steps__28042026,180,0.0,28042026,PO_ROSAME,cleaned,0,1,0,1.0,0.0,0.0,benchmark/data/new_experiments/blocks/dfs_timeout=180s__300steps__28042026/evaluation_results/results_blocksworld_combined_timeout180s.csv
dfs_timeout=180s__300steps__28042026,180,0.0,28042026,PISAM,cleaned,2,1,0,0.0,0.0,1.0,benchmark/data/new_experiments/blocks/dfs_timeout=180s__300steps__28042026/evaluation_results/results_blocksworld_combined_timeout180s.csv
dfs_timeout=180s__300steps__28042026,180,0.0,28042026,PO_ROSAME,cleaned,2,1,0,0.0,0.0,1.0,benchmark/data/new_experiments/blocks/dfs_timeout=180s__300steps__28042026/evaluation_results/results_blocksworld_combined_timeout180s.csv
dfs_timeout=180s__300steps__28042026,180,0.0,28042026,PISAM,cleaned,1,1,0,0.0,0.5,0.5,benchmark/data/new_experiments/blocks/dfs_timeout=180s__300steps__28042026/evaluation_results/results_blocksworld_combined_timeout180s.csv
dfs_timeout=180s__300steps__28042026,180,0.0,28042026,PO_ROSAME,cleaned,1,1,0,0.0,0.5,0.5,benchmark/data/new_experiments/blocks/dfs_timeout=180s__300steps__28042026/evaluation_results/results_blocksworld_combined_timeout180s.csv
dfs_timeout=180s__300steps__28042026,180,0.0,28042026,PISAM,cleaned,4,1,0,0.0,0.0,1.0,benchmark/data/new_experiments/blocks/dfs_timeout=180s__300steps__28042026/evaluation_results/results_blocksworld_combined_timeout180s.csv
dfs_timeout=180s__300steps__28042026,180,0.0,28042026,PO_ROSAME,cleaned,4,1,0,0.0,0.0,1.0,benchmark/data/new_experiments/blocks/dfs_timeout=180s__300steps__28042026/evaluation_results/results_blocksworld_combined_timeout180s.csv
dfs_timeout=180s__300steps__28042026,180,0.0,28042026,PISAM,cleaned,3,1,0,0.0,1.0,0.0,benchmark/data/new_experiments/blocks/dfs_timeout=180s__300steps__28042026/evaluation_results/results_blocksworld_combined_timeout180s.csv
dfs_timeout=180s__300steps__28042026,180,0.0,28042026,PO_ROSAME,cleaned,3,1,0,0.0,0.0,1.0,benchmark/data/new_experiments/blocks/dfs_timeout=180s__300steps__28042026/evaluation_results/results_blocksworld_combined_timeout180s.csv
dfs_timeout=180s__300steps__28042026,180,0.0,28042026,PISAM,cleaned,2,1,10,1.0,0.0,0.0,benchmark/data/new_experiments/blocks/dfs_timeout=180s__300steps__28042026/evaluation_results/results_blocksworld_combined_timeout180s.csv
dfs_timeout=180s__300steps__28042026,180,0.0,28042026,PO_ROSAME,cleaned,2,1,10,1.0,0.0,0.0,benchmark/data/new_experiments/blocks/dfs_timeout=180s__300steps__28042026/evaluation_results/results_blocksworld_combined_timeout180s.csv
dfs_timeout=180s__300steps__28042026,180,0.0,28042026,PISAM,cleaned,0,1,10,1.0,0.0,0.0,benchmark/data/new_experiments/blocks/dfs_timeout=180s__300steps__28042026/evaluation_results/results_blocksworld_combined_timeout180s.csv
dfs_timeout=180s__300steps__28042026,180,0.0,28042026,PO_ROSAME,cleaned,0,1,10,1.0,0.0,0.0,benchmark/data/new_experiments/blocks/dfs_timeout=180s__300steps__28042026/evaluation_results/results_blocksworld_combined_timeout180s.csv
dfs_timeout=180s__300steps__28042026,180,0.0,28042026,PISAM,cleaned,4,1,10,1.0,0.0,0.0,benchmark/data/new_experiments/blocks/dfs_timeout=180s__300steps__28042026/evaluation_results/results_blocksworld_combined_timeout180s.csv
dfs_timeout=180s__300steps__28042026,180,0.0,28042026,PO_ROSAME,cleaned,4,1,10,1.0,0.0,0.0,benchmark/data/new_experiments/blocks/dfs_timeout=180s__300steps__28042026/evaluation_results/results_blocksworld_combined_timeout180s.csv
dfs_timeout=180s__300steps__28042026,180,0.0,28042026,PISAM,cleaned,3,1,10,1.0,0.0,0.0,benchmark/data/new_experiments/blocks/dfs_timeout=180s__300steps__28042026/evaluation_results/results_blocksworld_combined_timeout180s.csv
dfs_timeout=180s__300steps__28042026,180,0.0,28042026,PO_ROSAME,cleaned,3,1,10,1.0,0.0,0.0,benchmark/data/new_experiments/blocks/dfs_timeout=180s__300steps__28042026/evaluation_results/results_blocksworld_combined_timeout180s.csv
dfs_timeout=180s__300steps__28042026,180,0.0,28042026,PISAM,cleaned,1,1,10,1.0,0.0,0.0,benchmark/data/new_experiments/blocks/dfs_timeout=180s__300steps__28042026/evaluation_results/results_blocksworld_combined_timeout180s.csv
dfs_timeout=180s__300steps__28042026,180,0.0,28042026,PO_ROSAME,cleaned,1,1,10,1.0,0.0,0.0,benchmark/data/new_experiments/blocks/dfs_timeout=180s__300steps__28042026/evaluation_results/results_blocksworld_combined_timeout180s.csv
dfs_timeout=180s__300steps__28042026,180,0.0,28042026,PISAM,cleaned,4,1,25,1.0,0.0,0.0,benchmark/data/new_experiments/blocks/dfs_timeout=180s__300steps__28042026/evaluation_results/results_blocksworld_combined_timeout180s.csv
dfs_timeout=180s__300steps__28042026,180,0.0,28042026,PO_ROSAME,cleaned,4,1,25,1.0,0.0,0.0,benchmark/data/new_experiments/blocks/dfs_timeout=180s__300steps__28042026/evaluation_results/results_blocksworld_combined_timeout180s.csv
dfs_timeout=180s__300steps__28042026,180,0.0,28042026,PISAM,cleaned,2,1,25,1.0,0.0,0.0,benchmark/data/new_experiments/blocks/dfs_timeout=180s__300steps__28042026/evaluation_results/results_blocksworld_combined_timeout180s.csv
dfs_timeout=180s__300steps__28042026,180,0.0,28042026,PO_ROSAME,cleaned,2,1,25,1.0,0.0,0.0,benchmark/data/new_experiments/blocks/dfs_timeout=180s__300steps__28042026/evaluation_results/results_blocksworld_combined_timeout180s.csv
dfs_timeout=180s__300steps__28042026,180,0.0,28042026,PISAM,cleaned,0,1,25,1.0,0.0,0.0,benchmark/data/new_experiments/blocks/dfs_timeout=180s__300steps__28042026/evaluation_results/results_blocksworld_combined_timeout180s.csv
dfs_timeout=180s__300steps__28042026,180,0.0,28042026,PO_ROSAME,cleaned,0,1,25,1.0,0.0,0.0,benchmark/data/new_experiments/blocks/dfs_timeout=180s__300steps__28042026/evaluation_results/results_blocksworld_combined_timeout180s.csv
dfs_timeout=180s__300steps__28042026,180,0.0,28042026,PISAM,cleaned,3,1,25,1.0,0.0,0.0,benchmark/data/new_experiments/blocks/dfs_timeout=180s__300steps__28042026/evaluation_results/results_blocksworld_combined_timeout180s.csv
dfs_timeout=180s__300steps__28042026,180,0.0,28042026,PO_ROSAME,cleaned,3,1,25,1.0,0.0,0.0,benchmark/data/new_experiments/blocks/dfs_timeout=180s__300steps__28042026/evaluation_results/results_blocksworld_combined_timeout180s.csv
dfs_timeout=180s__300steps__28042026,180,0.0,28042026,PISAM,cleaned,1,1,25,1.0,0.0,0.0,benchmark/data/new_experiments/blocks/dfs_timeout=180s__300steps__28042026/evaluation_results/results_blocksworld_combined_timeout180s.csv
dfs_timeout=180s__300steps__28042026,180,0.0,28042026,PO_ROSAME,cleaned,1,1,25,1.0,0.0,0.0,benchmark/data/new_experiments/blocks/dfs_timeout=180s__300steps__28042026/evaluation_results/results_blocksworld_combined_timeout180s.csv
dfs_timeout=180s__300steps__28042026,180,0.0,28042026,PISAM,cleaned,2,1,50,1.0,0.0,0.0,benchmark/data/new_experiments/blocks/dfs_timeout=180s__300steps__28042026/evaluation_results/results_blocksworld_combined_timeout180s.csv
dfs_timeout=180s__300steps__28042026,180,0.0,28042026,PO_ROSAME,cleaned,2,1,50,1.0,0.0,0.0,benchmark/data/new_experiments/blocks/dfs_timeout=180s__300steps__28042026/evaluation_results/results_blocksworld_combined_timeout180s.csv
dfs_timeout=180s__300steps__28042026,180,0.0,28042026,PISAM,cleaned,0,1,50,1.0,0.0,0.0,benchmark/data/new_experiments/blocks/dfs_timeout=180s__300steps__28042026/evaluation_results/results_blocksworld_combined_timeout180s.csv
dfs_timeout=180s__300steps__28042026,180,0.0,28042026,PO_ROSAME,cleaned,0,1,50,1.0,0.0,0.0,benchmark/data/new_experiments/blocks/dfs_timeout=180s__300steps__28042026/evaluation_results/results_blocksworld_combined_timeout180s.csv
dfs_timeout=180s__300steps__28042026,180,0.0,28042026,PISAM,cleaned,4,1,50,1.0,0.0,0.0,benchmark/data/new_experiments/blocks/dfs_timeout=180s__300steps__28042026/evaluation_results/results_blocksworld_combined_timeout180s.csv
dfs_timeout=180s__300steps__28042026,180,0.0,28042026,PO_ROSAME,cleaned,4,1,50,1.0,0.0,0.0,benchmark/data/new_experiments/blocks/dfs_timeout=180s__300steps__28042026/evaluation_results/results_blocksworld_combined_timeout180s.csv
dfs_timeout=180s__300steps__28042026,180,0.0,28042026,PISAM,cleaned,1,1,50,1.0,0.0,0.0,benchmark/data/new_experiments/blocks/dfs_timeout=180s__300steps__28042026/evaluation_results/results_blocksworld_combined_timeout180s.csv
dfs_timeout=180s__300steps__28042026,180,0.0,28042026,PO_ROSAME,cleaned,1,1,50,1.0,0.0,0.0,benchmark/data/new_experiments/blocks/dfs_timeout=180s__300steps__28042026/evaluation_results/results_blocksworld_combined_timeout180s.csv
dfs_timeout=180s__300steps__28042026,180,0.0,28042026,PISAM,cleaned,3,1,50,1.0,0.0,0.0,benchmark/data/new_experiments/blocks/dfs_timeout=180s__300steps__28042026/evaluation_results/results_blocksworld_combined_timeout180s.csv
dfs_timeout=180s__300steps__28042026,180,0.0,28042026,PO_ROSAME,cleaned,3,1,50,1.0,0.0,0.0,benchmark/data/new_experiments/blocks/dfs_timeout=180s__300steps__28042026/evaluation_results/results_blocksworld_combined_timeout180s.csv
dfs_timeout=180s__300steps__28042026,180,0.0,28042026,PISAM,cleaned,4,1,75,1.0,0.0,0.0,benchmark/data/new_experiments/blocks/dfs_timeout=180s__300steps__28042026/evaluation_results/results_blocksworld_combined_timeout180s.csv
dfs_timeout=180s__300steps__28042026,180,0.0,28042026,PO_ROSAME,cleaned,4,1,75,1.0,0.0,0.0,benchmark/data/new_experiments/blocks/dfs_timeout=180s__300steps__28042026/evaluation_results/results_blocksworld_combined_timeout180s.csv
dfs_timeout=180s__300steps__28042026,180,0.0,28042026,PISAM,cleaned,1,1,75,1.0,0.0,0.0,benchmark/data/new_experiments/blocks/dfs_timeout=180s__300steps__28042026/evaluation_results/results_blocksworld_combined_timeout180s.csv
dfs_timeout=180s__300steps__28042026,180,0.0,28042026,PO_ROSAME,cleaned,1,1,75,1.0,0.0,0.0,benchmark/data/new_experiments/blocks/dfs_timeout=180s__300steps__28042026/evaluation_results/results_blocksworld_combined_timeout180s.csv
dfs_timeout=180s__300steps__28042026,180,0.0,28042026,PISAM,cleaned,0,1,75,1.0,0.0,0.0,benchmark/data/new_experiments/blocks/dfs_timeout=180s__300steps__28042026/evaluation_results/results_blocksworld_combined_timeout180s.csv
dfs_timeout=180s__300steps__28042026,180,0.0,28042026,PO_ROSAME,cleaned,0,1,75,1.0,0.0,0.0,benchmark/data/new_experiments/blocks/dfs_timeout=180s__300steps__28042026/evaluation_results/results_blocksworld_combined_timeout180s.csv
dfs_timeout=180s__300steps__28042026,180,0.0,28042026,PISAM,cleaned,3,1,75,1.0,0.0,0.0,benchmark/data/new_experiments/blocks/dfs_timeout=180s__300steps__28042026/evaluation_results/results_blocksworld_combined_timeout180s.csv
dfs_timeout=180s__300steps__28042026,180,0.0,28042026,PO_ROSAME,cleaned,3,1,75,1.0,0.0,0.0,benchmark/data/new_experiments/blocks/dfs_timeout=180s__300steps__28042026/evaluation_results/results_blocksworld_combined_timeout180s.csv
dfs_timeout=180s__300steps__28042026,180,0.0,28042026,PISAM,cleaned,2,1,75,1.0,0.0,0.0,benchmark/data/new_experiments/blocks/dfs_timeout=180s__300steps__28042026/evaluation_results/results_blocksworld_combined_timeout180s.csv
dfs_timeout=180s__300steps__28042026,180,0.0,28042026,PO_ROSAME,cleaned,2,1,75,1.0,0.0,0.0,benchmark/data/new_experiments/blocks/dfs_timeout=180s__300steps__28042026/evaluation_results/results_blocksworld_combined_timeout180s.csv
dfs_timeout=180s__300steps__28042026,180,0.0,28042026,PISAM,cleaned,2,1,100,1.0,0.0,0.0,benchmark/data/new_experiments/blocks/dfs_timeout=180s__300steps__28042026/evaluation_results/results_blocksworld_combined_timeout180s.csv
dfs_timeout=180s__300steps__28042026,180,0.0,28042026,PO_ROSAME,cleaned,2,1,100,1.0,0.0,0.0,benchmark/data/new_experiments/blocks/dfs_timeout=180s__300steps__28042026/evaluation_results/results_blocksworld_combined_timeout180s.csv
dfs_timeout=180s__300steps__28042026,180,0.0,28042026,PISAM,cleaned,1,1,100,1.0,0.0,0.0,benchmark/data/new_experiments/blocks/dfs_timeout=180s__300steps__28042026/evaluation_results/results_blocksworld_combined_timeout180s.csv
dfs_timeout=180s__300steps__28042026,180,0.0,28042026,PO_ROSAME,cleaned,1,1,100,1.0,0.0,0.0,benchmark/data/new_experiments/blocks/dfs_timeout=180s__300steps__28042026/evaluation_results/results_blocksworld_combined_timeout180s.csv
dfs_timeout=180s__300steps__28042026,180,0.0,28042026,PISAM,cleaned,0,1,100,1.0,0.0,0.0,benchmark/data/new_experiments/blocks/dfs_timeout=180s__300steps__28042026/evaluation_results/results_blocksworld_combined_timeout180s.csv
dfs_timeout=180s__300steps__28042026,180,0.0,28042026,PO_ROSAME,cleaned,0,1,100,1.0,0.0,0.0,benchmark/data/new_experiments/blocks/dfs_timeout=180s__300steps__28042026/evaluation_results/results_blocksworld_combined_timeout180s.csv
dfs_timeout=180s__300steps__28042026,180,0.0,28042026,PISAM,cleaned,4,1,100,1.0,0.0,0.0,benchmark/data/new_experiments/blocks/dfs_timeout=180s__300steps__28042026/evaluation_results/results_blocksworld_combined_timeout180s.csv
dfs_timeout=180s__300steps__28042026,180,0.0,28042026,PO_ROSAME,cleaned,4,1,100,1.0,0.0,0.0,benchmark/data/new_experiments/blocks/dfs_timeout=180s__300steps__28042026/evaluation_results/results_blocksworld_combined_timeout180s.csv
dfs_timeout=180s__300steps__28042026,180,0.0,28042026,PISAM,cleaned,3,1,100,1.0,0.0,0.0,benchmark/data/new_experiments/blocks/dfs_timeout=180s__300steps__28042026/evaluation_results/results_blocksworld_combined_timeout180s.csv
dfs_timeout=180s__300steps__28042026,180,0.0,28042026,PO_ROSAME,cleaned,3,1,100,1.0,0.0,0.0,benchmark/data/new_experiments/blocks/dfs_timeout=180s__300steps__28042026/evaluation_results/results_blocksworld_combined_timeout180s.csv
dfs_timeout=180s__300steps__28042026,180,0.0,28042026,PISAM,cleaned,2,2,0,0.0,0.0,1.0,benchmark/data/new_experiments/blocks/dfs_timeout=180s__300steps__28042026/evaluation_results/results_blocksworld_combined_timeout180s.csv
dfs_timeout=180s__300steps__28042026,180,0.0,28042026,PO_ROSAME,cleaned,2,2,0,0.0,1.0,0.0,benchmark/data/new_experiments/blocks/dfs_timeout=180s__300steps__28042026/evaluation_results/results_blocksworld_combined_timeout180s.csv
dfs_timeout=180s__300steps__28042026,180,0.0,28042026,PISAM,cleaned,4,2,0,0.0,0.0,1.0,benchmark/data/new_experiments/blocks/dfs_timeout=180s__300steps__28042026/evaluation_results/results_blocksworld_combined_timeout180s.csv
dfs_timeout=180s__300steps__28042026,180,0.0,28042026,PO_ROSAME,cleaned,4,2,0,0.0,0.0,1.0,benchmark/data/new_experiments/blocks/dfs_timeout=180s__300steps__28042026/evaluation_results/results_blocksworld_combined_timeout180s.csv
dfs_timeout=180s__300steps__28042026,180,0.0,28042026,PISAM,cleaned,3,2,0,0.0,1.0,0.0,benchmark/data/new_experiments/blocks/dfs_timeout=180s__300steps__28042026/evaluation_results/results_blocksworld_combined_timeout180s.csv
dfs_timeout=180s__300steps__28042026,180,0.0,28042026,PO_ROSAME,cleaned,3,2,0,0.0,1.0,0.0,benchmark/data/new_experiments/blocks/dfs_timeout=180s__300steps__28042026/evaluation_results/results_blocksworld_combined_timeout180s.csv
dfs_timeout=180s__300steps__28042026,180,0.0,28042026,PISAM,cleaned,0,2,0,1.0,0.0,0.0,benchmark/data/new_experiments/blocks/dfs_timeout=180s__300steps__28042026/evaluation_results/results_blocksworld_combined_timeout180s.csv
dfs_timeout=180s__300steps__28042026,180,0.0,28042026,PO_ROSAME,cleaned,0,2,0,0.0,0.0,1.0,benchmark/data/new_experiments/blocks/dfs_timeout=180s__300steps__28042026/evaluation_results/results_blocksworld_combined_timeout180s.csv
dfs_timeout=180s__300steps__28042026,180,0.0,28042026,PISAM,cleaned,1,2,0,0.0,1.0,0.0,benchmark/data/new_experiments/blocks/dfs_timeout=180s__300steps__28042026/evaluation_results/results_blocksworld_combined_timeout180s.csv
dfs_timeout=180s__300steps__28042026,180,0.0,28042026,PO_ROSAME,cleaned,1,2,0,0.0,0.0,1.0,benchmark/data/new_experiments/blocks/dfs_timeout=180s__300steps__28042026/evaluation_results/results_blocksworld_combined_timeout180s.csv
dfs_timeout=180s__300steps__28042026,180,0.0,28042026,PISAM,cleaned,3,2,10,1.0,0.0,0.0,benchmark/data/new_experiments/blocks/dfs_timeout=180s__300steps__28042026/evaluation_results/results_blocksworld_combined_timeout180s.csv
dfs_timeout=180s__300steps__28042026,180,0.0,28042026,PO_ROSAME,cleaned,3,2,10,1.0,0.0,0.0,benchmark/data/new_experiments/blocks/dfs_timeout=180s__300steps__28042026/evaluation_results/results_blocksworld_combined_timeout180s.csv
dfs_timeout=180s__300steps__28042026,180,0.0,28042026,PISAM,cleaned,4,2,10,1.0,0.0,0.0,benchmark/data/new_experiments/blocks/dfs_timeout=180s__300steps__28042026/evaluation_results/results_blocksworld_combined_timeout180s.csv
dfs_timeout=180s__300steps__28042026,180,0.0,28042026,PO_ROSAME,cleaned,4,2,10,1.0,0.0,0.0,benchmark/data/new_experiments/blocks/dfs_timeout=180s__300steps__28042026/evaluation_results/results_blocksworld_combined_timeout180s.csv
dfs_timeout=180s__300steps__28042026,180,0.0,28042026,PISAM,cleaned,0,2,10,1.0,0.0,0.0,benchmark/data/new_experiments/blocks/dfs_timeout=180s__300steps__28042026/evaluation_results/results_blocksworld_combined_timeout180s.csv
dfs_timeout=180s__300steps__28042026,180,0.0,28042026,PO_ROSAME,cleaned,0,2,10,1.0,0.0,0.0,benchmark/data/new_experiments/blocks/dfs_timeout=180s__300steps__28042026/evaluation_results/results_blocksworld_combined_timeout180s.csv
dfs_timeout=180s__300steps__28042026,180,0.0,28042026,PISAM,cleaned,2,2,10,1.0,0.0,0.0,benchmark/data/new_experiments/blocks/dfs_timeout=180s__300steps__28042026/evaluation_results/results_blocksworld_combined_timeout180s.csv
dfs_timeout=180s__300steps__28042026,180,0.0,28042026,PO_ROSAME,cleaned,2,2,10,1.0,0.0,0.0,benchmark/data/new_experiments/blocks/dfs_timeout=180s__300steps__28042026/evaluation_results/results_blocksworld_combined_timeout180s.csv
dfs_timeout=180s__300steps__28042026,180,0.0,28042026,PISAM,cleaned,1,2,10,1.0,0.0,0.0,benchmark/data/new_experiments/blocks/dfs_timeout=180s__300steps__28042026/evaluation_results/results_blocksworld_combined_timeout180s.csv
dfs_timeout=180s__300steps__28042026,180,0.0,28042026,PO_ROSAME,cleaned,1,2,10,1.0,0.0,0.0,benchmark/data/new_experiments/blocks/dfs_timeout=180s__300steps__28042026/evaluation_results/results_blocksworld_combined_timeout180s.csv
dfs_timeout=180s__300steps__28042026,180,0.0,28042026,PISAM,cleaned,2,2,25,1.0,0.0,0.0,benchmark/data/new_experiments/blocks/dfs_timeout=180s__300steps__28042026/evaluation_results/results_blocksworld_combined_timeout180s.csv
dfs_timeout=180s__300steps__28042026,180,0.0,28042026,PO_ROSAME,cleaned,2,2,25,1.0,0.0,0.0,benchmark/data/new_experiments/blocks/dfs_timeout=180s__300steps__28042026/evaluation_results/results_blocksworld_combined_timeout180s.csv
dfs_timeout=180s__300steps__28042026,180,0.0,28042026,PISAM,cleaned,4,2,25,1.0,0.0,0.0,benchmark/data/new_experiments/blocks/dfs_timeout=180s__300steps__28042026/evaluation_results/results_blocksworld_combined_timeout180s.csv
dfs_timeout=180s__300steps__28042026,180,0.0,28042026,PO_ROSAME,cleaned,4,2,25,1.0,0.0,0.0,benchmark/data/new_experiments/blocks/dfs_timeout=180s__300steps__28042026/evaluation_results/results_blocksworld_combined_timeout180s.csv
dfs_timeout=180s__300steps__28042026,180,0.0,28042026,PISAM,cleaned,3,2,25,1.0,0.0,0.0,benchmark/data/new_experiments/blocks/dfs_timeout=180s__300steps__28042026/evaluation_results/results_blocksworld_combined_timeout180s.csv
dfs_timeout=180s__300steps__28042026,180,0.0,28042026,PO_ROSAME,cleaned,3,2,25,1.0,0.0,0.0,benchmark/data/new_experiments/blocks/dfs_timeout=180s__300steps__28042026/evaluation_results/results_blocksworld_combined_timeout180s.csv
dfs_timeout=180s__300steps__28042026,180,0.0,28042026,PISAM,cleaned,0,2,25,1.0,0.0,0.0,benchmark/data/new_experiments/blocks/dfs_timeout=180s__300steps__28042026/evaluation_results/results_blocksworld_combined_timeout180s.csv
dfs_timeout=180s__300steps__28042026,180,0.0,28042026,PO_ROSAME,cleaned,0,2,25,1.0,0.0,0.0,benchmark/data/new_experiments/blocks/dfs_timeout=180s__300steps__28042026/evaluation_results/results_blocksworld_combined_timeout180s.csv
dfs_timeout=180s__300steps__28042026,180,0.0,28042026,PISAM,cleaned,1,2,25,1.0,0.0,0.0,benchmark/data/new_experiments/blocks/dfs_timeout=180s__300steps__28042026/evaluation_results/results_blocksworld_combined_timeout180s.csv
dfs_timeout=180s__300steps__28042026,180,0.0,28042026,PO_ROSAME,cleaned,1,2,25,1.0,0.0,0.0,benchmark/data/new_experiments/blocks/dfs_timeout=180s__300steps__28042026/evaluation_results/results_blocksworld_combined_timeout180s.csv
dfs_timeout=180s__300steps__28042026,180,0.0,28042026,PISAM,cleaned,4,2,50,1.0,0.0,0.0,benchmark/data/new_experiments/blocks/dfs_timeout=180s__300steps__28042026/evaluation_results/results_blocksworld_combined_timeout180s.csv
dfs_timeout=180s__300steps__28042026,180,0.0,28042026,PO_ROSAME,cleaned,4,2,50,1.0,0.0,0.0,benchmark/data/new_experiments/blocks/dfs_timeout=180s__300steps__28042026/evaluation_results/results_blocksworld_combined_timeout180s.csv
dfs_timeout=180s__300steps__28042026,180,0.0,28042026,PISAM,cleaned,0,2,50,1.0,0.0,0.0,benchmark/data/new_experiments/blocks/dfs_timeout=180s__300steps__28042026/evaluation_results/results_blocksworld_combined_timeout180s.csv
dfs_timeout=180s__300steps__28042026,180,0.0,28042026,PO_ROSAME,cleaned,0,2,50,1.0,0.0,0.0,benchmark/data/new_experiments/blocks/dfs_timeout=180s__300steps__28042026/evaluation_results/results_blocksworld_combined_timeout180s.csv
dfs_timeout=180s__300steps__28042026,180,0.0,28042026,PISAM,cleaned,2,2,50,1.0,0.0,0.0,benchmark/data/new_experiments/blocks/dfs_timeout=180s__300steps__28042026/evaluation_results/results_blocksworld_combined_timeout180s.csv
dfs_timeout=180s__300steps__28042026,180,0.0,28042026,PO_ROSAME,cleaned,2,2,50,1.0,0.0,0.0,benchmark/data/new_experiments/blocks/dfs_timeout=180s__300steps__28042026/evaluation_results/results_blocksworld_combined_timeout180s.csv
dfs_timeout=180s__300steps__28042026,180,0.0,28042026,PISAM,cleaned,1,2,50,1.0,0.0,0.0,benchmark/data/new_experiments/blocks/dfs_timeout=180s__300steps__28042026/evaluation_results/results_blocksworld_combined_timeout180s.csv
dfs_timeout=180s__300steps__28042026,180,0.0,28042026,PO_ROSAME,cleaned,1,2,50,1.0,0.0,0.0,benchmark/data/new_experiments/blocks/dfs_timeout=180s__300steps__28042026/evaluation_results/results_blocksworld_combined_timeout180s.csv
dfs_timeout=180s__300steps__28042026,180,0.0,28042026,PISAM,cleaned,3,2,50,1.0,0.0,0.0,benchmark/data/new_experiments/blocks/dfs_timeout=180s__300steps__28042026/evaluation_results/results_blocksworld_combined_timeout180s.csv
dfs_timeout=180s__300steps__28042026,180,0.0,28042026,PO_ROSAME,cleaned,3,2,50,1.0,0.0,0.0,benchmark/data/new_experiments/blocks/dfs_timeout=180s__300steps__28042026/evaluation_results/results_blocksworld_combined_timeout180s.csv
dfs_timeout=180s__300steps__28042026,180,0.0,28042026,PISAM,cleaned,4,2,75,1.0,0.0,0.0,benchmark/data/new_experiments/blocks/dfs_timeout=180s__300steps__28042026/evaluation_results/results_blocksworld_combined_timeout180s.csv
dfs_timeout=180s__300steps__28042026,180,0.0,28042026,PO_ROSAME,cleaned,4,2,75,1.0,0.0,0.0,benchmark/data/new_experiments/blocks/dfs_timeout=180s__300steps__28042026/evaluation_results/results_blocksworld_combined_timeout180s.csv
dfs_timeout=180s__300steps__28042026,180,0.0,28042026,PISAM,cleaned,0,2,75,1.0,0.0,0.0,benchmark/data/new_experiments/blocks/dfs_timeout=180s__300steps__28042026/evaluation_results/results_blocksworld_combined_timeout180s.csv
dfs_timeout=180s__300steps__28042026,180,0.0,28042026,PO_ROSAME,cleaned,0,2,75,1.0,0.0,0.0,benchmark/data/new_experiments/blocks/dfs_timeout=180s__300steps__28042026/evaluation_results/results_blocksworld_combined_timeout180s.csv
dfs_timeout=180s__300steps__28042026,180,0.0,28042026,PISAM,cleaned,2,2,75,1.0,0.0,0.0,benchmark/data/new_experiments/blocks/dfs_timeout=180s__300steps__28042026/evaluation_results/results_blocksworld_combined_timeout180s.csv
dfs_timeout=180s__300steps__28042026,180,0.0,28042026,PO_ROSAME,cleaned,2,2,75,1.0,0.0,0.0,benchmark/data/new_experiments/blocks/dfs_timeout=180s__300steps__28042026/evaluation_results/results_blocksworld_combined_timeout180s.csv
dfs_timeout=180s__300steps__28042026,180,0.0,28042026,PISAM,cleaned,1,2,75,1.0,0.0,0.0,benchmark/data/new_experiments/blocks/dfs_timeout=180s__300steps__28042026/evaluation_results/results_blocksworld_combined_timeout180s.csv
dfs_timeout=180s__300steps__28042026,180,0.0,28042026,PO_ROSAME,cleaned,1,2,75,1.0,0.0,0.0,benchmark/data/new_experiments/blocks/dfs_timeout=180s__300steps__28042026/evaluation_results/results_blocksworld_combined_timeout180s.csv
dfs_timeout=180s__300steps__28042026,180,0.0,28042026,PISAM,cleaned,3,2,75,1.0,0.0,0.0,benchmark/data/new_experiments/blocks/dfs_timeout=180s__300steps__28042026/evaluation_results/results_blocksworld_combined_timeout180s.csv
dfs_timeout=180s__300steps__28042026,180,0.0,28042026,PO_ROSAME,cleaned,3,2,75,1.0,0.0,0.0,benchmark/data/new_experiments/blocks/dfs_timeout=180s__300steps__28042026/evaluation_results/results_blocksworld_combined_timeout180s.csv
dfs_timeout=180s__300steps__28042026,180,0.0,28042026,PISAM,cleaned,3,2,100,1.0,0.0,0.0,benchmark/data/new_experiments/blocks/dfs_timeout=180s__300steps__28042026/evaluation_results/results_blocksworld_combined_timeout180s.csv
dfs_timeout=180s__300steps__28042026,180,0.0,28042026,PO_ROSAME,cleaned,3,2,100,1.0,0.0,0.0,benchmark/data/new_experiments/blocks/dfs_timeout=180s__300steps__28042026/evaluation_results/results_blocksworld_combined_timeout180s.csv
dfs_timeout=180s__300steps__28042026,180,0.0,28042026,PISAM,cleaned,1,2,100,1.0,0.0,0.0,benchmark/data/new_experiments/blocks/dfs_timeout=180s__300steps__28042026/evaluation_results/results_blocksworld_combined_timeout180s.csv
dfs_timeout=180s__300steps__28042026,180,0.0,28042026,PO_ROSAME,cleaned,1,2,100,1.0,0.0,0.0,benchmark/data/new_experiments/blocks/dfs_timeout=180s__300steps__28042026/evaluation_results/results_blocksworld_combined_timeout180s.csv
dfs_timeout=180s__300steps__28042026,180,0.0,28042026,PISAM,cleaned,0,2,100,1.0,0.0,0.0,benchmark/data/new_experiments/blocks/dfs_timeout=180s__300steps__28042026/evaluation_results/results_blocksworld_combined_timeout180s.csv
dfs_timeout=180s__300steps__28042026,180,0.0,28042026,PO_ROSAME,cleaned,0,2,100,1.0,0.0,0.0,benchmark/data/new_experiments/blocks/dfs_timeout=180s__300steps__28042026/evaluation_results/results_blocksworld_combined_timeout180s.csv
dfs_timeout=180s__300steps__28042026,180,0.0,28042026,PISAM,cleaned,4,2,100,1.0,0.0,0.0,benchmark/data/new_experiments/blocks/dfs_timeout=180s__300steps__28042026/evaluation_results/results_blocksworld_combined_timeout180s.csv
dfs_timeout=180s__300steps__28042026,180,0.0,28042026,PO_ROSAME,cleaned,4,2,100,1.0,0.0,0.0,benchmark/data/new_experiments/blocks/dfs_timeout=180s__300steps__28042026/evaluation_results/results_blocksworld_combined_timeout180s.csv
dfs_timeout=180s__300steps__28042026,180,0.0,28042026,PISAM,cleaned,2,2,100,1.0,0.0,0.0,benchmark/data/new_experiments/blocks/dfs_timeout=180s__300steps__28042026/evaluation_results/results_blocksworld_combined_timeout180s.csv
dfs_timeout=180s__300steps__28042026,180,0.0,28042026,PO_ROSAME,cleaned,2,2,100,1.0,0.0,0.0,benchmark/data/new_experiments/blocks/dfs_timeout=180s__300steps__28042026/evaluation_results/results_blocksworld_combined_timeout180s.csv
dfs_timeout=180s__300steps__28042026,180,0.0,28042026,PISAM,cleaned,3,3,0,0.0,1.0,0.0,benchmark/data/new_experiments/blocks/dfs_timeout=180s__300steps__28042026/evaluation_results/results_blocksworld_combined_timeout180s.csv
dfs_timeout=180s__300steps__28042026,180,0.0,28042026,PO_ROSAME,cleaned,3,3,0,0.0,0.0,1.0,benchmark/data/new_experiments/blocks/dfs_timeout=180s__300steps__28042026/evaluation_results/results_blocksworld_combined_timeout180s.csv
dfs_timeout=180s__300steps__28042026,180,0.0,28042026,PISAM,cleaned,0,3,0,1.0,0.0,0.0,benchmark/data/new_experiments/blocks/dfs_timeout=180s__300steps__28042026/evaluation_results/results_blocksworld_combined_timeout180s.csv
dfs_timeout=180s__300steps__28042026,180,0.0,28042026,PO_ROSAME,cleaned,0,3,0,0.0,0.0,1.0,benchmark/data/new_experiments/blocks/dfs_timeout=180s__300steps__28042026/evaluation_results/results_blocksworld_combined_timeout180s.csv
dfs_timeout=180s__300steps__28042026,180,0.0,28042026,PISAM,cleaned,2,3,0,0.0,0.0,1.0,benchmark/data/new_experiments/blocks/dfs_timeout=180s__300steps__28042026/evaluation_results/results_blocksworld_combined_timeout180s.csv
dfs_timeout=180s__300steps__28042026,180,0.0,28042026,PO_ROSAME,cleaned,2,3,0,0.0,0.0,0.0,benchmark/data/new_experiments/blocks/dfs_timeout=180s__300steps__28042026/evaluation_results/results_blocksworld_combined_timeout180s.csv
dfs_timeout=180s__300steps__28042026,180,0.0,28042026,PISAM,cleaned,4,3,0,0.0,1.0,0.0,benchmark/data/new_experiments/blocks/dfs_timeout=180s__300steps__28042026/evaluation_results/results_blocksworld_combined_timeout180s.csv
dfs_timeout=180s__300steps__28042026,180,0.0,28042026,PO_ROSAME,cleaned,4,3,0,0.5,0.0,0.5,benchmark/data/new_experiments/blocks/dfs_timeout=180s__300steps__28042026/evaluation_results/results_blocksworld_combined_timeout180s.csv
dfs_timeout=180s__300steps__28042026,180,0.0,28042026,PISAM,cleaned,1,3,0,0.0,1.0,0.0,benchmark/data/new_experiments/blocks/dfs_timeout=180s__300steps__28042026/evaluation_results/results_blocksworld_combined_timeout180s.csv
dfs_timeout=180s__300steps__28042026,180,0.0,28042026,PO_ROSAME,cleaned,1,3,0,0.0,0.0,1.0,benchmark/data/new_experiments/blocks/dfs_timeout=180s__300steps__28042026/evaluation_results/results_blocksworld_combined_timeout180s.csv
dfs_timeout=180s__300steps__28042026,180,0.0,28042026,PISAM,cleaned,1,3,10,1.0,0.0,0.0,benchmark/data/new_experiments/blocks/dfs_timeout=180s__300steps__28042026/evaluation_results/results_blocksworld_combined_timeout180s.csv
dfs_timeout=180s__300steps__28042026,180,0.0,28042026,PO_ROSAME,cleaned,1,3,10,1.0,0.0,0.0,benchmark/data/new_experiments/blocks/dfs_timeout=180s__300steps__28042026/evaluation_results/results_blocksworld_combined_timeout180s.csv
dfs_timeout=180s__300steps__28042026,180,0.0,28042026,PISAM,cleaned,4,3,10,1.0,0.0,0.0,benchmark/data/new_experiments/blocks/dfs_timeout=180s__300steps__28042026/evaluation_results/results_blocksworld_combined_timeout180s.csv
dfs_timeout=180s__300steps__28042026,180,0.0,28042026,PO_ROSAME,cleaned,4,3,10,0.5,0.0,0.5,benchmark/data/new_experiments/blocks/dfs_timeout=180s__300steps__28042026/evaluation_results/results_blocksworld_combined_timeout180s.csv
dfs_timeout=180s__300steps__28042026,180,0.0,28042026,PISAM,cleaned,2,3,10,1.0,0.0,0.0,benchmark/data/new_experiments/blocks/dfs_timeout=180s__300steps__28042026/evaluation_results/results_blocksworld_combined_timeout180s.csv
dfs_timeout=180s__300steps__28042026,180,0.0,28042026,PO_ROSAME,cleaned,2,3,10,0.0,0.0,0.0,benchmark/data/new_experiments/blocks/dfs_timeout=180s__300steps__28042026/evaluation_results/results_blocksworld_combined_timeout180s.csv
dfs_timeout=180s__300steps__28042026,180,0.0,28042026,PISAM,cleaned,3,3,10,1.0,0.0,0.0,benchmark/data/new_experiments/blocks/dfs_timeout=180s__300steps__28042026/evaluation_results/results_blocksworld_combined_timeout180s.csv
dfs_timeout=180s__300steps__28042026,180,0.0,28042026,PO_ROSAME,cleaned,3,3,10,1.0,0.0,0.0,benchmark/data/new_experiments/blocks/dfs_timeout=180s__300steps__28042026/evaluation_results/results_blocksworld_combined_timeout180s.csv
dfs_timeout=180s__300steps__28042026,180,0.0,28042026,PISAM,cleaned,0,3,10,1.0,0.0,0.0,benchmark/data/new_experiments/blocks/dfs_timeout=180s__300steps__28042026/evaluation_results/results_blocksworld_combined_timeout180s.csv
dfs_timeout=180s__300steps__28042026,180,0.0,28042026,PO_ROSAME,cleaned,0,3,10,,,,benchmark/data/new_experiments/blocks/dfs_timeout=180s__300steps__28042026/evaluation_results/results_blocksworld_combined_timeout180s.csv
dfs_timeout=180s__300steps__28042026,180,0.0,28042026,PISAM,cleaned,2,3,25,1.0,0.0,0.0,benchmark/data/new_experiments/blocks/dfs_timeout=180s__300steps__28042026/evaluation_results/results_blocksworld_combined_timeout180s.csv
dfs_timeout=180s__300steps__28042026,180,0.0,28042026,PO_ROSAME,cleaned,2,3,25,0.0,0.0,0.0,benchmark/data/new_experiments/blocks/dfs_timeout=180s__300steps__28042026/evaluation_results/results_blocksworld_combined_timeout180s.csv
dfs_timeout=180s__300steps__28042026,180,0.0,28042026,PISAM,cleaned,0,3,25,1.0,0.0,0.0,benchmark/data/new_experiments/blocks/dfs_timeout=180s__300steps__28042026/evaluation_results/results_blocksworld_combined_timeout180s.csv
dfs_timeout=180s__300steps__28042026,180,0.0,28042026,PO_ROSAME,cleaned,0,3,25,1.0,0.0,0.0,benchmark/data/new_experiments/blocks/dfs_timeout=180s__300steps__28042026/evaluation_results/results_blocksworld_combined_timeout180s.csv
dfs_timeout=180s__300steps__28042026,180,0.0,28042026,PISAM,cleaned,3,3,25,1.0,0.0,0.0,benchmark/data/new_experiments/blocks/dfs_timeout=180s__300steps__28042026/evaluation_results/results_blocksworld_combined_timeout180s.csv
dfs_timeout=180s__300steps__28042026,180,0.0,28042026,PO_ROSAME,cleaned,3,3,25,1.0,0.0,0.0,benchmark/data/new_experiments/blocks/dfs_timeout=180s__300steps__28042026/evaluation_results/results_blocksworld_combined_timeout180s.csv
dfs_timeout=180s__300steps__28042026,180,0.0,28042026,PISAM,cleaned,1,3,25,1.0,0.0,0.0,benchmark/data/new_experiments/blocks/dfs_timeout=180s__300steps__28042026/evaluation_results/results_blocksworld_combined_timeout180s.csv
dfs_timeout=180s__300steps__28042026,180,0.0,28042026,PO_ROSAME,cleaned,1,3,25,1.0,0.0,0.0,benchmark/data/new_experiments/blocks/dfs_timeout=180s__300steps__28042026/evaluation_results/results_blocksworld_combined_timeout180s.csv
dfs_timeout=180s__300steps__28042026,180,0.0,28042026,PISAM,cleaned,4,3,25,1.0,0.0,0.0,benchmark/data/new_experiments/blocks/dfs_timeout=180s__300steps__28042026/evaluation_results/results_blocksworld_combined_timeout180s.csv
dfs_timeout=180s__300steps__28042026,180,0.0,28042026,PO_ROSAME,cleaned,4,3,25,1.0,0.0,0.0,benchmark/data/new_experiments/blocks/dfs_timeout=180s__300steps__28042026/evaluation_results/results_blocksworld_combined_timeout180s.csv
dfs_timeout=180s__300steps__28042026,180,0.0,28042026,PISAM,cleaned,1,3,50,1.0,0.0,0.0,benchmark/data/new_experiments/blocks/dfs_timeout=180s__300steps__28042026/evaluation_results/results_blocksworld_combined_timeout180s.csv
dfs_timeout=180s__300steps__28042026,180,0.0,28042026,PO_ROSAME,cleaned,1,3,50,1.0,0.0,0.0,benchmark/data/new_experiments/blocks/dfs_timeout=180s__300steps__28042026/evaluation_results/results_blocksworld_combined_timeout180s.csv
dfs_timeout=180s__300steps__28042026,180,0.0,28042026,PISAM,cleaned,2,3,50,1.0,0.0,0.0,benchmark/data/new_experiments/blocks/dfs_timeout=180s__300steps__28042026/evaluation_results/results_blocksworld_combined_timeout180s.csv
dfs_timeout=180s__300steps__28042026,180,0.0,28042026,PO_ROSAME,cleaned,2,3,50,0.0,0.0,0.0,benchmark/data/new_experiments/blocks/dfs_timeout=180s__300steps__28042026/evaluation_results/results_blocksworld_combined_timeout180s.csv
dfs_timeout=180s__300steps__28042026,180,0.0,28042026,PISAM,cleaned,0,3,50,1.0,0.0,0.0,benchmark/data/new_experiments/blocks/dfs_timeout=180s__300steps__28042026/evaluation_results/results_blocksworld_combined_timeout180s.csv
dfs_timeout=180s__300steps__28042026,180,0.0,28042026,PO_ROSAME,cleaned,0,3,50,0.0,0.0,1.0,benchmark/data/new_experiments/blocks/dfs_timeout=180s__300steps__28042026/evaluation_results/results_blocksworld_combined_timeout180s.csv
dfs_timeout=180s__300steps__28042026,180,0.0,28042026,PISAM,cleaned,3,3,50,1.0,0.0,0.0,benchmark/data/new_experiments/blocks/dfs_timeout=180s__300steps__28042026/evaluation_results/results_blocksworld_combined_timeout180s.csv
dfs_timeout=180s__300steps__28042026,180,0.0,28042026,PO_ROSAME,cleaned,3,3,50,1.0,0.0,0.0,benchmark/data/new_experiments/blocks/dfs_timeout=180s__300steps__28042026/evaluation_results/results_blocksworld_combined_timeout180s.csv
dfs_timeout=180s__300steps__28042026,180,0.0,28042026,PISAM,cleaned,4,3,50,1.0,0.0,0.0,benchmark/data/new_experiments/blocks/dfs_timeout=180s__300steps__28042026/evaluation_results/results_blocksworld_combined_timeout180s.csv
dfs_timeout=180s__300steps__28042026,180,0.0,28042026,PO_ROSAME,cleaned,4,3,50,0.5,0.0,0.5,benchmark/data/new_experiments/blocks/dfs_timeout=180s__300steps__28042026/evaluation_results/results_blocksworld_combined_timeout180s.csv
dfs_timeout=180s__300steps__28042026,180,0.0,28042026,PISAM,cleaned,3,3,75,1.0,0.0,0.0,benchmark/data/new_experiments/blocks/dfs_timeout=180s__300steps__28042026/evaluation_results/results_blocksworld_combined_timeout180s.csv
dfs_timeout=180s__300steps__28042026,180,0.0,28042026,PO_ROSAME,cleaned,3,3,75,1.0,0.0,0.0,benchmark/data/new_experiments/blocks/dfs_timeout=180s__300steps__28042026/evaluation_results/results_blocksworld_combined_timeout180s.csv
dfs_timeout=180s__300steps__28042026,180,0.0,28042026,PISAM,cleaned,4,3,75,1.0,0.0,0.0,benchmark/data/new_experiments/blocks/dfs_timeout=180s__300steps__28042026/evaluation_results/results_blocksworld_combined_timeout180s.csv
dfs_timeout=180s__300steps__28042026,180,0.0,28042026,PO_ROSAME,cleaned,4,3,75,1.0,0.0,0.0,benchmark/data/new_experiments/blocks/dfs_timeout=180s__300steps__28042026/evaluation_results/results_blocksworld_combined_timeout180s.csv
dfs_timeout=180s__300steps__28042026,180,0.0,28042026,PISAM,cleaned,0,3,75,1.0,0.0,0.0,benchmark/data/new_experiments/blocks/dfs_timeout=180s__300steps__28042026/evaluation_results/results_blocksworld_combined_timeout180s.csv
dfs_timeout=180s__300steps__28042026,180,0.0,28042026,PO_ROSAME,cleaned,0,3,75,0.0,0.0,1.0,benchmark/data/new_experiments/blocks/dfs_timeout=180s__300steps__28042026/evaluation_results/results_blocksworld_combined_timeout180s.csv
dfs_timeout=180s__300steps__28042026,180,0.0,28042026,PISAM,cleaned,1,3,75,1.0,0.0,0.0,benchmark/data/new_experiments/blocks/dfs_timeout=180s__300steps__28042026/evaluation_results/results_blocksworld_combined_timeout180s.csv
dfs_timeout=180s__300steps__28042026,180,0.0,28042026,PO_ROSAME,cleaned,1,3,75,1.0,0.0,0.0,benchmark/data/new_experiments/blocks/dfs_timeout=180s__300steps__28042026/evaluation_results/results_blocksworld_combined_timeout180s.csv
dfs_timeout=180s__300steps__28042026,180,0.0,28042026,PISAM,cleaned,2,3,75,1.0,0.0,0.0,benchmark/data/new_experiments/blocks/dfs_timeout=180s__300steps__28042026/evaluation_results/results_blocksworld_combined_timeout180s.csv
dfs_timeout=180s__300steps__28042026,180,0.0,28042026,PO_ROSAME,cleaned,2,3,75,0.0,0.0,0.0,benchmark/data/new_experiments/blocks/dfs_timeout=180s__300steps__28042026/evaluation_results/results_blocksworld_combined_timeout180s.csv
dfs_timeout=180s__300steps__28042026,180,0.0,28042026,PISAM,cleaned,3,3,100,1.0,0.0,0.0,benchmark/data/new_experiments/blocks/dfs_timeout=180s__300steps__28042026/evaluation_results/results_blocksworld_combined_timeout180s.csv
dfs_timeout=180s__300steps__28042026,180,0.0,28042026,PO_ROSAME,cleaned,3,3,100,1.0,0.0,0.0,benchmark/data/new_experiments/blocks/dfs_timeout=180s__300steps__28042026/evaluation_results/results_blocksworld_combined_timeout180s.csv
dfs_timeout=180s__300steps__28042026,180,0.0,28042026,PISAM,cleaned,4,3,100,1.0,0.0,0.0,benchmark/data/new_experiments/blocks/dfs_timeout=180s__300steps__28042026/evaluation_results/results_blocksworld_combined_timeout180s.csv
dfs_timeout=180s__300steps__28042026,180,0.0,28042026,PO_ROSAME,cleaned,4,3,100,0.5,0.0,0.5,benchmark/data/new_experiments/blocks/dfs_timeout=180s__300steps__28042026/evaluation_results/results_blocksworld_combined_timeout180s.csv
dfs_timeout=180s__300steps__28042026,180,0.0,28042026,PISAM,cleaned,0,3,100,1.0,0.0,0.0,benchmark/data/new_experiments/blocks/dfs_timeout=180s__300steps__28042026/evaluation_results/results_blocksworld_combined_timeout180s.csv
dfs_timeout=180s__300steps__28042026,180,0.0,28042026,PO_ROSAME,cleaned,0,3,100,0.0,0.0,1.0,benchmark/data/new_experiments/blocks/dfs_timeout=180s__300steps__28042026/evaluation_results/results_blocksworld_combined_timeout180s.csv
dfs_timeout=180s__300steps__28042026,180,0.0,28042026,PISAM,cleaned,2,3,100,1.0,0.0,0.0,benchmark/data/new_experiments/blocks/dfs_timeout=180s__300steps__28042026/evaluation_results/results_blocksworld_combined_timeout180s.csv
dfs_timeout=180s__300steps__28042026,180,0.0,28042026,PO_ROSAME,cleaned,2,3,100,0.0,0.0,0.0,benchmark/data/new_experiments/blocks/dfs_timeout=180s__300steps__28042026/evaluation_results/results_blocksworld_combined_timeout180s.csv
dfs_timeout=180s__300steps__28042026,180,0.0,28042026,PISAM,cleaned,1,3,100,1.0,0.0,0.0,benchmark/data/new_experiments/blocks/dfs_timeout=180s__300steps__28042026/evaluation_results/results_blocksworld_combined_timeout180s.csv
dfs_timeout=180s__300steps__28042026,180,0.0,28042026,PO_ROSAME,cleaned,1,3,100,1.0,0.0,0.0,benchmark/data/new_experiments/blocks/dfs_timeout=180s__300steps__28042026/evaluation_results/results_blocksworld_combined_timeout180s.csv
dfs_timeout=180s__300steps__28042026,180,0.0,28042026,PISAM,cleaned,3,4,0,0.0,1.0,0.0,benchmark/data/new_experiments/blocks/dfs_timeout=180s__300steps__28042026/evaluation_results/results_blocksworld_combined_timeout180s.csv
dfs_timeout=180s__300steps__28042026,180,0.0,28042026,PO_ROSAME,cleaned,3,4,0,0.0,1.0,0.0,benchmark/data/new_experiments/blocks/dfs_timeout=180s__300steps__28042026/evaluation_results/results_blocksworld_combined_timeout180s.csv
dfs_timeout=180s__300steps__28042026,180,0.0,28042026,PISAM,cleaned,2,4,0,0.0,0.0,1.0,benchmark/data/new_experiments/blocks/dfs_timeout=180s__300steps__28042026/evaluation_results/results_blocksworld_combined_timeout180s.csv
dfs_timeout=180s__300steps__28042026,180,0.0,28042026,PO_ROSAME,cleaned,2,4,0,0.0,0.0,0.0,benchmark/data/new_experiments/blocks/dfs_timeout=180s__300steps__28042026/evaluation_results/results_blocksworld_combined_timeout180s.csv
dfs_timeout=180s__300steps__28042026,180,0.0,28042026,PISAM,cleaned,1,4,0,0.0,1.0,0.0,benchmark/data/new_experiments/blocks/dfs_timeout=180s__300steps__28042026/evaluation_results/results_blocksworld_combined_timeout180s.csv
dfs_timeout=180s__300steps__28042026,180,0.0,28042026,PO_ROSAME,cleaned,1,4,0,0.0,0.0,0.0,benchmark/data/new_experiments/blocks/dfs_timeout=180s__300steps__28042026/evaluation_results/results_blocksworld_combined_timeout180s.csv
dfs_timeout=180s__300steps__28042026,180,0.0,28042026,PISAM,cleaned,4,4,0,0.0,0.0,1.0,benchmark/data/new_experiments/blocks/dfs_timeout=180s__300steps__28042026/evaluation_results/results_blocksworld_combined_timeout180s.csv
dfs_timeout=180s__300steps__28042026,180,0.0,28042026,PO_ROSAME,cleaned,4,4,0,0.0,1.0,0.0,benchmark/data/new_experiments/blocks/dfs_timeout=180s__300steps__28042026/evaluation_results/results_blocksworld_combined_timeout180s.csv
dfs_timeout=180s__300steps__28042026,180,0.0,28042026,PISAM,cleaned,0,4,0,1.0,0.0,0.0,benchmark/data/new_experiments/blocks/dfs_timeout=180s__300steps__28042026/evaluation_results/results_blocksworld_combined_timeout180s.csv
dfs_timeout=180s__300steps__28042026,180,0.0,28042026,PO_ROSAME,cleaned,0,4,0,0.0,1.0,0.0,benchmark/data/new_experiments/blocks/dfs_timeout=180s__300steps__28042026/evaluation_results/results_blocksworld_combined_timeout180s.csv
dfs_timeout=180s__300steps__28042026,180,0.0,28042026,PISAM,cleaned,2,4,10,1.0,0.0,0.0,benchmark/data/new_experiments/blocks/dfs_timeout=180s__300steps__28042026/evaluation_results/results_blocksworld_combined_timeout180s.csv
dfs_timeout=180s__300steps__28042026,180,0.0,28042026,PO_ROSAME,cleaned,2,4,10,0.0,1.0,0.0,benchmark/data/new_experiments/blocks/dfs_timeout=180s__300steps__28042026/evaluation_results/results_blocksworld_combined_timeout180s.csv
dfs_timeout=180s__300steps__28042026,180,0.0,28042026,PISAM,cleaned,1,4,10,1.0,0.0,0.0,benchmark/data/new_experiments/blocks/dfs_timeout=180s__300steps__28042026/evaluation_results/results_blocksworld_combined_timeout180s.csv
dfs_timeout=180s__300steps__28042026,180,0.0,28042026,PO_ROSAME,cleaned,1,4,10,0.0,0.0,0.0,benchmark/data/new_experiments/blocks/dfs_timeout=180s__300steps__28042026/evaluation_results/results_blocksworld_combined_timeout180s.csv
dfs_timeout=180s__300steps__28042026,180,0.0,28042026,PISAM,cleaned,3,4,10,1.0,0.0,0.0,benchmark/data/new_experiments/blocks/dfs_timeout=180s__300steps__28042026/evaluation_results/results_blocksworld_combined_timeout180s.csv
dfs_timeout=180s__300steps__28042026,180,0.0,28042026,PO_ROSAME,cleaned,3,4,10,1.0,0.0,0.0,benchmark/data/new_experiments/blocks/dfs_timeout=180s__300steps__28042026/evaluation_results/results_blocksworld_combined_timeout180s.csv
dfs_timeout=180s__300steps__28042026,180,0.0,28042026,PISAM,cleaned,4,4,10,1.0,0.0,0.0,benchmark/data/new_experiments/blocks/dfs_timeout=180s__300steps__28042026/evaluation_results/results_blocksworld_combined_timeout180s.csv
dfs_timeout=180s__300steps__28042026,180,0.0,28042026,PO_ROSAME,cleaned,4,4,10,1.0,0.0,0.0,benchmark/data/new_experiments/blocks/dfs_timeout=180s__300steps__28042026/evaluation_results/results_blocksworld_combined_timeout180s.csv
dfs_timeout=180s__300steps__28042026,180,0.0,28042026,PISAM,cleaned,0,4,10,1.0,0.0,0.0,benchmark/data/new_experiments/blocks/dfs_timeout=180s__300steps__28042026/evaluation_results/results_blocksworld_combined_timeout180s.csv
dfs_timeout=180s__300steps__28042026,180,0.0,28042026,PO_ROSAME,cleaned,0,4,10,1.0,0.0,0.0,benchmark/data/new_experiments/blocks/dfs_timeout=180s__300steps__28042026/evaluation_results/results_blocksworld_combined_timeout180s.csv
dfs_timeout=180s__300steps__28042026,180,0.0,28042026,PISAM,cleaned,3,4,25,1.0,0.0,0.0,benchmark/data/new_experiments/blocks/dfs_timeout=180s__300steps__28042026/evaluation_results/results_blocksworld_combined_timeout180s.csv
dfs_timeout=180s__300steps__28042026,180,0.0,28042026,PO_ROSAME,cleaned,3,4,25,1.0,0.0,0.0,benchmark/data/new_experiments/blocks/dfs_timeout=180s__300steps__28042026/evaluation_results/results_blocksworld_combined_timeout180s.csv
dfs_timeout=180s__300steps__28042026,180,0.0,28042026,PISAM,cleaned,2,4,25,1.0,0.0,0.0,benchmark/data/new_experiments/blocks/dfs_timeout=180s__300steps__28042026/evaluation_results/results_blocksworld_combined_timeout180s.csv
dfs_timeout=180s__300steps__28042026,180,0.0,28042026,PO_ROSAME,cleaned,2,4,25,0.0,0.0,0.0,benchmark/data/new_experiments/blocks/dfs_timeout=180s__300steps__28042026/evaluation_results/results_blocksworld_combined_timeout180s.csv
dfs_timeout=180s__300steps__28042026,180,0.0,28042026,PISAM,cleaned,4,4,25,1.0,0.0,0.0,benchmark/data/new_experiments/blocks/dfs_timeout=180s__300steps__28042026/evaluation_results/results_blocksworld_combined_timeout180s.csv
dfs_timeout=180s__300steps__28042026,180,0.0,28042026,PO_ROSAME,cleaned,4,4,25,1.0,0.0,0.0,benchmark/data/new_experiments/blocks/dfs_timeout=180s__300steps__28042026/evaluation_results/results_blocksworld_combined_timeout180s.csv
dfs_timeout=180s__300steps__28042026,180,0.0,28042026,PISAM,cleaned,0,4,25,1.0,0.0,0.0,benchmark/data/new_experiments/blocks/dfs_timeout=180s__300steps__28042026/evaluation_results/results_blocksworld_combined_timeout180s.csv
dfs_timeout=180s__300steps__28042026,180,0.0,28042026,PO_ROSAME,cleaned,0,4,25,1.0,0.0,0.0,benchmark/data/new_experiments/blocks/dfs_timeout=180s__300steps__28042026/evaluation_results/results_blocksworld_combined_timeout180s.csv
dfs_timeout=180s__300steps__28042026,180,0.0,28042026,PISAM,cleaned,1,4,25,1.0,0.0,0.0,benchmark/data/new_experiments/blocks/dfs_timeout=180s__300steps__28042026/evaluation_results/results_blocksworld_combined_timeout180s.csv
dfs_timeout=180s__300steps__28042026,180,0.0,28042026,PO_ROSAME,cleaned,1,4,25,0.0,1.0,0.0,benchmark/data/new_experiments/blocks/dfs_timeout=180s__300steps__28042026/evaluation_results/results_blocksworld_combined_timeout180s.csv
dfs_timeout=180s__300steps__28042026,180,0.0,28042026,PISAM,cleaned,0,4,50,1.0,0.0,0.0,benchmark/data/new_experiments/blocks/dfs_timeout=180s__300steps__28042026/evaluation_results/results_blocksworld_combined_timeout180s.csv
dfs_timeout=180s__300steps__28042026,180,0.0,28042026,PO_ROSAME,cleaned,0,4,50,1.0,0.0,0.0,benchmark/data/new_experiments/blocks/dfs_timeout=180s__300steps__28042026/evaluation_results/results_blocksworld_combined_timeout180s.csv
dfs_timeout=180s__300steps__28042026,180,0.0,28042026,PISAM,cleaned,2,4,50,1.0,0.0,0.0,benchmark/data/new_experiments/blocks/dfs_timeout=180s__300steps__28042026/evaluation_results/results_blocksworld_combined_timeout180s.csv
dfs_timeout=180s__300steps__28042026,180,0.0,28042026,PO_ROSAME,cleaned,2,4,50,0.0,0.0,0.0,benchmark/data/new_experiments/blocks/dfs_timeout=180s__300steps__28042026/evaluation_results/results_blocksworld_combined_timeout180s.csv
dfs_timeout=180s__300steps__28042026,180,0.0,28042026,PISAM,cleaned,4,4,50,1.0,0.0,0.0,benchmark/data/new_experiments/blocks/dfs_timeout=180s__300steps__28042026/evaluation_results/results_blocksworld_combined_timeout180s.csv
dfs_timeout=180s__300steps__28042026,180,0.0,28042026,PO_ROSAME,cleaned,4,4,50,1.0,0.0,0.0,benchmark/data/new_experiments/blocks/dfs_timeout=180s__300steps__28042026/evaluation_results/results_blocksworld_combined_timeout180s.csv
dfs_timeout=180s__300steps__28042026,180,0.0,28042026,PISAM,cleaned,1,4,50,1.0,0.0,0.0,benchmark/data/new_experiments/blocks/dfs_timeout=180s__300steps__28042026/evaluation_results/results_blocksworld_combined_timeout180s.csv
dfs_timeout=180s__300steps__28042026,180,0.0,28042026,PO_ROSAME,cleaned,1,4,50,0.0,0.0,0.0,benchmark/data/new_experiments/blocks/dfs_timeout=180s__300steps__28042026/evaluation_results/results_blocksworld_combined_timeout180s.csv
dfs_timeout=180s__300steps__28042026,180,0.0,28042026,PISAM,cleaned,3,4,50,1.0,0.0,0.0,benchmark/data/new_experiments/blocks/dfs_timeout=180s__300steps__28042026/evaluation_results/results_blocksworld_combined_timeout180s.csv
dfs_timeout=180s__300steps__28042026,180,0.0,28042026,PO_ROSAME,cleaned,3,4,50,1.0,0.0,0.0,benchmark/data/new_experiments/blocks/dfs_timeout=180s__300steps__28042026/evaluation_results/results_blocksworld_combined_timeout180s.csv
dfs_timeout=180s__300steps__28042026,180,0.0,28042026,PISAM,cleaned,1,4,75,1.0,0.0,0.0,benchmark/data/new_experiments/blocks/dfs_timeout=180s__300steps__28042026/evaluation_results/results_blocksworld_combined_timeout180s.csv
dfs_timeout=180s__300steps__28042026,180,0.0,28042026,PO_ROSAME,cleaned,1,4,75,0.0,0.0,0.0,benchmark/data/new_experiments/blocks/dfs_timeout=180s__300steps__28042026/evaluation_results/results_blocksworld_combined_timeout180s.csv
dfs_timeout=180s__300steps__28042026,180,0.0,28042026,PISAM,cleaned,0,4,75,1.0,0.0,0.0,benchmark/data/new_experiments/blocks/dfs_timeout=180s__300steps__28042026/evaluation_results/results_blocksworld_combined_timeout180s.csv
dfs_timeout=180s__300steps__28042026,180,0.0,28042026,PO_ROSAME,cleaned,0,4,75,1.0,0.0,0.0,benchmark/data/new_experiments/blocks/dfs_timeout=180s__300steps__28042026/evaluation_results/results_blocksworld_combined_timeout180s.csv
dfs_timeout=180s__300steps__28042026,180,0.0,28042026,PISAM,cleaned,3,4,75,1.0,0.0,0.0,benchmark/data/new_experiments/blocks/dfs_timeout=180s__300steps__28042026/evaluation_results/results_blocksworld_combined_timeout180s.csv
dfs_timeout=180s__300steps__28042026,180,0.0,28042026,PO_ROSAME,cleaned,3,4,75,1.0,0.0,0.0,benchmark/data/new_experiments/blocks/dfs_timeout=180s__300steps__28042026/evaluation_results/results_blocksworld_combined_timeout180s.csv
dfs_timeout=180s__300steps__28042026,180,0.0,28042026,PISAM,cleaned,4,4,75,1.0,0.0,0.0,benchmark/data/new_experiments/blocks/dfs_timeout=180s__300steps__28042026/evaluation_results/results_blocksworld_combined_timeout180s.csv
dfs_timeout=180s__300steps__28042026,180,0.0,28042026,PO_ROSAME,cleaned,4,4,75,1.0,0.0,0.0,benchmark/data/new_experiments/blocks/dfs_timeout=180s__300steps__28042026/evaluation_results/results_blocksworld_combined_timeout180s.csv
dfs_timeout=180s__300steps__28042026,180,0.0,28042026,PISAM,cleaned,2,4,75,1.0,0.0,0.0,benchmark/data/new_experiments/blocks/dfs_timeout=180s__300steps__28042026/evaluation_results/results_blocksworld_combined_timeout180s.csv
dfs_timeout=180s__300steps__28042026,180,0.0,28042026,PO_ROSAME,cleaned,2,4,75,0.0,0.0,0.0,benchmark/data/new_experiments/blocks/dfs_timeout=180s__300steps__28042026/evaluation_results/results_blocksworld_combined_timeout180s.csv
dfs_timeout=180s__300steps__28042026,180,0.0,28042026,PISAM,cleaned,4,4,100,1.0,0.0,0.0,benchmark/data/new_experiments/blocks/dfs_timeout=180s__300steps__28042026/evaluation_results/results_blocksworld_combined_timeout180s.csv
dfs_timeout=180s__300steps__28042026,180,0.0,28042026,PO_ROSAME,cleaned,4,4,100,1.0,0.0,0.0,benchmark/data/new_experiments/blocks/dfs_timeout=180s__300steps__28042026/evaluation_results/results_blocksworld_combined_timeout180s.csv
dfs_timeout=180s__300steps__28042026,180,0.0,28042026,PISAM,cleaned,0,4,100,1.0,0.0,0.0,benchmark/data/new_experiments/blocks/dfs_timeout=180s__300steps__28042026/evaluation_results/results_blocksworld_combined_timeout180s.csv
dfs_timeout=180s__300steps__28042026,180,0.0,28042026,PO_ROSAME,cleaned,0,4,100,1.0,0.0,0.0,benchmark/data/new_experiments/blocks/dfs_timeout=180s__300steps__28042026/evaluation_results/results_blocksworld_combined_timeout180s.csv
dfs_timeout=180s__300steps__28042026,180,0.0,28042026,PISAM,cleaned,3,4,100,1.0,0.0,0.0,benchmark/data/new_experiments/blocks/dfs_timeout=180s__300steps__28042026/evaluation_results/results_blocksworld_combined_timeout180s.csv
dfs_timeout=180s__300steps__28042026,180,0.0,28042026,PO_ROSAME,cleaned,3,4,100,1.0,0.0,0.0,benchmark/data/new_experiments/blocks/dfs_timeout=180s__300steps__28042026/evaluation_results/results_blocksworld_combined_timeout180s.csv
dfs_timeout=180s__300steps__28042026,180,0.0,28042026,PISAM,cleaned,1,4,100,1.0,0.0,0.0,benchmark/data/new_experiments/blocks/dfs_timeout=180s__300steps__28042026/evaluation_results/results_blocksworld_combined_timeout180s.csv
dfs_timeout=180s__300steps__28042026,180,0.0,28042026,PO_ROSAME,cleaned,1,4,100,0.0,0.0,0.0,benchmark/data/new_experiments/blocks/dfs_timeout=180s__300steps__28042026/evaluation_results/results_blocksworld_combined_timeout180s.csv
dfs_timeout=180s__300steps__28042026,180,0.0,28042026,PISAM,cleaned,2,4,100,1.0,0.0,0.0,benchmark/data/new_experiments/blocks/dfs_timeout=180s__300steps__28042026/evaluation_results/results_blocksworld_combined_timeout180s.csv
dfs_timeout=180s__300steps__28042026,180,0.0,28042026,PO_ROSAME,cleaned,2,4,100,0.0,0.0,0.0,benchmark/data/new_experiments/blocks/dfs_timeout=180s__300steps__28042026/evaluation_results/results_blocksworld_combined_timeout180s.csv
dfs_timeout=180s__300steps__28042026,180,0.0,28042026,PISAM,cleaned,3,5,0,0.0,1.0,0.0,benchmark/data/new_experiments/blocks/dfs_timeout=180s__300steps__28042026/evaluation_results/results_blocksworld_combined_timeout180s.csv
dfs_timeout=180s__300steps__28042026,180,0.0,28042026,PO_ROSAME,cleaned,3,5,0,0.0,0.0,0.0,benchmark/data/new_experiments/blocks/dfs_timeout=180s__300steps__28042026/evaluation_results/results_blocksworld_combined_timeout180s.csv
dfs_timeout=180s__300steps__28042026,180,0.0,28042026,PISAM,cleaned,0,5,0,1.0,0.0,0.0,benchmark/data/new_experiments/blocks/dfs_timeout=180s__300steps__28042026/evaluation_results/results_blocksworld_combined_timeout180s.csv
dfs_timeout=180s__300steps__28042026,180,0.0,28042026,PO_ROSAME,cleaned,0,5,0,0.0,1.0,0.0,benchmark/data/new_experiments/blocks/dfs_timeout=180s__300steps__28042026/evaluation_results/results_blocksworld_combined_timeout180s.csv
dfs_timeout=180s__300steps__28042026,180,0.0,28042026,PISAM,cleaned,1,5,0,0.0,1.0,0.0,benchmark/data/new_experiments/blocks/dfs_timeout=180s__300steps__28042026/evaluation_results/results_blocksworld_combined_timeout180s.csv
dfs_timeout=180s__300steps__28042026,180,0.0,28042026,PO_ROSAME,cleaned,1,5,0,0.0,0.5,0.5,benchmark/data/new_experiments/blocks/dfs_timeout=180s__300steps__28042026/evaluation_results/results_blocksworld_combined_timeout180s.csv
dfs_timeout=180s__300steps__28042026,180,0.0,28042026,PISAM,cleaned,4,5,0,0.0,0.0,1.0,benchmark/data/new_experiments/blocks/dfs_timeout=180s__300steps__28042026/evaluation_results/results_blocksworld_combined_timeout180s.csv
dfs_timeout=180s__300steps__28042026,180,0.0,28042026,PO_ROSAME,cleaned,4,5,0,0.0,0.0,0.0,benchmark/data/new_experiments/blocks/dfs_timeout=180s__300steps__28042026/evaluation_results/results_blocksworld_combined_timeout180s.csv
dfs_timeout=180s__300steps__28042026,180,0.0,28042026,PISAM,cleaned,2,5,0,0.0,0.0,1.0,benchmark/data/new_experiments/blocks/dfs_timeout=180s__300steps__28042026/evaluation_results/results_blocksworld_combined_timeout180s.csv
dfs_timeout=180s__300steps__28042026,180,0.0,28042026,PO_ROSAME,cleaned,2,5,0,0.0,1.0,0.0,benchmark/data/new_experiments/blocks/dfs_timeout=180s__300steps__28042026/evaluation_results/results_blocksworld_combined_timeout180s.csv
dfs_timeout=180s__300steps__28042026,180,0.0,28042026,PISAM,cleaned,1,5,10,1.0,0.0,0.0,benchmark/data/new_experiments/blocks/dfs_timeout=180s__300steps__28042026/evaluation_results/results_blocksworld_combined_timeout180s.csv
dfs_timeout=180s__300steps__28042026,180,0.0,28042026,PO_ROSAME,cleaned,1,5,10,0.0,0.0,1.0,benchmark/data/new_experiments/blocks/dfs_timeout=180s__300steps__28042026/evaluation_results/results_blocksworld_combined_timeout180s.csv
dfs_timeout=180s__300steps__28042026,180,0.0,28042026,PISAM,cleaned,2,5,10,1.0,0.0,0.0,benchmark/data/new_experiments/blocks/dfs_timeout=180s__300steps__28042026/evaluation_results/results_blocksworld_combined_timeout180s.csv
dfs_timeout=180s__300steps__28042026,180,0.0,28042026,PO_ROSAME,cleaned,2,5,10,1.0,0.0,0.0,benchmark/data/new_experiments/blocks/dfs_timeout=180s__300steps__28042026/evaluation_results/results_blocksworld_combined_timeout180s.csv
dfs_timeout=180s__300steps__28042026,180,0.0,28042026,PISAM,cleaned,0,5,10,1.0,0.0,0.0,benchmark/data/new_experiments/blocks/dfs_timeout=180s__300steps__28042026/evaluation_results/results_blocksworld_combined_timeout180s.csv
dfs_timeout=180s__300steps__28042026,180,0.0,28042026,PO_ROSAME,cleaned,0,5,10,0.0,1.0,0.0,benchmark/data/new_experiments/blocks/dfs_timeout=180s__300steps__28042026/evaluation_results/results_blocksworld_combined_timeout180s.csv
dfs_timeout=180s__300steps__28042026,180,0.0,28042026,PISAM,cleaned,4,5,10,1.0,0.0,0.0,benchmark/data/new_experiments/blocks/dfs_timeout=180s__300steps__28042026/evaluation_results/results_blocksworld_combined_timeout180s.csv
dfs_timeout=180s__300steps__28042026,180,0.0,28042026,PO_ROSAME,cleaned,4,5,10,0.0,0.0,0.0,benchmark/data/new_experiments/blocks/dfs_timeout=180s__300steps__28042026/evaluation_results/results_blocksworld_combined_timeout180s.csv
dfs_timeout=180s__300steps__28042026,180,0.0,28042026,PISAM,cleaned,3,5,10,1.0,0.0,0.0,benchmark/data/new_experiments/blocks/dfs_timeout=180s__300steps__28042026/evaluation_results/results_blocksworld_combined_timeout180s.csv
dfs_timeout=180s__300steps__28042026,180,0.0,28042026,PO_ROSAME,cleaned,3,5,10,0.0,0.0,0.0,benchmark/data/new_experiments/blocks/dfs_timeout=180s__300steps__28042026/evaluation_results/results_blocksworld_combined_timeout180s.csv
dfs_timeout=180s__300steps__28042026,180,0.0,28042026,PISAM,cleaned,1,5,25,1.0,0.0,0.0,benchmark/data/new_experiments/blocks/dfs_timeout=180s__300steps__28042026/evaluation_results/results_blocksworld_combined_timeout180s.csv
dfs_timeout=180s__300steps__28042026,180,0.0,28042026,PO_ROSAME,cleaned,1,5,25,0.0,0.0,1.0,benchmark/data/new_experiments/blocks/dfs_timeout=180s__300steps__28042026/evaluation_results/results_blocksworld_combined_timeout180s.csv
dfs_timeout=180s__300steps__28042026,180,0.0,28042026,PISAM,cleaned,4,5,25,1.0,0.0,0.0,benchmark/data/new_experiments/blocks/dfs_timeout=180s__300steps__28042026/evaluation_results/results_blocksworld_combined_timeout180s.csv
dfs_timeout=180s__300steps__28042026,180,0.0,28042026,PO_ROSAME,cleaned,4,5,25,0.0,0.0,0.0,benchmark/data/new_experiments/blocks/dfs_timeout=180s__300steps__28042026/evaluation_results/results_blocksworld_combined_timeout180s.csv
dfs_timeout=180s__300steps__28042026,180,0.0,28042026,PISAM,cleaned,0,5,25,1.0,0.0,0.0,benchmark/data/new_experiments/blocks/dfs_timeout=180s__300steps__28042026/evaluation_results/results_blocksworld_combined_timeout180s.csv
dfs_timeout=180s__300steps__28042026,180,0.0,28042026,PO_ROSAME,cleaned,0,5,25,1.0,0.0,0.0,benchmark/data/new_experiments/blocks/dfs_timeout=180s__300steps__28042026/evaluation_results/results_blocksworld_combined_timeout180s.csv
dfs_timeout=180s__300steps__28042026,180,0.0,28042026,PISAM,cleaned,3,5,25,1.0,0.0,0.0,benchmark/data/new_experiments/blocks/dfs_timeout=180s__300steps__28042026/evaluation_results/results_blocksworld_combined_timeout180s.csv
dfs_timeout=180s__300steps__28042026,180,0.0,28042026,PO_ROSAME,cleaned,3,5,25,0.0,1.0,0.0,benchmark/data/new_experiments/blocks/dfs_timeout=180s__300steps__28042026/evaluation_results/results_blocksworld_combined_timeout180s.csv
dfs_timeout=180s__300steps__28042026,180,0.0,28042026,PISAM,cleaned,2,5,25,1.0,0.0,0.0,benchmark/data/new_experiments/blocks/dfs_timeout=180s__300steps__28042026/evaluation_results/results_blocksworld_combined_timeout180s.csv
dfs_timeout=180s__300steps__28042026,180,0.0,28042026,PO_ROSAME,cleaned,2,5,25,1.0,0.0,0.0,benchmark/data/new_experiments/blocks/dfs_timeout=180s__300steps__28042026/evaluation_results/results_blocksworld_combined_timeout180s.csv
dfs_timeout=180s__300steps__28042026,180,0.0,28042026,PISAM,cleaned,4,5,50,1.0,0.0,0.0,benchmark/data/new_experiments/blocks/dfs_timeout=180s__300steps__28042026/evaluation_results/results_blocksworld_combined_timeout180s.csv
dfs_timeout=180s__300steps__28042026,180,0.0,28042026,PO_ROSAME,cleaned,4,5,50,0.0,0.0,0.0,benchmark/data/new_experiments/blocks/dfs_timeout=180s__300steps__28042026/evaluation_results/results_blocksworld_combined_timeout180s.csv
dfs_timeout=180s__300steps__28042026,180,0.0,28042026,PISAM,cleaned,3,5,50,1.0,0.0,0.0,benchmark/data/new_experiments/blocks/dfs_timeout=180s__300steps__28042026/evaluation_results/results_blocksworld_combined_timeout180s.csv
dfs_timeout=180s__300steps__28042026,180,0.0,28042026,PO_ROSAME,cleaned,3,5,50,0.0,0.0,0.0,benchmark/data/new_experiments/blocks/dfs_timeout=180s__300steps__28042026/evaluation_results/results_blocksworld_combined_timeout180s.csv
dfs_timeout=180s__300steps__28042026,180,0.0,28042026,PISAM,cleaned,0,5,50,1.0,0.0,0.0,benchmark/data/new_experiments/blocks/dfs_timeout=180s__300steps__28042026/evaluation_results/results_blocksworld_combined_timeout180s.csv
dfs_timeout=180s__300steps__28042026,180,0.0,28042026,PO_ROSAME,cleaned,0,5,50,0.0,0.0,0.0,benchmark/data/new_experiments/blocks/dfs_timeout=180s__300steps__28042026/evaluation_results/results_blocksworld_combined_timeout180s.csv
dfs_timeout=180s__300steps__28042026,180,0.0,28042026,PISAM,cleaned,2,5,50,1.0,0.0,0.0,benchmark/data/new_experiments/blocks/dfs_timeout=180s__300steps__28042026/evaluation_results/results_blocksworld_combined_timeout180s.csv
dfs_timeout=180s__300steps__28042026,180,0.0,28042026,PO_ROSAME,cleaned,2,5,50,1.0,0.0,0.0,benchmark/data/new_experiments/blocks/dfs_timeout=180s__300steps__28042026/evaluation_results/results_blocksworld_combined_timeout180s.csv
dfs_timeout=180s__300steps__28042026,180,0.0,28042026,PISAM,cleaned,1,5,50,1.0,0.0,0.0,benchmark/data/new_experiments/blocks/dfs_timeout=180s__300steps__28042026/evaluation_results/results_blocksworld_combined_timeout180s.csv
dfs_timeout=180s__300steps__28042026,180,0.0,28042026,PO_ROSAME,cleaned,1,5,50,0.0,0.0,1.0,benchmark/data/new_experiments/blocks/dfs_timeout=180s__300steps__28042026/evaluation_results/results_blocksworld_combined_timeout180s.csv
dfs_timeout=180s__300steps__28042026,180,0.0,28042026,PISAM,cleaned,2,5,75,1.0,0.0,0.0,benchmark/data/new_experiments/blocks/dfs_timeout=180s__300steps__28042026/evaluation_results/results_blocksworld_combined_timeout180s.csv
dfs_timeout=180s__300steps__28042026,180,0.0,28042026,PO_ROSAME,cleaned,2,5,75,1.0,0.0,0.0,benchmark/data/new_experiments/blocks/dfs_timeout=180s__300steps__28042026/evaluation_results/results_blocksworld_combined_timeout180s.csv
dfs_timeout=180s__300steps__28042026,180,0.0,28042026,PISAM,cleaned,0,5,75,1.0,0.0,0.0,benchmark/data/new_experiments/blocks/dfs_timeout=180s__300steps__28042026/evaluation_results/results_blocksworld_combined_timeout180s.csv
dfs_timeout=180s__300steps__28042026,180,0.0,28042026,PO_ROSAME,cleaned,0,5,75,0.0,0.0,0.0,benchmark/data/new_experiments/blocks/dfs_timeout=180s__300steps__28042026/evaluation_results/results_blocksworld_combined_timeout180s.csv
dfs_timeout=180s__300steps__28042026,180,0.0,28042026,PISAM,cleaned,4,5,75,1.0,0.0,0.0,benchmark/data/new_experiments/blocks/dfs_timeout=180s__300steps__28042026/evaluation_results/results_blocksworld_combined_timeout180s.csv
dfs_timeout=180s__300steps__28042026,180,0.0,28042026,PO_ROSAME,cleaned,4,5,75,0.0,0.0,0.0,benchmark/data/new_experiments/blocks/dfs_timeout=180s__300steps__28042026/evaluation_results/results_blocksworld_combined_timeout180s.csv
dfs_timeout=180s__300steps__28042026,180,0.0,28042026,PISAM,cleaned,1,5,75,1.0,0.0,0.0,benchmark/data/new_experiments/blocks/dfs_timeout=180s__300steps__28042026/evaluation_results/results_blocksworld_combined_timeout180s.csv
dfs_timeout=180s__300steps__28042026,180,0.0,28042026,PO_ROSAME,cleaned,1,5,75,0.0,0.0,1.0,benchmark/data/new_experiments/blocks/dfs_timeout=180s__300steps__28042026/evaluation_results/results_blocksworld_combined_timeout180s.csv
dfs_timeout=180s__300steps__28042026,180,0.0,28042026,PISAM,cleaned,3,5,75,1.0,0.0,0.0,benchmark/data/new_experiments/blocks/dfs_timeout=180s__300steps__28042026/evaluation_results/results_blocksworld_combined_timeout180s.csv
dfs_timeout=180s__300steps__28042026,180,0.0,28042026,PO_ROSAME,cleaned,3,5,75,0.0,1.0,0.0,benchmark/data/new_experiments/blocks/dfs_timeout=180s__300steps__28042026/evaluation_results/results_blocksworld_combined_timeout180s.csv
dfs_timeout=180s__300steps__28042026,180,0.0,28042026,PISAM,cleaned,3,5,100,1.0,0.0,0.0,benchmark/data/new_experiments/blocks/dfs_timeout=180s__300steps__28042026/evaluation_results/results_blocksworld_combined_timeout180s.csv
dfs_timeout=180s__300steps__28042026,180,0.0,28042026,PO_ROSAME,cleaned,3,5,100,0.0,1.0,0.0,benchmark/data/new_experiments/blocks/dfs_timeout=180s__300steps__28042026/evaluation_results/results_blocksworld_combined_timeout180s.csv
dfs_timeout=180s__300steps__28042026,180,0.0,28042026,PISAM,cleaned,4,5,100,1.0,0.0,0.0,benchmark/data/new_experiments/blocks/dfs_timeout=180s__300steps__28042026/evaluation_results/results_blocksworld_combined_timeout180s.csv
dfs_timeout=180s__300steps__28042026,180,0.0,28042026,PO_ROSAME,cleaned,4,5,100,0.5,0.0,0.5,benchmark/data/new_experiments/blocks/dfs_timeout=180s__300steps__28042026/evaluation_results/results_blocksworld_combined_timeout180s.csv
dfs_timeout=180s__300steps__28042026,180,0.0,28042026,PISAM,cleaned,0,5,100,1.0,0.0,0.0,benchmark/data/new_experiments/blocks/dfs_timeout=180s__300steps__28042026/evaluation_results/results_blocksworld_combined_timeout180s.csv
dfs_timeout=180s__300steps__28042026,180,0.0,28042026,PO_ROSAME,cleaned,0,5,100,0.0,0.0,0.0,benchmark/data/new_experiments/blocks/dfs_timeout=180s__300steps__28042026/evaluation_results/results_blocksworld_combined_timeout180s.csv
dfs_timeout=180s__300steps__28042026,180,0.0,28042026,PISAM,cleaned,2,5,100,1.0,0.0,0.0,benchmark/data/new_experiments/blocks/dfs_timeout=180s__300steps__28042026/evaluation_results/results_blocksworld_combined_timeout180s.csv
dfs_timeout=180s__300steps__28042026,180,0.0,28042026,PO_ROSAME,cleaned,2,5,100,1.0,0.0,0.0,benchmark/data/new_experiments/blocks/dfs_timeout=180s__300steps__28042026/evaluation_results/results_blocksworld_combined_timeout180s.csv
dfs_timeout=180s__300steps__28042026,180,0.0,28042026,PISAM,cleaned,1,5,100,1.0,0.0,0.0,benchmark/data/new_experiments/blocks/dfs_timeout=180s__300steps__28042026/evaluation_results/results_blocksworld_combined_timeout180s.csv
dfs_timeout=180s__300steps__28042026,180,0.0,28042026,PO_ROSAME,cleaned,1,5,100,1.0,0.0,0.0,benchmark/data/new_experiments/blocks/dfs_timeout=180s__300steps__28042026/evaluation_results/results_blocksworld_combined_timeout180s.csv
dfs_timeout=180s__300steps__28042026,180,0.0,28042026,PISAM,cleaned,1,6,0,0.0,1.0,0.0,benchmark/data/new_experiments/blocks/dfs_timeout=180s__300steps__28042026/evaluation_results/results_blocksworld_combined_timeout180s.csv
dfs_timeout=180s__300steps__28042026,180,0.0,28042026,PO_ROSAME,cleaned,1,6,0,0.0,1.0,0.0,benchmark/data/new_experiments/blocks/dfs_timeout=180s__300steps__28042026/evaluation_results/results_blocksworld_combined_timeout180s.csv
dfs_timeout=180s__300steps__28042026,180,0.0,28042026,PISAM,cleaned,0,6,0,0.0,1.0,0.0,benchmark/data/new_experiments/blocks/dfs_timeout=180s__300steps__28042026/evaluation_results/results_blocksworld_combined_timeout180s.csv
dfs_timeout=180s__300steps__28042026,180,0.0,28042026,PO_ROSAME,cleaned,0,6,0,0.0,1.0,0.0,benchmark/data/new_experiments/blocks/dfs_timeout=180s__300steps__28042026/evaluation_results/results_blocksworld_combined_timeout180s.csv
dfs_timeout=180s__300steps__28042026,180,0.0,28042026,PISAM,cleaned,3,6,0,0.0,1.0,0.0,benchmark/data/new_experiments/blocks/dfs_timeout=180s__300steps__28042026/evaluation_results/results_blocksworld_combined_timeout180s.csv
dfs_timeout=180s__300steps__28042026,180,0.0,28042026,PO_ROSAME,cleaned,3,6,0,0.0,0.0,1.0,benchmark/data/new_experiments/blocks/dfs_timeout=180s__300steps__28042026/evaluation_results/results_blocksworld_combined_timeout180s.csv
dfs_timeout=180s__300steps__28042026,180,0.0,28042026,PISAM,cleaned,2,6,0,0.0,0.0,1.0,benchmark/data/new_experiments/blocks/dfs_timeout=180s__300steps__28042026/evaluation_results/results_blocksworld_combined_timeout180s.csv
dfs_timeout=180s__300steps__28042026,180,0.0,28042026,PO_ROSAME,cleaned,2,6,0,0.0,1.0,0.0,benchmark/data/new_experiments/blocks/dfs_timeout=180s__300steps__28042026/evaluation_results/results_blocksworld_combined_timeout180s.csv
dfs_timeout=180s__300steps__28042026,180,0.0,28042026,PISAM,cleaned,4,6,0,0.0,0.0,1.0,benchmark/data/new_experiments/blocks/dfs_timeout=180s__300steps__28042026/evaluation_results/results_blocksworld_combined_timeout180s.csv
dfs_timeout=180s__300steps__28042026,180,0.0,28042026,PO_ROSAME,cleaned,4,6,0,0.0,1.0,0.0,benchmark/data/new_experiments/blocks/dfs_timeout=180s__300steps__28042026/evaluation_results/results_blocksworld_combined_timeout180s.csv
dfs_timeout=180s__300steps__28042026,180,0.0,28042026,PISAM,cleaned,2,6,10,1.0,0.0,0.0,benchmark/data/new_experiments/blocks/dfs_timeout=180s__300steps__28042026/evaluation_results/results_blocksworld_combined_timeout180s.csv
dfs_timeout=180s__300steps__28042026,180,0.0,28042026,PO_ROSAME,cleaned,2,6,10,1.0,0.0,0.0,benchmark/data/new_experiments/blocks/dfs_timeout=180s__300steps__28042026/evaluation_results/results_blocksworld_combined_timeout180s.csv
dfs_timeout=180s__300steps__28042026,180,0.0,28042026,PISAM,cleaned,0,6,10,1.0,0.0,0.0,benchmark/data/new_experiments/blocks/dfs_timeout=180s__300steps__28042026/evaluation_results/results_blocksworld_combined_timeout180s.csv
dfs_timeout=180s__300steps__28042026,180,0.0,28042026,PO_ROSAME,cleaned,0,6,10,1.0,0.0,0.0,benchmark/data/new_experiments/blocks/dfs_timeout=180s__300steps__28042026/evaluation_results/results_blocksworld_combined_timeout180s.csv
dfs_timeout=180s__300steps__28042026,180,0.0,28042026,PISAM,cleaned,3,6,10,1.0,0.0,0.0,benchmark/data/new_experiments/blocks/dfs_timeout=180s__300steps__28042026/evaluation_results/results_blocksworld_combined_timeout180s.csv
dfs_timeout=180s__300steps__28042026,180,0.0,28042026,PO_ROSAME,cleaned,3,6,10,0.5,0.0,0.5,benchmark/data/new_experiments/blocks/dfs_timeout=180s__300steps__28042026/evaluation_results/results_blocksworld_combined_timeout180s.csv
dfs_timeout=180s__300steps__28042026,180,0.0,28042026,PISAM,cleaned,1,6,10,1.0,0.0,0.0,benchmark/data/new_experiments/blocks/dfs_timeout=180s__300steps__28042026/evaluation_results/results_blocksworld_combined_timeout180s.csv
dfs_timeout=180s__300steps__28042026,180,0.0,28042026,PO_ROSAME,cleaned,1,6,10,1.0,0.0,0.0,benchmark/data/new_experiments/blocks/dfs_timeout=180s__300steps__28042026/evaluation_results/results_blocksworld_combined_timeout180s.csv
dfs_timeout=180s__300steps__28042026,180,0.0,28042026,PISAM,cleaned,4,6,10,1.0,0.0,0.0,benchmark/data/new_experiments/blocks/dfs_timeout=180s__300steps__28042026/evaluation_results/results_blocksworld_combined_timeout180s.csv
dfs_timeout=180s__300steps__28042026,180,0.0,28042026,PO_ROSAME,cleaned,4,6,10,1.0,0.0,0.0,benchmark/data/new_experiments/blocks/dfs_timeout=180s__300steps__28042026/evaluation_results/results_blocksworld_combined_timeout180s.csv
dfs_timeout=180s__300steps__28042026,180,0.0,28042026,PISAM,cleaned,2,6,25,1.0,0.0,0.0,benchmark/data/new_experiments/blocks/dfs_timeout=180s__300steps__28042026/evaluation_results/results_blocksworld_combined_timeout180s.csv
dfs_timeout=180s__300steps__28042026,180,0.0,28042026,PO_ROSAME,cleaned,2,6,25,1.0,0.0,0.0,benchmark/data/new_experiments/blocks/dfs_timeout=180s__300steps__28042026/evaluation_results/results_blocksworld_combined_timeout180s.csv
dfs_timeout=180s__300steps__28042026,180,0.0,28042026,PISAM,cleaned,0,6,25,1.0,0.0,0.0,benchmark/data/new_experiments/blocks/dfs_timeout=180s__300steps__28042026/evaluation_results/results_blocksworld_combined_timeout180s.csv
dfs_timeout=180s__300steps__28042026,180,0.0,28042026,PO_ROSAME,cleaned,0,6,25,1.0,0.0,0.0,benchmark/data/new_experiments/blocks/dfs_timeout=180s__300steps__28042026/evaluation_results/results_blocksworld_combined_timeout180s.csv
dfs_timeout=180s__300steps__28042026,180,0.0,28042026,PISAM,cleaned,4,6,25,1.0,0.0,0.0,benchmark/data/new_experiments/blocks/dfs_timeout=180s__300steps__28042026/evaluation_results/results_blocksworld_combined_timeout180s.csv
dfs_timeout=180s__300steps__28042026,180,0.0,28042026,PO_ROSAME,cleaned,4,6,25,1.0,0.0,0.0,benchmark/data/new_experiments/blocks/dfs_timeout=180s__300steps__28042026/evaluation_results/results_blocksworld_combined_timeout180s.csv
dfs_timeout=180s__300steps__28042026,180,0.0,28042026,PISAM,cleaned,1,6,25,1.0,0.0,0.0,benchmark/data/new_experiments/blocks/dfs_timeout=180s__300steps__28042026/evaluation_results/results_blocksworld_combined_timeout180s.csv
dfs_timeout=180s__300steps__28042026,180,0.0,28042026,PO_ROSAME,cleaned,1,6,25,1.0,0.0,0.0,benchmark/data/new_experiments/blocks/dfs_timeout=180s__300steps__28042026/evaluation_results/results_blocksworld_combined_timeout180s.csv
dfs_timeout=180s__300steps__28042026,180,0.0,28042026,PISAM,cleaned,3,6,25,1.0,0.0,0.0,benchmark/data/new_experiments/blocks/dfs_timeout=180s__300steps__28042026/evaluation_results/results_blocksworld_combined_timeout180s.csv
dfs_timeout=180s__300steps__28042026,180,0.0,28042026,PO_ROSAME,cleaned,3,6,25,1.0,0.0,0.0,benchmark/data/new_experiments/blocks/dfs_timeout=180s__300steps__28042026/evaluation_results/results_blocksworld_combined_timeout180s.csv
dfs_timeout=180s__300steps__28042026,180,0.0,28042026,PISAM,cleaned,2,6,50,1.0,0.0,0.0,benchmark/data/new_experiments/blocks/dfs_timeout=180s__300steps__28042026/evaluation_results/results_blocksworld_combined_timeout180s.csv
dfs_timeout=180s__300steps__28042026,180,0.0,28042026,PO_ROSAME,cleaned,2,6,50,1.0,0.0,0.0,benchmark/data/new_experiments/blocks/dfs_timeout=180s__300steps__28042026/evaluation_results/results_blocksworld_combined_timeout180s.csv
dfs_timeout=180s__300steps__28042026,180,0.0,28042026,PISAM,cleaned,0,6,50,1.0,0.0,0.0,benchmark/data/new_experiments/blocks/dfs_timeout=180s__300steps__28042026/evaluation_results/results_blocksworld_combined_timeout180s.csv
dfs_timeout=180s__300steps__28042026,180,0.0,28042026,PO_ROSAME,cleaned,0,6,50,1.0,0.0,0.0,benchmark/data/new_experiments/blocks/dfs_timeout=180s__300steps__28042026/evaluation_results/results_blocksworld_combined_timeout180s.csv
dfs_timeout=180s__300steps__28042026,180,0.0,28042026,PISAM,cleaned,3,6,50,1.0,0.0,0.0,benchmark/data/new_experiments/blocks/dfs_timeout=180s__300steps__28042026/evaluation_results/results_blocksworld_combined_timeout180s.csv
dfs_timeout=180s__300steps__28042026,180,0.0,28042026,PO_ROSAME,cleaned,3,6,50,1.0,0.0,0.0,benchmark/data/new_experiments/blocks/dfs_timeout=180s__300steps__28042026/evaluation_results/results_blocksworld_combined_timeout180s.csv
dfs_timeout=180s__300steps__28042026,180,0.0,28042026,PISAM,cleaned,4,6,50,1.0,0.0,0.0,benchmark/data/new_experiments/blocks/dfs_timeout=180s__300steps__28042026/evaluation_results/results_blocksworld_combined_timeout180s.csv
dfs_timeout=180s__300steps__28042026,180,0.0,28042026,PO_ROSAME,cleaned,4,6,50,0.5,0.0,0.5,benchmark/data/new_experiments/blocks/dfs_timeout=180s__300steps__28042026/evaluation_results/results_blocksworld_combined_timeout180s.csv
dfs_timeout=180s__300steps__28042026,180,0.0,28042026,PISAM,cleaned,1,6,50,1.0,0.0,0.0,benchmark/data/new_experiments/blocks/dfs_timeout=180s__300steps__28042026/evaluation_results/results_blocksworld_combined_timeout180s.csv
dfs_timeout=180s__300steps__28042026,180,0.0,28042026,PO_ROSAME,cleaned,1,6,50,1.0,0.0,0.0,benchmark/data/new_experiments/blocks/dfs_timeout=180s__300steps__28042026/evaluation_results/results_blocksworld_combined_timeout180s.csv
dfs_timeout=180s__300steps__28042026,180,0.0,28042026,PISAM,cleaned,3,6,75,1.0,0.0,0.0,benchmark/data/new_experiments/blocks/dfs_timeout=180s__300steps__28042026/evaluation_results/results_blocksworld_combined_timeout180s.csv
dfs_timeout=180s__300steps__28042026,180,0.0,28042026,PO_ROSAME,cleaned,3,6,75,0.5,0.0,0.5,benchmark/data/new_experiments/blocks/dfs_timeout=180s__300steps__28042026/evaluation_results/results_blocksworld_combined_timeout180s.csv
dfs_timeout=180s__300steps__28042026,180,0.0,28042026,PISAM,cleaned,4,6,75,1.0,0.0,0.0,benchmark/data/new_experiments/blocks/dfs_timeout=180s__300steps__28042026/evaluation_results/results_blocksworld_combined_timeout180s.csv
dfs_timeout=180s__300steps__28042026,180,0.0,28042026,PO_ROSAME,cleaned,4,6,75,1.0,0.0,0.0,benchmark/data/new_experiments/blocks/dfs_timeout=180s__300steps__28042026/evaluation_results/results_blocksworld_combined_timeout180s.csv
dfs_timeout=180s__300steps__28042026,180,0.0,28042026,PISAM,cleaned,0,6,75,1.0,0.0,0.0,benchmark/data/new_experiments/blocks/dfs_timeout=180s__300steps__28042026/evaluation_results/results_blocksworld_combined_timeout180s.csv
dfs_timeout=180s__300steps__28042026,180,0.0,28042026,PO_ROSAME,cleaned,0,6,75,1.0,0.0,0.0,benchmark/data/new_experiments/blocks/dfs_timeout=180s__300steps__28042026/evaluation_results/results_blocksworld_combined_timeout180s.csv
dfs_timeout=180s__300steps__28042026,180,0.0,28042026,PISAM,cleaned,2,6,75,1.0,0.0,0.0,benchmark/data/new_experiments/blocks/dfs_timeout=180s__300steps__28042026/evaluation_results/results_blocksworld_combined_timeout180s.csv
dfs_timeout=180s__300steps__28042026,180,0.0,28042026,PO_ROSAME,cleaned,2,6,75,1.0,0.0,0.0,benchmark/data/new_experiments/blocks/dfs_timeout=180s__300steps__28042026/evaluation_results/results_blocksworld_combined_timeout180s.csv
dfs_timeout=180s__300steps__28042026,180,0.0,28042026,PISAM,cleaned,1,6,75,1.0,0.0,0.0,benchmark/data/new_experiments/blocks/dfs_timeout=180s__300steps__28042026/evaluation_results/results_blocksworld_combined_timeout180s.csv
dfs_timeout=180s__300steps__28042026,180,0.0,28042026,PO_ROSAME,cleaned,1,6,75,1.0,0.0,0.0,benchmark/data/new_experiments/blocks/dfs_timeout=180s__300steps__28042026/evaluation_results/results_blocksworld_combined_timeout180s.csv
dfs_timeout=180s__300steps__28042026,180,0.0,28042026,PISAM,cleaned,2,6,100,1.0,0.0,0.0,benchmark/data/new_experiments/blocks/dfs_timeout=180s__300steps__28042026/evaluation_results/results_blocksworld_combined_timeout180s.csv
dfs_timeout=180s__300steps__28042026,180,0.0,28042026,PO_ROSAME,cleaned,2,6,100,1.0,0.0,0.0,benchmark/data/new_experiments/blocks/dfs_timeout=180s__300steps__28042026/evaluation_results/results_blocksworld_combined_timeout180s.csv
dfs_timeout=180s__300steps__28042026,180,0.0,28042026,PISAM,cleaned,0,6,100,1.0,0.0,0.0,benchmark/data/new_experiments/blocks/dfs_timeout=180s__300steps__28042026/evaluation_results/results_blocksworld_combined_timeout180s.csv
dfs_timeout=180s__300steps__28042026,180,0.0,28042026,PO_ROSAME,cleaned,0,6,100,1.0,0.0,0.0,benchmark/data/new_experiments/blocks/dfs_timeout=180s__300steps__28042026/evaluation_results/results_blocksworld_combined_timeout180s.csv
dfs_timeout=180s__300steps__28042026,180,0.0,28042026,PISAM,cleaned,3,6,100,1.0,0.0,0.0,benchmark/data/new_experiments/blocks/dfs_timeout=180s__300steps__28042026/evaluation_results/results_blocksworld_combined_timeout180s.csv
dfs_timeout=180s__300steps__28042026,180,0.0,28042026,PO_ROSAME,cleaned,3,6,100,0.5,0.0,0.5,benchmark/data/new_experiments/blocks/dfs_timeout=180s__300steps__28042026/evaluation_results/results_blocksworld_combined_timeout180s.csv
dfs_timeout=180s__300steps__28042026,180,0.0,28042026,PISAM,cleaned,1,6,100,1.0,0.0,0.0,benchmark/data/new_experiments/blocks/dfs_timeout=180s__300steps__28042026/evaluation_results/results_blocksworld_combined_timeout180s.csv
dfs_timeout=180s__300steps__28042026,180,0.0,28042026,PO_ROSAME,cleaned,1,6,100,1.0,0.0,0.0,benchmark/data/new_experiments/blocks/dfs_timeout=180s__300steps__28042026/evaluation_results/results_blocksworld_combined_timeout180s.csv
dfs_timeout=180s__300steps__28042026,180,0.0,28042026,PISAM,cleaned,4,6,100,1.0,0.0,0.0,benchmark/data/new_experiments/blocks/dfs_timeout=180s__300steps__28042026/evaluation_results/results_blocksworld_combined_timeout180s.csv
dfs_timeout=180s__300steps__28042026,180,0.0,28042026,PO_ROSAME,cleaned,4,6,100,1.0,0.0,0.0,benchmark/data/new_experiments/blocks/dfs_timeout=180s__300steps__28042026/evaluation_results/results_blocksworld_combined_timeout180s.csv
dfs_timeout=180s__300steps__28042026,180,0.0,28042026,PISAM,cleaned,3,7,0,0.0,1.0,0.0,benchmark/data/new_experiments/blocks/dfs_timeout=180s__300steps__28042026/evaluation_results/results_blocksworld_combined_timeout180s.csv
dfs_timeout=180s__300steps__28042026,180,0.0,28042026,PO_ROSAME,cleaned,3,7,0,0.0,0.0,1.0,benchmark/data/new_experiments/blocks/dfs_timeout=180s__300steps__28042026/evaluation_results/results_blocksworld_combined_timeout180s.csv
dfs_timeout=180s__300steps__28042026,180,0.0,28042026,PISAM,cleaned,4,7,0,0.0,0.0,1.0,benchmark/data/new_experiments/blocks/dfs_timeout=180s__300steps__28042026/evaluation_results/results_blocksworld_combined_timeout180s.csv
dfs_timeout=180s__300steps__28042026,180,0.0,28042026,PO_ROSAME,cleaned,4,7,0,0.0,0.5,0.5,benchmark/data/new_experiments/blocks/dfs_timeout=180s__300steps__28042026/evaluation_results/results_blocksworld_combined_timeout180s.csv
dfs_timeout=180s__300steps__28042026,180,0.0,28042026,PISAM,cleaned,0,7,0,0.0,1.0,0.0,benchmark/data/new_experiments/blocks/dfs_timeout=180s__300steps__28042026/evaluation_results/results_blocksworld_combined_timeout180s.csv
dfs_timeout=180s__300steps__28042026,180,0.0,28042026,PO_ROSAME,cleaned,0,7,0,0.0,1.0,0.0,benchmark/data/new_experiments/blocks/dfs_timeout=180s__300steps__28042026/evaluation_results/results_blocksworld_combined_timeout180s.csv
dfs_timeout=180s__300steps__28042026,180,0.0,28042026,PISAM,cleaned,1,7,0,0.0,1.0,0.0,benchmark/data/new_experiments/blocks/dfs_timeout=180s__300steps__28042026/evaluation_results/results_blocksworld_combined_timeout180s.csv
dfs_timeout=180s__300steps__28042026,180,0.0,28042026,PO_ROSAME,cleaned,1,7,0,0.0,0.5,0.5,benchmark/data/new_experiments/blocks/dfs_timeout=180s__300steps__28042026/evaluation_results/results_blocksworld_combined_timeout180s.csv
dfs_timeout=180s__300steps__28042026,180,0.0,28042026,PISAM,cleaned,2,7,0,0.0,0.0,1.0,benchmark/data/new_experiments/blocks/dfs_timeout=180s__300steps__28042026/evaluation_results/results_blocksworld_combined_timeout180s.csv
dfs_timeout=180s__300steps__28042026,180,0.0,28042026,PO_ROSAME,cleaned,2,7,0,0.0,0.0,1.0,benchmark/data/new_experiments/blocks/dfs_timeout=180s__300steps__28042026/evaluation_results/results_blocksworld_combined_timeout180s.csv
dfs_timeout=180s__300steps__28042026,180,0.0,28042026,PISAM,cleaned,4,7,10,1.0,0.0,0.0,benchmark/data/new_experiments/blocks/dfs_timeout=180s__300steps__28042026/evaluation_results/results_blocksworld_combined_timeout180s.csv
dfs_timeout=180s__300steps__28042026,180,0.0,28042026,PO_ROSAME,cleaned,4,7,10,1.0,0.0,0.0,benchmark/data/new_experiments/blocks/dfs_timeout=180s__300steps__28042026/evaluation_results/results_blocksworld_combined_timeout180s.csv
dfs_timeout=180s__300steps__28042026,180,0.0,28042026,PISAM,cleaned,3,7,10,1.0,0.0,0.0,benchmark/data/new_experiments/blocks/dfs_timeout=180s__300steps__28042026/evaluation_results/results_blocksworld_combined_timeout180s.csv
dfs_timeout=180s__300steps__28042026,180,0.0,28042026,PO_ROSAME,cleaned,3,7,10,1.0,0.0,0.0,benchmark/data/new_experiments/blocks/dfs_timeout=180s__300steps__28042026/evaluation_results/results_blocksworld_combined_timeout180s.csv
dfs_timeout=180s__300steps__28042026,180,0.0,28042026,PISAM,cleaned,2,7,10,1.0,0.0,0.0,benchmark/data/new_experiments/blocks/dfs_timeout=180s__300steps__28042026/evaluation_results/results_blocksworld_combined_timeout180s.csv
dfs_timeout=180s__300steps__28042026,180,0.0,28042026,PO_ROSAME,cleaned,2,7,10,0.0,0.0,1.0,benchmark/data/new_experiments/blocks/dfs_timeout=180s__300steps__28042026/evaluation_results/results_blocksworld_combined_timeout180s.csv
dfs_timeout=180s__300steps__28042026,180,0.0,28042026,PISAM,cleaned,0,7,10,1.0,0.0,0.0,benchmark/data/new_experiments/blocks/dfs_timeout=180s__300steps__28042026/evaluation_results/results_blocksworld_combined_timeout180s.csv
dfs_timeout=180s__300steps__28042026,180,0.0,28042026,PO_ROSAME,cleaned,0,7,10,1.0,0.0,0.0,benchmark/data/new_experiments/blocks/dfs_timeout=180s__300steps__28042026/evaluation_results/results_blocksworld_combined_timeout180s.csv
dfs_timeout=180s__300steps__28042026,180,0.0,28042026,PISAM,cleaned,1,7,10,1.0,0.0,0.0,benchmark/data/new_experiments/blocks/dfs_timeout=180s__300steps__28042026/evaluation_results/results_blocksworld_combined_timeout180s.csv
dfs_timeout=180s__300steps__28042026,180,0.0,28042026,PO_ROSAME,cleaned,1,7,10,1.0,0.0,0.0,benchmark/data/new_experiments/blocks/dfs_timeout=180s__300steps__28042026/evaluation_results/results_blocksworld_combined_timeout180s.csv
dfs_timeout=180s__300steps__28042026,180,0.0,28042026,PISAM,cleaned,2,7,25,1.0,0.0,0.0,benchmark/data/new_experiments/blocks/dfs_timeout=180s__300steps__28042026/evaluation_results/results_blocksworld_combined_timeout180s.csv
dfs_timeout=180s__300steps__28042026,180,0.0,28042026,PO_ROSAME,cleaned,2,7,25,0.0,0.0,1.0,benchmark/data/new_experiments/blocks/dfs_timeout=180s__300steps__28042026/evaluation_results/results_blocksworld_combined_timeout180s.csv
dfs_timeout=180s__300steps__28042026,180,0.0,28042026,PISAM,cleaned,0,7,25,1.0,0.0,0.0,benchmark/data/new_experiments/blocks/dfs_timeout=180s__300steps__28042026/evaluation_results/results_blocksworld_combined_timeout180s.csv
dfs_timeout=180s__300steps__28042026,180,0.0,28042026,PO_ROSAME,cleaned,0,7,25,1.0,0.0,0.0,benchmark/data/new_experiments/blocks/dfs_timeout=180s__300steps__28042026/evaluation_results/results_blocksworld_combined_timeout180s.csv
dfs_timeout=180s__300steps__28042026,180,0.0,28042026,PISAM,cleaned,4,7,25,1.0,0.0,0.0,benchmark/data/new_experiments/blocks/dfs_timeout=180s__300steps__28042026/evaluation_results/results_blocksworld_combined_timeout180s.csv
dfs_timeout=180s__300steps__28042026,180,0.0,28042026,PO_ROSAME,cleaned,4,7,25,1.0,0.0,0.0,benchmark/data/new_experiments/blocks/dfs_timeout=180s__300steps__28042026/evaluation_results/results_blocksworld_combined_timeout180s.csv
dfs_timeout=180s__300steps__28042026,180,0.0,28042026,PISAM,cleaned,3,7,25,1.0,0.0,0.0,benchmark/data/new_experiments/blocks/dfs_timeout=180s__300steps__28042026/evaluation_results/results_blocksworld_combined_timeout180s.csv
dfs_timeout=180s__300steps__28042026,180,0.0,28042026,PO_ROSAME,cleaned,3,7,25,1.0,0.0,0.0,benchmark/data/new_experiments/blocks/dfs_timeout=180s__300steps__28042026/evaluation_results/results_blocksworld_combined_timeout180s.csv
dfs_timeout=180s__300steps__28042026,180,0.0,28042026,PISAM,cleaned,1,7,25,1.0,0.0,0.0,benchmark/data/new_experiments/blocks/dfs_timeout=180s__300steps__28042026/evaluation_results/results_blocksworld_combined_timeout180s.csv
dfs_timeout=180s__300steps__28042026,180,0.0,28042026,PO_ROSAME,cleaned,1,7,25,1.0,0.0,0.0,benchmark/data/new_experiments/blocks/dfs_timeout=180s__300steps__28042026/evaluation_results/results_blocksworld_combined_timeout180s.csv
dfs_timeout=180s__300steps__28042026,180,0.0,28042026,PISAM,cleaned,2,7,50,1.0,0.0,0.0,benchmark/data/new_experiments/blocks/dfs_timeout=180s__300steps__28042026/evaluation_results/results_blocksworld_combined_timeout180s.csv
dfs_timeout=180s__300steps__28042026,180,0.0,28042026,PO_ROSAME,cleaned,2,7,50,0.0,0.0,1.0,benchmark/data/new_experiments/blocks/dfs_timeout=180s__300steps__28042026/evaluation_results/results_blocksworld_combined_timeout180s.csv
dfs_timeout=180s__300steps__28042026,180,0.0,28042026,PISAM,cleaned,0,7,50,1.0,0.0,0.0,benchmark/data/new_experiments/blocks/dfs_timeout=180s__300steps__28042026/evaluation_results/results_blocksworld_combined_timeout180s.csv
dfs_timeout=180s__300steps__28042026,180,0.0,28042026,PO_ROSAME,cleaned,0,7,50,1.0,0.0,0.0,benchmark/data/new_experiments/blocks/dfs_timeout=180s__300steps__28042026/evaluation_results/results_blocksworld_combined_timeout180s.csv
dfs_timeout=180s__300steps__28042026,180,0.0,28042026,PISAM,cleaned,4,7,50,1.0,0.0,0.0,benchmark/data/new_experiments/blocks/dfs_timeout=180s__300steps__28042026/evaluation_results/results_blocksworld_combined_timeout180s.csv
dfs_timeout=180s__300steps__28042026,180,0.0,28042026,PO_ROSAME,cleaned,4,7,50,1.0,0.0,0.0,benchmark/data/new_experiments/blocks/dfs_timeout=180s__300steps__28042026/evaluation_results/results_blocksworld_combined_timeout180s.csv
dfs_timeout=180s__300steps__28042026,180,0.0,28042026,PISAM,cleaned,1,7,50,1.0,0.0,0.0,benchmark/data/new_experiments/blocks/dfs_timeout=180s__300steps__28042026/evaluation_results/results_blocksworld_combined_timeout180s.csv
dfs_timeout=180s__300steps__28042026,180,0.0,28042026,PO_ROSAME,cleaned,1,7,50,1.0,0.0,0.0,benchmark/data/new_experiments/blocks/dfs_timeout=180s__300steps__28042026/evaluation_results/results_blocksworld_combined_timeout180s.csv
dfs_timeout=180s__300steps__28042026,180,0.0,28042026,PISAM,cleaned,3,7,50,1.0,0.0,0.0,benchmark/data/new_experiments/blocks/dfs_timeout=180s__300steps__28042026/evaluation_results/results_blocksworld_combined_timeout180s.csv
dfs_timeout=180s__300steps__28042026,180,0.0,28042026,PO_ROSAME,cleaned,3,7,50,1.0,0.0,0.0,benchmark/data/new_experiments/blocks/dfs_timeout=180s__300steps__28042026/evaluation_results/results_blocksworld_combined_timeout180s.csv
dfs_timeout=180s__300steps__28042026,180,0.0,28042026,PISAM,cleaned,2,7,75,1.0,0.0,0.0,benchmark/data/new_experiments/blocks/dfs_timeout=180s__300steps__28042026/evaluation_results/results_blocksworld_combined_timeout180s.csv
dfs_timeout=180s__300steps__28042026,180,0.0,28042026,PO_ROSAME,cleaned,2,7,75,0.0,0.0,1.0,benchmark/data/new_experiments/blocks/dfs_timeout=180s__300steps__28042026/evaluation_results/results_blocksworld_combined_timeout180s.csv
dfs_timeout=180s__300steps__28042026,180,0.0,28042026,PISAM,cleaned,3,7,75,1.0,0.0,0.0,benchmark/data/new_experiments/blocks/dfs_timeout=180s__300steps__28042026/evaluation_results/results_blocksworld_combined_timeout180s.csv
dfs_timeout=180s__300steps__28042026,180,0.0,28042026,PO_ROSAME,cleaned,3,7,75,1.0,0.0,0.0,benchmark/data/new_experiments/blocks/dfs_timeout=180s__300steps__28042026/evaluation_results/results_blocksworld_combined_timeout180s.csv
dfs_timeout=180s__300steps__28042026,180,0.0,28042026,PISAM,cleaned,4,7,75,1.0,0.0,0.0,benchmark/data/new_experiments/blocks/dfs_timeout=180s__300steps__28042026/evaluation_results/results_blocksworld_combined_timeout180s.csv
dfs_timeout=180s__300steps__28042026,180,0.0,28042026,PO_ROSAME,cleaned,4,7,75,1.0,0.0,0.0,benchmark/data/new_experiments/blocks/dfs_timeout=180s__300steps__28042026/evaluation_results/results_blocksworld_combined_timeout180s.csv
dfs_timeout=180s__300steps__28042026,180,0.0,28042026,PISAM,cleaned,0,7,75,1.0,0.0,0.0,benchmark/data/new_experiments/blocks/dfs_timeout=180s__300steps__28042026/evaluation_results/results_blocksworld_combined_timeout180s.csv
dfs_timeout=180s__300steps__28042026,180,0.0,28042026,PO_ROSAME,cleaned,0,7,75,1.0,0.0,0.0,benchmark/data/new_experiments/blocks/dfs_timeout=180s__300steps__28042026/evaluation_results/results_blocksworld_combined_timeout180s.csv
dfs_timeout=180s__300steps__28042026,180,0.0,28042026,PISAM,cleaned,1,7,75,1.0,0.0,0.0,benchmark/data/new_experiments/blocks/dfs_timeout=180s__300steps__28042026/evaluation_results/results_blocksworld_combined_timeout180s.csv
dfs_timeout=180s__300steps__28042026,180,0.0,28042026,PO_ROSAME,cleaned,1,7,75,1.0,0.0,0.0,benchmark/data/new_experiments/blocks/dfs_timeout=180s__300steps__28042026/evaluation_results/results_blocksworld_combined_timeout180s.csv
dfs_timeout=180s__300steps__28042026,180,0.0,28042026,PISAM,cleaned,1,7,100,1.0,0.0,0.0,benchmark/data/new_experiments/blocks/dfs_timeout=180s__300steps__28042026/evaluation_results/results_blocksworld_combined_timeout180s.csv
dfs_timeout=180s__300steps__28042026,180,0.0,28042026,PO_ROSAME,cleaned,1,7,100,1.0,0.0,0.0,benchmark/data/new_experiments/blocks/dfs_timeout=180s__300steps__28042026/evaluation_results/results_blocksworld_combined_timeout180s.csv
dfs_timeout=180s__300steps__28042026,180,0.0,28042026,PISAM,cleaned,0,7,100,1.0,0.0,0.0,benchmark/data/new_experiments/blocks/dfs_timeout=180s__300steps__28042026/evaluation_results/results_blocksworld_combined_timeout180s.csv
dfs_timeout=180s__300steps__28042026,180,0.0,28042026,PO_ROSAME,cleaned,0,7,100,1.0,0.0,0.0,benchmark/data/new_experiments/blocks/dfs_timeout=180s__300steps__28042026/evaluation_results/results_blocksworld_combined_timeout180s.csv
dfs_timeout=180s__300steps__28042026,180,0.0,28042026,PISAM,cleaned,3,7,100,1.0,0.0,0.0,benchmark/data/new_experiments/blocks/dfs_timeout=180s__300steps__28042026/evaluation_results/results_blocksworld_combined_timeout180s.csv
dfs_timeout=180s__300steps__28042026,180,0.0,28042026,PO_ROSAME,cleaned,3,7,100,1.0,0.0,0.0,benchmark/data/new_experiments/blocks/dfs_timeout=180s__300steps__28042026/evaluation_results/results_blocksworld_combined_timeout180s.csv
dfs_timeout=180s__300steps__28042026,180,0.0,28042026,PISAM,cleaned,2,7,100,1.0,0.0,0.0,benchmark/data/new_experiments/blocks/dfs_timeout=180s__300steps__28042026/evaluation_results/results_blocksworld_combined_timeout180s.csv
dfs_timeout=180s__300steps__28042026,180,0.0,28042026,PO_ROSAME,cleaned,2,7,100,0.0,0.0,1.0,benchmark/data/new_experiments/blocks/dfs_timeout=180s__300steps__28042026/evaluation_results/results_blocksworld_combined_timeout180s.csv
dfs_timeout=180s__300steps__28042026,180,0.0,28042026,PISAM,cleaned,4,7,100,1.0,0.0,0.0,benchmark/data/new_experiments/blocks/dfs_timeout=180s__300steps__28042026/evaluation_results/results_blocksworld_combined_timeout180s.csv
dfs_timeout=180s__300steps__28042026,180,0.0,28042026,PO_ROSAME,cleaned,4,7,100,1.0,0.0,0.0,benchmark/data/new_experiments/blocks/dfs_timeout=180s__300steps__28042026/evaluation_results/results_blocksworld_combined_timeout180s.csv
dfs_timeout=180s__300steps__28042026,180,0.0,28042026,PISAM,cleaned,2,8,0,0.0,0.0,1.0,benchmark/data/new_experiments/blocks/dfs_timeout=180s__300steps__28042026/evaluation_results/results_blocksworld_combined_timeout180s.csv
dfs_timeout=180s__300steps__28042026,180,0.0,28042026,PO_ROSAME,cleaned,2,8,0,0.0,0.0,0.0,benchmark/data/new_experiments/blocks/dfs_timeout=180s__300steps__28042026/evaluation_results/results_blocksworld_combined_timeout180s.csv
dfs_timeout=180s__300steps__28042026,180,0.0,28042026,PISAM,cleaned,4,8,0,0.0,0.0,1.0,benchmark/data/new_experiments/blocks/dfs_timeout=180s__300steps__28042026/evaluation_results/results_blocksworld_combined_timeout180s.csv
dfs_timeout=180s__300steps__28042026,180,0.0,28042026,PO_ROSAME,cleaned,4,8,0,0.0,0.0,0.0,benchmark/data/new_experiments/blocks/dfs_timeout=180s__300steps__28042026/evaluation_results/results_blocksworld_combined_timeout180s.csv
dfs_timeout=180s__300steps__28042026,180,0.0,28042026,PISAM,cleaned,3,8,0,0.0,1.0,0.0,benchmark/data/new_experiments/blocks/dfs_timeout=180s__300steps__28042026/evaluation_results/results_blocksworld_combined_timeout180s.csv
dfs_timeout=180s__300steps__28042026,180,0.0,28042026,PO_ROSAME,cleaned,3,8,0,0.0,0.0,0.0,benchmark/data/new_experiments/blocks/dfs_timeout=180s__300steps__28042026/evaluation_results/results_blocksworld_combined_timeout180s.csv
dfs_timeout=180s__300steps__28042026,180,0.0,28042026,PISAM,cleaned,1,8,0,0.0,1.0,0.0,benchmark/data/new_experiments/blocks/dfs_timeout=180s__300steps__28042026/evaluation_results/results_blocksworld_combined_timeout180s.csv
dfs_timeout=180s__300steps__28042026,180,0.0,28042026,PO_ROSAME,cleaned,1,8,0,0.0,0.0,1.0,benchmark/data/new_experiments/blocks/dfs_timeout=180s__300steps__28042026/evaluation_results/results_blocksworld_combined_timeout180s.csv
dfs_timeout=180s__300steps__28042026,180,0.0,28042026,PISAM,cleaned,0,8,0,0.0,1.0,0.0,benchmark/data/new_experiments/blocks/dfs_timeout=180s__300steps__28042026/evaluation_results/results_blocksworld_combined_timeout180s.csv
dfs_timeout=180s__300steps__28042026,180,0.0,28042026,PO_ROSAME,cleaned,0,8,0,1.0,0.0,0.0,benchmark/data/new_experiments/blocks/dfs_timeout=180s__300steps__28042026/evaluation_results/results_blocksworld_combined_timeout180s.csv
dfs_timeout=180s__300steps__28042026,180,0.0,28042026,PISAM,cleaned,4,8,10,1.0,0.0,0.0,benchmark/data/new_experiments/blocks/dfs_timeout=180s__300steps__28042026/evaluation_results/results_blocksworld_combined_timeout180s.csv
dfs_timeout=180s__300steps__28042026,180,0.0,28042026,PO_ROSAME,cleaned,4,8,10,0.0,1.0,0.0,benchmark/data/new_experiments/blocks/dfs_timeout=180s__300steps__28042026/evaluation_results/results_blocksworld_combined_timeout180s.csv
dfs_timeout=180s__300steps__28042026,180,0.0,28042026,PISAM,cleaned,3,8,10,1.0,0.0,0.0,benchmark/data/new_experiments/blocks/dfs_timeout=180s__300steps__28042026/evaluation_results/results_blocksworld_combined_timeout180s.csv
dfs_timeout=180s__300steps__28042026,180,0.0,28042026,PO_ROSAME,cleaned,3,8,10,0.0,0.0,0.0,benchmark/data/new_experiments/blocks/dfs_timeout=180s__300steps__28042026/evaluation_results/results_blocksworld_combined_timeout180s.csv
dfs_timeout=180s__300steps__28042026,180,0.0,28042026,PISAM,cleaned,0,8,10,1.0,0.0,0.0,benchmark/data/new_experiments/blocks/dfs_timeout=180s__300steps__28042026/evaluation_results/results_blocksworld_combined_timeout180s.csv
dfs_timeout=180s__300steps__28042026,180,0.0,28042026,PO_ROSAME,cleaned,0,8,10,1.0,0.0,0.0,benchmark/data/new_experiments/blocks/dfs_timeout=180s__300steps__28042026/evaluation_results/results_blocksworld_combined_timeout180s.csv
dfs_timeout=180s__300steps__28042026,180,0.0,28042026,PISAM,cleaned,1,8,10,1.0,0.0,0.0,benchmark/data/new_experiments/blocks/dfs_timeout=180s__300steps__28042026/evaluation_results/results_blocksworld_combined_timeout180s.csv
dfs_timeout=180s__300steps__28042026,180,0.0,28042026,PO_ROSAME,cleaned,1,8,10,1.0,0.0,0.0,benchmark/data/new_experiments/blocks/dfs_timeout=180s__300steps__28042026/evaluation_results/results_blocksworld_combined_timeout180s.csv
dfs_timeout=180s__300steps__28042026,180,0.0,28042026,PISAM,cleaned,2,8,10,1.0,0.0,0.0,benchmark/data/new_experiments/blocks/dfs_timeout=180s__300steps__28042026/evaluation_results/results_blocksworld_combined_timeout180s.csv
dfs_timeout=180s__300steps__28042026,180,0.0,28042026,PO_ROSAME,cleaned,2,8,10,0.0,0.0,0.0,benchmark/data/new_experiments/blocks/dfs_timeout=180s__300steps__28042026/evaluation_results/results_blocksworld_combined_timeout180s.csv
dfs_timeout=180s__300steps__28042026,180,0.0,28042026,PISAM,cleaned,1,8,25,1.0,0.0,0.0,benchmark/data/new_experiments/blocks/dfs_timeout=180s__300steps__28042026/evaluation_results/results_blocksworld_combined_timeout180s.csv
dfs_timeout=180s__300steps__28042026,180,0.0,28042026,PO_ROSAME,cleaned,1,8,25,1.0,0.0,0.0,benchmark/data/new_experiments/blocks/dfs_timeout=180s__300steps__28042026/evaluation_results/results_blocksworld_combined_timeout180s.csv
dfs_timeout=180s__300steps__28042026,180,0.0,28042026,PISAM,cleaned,4,8,25,1.0,0.0,0.0,benchmark/data/new_experiments/blocks/dfs_timeout=180s__300steps__28042026/evaluation_results/results_blocksworld_combined_timeout180s.csv
dfs_timeout=180s__300steps__28042026,180,0.0,28042026,PO_ROSAME,cleaned,4,8,25,0.0,0.0,0.0,benchmark/data/new_experiments/blocks/dfs_timeout=180s__300steps__28042026/evaluation_results/results_blocksworld_combined_timeout180s.csv
dfs_timeout=180s__300steps__28042026,180,0.0,28042026,PISAM,cleaned,2,8,25,1.0,0.0,0.0,benchmark/data/new_experiments/blocks/dfs_timeout=180s__300steps__28042026/evaluation_results/results_blocksworld_combined_timeout180s.csv
dfs_timeout=180s__300steps__28042026,180,0.0,28042026,PO_ROSAME,cleaned,2,8,25,0.0,1.0,0.0,benchmark/data/new_experiments/blocks/dfs_timeout=180s__300steps__28042026/evaluation_results/results_blocksworld_combined_timeout180s.csv
dfs_timeout=180s__300steps__28042026,180,0.0,28042026,PISAM,cleaned,3,8,25,1.0,0.0,0.0,benchmark/data/new_experiments/blocks/dfs_timeout=180s__300steps__28042026/evaluation_results/results_blocksworld_combined_timeout180s.csv
dfs_timeout=180s__300steps__28042026,180,0.0,28042026,PO_ROSAME,cleaned,3,8,25,0.0,0.5,0.5,benchmark/data/new_experiments/blocks/dfs_timeout=180s__300steps__28042026/evaluation_results/results_blocksworld_combined_timeout180s.csv
dfs_timeout=180s__300steps__28042026,180,0.0,28042026,PISAM,cleaned,0,8,25,1.0,0.0,0.0,benchmark/data/new_experiments/blocks/dfs_timeout=180s__300steps__28042026/evaluation_results/results_blocksworld_combined_timeout180s.csv
dfs_timeout=180s__300steps__28042026,180,0.0,28042026,PO_ROSAME,cleaned,0,8,25,1.0,0.0,0.0,benchmark/data/new_experiments/blocks/dfs_timeout=180s__300steps__28042026/evaluation_results/results_blocksworld_combined_timeout180s.csv
dfs_timeout=180s__300steps__28042026,180,0.0,28042026,PISAM,cleaned,2,8,50,1.0,0.0,0.0,benchmark/data/new_experiments/blocks/dfs_timeout=180s__300steps__28042026/evaluation_results/results_blocksworld_combined_timeout180s.csv
dfs_timeout=180s__300steps__28042026,180,0.0,28042026,PO_ROSAME,cleaned,2,8,50,0.0,0.0,1.0,benchmark/data/new_experiments/blocks/dfs_timeout=180s__300steps__28042026/evaluation_results/results_blocksworld_combined_timeout180s.csv
dfs_timeout=180s__300steps__28042026,180,0.0,28042026,PISAM,cleaned,4,8,50,1.0,0.0,0.0,benchmark/data/new_experiments/blocks/dfs_timeout=180s__300steps__28042026/evaluation_results/results_blocksworld_combined_timeout180s.csv
dfs_timeout=180s__300steps__28042026,180,0.0,28042026,PO_ROSAME,cleaned,4,8,50,0.0,0.0,0.0,benchmark/data/new_experiments/blocks/dfs_timeout=180s__300steps__28042026/evaluation_results/results_blocksworld_combined_timeout180s.csv
dfs_timeout=180s__300steps__28042026,180,0.0,28042026,PISAM,cleaned,1,8,50,1.0,0.0,0.0,benchmark/data/new_experiments/blocks/dfs_timeout=180s__300steps__28042026/evaluation_results/results_blocksworld_combined_timeout180s.csv
dfs_timeout=180s__300steps__28042026,180,0.0,28042026,PO_ROSAME,cleaned,1,8,50,1.0,0.0,0.0,benchmark/data/new_experiments/blocks/dfs_timeout=180s__300steps__28042026/evaluation_results/results_blocksworld_combined_timeout180s.csv
dfs_timeout=180s__300steps__28042026,180,0.0,28042026,PISAM,cleaned,0,8,50,1.0,0.0,0.0,benchmark/data/new_experiments/blocks/dfs_timeout=180s__300steps__28042026/evaluation_results/results_blocksworld_combined_timeout180s.csv
dfs_timeout=180s__300steps__28042026,180,0.0,28042026,PO_ROSAME,cleaned,0,8,50,1.0,0.0,0.0,benchmark/data/new_experiments/blocks/dfs_timeout=180s__300steps__28042026/evaluation_results/results_blocksworld_combined_timeout180s.csv
dfs_timeout=180s__300steps__28042026,180,0.0,28042026,PISAM,cleaned,3,8,50,1.0,0.0,0.0,benchmark/data/new_experiments/blocks/dfs_timeout=180s__300steps__28042026/evaluation_results/results_blocksworld_combined_timeout180s.csv
dfs_timeout=180s__300steps__28042026,180,0.0,28042026,PO_ROSAME,cleaned,3,8,50,0.0,1.0,0.0,benchmark/data/new_experiments/blocks/dfs_timeout=180s__300steps__28042026/evaluation_results/results_blocksworld_combined_timeout180s.csv
dfs_timeout=180s__300steps__28042026,180,0.0,28042026,PISAM,cleaned,2,8,75,1.0,0.0,0.0,benchmark/data/new_experiments/blocks/dfs_timeout=180s__300steps__28042026/evaluation_results/results_blocksworld_combined_timeout180s.csv
dfs_timeout=180s__300steps__28042026,180,0.0,28042026,PO_ROSAME,cleaned,2,8,75,0.0,1.0,0.0,benchmark/data/new_experiments/blocks/dfs_timeout=180s__300steps__28042026/evaluation_results/results_blocksworld_combined_timeout180s.csv
dfs_timeout=180s__300steps__28042026,180,0.0,28042026,PISAM,cleaned,0,8,75,1.0,0.0,0.0,benchmark/data/new_experiments/blocks/dfs_timeout=180s__300steps__28042026/evaluation_results/results_blocksworld_combined_timeout180s.csv
dfs_timeout=180s__300steps__28042026,180,0.0,28042026,PO_ROSAME,cleaned,0,8,75,1.0,0.0,0.0,benchmark/data/new_experiments/blocks/dfs_timeout=180s__300steps__28042026/evaluation_results/results_blocksworld_combined_timeout180s.csv
dfs_timeout=180s__300steps__28042026,180,0.0,28042026,PISAM,cleaned,4,8,75,1.0,0.0,0.0,benchmark/data/new_experiments/blocks/dfs_timeout=180s__300steps__28042026/evaluation_results/results_blocksworld_combined_timeout180s.csv
dfs_timeout=180s__300steps__28042026,180,0.0,28042026,PO_ROSAME,cleaned,4,8,75,0.0,0.0,0.0,benchmark/data/new_experiments/blocks/dfs_timeout=180s__300steps__28042026/evaluation_results/results_blocksworld_combined_timeout180s.csv
dfs_timeout=180s__300steps__28042026,180,0.0,28042026,PISAM,cleaned,3,8,75,1.0,0.0,0.0,benchmark/data/new_experiments/blocks/dfs_timeout=180s__300steps__28042026/evaluation_results/results_blocksworld_combined_timeout180s.csv
dfs_timeout=180s__300steps__28042026,180,0.0,28042026,PO_ROSAME,cleaned,3,8,75,0.0,1.0,0.0,benchmark/data/new_experiments/blocks/dfs_timeout=180s__300steps__28042026/evaluation_results/results_blocksworld_combined_timeout180s.csv
dfs_timeout=180s__300steps__28042026,180,0.0,28042026,PISAM,cleaned,1,8,75,1.0,0.0,0.0,benchmark/data/new_experiments/blocks/dfs_timeout=180s__300steps__28042026/evaluation_results/results_blocksworld_combined_timeout180s.csv
dfs_timeout=180s__300steps__28042026,180,0.0,28042026,PO_ROSAME,cleaned,1,8,75,1.0,0.0,0.0,benchmark/data/new_experiments/blocks/dfs_timeout=180s__300steps__28042026/evaluation_results/results_blocksworld_combined_timeout180s.csv
dfs_timeout=180s__300steps__28042026,180,0.0,28042026,PISAM,cleaned,0,8,100,1.0,0.0,0.0,benchmark/data/new_experiments/blocks/dfs_timeout=180s__300steps__28042026/evaluation_results/results_blocksworld_combined_timeout180s.csv
dfs_timeout=180s__300steps__28042026,180,0.0,28042026,PO_ROSAME,cleaned,0,8,100,1.0,0.0,0.0,benchmark/data/new_experiments/blocks/dfs_timeout=180s__300steps__28042026/evaluation_results/results_blocksworld_combined_timeout180s.csv
dfs_timeout=180s__300steps__28042026,180,0.0,28042026,PISAM,cleaned,2,8,100,1.0,0.0,0.0,benchmark/data/new_experiments/blocks/dfs_timeout=180s__300steps__28042026/evaluation_results/results_blocksworld_combined_timeout180s.csv
dfs_timeout=180s__300steps__28042026,180,0.0,28042026,PO_ROSAME,cleaned,2,8,100,0.0,0.0,0.0,benchmark/data/new_experiments/blocks/dfs_timeout=180s__300steps__28042026/evaluation_results/results_blocksworld_combined_timeout180s.csv
dfs_timeout=180s__300steps__28042026,180,0.0,28042026,PISAM,cleaned,1,8,100,1.0,0.0,0.0,benchmark/data/new_experiments/blocks/dfs_timeout=180s__300steps__28042026/evaluation_results/results_blocksworld_combined_timeout180s.csv
dfs_timeout=180s__300steps__28042026,180,0.0,28042026,PO_ROSAME,cleaned,1,8,100,1.0,0.0,0.0,benchmark/data/new_experiments/blocks/dfs_timeout=180s__300steps__28042026/evaluation_results/results_blocksworld_combined_timeout180s.csv
dfs_timeout=180s__300steps__28042026,180,0.0,28042026,PISAM,cleaned,3,8,100,1.0,0.0,0.0,benchmark/data/new_experiments/blocks/dfs_timeout=180s__300steps__28042026/evaluation_results/results_blocksworld_combined_timeout180s.csv
dfs_timeout=180s__300steps__28042026,180,0.0,28042026,PO_ROSAME,cleaned,3,8,100,0.0,0.0,0.0,benchmark/data/new_experiments/blocks/dfs_timeout=180s__300steps__28042026/evaluation_results/results_blocksworld_combined_timeout180s.csv
dfs_timeout=180s__300steps__28042026,180,0.0,28042026,PISAM,cleaned,4,8,100,1.0,0.0,0.0,benchmark/data/new_experiments/blocks/dfs_timeout=180s__300steps__28042026/evaluation_results/results_blocksworld_combined_timeout180s.csv
dfs_timeout=180s__300steps__28042026,180,0.0,28042026,PO_ROSAME,cleaned,4,8,100,0.0,0.0,0.0,benchmark/data/new_experiments/blocks/dfs_timeout=180s__300steps__28042026/evaluation_results/results_blocksworld_combined_timeout180s.csv
dfs_timeout=60s__300steps__02052026,60,1.0,02052026,PISAM,unclean,1,1,0,0.0,1.0,0.0,benchmark/data/new_experiments/blocks/dfs_timeout=60s__300steps__02052026/evaluation_results/results_blocksworld_combined_timeout60s.csv
dfs_timeout=60s__300steps__02052026,60,1.0,02052026,PO_ROSAME,unclean,1,1,0,0.0,0.5,0.5,benchmark/data/new_experiments/blocks/dfs_timeout=60s__300steps__02052026/evaluation_results/results_blocksworld_combined_timeout60s.csv
dfs_timeout=60s__300steps__02052026,60,1.0,02052026,PISAM,unclean,2,1,0,1.0,0.0,0.0,benchmark/data/new_experiments/blocks/dfs_timeout=60s__300steps__02052026/evaluation_results/results_blocksworld_combined_timeout60s.csv
dfs_timeout=60s__300steps__02052026,60,1.0,02052026,PO_ROSAME,unclean,2,1,0,0.0,0.0,1.0,benchmark/data/new_experiments/blocks/dfs_timeout=60s__300steps__02052026/evaluation_results/results_blocksworld_combined_timeout60s.csv
dfs_timeout=60s__300steps__02052026,60,1.0,02052026,PISAM,unclean,0,1,0,0.0,0.0,1.0,benchmark/data/new_experiments/blocks/dfs_timeout=60s__300steps__02052026/evaluation_results/results_blocksworld_combined_timeout60s.csv
dfs_timeout=60s__300steps__02052026,60,1.0,02052026,PO_ROSAME,unclean,0,1,0,0.0,0.0,1.0,benchmark/data/new_experiments/blocks/dfs_timeout=60s__300steps__02052026/evaluation_results/results_blocksworld_combined_timeout60s.csv
dfs_timeout=60s__300steps__02052026,60,1.0,02052026,PISAM,unclean,3,1,0,0.0,1.0,0.0,benchmark/data/new_experiments/blocks/dfs_timeout=60s__300steps__02052026/evaluation_results/results_blocksworld_combined_timeout60s.csv
dfs_timeout=60s__300steps__02052026,60,1.0,02052026,PO_ROSAME,unclean,3,1,0,0.0,0.0,1.0,benchmark/data/new_experiments/blocks/dfs_timeout=60s__300steps__02052026/evaluation_results/results_blocksworld_combined_timeout60s.csv
dfs_timeout=60s__300steps__02052026,60,1.0,02052026,PISAM,unclean,4,1,0,1.0,0.0,0.0,benchmark/data/new_experiments/blocks/dfs_timeout=60s__300steps__02052026/evaluation_results/results_blocksworld_combined_timeout60s.csv
dfs_timeout=60s__300steps__02052026,60,1.0,02052026,PO_ROSAME,unclean,4,1,0,0.0,0.0,1.0,benchmark/data/new_experiments/blocks/dfs_timeout=60s__300steps__02052026/evaluation_results/results_blocksworld_combined_timeout60s.csv
dfs_timeout=60s__300steps__02052026,60,1.0,02052026,PISAM,unclean,4,1,10,1.0,0.0,0.0,benchmark/data/new_experiments/blocks/dfs_timeout=60s__300steps__02052026/evaluation_results/results_blocksworld_combined_timeout60s.csv
dfs_timeout=60s__300steps__02052026,60,1.0,02052026,PO_ROSAME,unclean,4,1,10,1.0,0.0,0.0,benchmark/data/new_experiments/blocks/dfs_timeout=60s__300steps__02052026/evaluation_results/results_blocksworld_combined_timeout60s.csv
dfs_timeout=60s__300steps__02052026,60,1.0,02052026,PISAM,unclean,0,1,10,1.0,0.0,0.0,benchmark/data/new_experiments/blocks/dfs_timeout=60s__300steps__02052026/evaluation_results/results_blocksworld_combined_timeout60s.csv
dfs_timeout=60s__300steps__02052026,60,1.0,02052026,PO_ROSAME,unclean,0,1,10,1.0,0.0,0.0,benchmark/data/new_experiments/blocks/dfs_timeout=60s__300steps__02052026/evaluation_results/results_blocksworld_combined_timeout60s.csv
dfs_timeout=60s__300steps__02052026,60,1.0,02052026,PISAM,unclean,2,1,10,1.0,0.0,0.0,benchmark/data/new_experiments/blocks/dfs_timeout=60s__300steps__02052026/evaluation_results/results_blocksworld_combined_timeout60s.csv
dfs_timeout=60s__300steps__02052026,60,1.0,02052026,PO_ROSAME,unclean,2,1,10,1.0,0.0,0.0,benchmark/data/new_experiments/blocks/dfs_timeout=60s__300steps__02052026/evaluation_results/results_blocksworld_combined_timeout60s.csv
dfs_timeout=60s__300steps__02052026,60,1.0,02052026,PISAM,unclean,3,1,10,1.0,0.0,0.0,benchmark/data/new_experiments/blocks/dfs_timeout=60s__300steps__02052026/evaluation_results/results_blocksworld_combined_timeout60s.csv
dfs_timeout=60s__300steps__02052026,60,1.0,02052026,PO_ROSAME,unclean,3,1,10,1.0,0.0,0.0,benchmark/data/new_experiments/blocks/dfs_timeout=60s__300steps__02052026/evaluation_results/results_blocksworld_combined_timeout60s.csv
dfs_timeout=60s__300steps__02052026,60,1.0,02052026,PISAM,unclean,1,1,10,1.0,0.0,0.0,benchmark/data/new_experiments/blocks/dfs_timeout=60s__300steps__02052026/evaluation_results/results_blocksworld_combined_timeout60s.csv
dfs_timeout=60s__300steps__02052026,60,1.0,02052026,PO_ROSAME,unclean,1,1,10,1.0,0.0,0.0,benchmark/data/new_experiments/blocks/dfs_timeout=60s__300steps__02052026/evaluation_results/results_blocksworld_combined_timeout60s.csv
dfs_timeout=60s__300steps__02052026,60,1.0,02052026,PISAM,unclean,0,1,25,1.0,0.0,0.0,benchmark/data/new_experiments/blocks/dfs_timeout=60s__300steps__02052026/evaluation_results/results_blocksworld_combined_timeout60s.csv
dfs_timeout=60s__300steps__02052026,60,1.0,02052026,PO_ROSAME,unclean,0,1,25,1.0,0.0,0.0,benchmark/data/new_experiments/blocks/dfs_timeout=60s__300steps__02052026/evaluation_results/results_blocksworld_combined_timeout60s.csv
dfs_timeout=60s__300steps__02052026,60,1.0,02052026,PISAM,unclean,4,1,25,1.0,0.0,0.0,benchmark/data/new_experiments/blocks/dfs_timeout=60s__300steps__02052026/evaluation_results/results_blocksworld_combined_timeout60s.csv
dfs_timeout=60s__300steps__02052026,60,1.0,02052026,PO_ROSAME,unclean,4,1,25,1.0,0.0,0.0,benchmark/data/new_experiments/blocks/dfs_timeout=60s__300steps__02052026/evaluation_results/results_blocksworld_combined_timeout60s.csv
dfs_timeout=60s__300steps__02052026,60,1.0,02052026,PISAM,unclean,3,1,25,1.0,0.0,0.0,benchmark/data/new_experiments/blocks/dfs_timeout=60s__300steps__02052026/evaluation_results/results_blocksworld_combined_timeout60s.csv
dfs_timeout=60s__300steps__02052026,60,1.0,02052026,PO_ROSAME,unclean,3,1,25,1.0,0.0,0.0,benchmark/data/new_experiments/blocks/dfs_timeout=60s__300steps__02052026/evaluation_results/results_blocksworld_combined_timeout60s.csv
dfs_timeout=60s__300steps__02052026,60,1.0,02052026,PISAM,unclean,2,1,25,1.0,0.0,0.0,benchmark/data/new_experiments/blocks/dfs_timeout=60s__300steps__02052026/evaluation_results/results_blocksworld_combined_timeout60s.csv
dfs_timeout=60s__300steps__02052026,60,1.0,02052026,PO_ROSAME,unclean,2,1,25,1.0,0.0,0.0,benchmark/data/new_experiments/blocks/dfs_timeout=60s__300steps__02052026/evaluation_results/results_blocksworld_combined_timeout60s.csv
dfs_timeout=60s__300steps__02052026,60,1.0,02052026,PISAM,unclean,1,1,25,1.0,0.0,0.0,benchmark/data/new_experiments/blocks/dfs_timeout=60s__300steps__02052026/evaluation_results/results_blocksworld_combined_timeout60s.csv
dfs_timeout=60s__300steps__02052026,60,1.0,02052026,PO_ROSAME,unclean,1,1,25,1.0,0.0,0.0,benchmark/data/new_experiments/blocks/dfs_timeout=60s__300steps__02052026/evaluation_results/results_blocksworld_combined_timeout60s.csv
dfs_timeout=60s__300steps__02052026,60,1.0,02052026,PISAM,unclean,2,1,50,1.0,0.0,0.0,benchmark/data/new_experiments/blocks/dfs_timeout=60s__300steps__02052026/evaluation_results/results_blocksworld_combined_timeout60s.csv
dfs_timeout=60s__300steps__02052026,60,1.0,02052026,PO_ROSAME,unclean,2,1,50,1.0,0.0,0.0,benchmark/data/new_experiments/blocks/dfs_timeout=60s__300steps__02052026/evaluation_results/results_blocksworld_combined_timeout60s.csv
dfs_timeout=60s__300steps__02052026,60,1.0,02052026,PISAM,unclean,4,1,50,1.0,0.0,0.0,benchmark/data/new_experiments/blocks/dfs_timeout=60s__300steps__02052026/evaluation_results/results_blocksworld_combined_timeout60s.csv
dfs_timeout=60s__300steps__02052026,60,1.0,02052026,PO_ROSAME,unclean,4,1,50,1.0,0.0,0.0,benchmark/data/new_experiments/blocks/dfs_timeout=60s__300steps__02052026/evaluation_results/results_blocksworld_combined_timeout60s.csv
dfs_timeout=60s__300steps__02052026,60,1.0,02052026,PISAM,unclean,3,1,50,1.0,0.0,0.0,benchmark/data/new_experiments/blocks/dfs_timeout=60s__300steps__02052026/evaluation_results/results_blocksworld_combined_timeout60s.csv
dfs_timeout=60s__300steps__02052026,60,1.0,02052026,PO_ROSAME,unclean,3,1,50,1.0,0.0,0.0,benchmark/data/new_experiments/blocks/dfs_timeout=60s__300steps__02052026/evaluation_results/results_blocksworld_combined_timeout60s.csv
dfs_timeout=60s__300steps__02052026,60,1.0,02052026,PISAM,unclean,0,1,50,1.0,0.0,0.0,benchmark/data/new_experiments/blocks/dfs_timeout=60s__300steps__02052026/evaluation_results/results_blocksworld_combined_timeout60s.csv
dfs_timeout=60s__300steps__02052026,60,1.0,02052026,PO_ROSAME,unclean,0,1,50,1.0,0.0,0.0,benchmark/data/new_experiments/blocks/dfs_timeout=60s__300steps__02052026/evaluation_results/results_blocksworld_combined_timeout60s.csv
dfs_timeout=60s__300steps__02052026,60,1.0,02052026,PISAM,unclean,1,1,50,1.0,0.0,0.0,benchmark/data/new_experiments/blocks/dfs_timeout=60s__300steps__02052026/evaluation_results/results_blocksworld_combined_timeout60s.csv
dfs_timeout=60s__300steps__02052026,60,1.0,02052026,PO_ROSAME,unclean,1,1,50,1.0,0.0,0.0,benchmark/data/new_experiments/blocks/dfs_timeout=60s__300steps__02052026/evaluation_results/results_blocksworld_combined_timeout60s.csv
dfs_timeout=60s__300steps__02052026,60,1.0,02052026,PISAM,unclean,3,1,75,1.0,0.0,0.0,benchmark/data/new_experiments/blocks/dfs_timeout=60s__300steps__02052026/evaluation_results/results_blocksworld_combined_timeout60s.csv
dfs_timeout=60s__300steps__02052026,60,1.0,02052026,PO_ROSAME,unclean,3,1,75,1.0,0.0,0.0,benchmark/data/new_experiments/blocks/dfs_timeout=60s__300steps__02052026/evaluation_results/results_blocksworld_combined_timeout60s.csv
dfs_timeout=60s__300steps__02052026,60,1.0,02052026,PISAM,unclean,2,1,75,1.0,0.0,0.0,benchmark/data/new_experiments/blocks/dfs_timeout=60s__300steps__02052026/evaluation_results/results_blocksworld_combined_timeout60s.csv
dfs_timeout=60s__300steps__02052026,60,1.0,02052026,PO_ROSAME,unclean,2,1,75,1.0,0.0,0.0,benchmark/data/new_experiments/blocks/dfs_timeout=60s__300steps__02052026/evaluation_results/results_blocksworld_combined_timeout60s.csv
dfs_timeout=60s__300steps__02052026,60,1.0,02052026,PISAM,unclean,0,1,75,1.0,0.0,0.0,benchmark/data/new_experiments/blocks/dfs_timeout=60s__300steps__02052026/evaluation_results/results_blocksworld_combined_timeout60s.csv
dfs_timeout=60s__300steps__02052026,60,1.0,02052026,PO_ROSAME,unclean,0,1,75,1.0,0.0,0.0,benchmark/data/new_experiments/blocks/dfs_timeout=60s__300steps__02052026/evaluation_results/results_blocksworld_combined_timeout60s.csv
dfs_timeout=60s__300steps__02052026,60,1.0,02052026,PISAM,unclean,4,1,75,1.0,0.0,0.0,benchmark/data/new_experiments/blocks/dfs_timeout=60s__300steps__02052026/evaluation_results/results_blocksworld_combined_timeout60s.csv
dfs_timeout=60s__300steps__02052026,60,1.0,02052026,PO_ROSAME,unclean,4,1,75,1.0,0.0,0.0,benchmark/data/new_experiments/blocks/dfs_timeout=60s__300steps__02052026/evaluation_results/results_blocksworld_combined_timeout60s.csv
dfs_timeout=60s__300steps__02052026,60,1.0,02052026,PISAM,unclean,1,1,75,1.0,0.0,0.0,benchmark/data/new_experiments/blocks/dfs_timeout=60s__300steps__02052026/evaluation_results/results_blocksworld_combined_timeout60s.csv
dfs_timeout=60s__300steps__02052026,60,1.0,02052026,PO_ROSAME,unclean,1,1,75,1.0,0.0,0.0,benchmark/data/new_experiments/blocks/dfs_timeout=60s__300steps__02052026/evaluation_results/results_blocksworld_combined_timeout60s.csv
dfs_timeout=60s__300steps__02052026,60,1.0,02052026,PISAM,unclean,0,1,100,1.0,0.0,0.0,benchmark/data/new_experiments/blocks/dfs_timeout=60s__300steps__02052026/evaluation_results/results_blocksworld_combined_timeout60s.csv
dfs_timeout=60s__300steps__02052026,60,1.0,02052026,PO_ROSAME,unclean,0,1,100,1.0,0.0,0.0,benchmark/data/new_experiments/blocks/dfs_timeout=60s__300steps__02052026/evaluation_results/results_blocksworld_combined_timeout60s.csv
dfs_timeout=60s__300steps__02052026,60,1.0,02052026,PISAM,unclean,2,1,100,1.0,0.0,0.0,benchmark/data/new_experiments/blocks/dfs_timeout=60s__300steps__02052026/evaluation_results/results_blocksworld_combined_timeout60s.csv
dfs_timeout=60s__300steps__02052026,60,1.0,02052026,PO_ROSAME,unclean,2,1,100,1.0,0.0,0.0,benchmark/data/new_experiments/blocks/dfs_timeout=60s__300steps__02052026/evaluation_results/results_blocksworld_combined_timeout60s.csv
dfs_timeout=60s__300steps__02052026,60,1.0,02052026,PISAM,unclean,4,1,100,1.0,0.0,0.0,benchmark/data/new_experiments/blocks/dfs_timeout=60s__300steps__02052026/evaluation_results/results_blocksworld_combined_timeout60s.csv
dfs_timeout=60s__300steps__02052026,60,1.0,02052026,PO_ROSAME,unclean,4,1,100,1.0,0.0,0.0,benchmark/data/new_experiments/blocks/dfs_timeout=60s__300steps__02052026/evaluation_results/results_blocksworld_combined_timeout60s.csv
dfs_timeout=60s__300steps__02052026,60,1.0,02052026,PISAM,unclean,3,1,100,1.0,0.0,0.0,benchmark/data/new_experiments/blocks/dfs_timeout=60s__300steps__02052026/evaluation_results/results_blocksworld_combined_timeout60s.csv
dfs_timeout=60s__300steps__02052026,60,1.0,02052026,PO_ROSAME,unclean,3,1,100,1.0,0.0,0.0,benchmark/data/new_experiments/blocks/dfs_timeout=60s__300steps__02052026/evaluation_results/results_blocksworld_combined_timeout60s.csv
dfs_timeout=60s__300steps__02052026,60,1.0,02052026,PISAM,unclean,1,1,100,1.0,0.0,0.0,benchmark/data/new_experiments/blocks/dfs_timeout=60s__300steps__02052026/evaluation_results/results_blocksworld_combined_timeout60s.csv
dfs_timeout=60s__300steps__02052026,60,1.0,02052026,PO_ROSAME,unclean,1,1,100,1.0,0.0,0.0,benchmark/data/new_experiments/blocks/dfs_timeout=60s__300steps__02052026/evaluation_results/results_blocksworld_combined_timeout60s.csv
dfs_timeout=60s__300steps__02052026,60,1.0,02052026,PISAM,unclean,1,2,0,0.0,1.0,0.0,benchmark/data/new_experiments/blocks/dfs_timeout=60s__300steps__02052026/evaluation_results/results_blocksworld_combined_timeout60s.csv
dfs_timeout=60s__300steps__02052026,60,1.0,02052026,PO_ROSAME,unclean,1,2,0,0.0,1.0,0.0,benchmark/data/new_experiments/blocks/dfs_timeout=60s__300steps__02052026/evaluation_results/results_blocksworld_combined_timeout60s.csv
dfs_timeout=60s__300steps__02052026,60,1.0,02052026,PISAM,unclean,0,2,0,0.5,0.5,0.0,benchmark/data/new_experiments/blocks/dfs_timeout=60s__300steps__02052026/evaluation_results/results_blocksworld_combined_timeout60s.csv
dfs_timeout=60s__300steps__02052026,60,1.0,02052026,PO_ROSAME,unclean,0,2,0,0.0,0.0,1.0,benchmark/data/new_experiments/blocks/dfs_timeout=60s__300steps__02052026/evaluation_results/results_blocksworld_combined_timeout60s.csv
dfs_timeout=60s__300steps__02052026,60,1.0,02052026,PISAM,unclean,4,2,0,0.0,1.0,0.0,benchmark/data/new_experiments/blocks/dfs_timeout=60s__300steps__02052026/evaluation_results/results_blocksworld_combined_timeout60s.csv
dfs_timeout=60s__300steps__02052026,60,1.0,02052026,PO_ROSAME,unclean,4,2,0,0.0,1.0,0.0,benchmark/data/new_experiments/blocks/dfs_timeout=60s__300steps__02052026/evaluation_results/results_blocksworld_combined_timeout60s.csv
dfs_timeout=60s__300steps__02052026,60,1.0,02052026,PISAM,unclean,3,2,0,0.0,1.0,0.0,benchmark/data/new_experiments/blocks/dfs_timeout=60s__300steps__02052026/evaluation_results/results_blocksworld_combined_timeout60s.csv
dfs_timeout=60s__300steps__02052026,60,1.0,02052026,PO_ROSAME,unclean,3,2,0,0.0,0.0,1.0,benchmark/data/new_experiments/blocks/dfs_timeout=60s__300steps__02052026/evaluation_results/results_blocksworld_combined_timeout60s.csv
dfs_timeout=60s__300steps__02052026,60,1.0,02052026,PISAM,unclean,2,2,0,0.0,1.0,0.0,benchmark/data/new_experiments/blocks/dfs_timeout=60s__300steps__02052026/evaluation_results/results_blocksworld_combined_timeout60s.csv
dfs_timeout=60s__300steps__02052026,60,1.0,02052026,PO_ROSAME,unclean,2,2,0,0.0,0.0,1.0,benchmark/data/new_experiments/blocks/dfs_timeout=60s__300steps__02052026/evaluation_results/results_blocksworld_combined_timeout60s.csv
dfs_timeout=60s__300steps__02052026,60,1.0,02052026,PISAM,unclean,0,2,10,1.0,0.0,0.0,benchmark/data/new_experiments/blocks/dfs_timeout=60s__300steps__02052026/evaluation_results/results_blocksworld_combined_timeout60s.csv
dfs_timeout=60s__300steps__02052026,60,1.0,02052026,PO_ROSAME,unclean,0,2,10,1.0,0.0,0.0,benchmark/data/new_experiments/blocks/dfs_timeout=60s__300steps__02052026/evaluation_results/results_blocksworld_combined_timeout60s.csv
dfs_timeout=60s__300steps__02052026,60,1.0,02052026,PISAM,unclean,4,2,10,1.0,0.0,0.0,benchmark/data/new_experiments/blocks/dfs_timeout=60s__300steps__02052026/evaluation_results/results_blocksworld_combined_timeout60s.csv
dfs_timeout=60s__300steps__02052026,60,1.0,02052026,PO_ROSAME,unclean,4,2,10,1.0,0.0,0.0,benchmark/data/new_experiments/blocks/dfs_timeout=60s__300steps__02052026/evaluation_results/results_blocksworld_combined_timeout60s.csv
dfs_timeout=60s__300steps__02052026,60,1.0,02052026,PISAM,unclean,3,2,10,1.0,0.0,0.0,benchmark/data/new_experiments/blocks/dfs_timeout=60s__300steps__02052026/evaluation_results/results_blocksworld_combined_timeout60s.csv
dfs_timeout=60s__300steps__02052026,60,1.0,02052026,PO_ROSAME,unclean,3,2,10,1.0,0.0,0.0,benchmark/data/new_experiments/blocks/dfs_timeout=60s__300steps__02052026/evaluation_results/results_blocksworld_combined_timeout60s.csv
dfs_timeout=60s__300steps__02052026,60,1.0,02052026,PISAM,unclean,1,2,10,1.0,0.0,0.0,benchmark/data/new_experiments/blocks/dfs_timeout=60s__300steps__02052026/evaluation_results/results_blocksworld_combined_timeout60s.csv
dfs_timeout=60s__300steps__02052026,60,1.0,02052026,PO_ROSAME,unclean,1,2,10,1.0,0.0,0.0,benchmark/data/new_experiments/blocks/dfs_timeout=60s__300steps__02052026/evaluation_results/results_blocksworld_combined_timeout60s.csv
dfs_timeout=60s__300steps__02052026,60,1.0,02052026,PISAM,unclean,2,2,10,1.0,0.0,0.0,benchmark/data/new_experiments/blocks/dfs_timeout=60s__300steps__02052026/evaluation_results/results_blocksworld_combined_timeout60s.csv
dfs_timeout=60s__300steps__02052026,60,1.0,02052026,PO_ROSAME,unclean,2,2,10,1.0,0.0,0.0,benchmark/data/new_experiments/blocks/dfs_timeout=60s__300steps__02052026/evaluation_results/results_blocksworld_combined_timeout60s.csv
dfs_timeout=60s__300steps__02052026,60,1.0,02052026,PISAM,unclean,4,2,25,1.0,0.0,0.0,benchmark/data/new_experiments/blocks/dfs_timeout=60s__300steps__02052026/evaluation_results/results_blocksworld_combined_timeout60s.csv
dfs_timeout=60s__300steps__02052026,60,1.0,02052026,PO_ROSAME,unclean,4,2,25,1.0,0.0,0.0,benchmark/data/new_experiments/blocks/dfs_timeout=60s__300steps__02052026/evaluation_results/results_blocksworld_combined_timeout60s.csv
dfs_timeout=60s__300steps__02052026,60,1.0,02052026,PISAM,unclean,2,2,25,1.0,0.0,0.0,benchmark/data/new_experiments/blocks/dfs_timeout=60s__300steps__02052026/evaluation_results/results_blocksworld_combined_timeout60s.csv
dfs_timeout=60s__300steps__02052026,60,1.0,02052026,PO_ROSAME,unclean,2,2,25,1.0,0.0,0.0,benchmark/data/new_experiments/blocks/dfs_timeout=60s__300steps__02052026/evaluation_results/results_blocksworld_combined_timeout60s.csv
dfs_timeout=60s__300steps__02052026,60,1.0,02052026,PISAM,unclean,3,2,25,1.0,0.0,0.0,benchmark/data/new_experiments/blocks/dfs_timeout=60s__300steps__02052026/evaluation_results/results_blocksworld_combined_timeout60s.csv
dfs_timeout=60s__300steps__02052026,60,1.0,02052026,PO_ROSAME,unclean,3,2,25,1.0,0.0,0.0,benchmark/data/new_experiments/blocks/dfs_timeout=60s__300steps__02052026/evaluation_results/results_blocksworld_combined_timeout60s.csv
dfs_timeout=60s__300steps__02052026,60,1.0,02052026,PISAM,unclean,1,2,25,1.0,0.0,0.0,benchmark/data/new_experiments/blocks/dfs_timeout=60s__300steps__02052026/evaluation_results/results_blocksworld_combined_timeout60s.csv
dfs_timeout=60s__300steps__02052026,60,1.0,02052026,PO_ROSAME,unclean,1,2,25,1.0,0.0,0.0,benchmark/data/new_experiments/blocks/dfs_timeout=60s__300steps__02052026/evaluation_results/results_blocksworld_combined_timeout60s.csv
dfs_timeout=60s__300steps__02052026,60,1.0,02052026,PISAM,unclean,0,2,25,1.0,0.0,0.0,benchmark/data/new_experiments/blocks/dfs_timeout=60s__300steps__02052026/evaluation_results/results_blocksworld_combined_timeout60s.csv
dfs_timeout=60s__300steps__02052026,60,1.0,02052026,PO_ROSAME,unclean,0,2,25,1.0,0.0,0.0,benchmark/data/new_experiments/blocks/dfs_timeout=60s__300steps__02052026/evaluation_results/results_blocksworld_combined_timeout60s.csv
dfs_timeout=60s__300steps__02052026,60,1.0,02052026,PISAM,unclean,3,2,50,1.0,0.0,0.0,benchmark/data/new_experiments/blocks/dfs_timeout=60s__300steps__02052026/evaluation_results/results_blocksworld_combined_timeout60s.csv
dfs_timeout=60s__300steps__02052026,60,1.0,02052026,PO_ROSAME,unclean,3,2,50,1.0,0.0,0.0,benchmark/data/new_experiments/blocks/dfs_timeout=60s__300steps__02052026/evaluation_results/results_blocksworld_combined_timeout60s.csv
dfs_timeout=60s__300steps__02052026,60,1.0,02052026,PISAM,unclean,0,2,50,1.0,0.0,0.0,benchmark/data/new_experiments/blocks/dfs_timeout=60s__300steps__02052026/evaluation_results/results_blocksworld_combined_timeout60s.csv
dfs_timeout=60s__300steps__02052026,60,1.0,02052026,PO_ROSAME,unclean,0,2,50,1.0,0.0,0.0,benchmark/data/new_experiments/blocks/dfs_timeout=60s__300steps__02052026/evaluation_results/results_blocksworld_combined_timeout60s.csv
dfs_timeout=60s__300steps__02052026,60,1.0,02052026,PISAM,unclean,4,2,50,1.0,0.0,0.0,benchmark/data/new_experiments/blocks/dfs_timeout=60s__300steps__02052026/evaluation_results/results_blocksworld_combined_timeout60s.csv
dfs_timeout=60s__300steps__02052026,60,1.0,02052026,PO_ROSAME,unclean,4,2,50,1.0,0.0,0.0,benchmark/data/new_experiments/blocks/dfs_timeout=60s__300steps__02052026/evaluation_results/results_blocksworld_combined_timeout60s.csv
dfs_timeout=60s__300steps__02052026,60,1.0,02052026,PISAM,unclean,2,2,50,1.0,0.0,0.0,benchmark/data/new_experiments/blocks/dfs_timeout=60s__300steps__02052026/evaluation_results/results_blocksworld_combined_timeout60s.csv
dfs_timeout=60s__300steps__02052026,60,1.0,02052026,PO_ROSAME,unclean,2,2,50,1.0,0.0,0.0,benchmark/data/new_experiments/blocks/dfs_timeout=60s__300steps__02052026/evaluation_results/results_blocksworld_combined_timeout60s.csv
dfs_timeout=60s__300steps__02052026,60,1.0,02052026,PISAM,unclean,1,2,50,1.0,0.0,0.0,benchmark/data/new_experiments/blocks/dfs_timeout=60s__300steps__02052026/evaluation_results/results_blocksworld_combined_timeout60s.csv
dfs_timeout=60s__300steps__02052026,60,1.0,02052026,PO_ROSAME,unclean,1,2,50,1.0,0.0,0.0,benchmark/data/new_experiments/blocks/dfs_timeout=60s__300steps__02052026/evaluation_results/results_blocksworld_combined_timeout60s.csv
dfs_timeout=60s__300steps__02052026,60,1.0,02052026,PISAM,unclean,3,2,75,1.0,0.0,0.0,benchmark/data/new_experiments/blocks/dfs_timeout=60s__300steps__02052026/evaluation_results/results_blocksworld_combined_timeout60s.csv
dfs_timeout=60s__300steps__02052026,60,1.0,02052026,PO_ROSAME,unclean,3,2,75,1.0,0.0,0.0,benchmark/data/new_experiments/blocks/dfs_timeout=60s__300steps__02052026/evaluation_results/results_blocksworld_combined_timeout60s.csv
dfs_timeout=60s__300steps__02052026,60,1.0,02052026,PISAM,unclean,4,2,75,1.0,0.0,0.0,benchmark/data/new_experiments/blocks/dfs_timeout=60s__300steps__02052026/evaluation_results/results_blocksworld_combined_timeout60s.csv
dfs_timeout=60s__300steps__02052026,60,1.0,02052026,PO_ROSAME,unclean,4,2,75,1.0,0.0,0.0,benchmark/data/new_experiments/blocks/dfs_timeout=60s__300steps__02052026/evaluation_results/results_blocksworld_combined_timeout60s.csv
dfs_timeout=60s__300steps__02052026,60,1.0,02052026,PISAM,unclean,0,2,75,1.0,0.0,0.0,benchmark/data/new_experiments/blocks/dfs_timeout=60s__300steps__02052026/evaluation_results/results_blocksworld_combined_timeout60s.csv
dfs_timeout=60s__300steps__02052026,60,1.0,02052026,PO_ROSAME,unclean,0,2,75,1.0,0.0,0.0,benchmark/data/new_experiments/blocks/dfs_timeout=60s__300steps__02052026/evaluation_results/results_blocksworld_combined_timeout60s.csv
dfs_timeout=60s__300steps__02052026,60,1.0,02052026,PISAM,unclean,1,2,75,1.0,0.0,0.0,benchmark/data/new_experiments/blocks/dfs_timeout=60s__300steps__02052026/evaluation_results/results_blocksworld_combined_timeout60s.csv
dfs_timeout=60s__300steps__02052026,60,1.0,02052026,PO_ROSAME,unclean,1,2,75,1.0,0.0,0.0,benchmark/data/new_experiments/blocks/dfs_timeout=60s__300steps__02052026/evaluation_results/results_blocksworld_combined_timeout60s.csv
dfs_timeout=60s__300steps__02052026,60,1.0,02052026,PISAM,unclean,2,2,75,1.0,0.0,0.0,benchmark/data/new_experiments/blocks/dfs_timeout=60s__300steps__02052026/evaluation_results/results_blocksworld_combined_timeout60s.csv
dfs_timeout=60s__300steps__02052026,60,1.0,02052026,PO_ROSAME,unclean,2,2,75,1.0,0.0,0.0,benchmark/data/new_experiments/blocks/dfs_timeout=60s__300steps__02052026/evaluation_results/results_blocksworld_combined_timeout60s.csv
dfs_timeout=60s__300steps__02052026,60,1.0,02052026,PISAM,unclean,2,2,100,1.0,0.0,0.0,benchmark/data/new_experiments/blocks/dfs_timeout=60s__300steps__02052026/evaluation_results/results_blocksworld_combined_timeout60s.csv
dfs_timeout=60s__300steps__02052026,60,1.0,02052026,PO_ROSAME,unclean,2,2,100,1.0,0.0,0.0,benchmark/data/new_experiments/blocks/dfs_timeout=60s__300steps__02052026/evaluation_results/results_blocksworld_combined_timeout60s.csv
dfs_timeout=60s__300steps__02052026,60,1.0,02052026,PISAM,unclean,0,2,100,1.0,0.0,0.0,benchmark/data/new_experiments/blocks/dfs_timeout=60s__300steps__02052026/evaluation_results/results_blocksworld_combined_timeout60s.csv
dfs_timeout=60s__300steps__02052026,60,1.0,02052026,PO_ROSAME,unclean,0,2,100,1.0,0.0,0.0,benchmark/data/new_experiments/blocks/dfs_timeout=60s__300steps__02052026/evaluation_results/results_blocksworld_combined_timeout60s.csv
dfs_timeout=60s__300steps__02052026,60,1.0,02052026,PISAM,unclean,1,2,100,1.0,0.0,0.0,benchmark/data/new_experiments/blocks/dfs_timeout=60s__300steps__02052026/evaluation_results/results_blocksworld_combined_timeout60s.csv
dfs_timeout=60s__300steps__02052026,60,1.0,02052026,PO_ROSAME,unclean,1,2,100,1.0,0.0,0.0,benchmark/data/new_experiments/blocks/dfs_timeout=60s__300steps__02052026/evaluation_results/results_blocksworld_combined_timeout60s.csv
dfs_timeout=60s__300steps__02052026,60,1.0,02052026,PISAM,unclean,4,2,100,1.0,0.0,0.0,benchmark/data/new_experiments/blocks/dfs_timeout=60s__300steps__02052026/evaluation_results/results_blocksworld_combined_timeout60s.csv
dfs_timeout=60s__300steps__02052026,60,1.0,02052026,PO_ROSAME,unclean,4,2,100,1.0,0.0,0.0,benchmark/data/new_experiments/blocks/dfs_timeout=60s__300steps__02052026/evaluation_results/results_blocksworld_combined_timeout60s.csv
dfs_timeout=60s__300steps__02052026,60,1.0,02052026,PISAM,unclean,3,2,100,1.0,0.0,0.0,benchmark/data/new_experiments/blocks/dfs_timeout=60s__300steps__02052026/evaluation_results/results_blocksworld_combined_timeout60s.csv
dfs_timeout=60s__300steps__02052026,60,1.0,02052026,PO_ROSAME,unclean,3,2,100,1.0,0.0,0.0,benchmark/data/new_experiments/blocks/dfs_timeout=60s__300steps__02052026/evaluation_results/results_blocksworld_combined_timeout60s.csv
dfs_timeout=60s__300steps__02052026,60,1.0,02052026,PISAM,unclean,4,3,0,0.0,1.0,0.0,benchmark/data/new_experiments/blocks/dfs_timeout=60s__300steps__02052026/evaluation_results/results_blocksworld_combined_timeout60s.csv
dfs_timeout=60s__300steps__02052026,60,1.0,02052026,PO_ROSAME,unclean,4,3,0,0.0,0.0,1.0,benchmark/data/new_experiments/blocks/dfs_timeout=60s__300steps__02052026/evaluation_results/results_blocksworld_combined_timeout60s.csv
dfs_timeout=60s__300steps__02052026,60,1.0,02052026,PISAM,unclean,1,3,0,0.0,1.0,0.0,benchmark/data/new_experiments/blocks/dfs_timeout=60s__300steps__02052026/evaluation_results/results_blocksworld_combined_timeout60s.csv
dfs_timeout=60s__300steps__02052026,60,1.0,02052026,PO_ROSAME,unclean,1,3,0,0.0,0.0,1.0,benchmark/data/new_experiments/blocks/dfs_timeout=60s__300steps__02052026/evaluation_results/results_blocksworld_combined_timeout60s.csv
dfs_timeout=60s__300steps__02052026,60,1.0,02052026,PISAM,unclean,0,3,0,0.5,0.5,0.0,benchmark/data/new_experiments/blocks/dfs_timeout=60s__300steps__02052026/evaluation_results/results_blocksworld_combined_timeout60s.csv
dfs_timeout=60s__300steps__02052026,60,1.0,02052026,PO_ROSAME,unclean,0,3,0,1.0,0.0,0.0,benchmark/data/new_experiments/blocks/dfs_timeout=60s__300steps__02052026/evaluation_results/results_blocksworld_combined_timeout60s.csv
dfs_timeout=60s__300steps__02052026,60,1.0,02052026,PISAM,unclean,2,3,0,0.0,1.0,0.0,benchmark/data/new_experiments/blocks/dfs_timeout=60s__300steps__02052026/evaluation_results/results_blocksworld_combined_timeout60s.csv
dfs_timeout=60s__300steps__02052026,60,1.0,02052026,PO_ROSAME,unclean,2,3,0,0.0,0.0,0.0,benchmark/data/new_experiments/blocks/dfs_timeout=60s__300steps__02052026/evaluation_results/results_blocksworld_combined_timeout60s.csv
dfs_timeout=60s__300steps__02052026,60,1.0,02052026,PISAM,unclean,3,3,0,0.0,1.0,0.0,benchmark/data/new_experiments/blocks/dfs_timeout=60s__300steps__02052026/evaluation_results/results_blocksworld_combined_timeout60s.csv
dfs_timeout=60s__300steps__02052026,60,1.0,02052026,PO_ROSAME,unclean,3,3,0,0.0,0.0,1.0,benchmark/data/new_experiments/blocks/dfs_timeout=60s__300steps__02052026/evaluation_results/results_blocksworld_combined_timeout60s.csv
dfs_timeout=60s__300steps__02052026,60,1.0,02052026,PISAM,unclean,4,3,10,1.0,0.0,0.0,benchmark/data/new_experiments/blocks/dfs_timeout=60s__300steps__02052026/evaluation_results/results_blocksworld_combined_timeout60s.csv
dfs_timeout=60s__300steps__02052026,60,1.0,02052026,PO_ROSAME,unclean,4,3,10,0.5,0.0,0.5,benchmark/data/new_experiments/blocks/dfs_timeout=60s__300steps__02052026/evaluation_results/results_blocksworld_combined_timeout60s.csv
dfs_timeout=60s__300steps__02052026,60,1.0,02052026,PISAM,unclean,2,3,10,1.0,0.0,0.0,benchmark/data/new_experiments/blocks/dfs_timeout=60s__300steps__02052026/evaluation_results/results_blocksworld_combined_timeout60s.csv
dfs_timeout=60s__300steps__02052026,60,1.0,02052026,PO_ROSAME,unclean,2,3,10,0.0,0.0,0.0,benchmark/data/new_experiments/blocks/dfs_timeout=60s__300steps__02052026/evaluation_results/results_blocksworld_combined_timeout60s.csv
dfs_timeout=60s__300steps__02052026,60,1.0,02052026,PISAM,unclean,3,3,10,1.0,0.0,0.0,benchmark/data/new_experiments/blocks/dfs_timeout=60s__300steps__02052026/evaluation_results/results_blocksworld_combined_timeout60s.csv
dfs_timeout=60s__300steps__02052026,60,1.0,02052026,PO_ROSAME,unclean,3,3,10,1.0,0.0,0.0,benchmark/data/new_experiments/blocks/dfs_timeout=60s__300steps__02052026/evaluation_results/results_blocksworld_combined_timeout60s.csv
dfs_timeout=60s__300steps__02052026,60,1.0,02052026,PISAM,unclean,0,3,10,1.0,0.0,0.0,benchmark/data/new_experiments/blocks/dfs_timeout=60s__300steps__02052026/evaluation_results/results_blocksworld_combined_timeout60s.csv
dfs_timeout=60s__300steps__02052026,60,1.0,02052026,PO_ROSAME,unclean,0,3,10,0.0,0.0,1.0,benchmark/data/new_experiments/blocks/dfs_timeout=60s__300steps__02052026/evaluation_results/results_blocksworld_combined_timeout60s.csv
dfs_timeout=60s__300steps__02052026,60,1.0,02052026,PISAM,unclean,1,3,10,1.0,0.0,0.0,benchmark/data/new_experiments/blocks/dfs_timeout=60s__300steps__02052026/evaluation_results/results_blocksworld_combined_timeout60s.csv
dfs_timeout=60s__300steps__02052026,60,1.0,02052026,PO_ROSAME,unclean,1,3,10,1.0,0.0,0.0,benchmark/data/new_experiments/blocks/dfs_timeout=60s__300steps__02052026/evaluation_results/results_blocksworld_combined_timeout60s.csv
dfs_timeout=60s__300steps__02052026,60,1.0,02052026,PISAM,unclean,1,3,25,1.0,0.0,0.0,benchmark/data/new_experiments/blocks/dfs_timeout=60s__300steps__02052026/evaluation_results/results_blocksworld_combined_timeout60s.csv
dfs_timeout=60s__300steps__02052026,60,1.0,02052026,PO_ROSAME,unclean,1,3,25,1.0,0.0,0.0,benchmark/data/new_experiments/blocks/dfs_timeout=60s__300steps__02052026/evaluation_results/results_blocksworld_combined_timeout60s.csv
dfs_timeout=60s__300steps__02052026,60,1.0,02052026,PISAM,unclean,0,3,25,1.0,0.0,0.0,benchmark/data/new_experiments/blocks/dfs_timeout=60s__300steps__02052026/evaluation_results/results_blocksworld_combined_timeout60s.csv
dfs_timeout=60s__300steps__02052026,60,1.0,02052026,PO_ROSAME,unclean,0,3,25,1.0,0.0,0.0,benchmark/data/new_experiments/blocks/dfs_timeout=60s__300steps__02052026/evaluation_results/results_blocksworld_combined_timeout60s.csv
dfs_timeout=60s__300steps__02052026,60,1.0,02052026,PISAM,unclean,2,3,25,1.0,0.0,0.0,benchmark/data/new_experiments/blocks/dfs_timeout=60s__300steps__02052026/evaluation_results/results_blocksworld_combined_timeout60s.csv
dfs_timeout=60s__300steps__02052026,60,1.0,02052026,PO_ROSAME,unclean,2,3,25,0.0,1.0,0.0,benchmark/data/new_experiments/blocks/dfs_timeout=60s__300steps__02052026/evaluation_results/results_blocksworld_combined_timeout60s.csv
dfs_timeout=60s__300steps__02052026,60,1.0,02052026,PISAM,unclean,3,3,25,1.0,0.0,0.0,benchmark/data/new_experiments/blocks/dfs_timeout=60s__300steps__02052026/evaluation_results/results_blocksworld_combined_timeout60s.csv
dfs_timeout=60s__300steps__02052026,60,1.0,02052026,PO_ROSAME,unclean,3,3,25,1.0,0.0,0.0,benchmark/data/new_experiments/blocks/dfs_timeout=60s__300steps__02052026/evaluation_results/results_blocksworld_combined_timeout60s.csv
dfs_timeout=60s__300steps__02052026,60,1.0,02052026,PISAM,unclean,4,3,25,1.0,0.0,0.0,benchmark/data/new_experiments/blocks/dfs_timeout=60s__300steps__02052026/evaluation_results/results_blocksworld_combined_timeout60s.csv
dfs_timeout=60s__300steps__02052026,60,1.0,02052026,PO_ROSAME,unclean,4,3,25,1.0,0.0,0.0,benchmark/data/new_experiments/blocks/dfs_timeout=60s__300steps__02052026/evaluation_results/results_blocksworld_combined_timeout60s.csv
dfs_timeout=60s__300steps__02052026,60,1.0,02052026,PISAM,unclean,1,3,50,1.0,0.0,0.0,benchmark/data/new_experiments/blocks/dfs_timeout=60s__300steps__02052026/evaluation_results/results_blocksworld_combined_timeout60s.csv
dfs_timeout=60s__300steps__02052026,60,1.0,02052026,PO_ROSAME,unclean,1,3,50,1.0,0.0,0.0,benchmark/data/new_experiments/blocks/dfs_timeout=60s__300steps__02052026/evaluation_results/results_blocksworld_combined_timeout60s.csv
dfs_timeout=60s__300steps__02052026,60,1.0,02052026,PISAM,unclean,0,3,50,1.0,0.0,0.0,benchmark/data/new_experiments/blocks/dfs_timeout=60s__300steps__02052026/evaluation_results/results_blocksworld_combined_timeout60s.csv
dfs_timeout=60s__300steps__02052026,60,1.0,02052026,PO_ROSAME,unclean,0,3,50,0.0,0.0,1.0,benchmark/data/new_experiments/blocks/dfs_timeout=60s__300steps__02052026/evaluation_results/results_blocksworld_combined_timeout60s.csv
dfs_timeout=60s__300steps__02052026,60,1.0,02052026,PISAM,unclean,4,3,50,1.0,0.0,0.0,benchmark/data/new_experiments/blocks/dfs_timeout=60s__300steps__02052026/evaluation_results/results_blocksworld_combined_timeout60s.csv
dfs_timeout=60s__300steps__02052026,60,1.0,02052026,PO_ROSAME,unclean,4,3,50,0.5,0.0,0.5,benchmark/data/new_experiments/blocks/dfs_timeout=60s__300steps__02052026/evaluation_results/results_blocksworld_combined_timeout60s.csv
dfs_timeout=60s__300steps__02052026,60,1.0,02052026,PISAM,unclean,3,3,50,1.0,0.0,0.0,benchmark/data/new_experiments/blocks/dfs_timeout=60s__300steps__02052026/evaluation_results/results_blocksworld_combined_timeout60s.csv
dfs_timeout=60s__300steps__02052026,60,1.0,02052026,PO_ROSAME,unclean,3,3,50,1.0,0.0,0.0,benchmark/data/new_experiments/blocks/dfs_timeout=60s__300steps__02052026/evaluation_results/results_blocksworld_combined_timeout60s.csv
dfs_timeout=60s__300steps__02052026,60,1.0,02052026,PISAM,unclean,2,3,50,1.0,0.0,0.0,benchmark/data/new_experiments/blocks/dfs_timeout=60s__300steps__02052026/evaluation_results/results_blocksworld_combined_timeout60s.csv
dfs_timeout=60s__300steps__02052026,60,1.0,02052026,PO_ROSAME,unclean,2,3,50,0.0,0.0,1.0,benchmark/data/new_experiments/blocks/dfs_timeout=60s__300steps__02052026/evaluation_results/results_blocksworld_combined_timeout60s.csv
dfs_timeout=60s__300steps__02052026,60,1.0,02052026,PISAM,unclean,1,3,75,1.0,0.0,0.0,benchmark/data/new_experiments/blocks/dfs_timeout=60s__300steps__02052026/evaluation_results/results_blocksworld_combined_timeout60s.csv
dfs_timeout=60s__300steps__02052026,60,1.0,02052026,PO_ROSAME,unclean,1,3,75,1.0,0.0,0.0,benchmark/data/new_experiments/blocks/dfs_timeout=60s__300steps__02052026/evaluation_results/results_blocksworld_combined_timeout60s.csv
dfs_timeout=60s__300steps__02052026,60,1.0,02052026,PISAM,unclean,2,3,75,1.0,0.0,0.0,benchmark/data/new_experiments/blocks/dfs_timeout=60s__300steps__02052026/evaluation_results/results_blocksworld_combined_timeout60s.csv
dfs_timeout=60s__300steps__02052026,60,1.0,02052026,PO_ROSAME,unclean,2,3,75,0.0,0.0,1.0,benchmark/data/new_experiments/blocks/dfs_timeout=60s__300steps__02052026/evaluation_results/results_blocksworld_combined_timeout60s.csv
dfs_timeout=60s__300steps__02052026,60,1.0,02052026,PISAM,unclean,3,3,75,1.0,0.0,0.0,benchmark/data/new_experiments/blocks/dfs_timeout=60s__300steps__02052026/evaluation_results/results_blocksworld_combined_timeout60s.csv
dfs_timeout=60s__300steps__02052026,60,1.0,02052026,PO_ROSAME,unclean,3,3,75,1.0,0.0,0.0,benchmark/data/new_experiments/blocks/dfs_timeout=60s__300steps__02052026/evaluation_results/results_blocksworld_combined_timeout60s.csv
dfs_timeout=60s__300steps__02052026,60,1.0,02052026,PISAM,unclean,0,3,75,1.0,0.0,0.0,benchmark/data/new_experiments/blocks/dfs_timeout=60s__300steps__02052026/evaluation_results/results_blocksworld_combined_timeout60s.csv
dfs_timeout=60s__300steps__02052026,60,1.0,02052026,PO_ROSAME,unclean,0,3,75,0.0,0.0,1.0,benchmark/data/new_experiments/blocks/dfs_timeout=60s__300steps__02052026/evaluation_results/results_blocksworld_combined_timeout60s.csv
dfs_timeout=60s__300steps__02052026,60,1.0,02052026,PISAM,unclean,4,3,75,1.0,0.0,0.0,benchmark/data/new_experiments/blocks/dfs_timeout=60s__300steps__02052026/evaluation_results/results_blocksworld_combined_timeout60s.csv
dfs_timeout=60s__300steps__02052026,60,1.0,02052026,PO_ROSAME,unclean,4,3,75,0.5,0.0,0.5,benchmark/data/new_experiments/blocks/dfs_timeout=60s__300steps__02052026/evaluation_results/results_blocksworld_combined_timeout60s.csv
dfs_timeout=60s__300steps__02052026,60,1.0,02052026,PISAM,unclean,4,3,100,1.0,0.0,0.0,benchmark/data/new_experiments/blocks/dfs_timeout=60s__300steps__02052026/evaluation_results/results_blocksworld_combined_timeout60s.csv
dfs_timeout=60s__300steps__02052026,60,1.0,02052026,PO_ROSAME,unclean,4,3,100,1.0,0.0,0.0,benchmark/data/new_experiments/blocks/dfs_timeout=60s__300steps__02052026/evaluation_results/results_blocksworld_combined_timeout60s.csv
dfs_timeout=60s__300steps__02052026,60,1.0,02052026,PISAM,unclean,3,3,100,1.0,0.0,0.0,benchmark/data/new_experiments/blocks/dfs_timeout=60s__300steps__02052026/evaluation_results/results_blocksworld_combined_timeout60s.csv
dfs_timeout=60s__300steps__02052026,60,1.0,02052026,PO_ROSAME,unclean,3,3,100,1.0,0.0,0.0,benchmark/data/new_experiments/blocks/dfs_timeout=60s__300steps__02052026/evaluation_results/results_blocksworld_combined_timeout60s.csv
dfs_timeout=60s__300steps__02052026,60,1.0,02052026,PISAM,unclean,0,3,100,1.0,0.0,0.0,benchmark/data/new_experiments/blocks/dfs_timeout=60s__300steps__02052026/evaluation_results/results_blocksworld_combined_timeout60s.csv
dfs_timeout=60s__300steps__02052026,60,1.0,02052026,PO_ROSAME,unclean,0,3,100,0.0,0.0,1.0,benchmark/data/new_experiments/blocks/dfs_timeout=60s__300steps__02052026/evaluation_results/results_blocksworld_combined_timeout60s.csv
dfs_timeout=60s__300steps__02052026,60,1.0,02052026,PISAM,unclean,2,3,100,1.0,0.0,0.0,benchmark/data/new_experiments/blocks/dfs_timeout=60s__300steps__02052026/evaluation_results/results_blocksworld_combined_timeout60s.csv
dfs_timeout=60s__300steps__02052026,60,1.0,02052026,PO_ROSAME,unclean,2,3,100,0.0,0.0,0.0,benchmark/data/new_experiments/blocks/dfs_timeout=60s__300steps__02052026/evaluation_results/results_blocksworld_combined_timeout60s.csv
dfs_timeout=60s__300steps__02052026,60,1.0,02052026,PISAM,unclean,1,3,100,1.0,0.0,0.0,benchmark/data/new_experiments/blocks/dfs_timeout=60s__300steps__02052026/evaluation_results/results_blocksworld_combined_timeout60s.csv
dfs_timeout=60s__300steps__02052026,60,1.0,02052026,PO_ROSAME,unclean,1,3,100,1.0,0.0,0.0,benchmark/data/new_experiments/blocks/dfs_timeout=60s__300steps__02052026/evaluation_results/results_blocksworld_combined_timeout60s.csv
dfs_timeout=60s__300steps__02052026,60,1.0,02052026,PISAM,unclean,0,4,0,0.5,0.5,0.0,benchmark/data/new_experiments/blocks/dfs_timeout=60s__300steps__02052026/evaluation_results/results_blocksworld_combined_timeout60s.csv
dfs_timeout=60s__300steps__02052026,60,1.0,02052026,PO_ROSAME,unclean,0,4,0,0.0,0.0,1.0,benchmark/data/new_experiments/blocks/dfs_timeout=60s__300steps__02052026/evaluation_results/results_blocksworld_combined_timeout60s.csv
dfs_timeout=60s__300steps__02052026,60,1.0,02052026,PISAM,unclean,3,4,0,0.0,1.0,0.0,benchmark/data/new_experiments/blocks/dfs_timeout=60s__300steps__02052026/evaluation_results/results_blocksworld_combined_timeout60s.csv
dfs_timeout=60s__300steps__02052026,60,1.0,02052026,PO_ROSAME,unclean,3,4,0,0.0,1.0,0.0,benchmark/data/new_experiments/blocks/dfs_timeout=60s__300steps__02052026/evaluation_results/results_blocksworld_combined_timeout60s.csv
dfs_timeout=60s__300steps__02052026,60,1.0,02052026,PISAM,unclean,2,4,0,0.0,1.0,0.0,benchmark/data/new_experiments/blocks/dfs_timeout=60s__300steps__02052026/evaluation_results/results_blocksworld_combined_timeout60s.csv
dfs_timeout=60s__300steps__02052026,60,1.0,02052026,PO_ROSAME,unclean,2,4,0,0.0,0.0,0.0,benchmark/data/new_experiments/blocks/dfs_timeout=60s__300steps__02052026/evaluation_results/results_blocksworld_combined_timeout60s.csv
dfs_timeout=60s__300steps__02052026,60,1.0,02052026,PISAM,unclean,4,4,0,0.0,1.0,0.0,benchmark/data/new_experiments/blocks/dfs_timeout=60s__300steps__02052026/evaluation_results/results_blocksworld_combined_timeout60s.csv
dfs_timeout=60s__300steps__02052026,60,1.0,02052026,PO_ROSAME,unclean,4,4,0,0.0,0.0,1.0,benchmark/data/new_experiments/blocks/dfs_timeout=60s__300steps__02052026/evaluation_results/results_blocksworld_combined_timeout60s.csv
dfs_timeout=60s__300steps__02052026,60,1.0,02052026,PISAM,unclean,1,4,0,0.0,1.0,0.0,benchmark/data/new_experiments/blocks/dfs_timeout=60s__300steps__02052026/evaluation_results/results_blocksworld_combined_timeout60s.csv
dfs_timeout=60s__300steps__02052026,60,1.0,02052026,PO_ROSAME,unclean,1,4,0,0.0,0.0,0.0,benchmark/data/new_experiments/blocks/dfs_timeout=60s__300steps__02052026/evaluation_results/results_blocksworld_combined_timeout60s.csv
dfs_timeout=60s__300steps__02052026,60,1.0,02052026,PISAM,unclean,1,4,10,1.0,0.0,0.0,benchmark/data/new_experiments/blocks/dfs_timeout=60s__300steps__02052026/evaluation_results/results_blocksworld_combined_timeout60s.csv
dfs_timeout=60s__300steps__02052026,60,1.0,02052026,PO_ROSAME,unclean,1,4,10,0.0,0.0,0.0,benchmark/data/new_experiments/blocks/dfs_timeout=60s__300steps__02052026/evaluation_results/results_blocksworld_combined_timeout60s.csv
dfs_timeout=60s__300steps__02052026,60,1.0,02052026,PISAM,unclean,2,4,10,1.0,0.0,0.0,benchmark/data/new_experiments/blocks/dfs_timeout=60s__300steps__02052026/evaluation_results/results_blocksworld_combined_timeout60s.csv
dfs_timeout=60s__300steps__02052026,60,1.0,02052026,PO_ROSAME,unclean,2,4,10,0.0,0.0,0.0,benchmark/data/new_experiments/blocks/dfs_timeout=60s__300steps__02052026/evaluation_results/results_blocksworld_combined_timeout60s.csv
dfs_timeout=60s__300steps__02052026,60,1.0,02052026,PISAM,unclean,3,4,10,1.0,0.0,0.0,benchmark/data/new_experiments/blocks/dfs_timeout=60s__300steps__02052026/evaluation_results/results_blocksworld_combined_timeout60s.csv
dfs_timeout=60s__300steps__02052026,60,1.0,02052026,PO_ROSAME,unclean,3,4,10,1.0,0.0,0.0,benchmark/data/new_experiments/blocks/dfs_timeout=60s__300steps__02052026/evaluation_results/results_blocksworld_combined_timeout60s.csv
dfs_timeout=60s__300steps__02052026,60,1.0,02052026,PISAM,unclean,4,4,10,1.0,0.0,0.0,benchmark/data/new_experiments/blocks/dfs_timeout=60s__300steps__02052026/evaluation_results/results_blocksworld_combined_timeout60s.csv
dfs_timeout=60s__300steps__02052026,60,1.0,02052026,PO_ROSAME,unclean,4,4,10,1.0,0.0,0.0,benchmark/data/new_experiments/blocks/dfs_timeout=60s__300steps__02052026/evaluation_results/results_blocksworld_combined_timeout60s.csv
dfs_timeout=60s__300steps__02052026,60,1.0,02052026,PISAM,unclean,0,4,10,1.0,0.0,0.0,benchmark/data/new_experiments/blocks/dfs_timeout=60s__300steps__02052026/evaluation_results/results_blocksworld_combined_timeout60s.csv
dfs_timeout=60s__300steps__02052026,60,1.0,02052026,PO_ROSAME,unclean,0,4,10,1.0,0.0,0.0,benchmark/data/new_experiments/blocks/dfs_timeout=60s__300steps__02052026/evaluation_results/results_blocksworld_combined_timeout60s.csv
dfs_timeout=60s__300steps__02052026,60,1.0,02052026,PISAM,unclean,2,4,25,1.0,0.0,0.0,benchmark/data/new_experiments/blocks/dfs_timeout=60s__300steps__02052026/evaluation_results/results_blocksworld_combined_timeout60s.csv
dfs_timeout=60s__300steps__02052026,60,1.0,02052026,PO_ROSAME,unclean,2,4,25,0.0,1.0,0.0,benchmark/data/new_experiments/blocks/dfs_timeout=60s__300steps__02052026/evaluation_results/results_blocksworld_combined_timeout60s.csv
dfs_timeout=60s__300steps__02052026,60,1.0,02052026,PISAM,unclean,4,4,25,1.0,0.0,0.0,benchmark/data/new_experiments/blocks/dfs_timeout=60s__300steps__02052026/evaluation_results/results_blocksworld_combined_timeout60s.csv
dfs_timeout=60s__300steps__02052026,60,1.0,02052026,PO_ROSAME,unclean,4,4,25,1.0,0.0,0.0,benchmark/data/new_experiments/blocks/dfs_timeout=60s__300steps__02052026/evaluation_results/results_blocksworld_combined_timeout60s.csv
dfs_timeout=60s__300steps__02052026,60,1.0,02052026,PISAM,unclean,0,4,25,1.0,0.0,0.0,benchmark/data/new_experiments/blocks/dfs_timeout=60s__300steps__02052026/evaluation_results/results_blocksworld_combined_timeout60s.csv
dfs_timeout=60s__300steps__02052026,60,1.0,02052026,PO_ROSAME,unclean,0,4,25,1.0,0.0,0.0,benchmark/data/new_experiments/blocks/dfs_timeout=60s__300steps__02052026/evaluation_results/results_blocksworld_combined_timeout60s.csv
dfs_timeout=60s__300steps__02052026,60,1.0,02052026,PISAM,unclean,3,4,25,1.0,0.0,0.0,benchmark/data/new_experiments/blocks/dfs_timeout=60s__300steps__02052026/evaluation_results/results_blocksworld_combined_timeout60s.csv
dfs_timeout=60s__300steps__02052026,60,1.0,02052026,PO_ROSAME,unclean,3,4,25,1.0,0.0,0.0,benchmark/data/new_experiments/blocks/dfs_timeout=60s__300steps__02052026/evaluation_results/results_blocksworld_combined_timeout60s.csv
dfs_timeout=60s__300steps__02052026,60,1.0,02052026,PISAM,unclean,1,4,25,1.0,0.0,0.0,benchmark/data/new_experiments/blocks/dfs_timeout=60s__300steps__02052026/evaluation_results/results_blocksworld_combined_timeout60s.csv
dfs_timeout=60s__300steps__02052026,60,1.0,02052026,PO_ROSAME,unclean,1,4,25,0.0,0.0,0.0,benchmark/data/new_experiments/blocks/dfs_timeout=60s__300steps__02052026/evaluation_results/results_blocksworld_combined_timeout60s.csv
dfs_timeout=60s__300steps__02052026,60,1.0,02052026,PISAM,unclean,3,4,50,1.0,0.0,0.0,benchmark/data/new_experiments/blocks/dfs_timeout=60s__300steps__02052026/evaluation_results/results_blocksworld_combined_timeout60s.csv
dfs_timeout=60s__300steps__02052026,60,1.0,02052026,PO_ROSAME,unclean,3,4,50,1.0,0.0,0.0,benchmark/data/new_experiments/blocks/dfs_timeout=60s__300steps__02052026/evaluation_results/results_blocksworld_combined_timeout60s.csv
dfs_timeout=60s__300steps__02052026,60,1.0,02052026,PISAM,unclean,4,4,50,1.0,0.0,0.0,benchmark/data/new_experiments/blocks/dfs_timeout=60s__300steps__02052026/evaluation_results/results_blocksworld_combined_timeout60s.csv
dfs_timeout=60s__300steps__02052026,60,1.0,02052026,PO_ROSAME,unclean,4,4,50,1.0,0.0,0.0,benchmark/data/new_experiments/blocks/dfs_timeout=60s__300steps__02052026/evaluation_results/results_blocksworld_combined_timeout60s.csv
dfs_timeout=60s__300steps__02052026,60,1.0,02052026,PISAM,unclean,2,4,50,1.0,0.0,0.0,benchmark/data/new_experiments/blocks/dfs_timeout=60s__300steps__02052026/evaluation_results/results_blocksworld_combined_timeout60s.csv
dfs_timeout=60s__300steps__02052026,60,1.0,02052026,PO_ROSAME,unclean,2,4,50,0.0,0.0,0.0,benchmark/data/new_experiments/blocks/dfs_timeout=60s__300steps__02052026/evaluation_results/results_blocksworld_combined_timeout60s.csv
dfs_timeout=60s__300steps__02052026,60,1.0,02052026,PISAM,unclean,0,4,50,1.0,0.0,0.0,benchmark/data/new_experiments/blocks/dfs_timeout=60s__300steps__02052026/evaluation_results/results_blocksworld_combined_timeout60s.csv
dfs_timeout=60s__300steps__02052026,60,1.0,02052026,PO_ROSAME,unclean,0,4,50,1.0,0.0,0.0,benchmark/data/new_experiments/blocks/dfs_timeout=60s__300steps__02052026/evaluation_results/results_blocksworld_combined_timeout60s.csv
dfs_timeout=60s__300steps__02052026,60,1.0,02052026,PISAM,unclean,1,4,50,1.0,0.0,0.0,benchmark/data/new_experiments/blocks/dfs_timeout=60s__300steps__02052026/evaluation_results/results_blocksworld_combined_timeout60s.csv
dfs_timeout=60s__300steps__02052026,60,1.0,02052026,PO_ROSAME,unclean,1,4,50,0.0,0.0,0.0,benchmark/data/new_experiments/blocks/dfs_timeout=60s__300steps__02052026/evaluation_results/results_blocksworld_combined_timeout60s.csv
dfs_timeout=60s__300steps__02052026,60,1.0,02052026,PISAM,unclean,4,4,75,1.0,0.0,0.0,benchmark/data/new_experiments/blocks/dfs_timeout=60s__300steps__02052026/evaluation_results/results_blocksworld_combined_timeout60s.csv
dfs_timeout=60s__300steps__02052026,60,1.0,02052026,PO_ROSAME,unclean,4,4,75,1.0,0.0,0.0,benchmark/data/new_experiments/blocks/dfs_timeout=60s__300steps__02052026/evaluation_results/results_blocksworld_combined_timeout60s.csv
dfs_timeout=60s__300steps__02052026,60,1.0,02052026,PISAM,unclean,3,4,75,1.0,0.0,0.0,benchmark/data/new_experiments/blocks/dfs_timeout=60s__300steps__02052026/evaluation_results/results_blocksworld_combined_timeout60s.csv
dfs_timeout=60s__300steps__02052026,60,1.0,02052026,PO_ROSAME,unclean,3,4,75,1.0,0.0,0.0,benchmark/data/new_experiments/blocks/dfs_timeout=60s__300steps__02052026/evaluation_results/results_blocksworld_combined_timeout60s.csv
dfs_timeout=60s__300steps__02052026,60,1.0,02052026,PISAM,unclean,2,4,75,1.0,0.0,0.0,benchmark/data/new_experiments/blocks/dfs_timeout=60s__300steps__02052026/evaluation_results/results_blocksworld_combined_timeout60s.csv
dfs_timeout=60s__300steps__02052026,60,1.0,02052026,PO_ROSAME,unclean,2,4,75,0.0,0.0,0.0,benchmark/data/new_experiments/blocks/dfs_timeout=60s__300steps__02052026/evaluation_results/results_blocksworld_combined_timeout60s.csv
dfs_timeout=60s__300steps__02052026,60,1.0,02052026,PISAM,unclean,0,4,75,1.0,0.0,0.0,benchmark/data/new_experiments/blocks/dfs_timeout=60s__300steps__02052026/evaluation_results/results_blocksworld_combined_timeout60s.csv
dfs_timeout=60s__300steps__02052026,60,1.0,02052026,PO_ROSAME,unclean,0,4,75,1.0,0.0,0.0,benchmark/data/new_experiments/blocks/dfs_timeout=60s__300steps__02052026/evaluation_results/results_blocksworld_combined_timeout60s.csv
dfs_timeout=60s__300steps__02052026,60,1.0,02052026,PISAM,unclean,1,4,75,1.0,0.0,0.0,benchmark/data/new_experiments/blocks/dfs_timeout=60s__300steps__02052026/evaluation_results/results_blocksworld_combined_timeout60s.csv
dfs_timeout=60s__300steps__02052026,60,1.0,02052026,PO_ROSAME,unclean,1,4,75,0.0,0.0,0.0,benchmark/data/new_experiments/blocks/dfs_timeout=60s__300steps__02052026/evaluation_results/results_blocksworld_combined_timeout60s.csv
dfs_timeout=60s__300steps__02052026,60,1.0,02052026,PISAM,unclean,3,4,100,1.0,0.0,0.0,benchmark/data/new_experiments/blocks/dfs_timeout=60s__300steps__02052026/evaluation_results/results_blocksworld_combined_timeout60s.csv
dfs_timeout=60s__300steps__02052026,60,1.0,02052026,PO_ROSAME,unclean,3,4,100,1.0,0.0,0.0,benchmark/data/new_experiments/blocks/dfs_timeout=60s__300steps__02052026/evaluation_results/results_blocksworld_combined_timeout60s.csv
dfs_timeout=60s__300steps__02052026,60,1.0,02052026,PISAM,unclean,0,4,100,1.0,0.0,0.0,benchmark/data/new_experiments/blocks/dfs_timeout=60s__300steps__02052026/evaluation_results/results_blocksworld_combined_timeout60s.csv
dfs_timeout=60s__300steps__02052026,60,1.0,02052026,PO_ROSAME,unclean,0,4,100,1.0,0.0,0.0,benchmark/data/new_experiments/blocks/dfs_timeout=60s__300steps__02052026/evaluation_results/results_blocksworld_combined_timeout60s.csv
dfs_timeout=60s__300steps__02052026,60,1.0,02052026,PISAM,unclean,4,4,100,1.0,0.0,0.0,benchmark/data/new_experiments/blocks/dfs_timeout=60s__300steps__02052026/evaluation_results/results_blocksworld_combined_timeout60s.csv
dfs_timeout=60s__300steps__02052026,60,1.0,02052026,PO_ROSAME,unclean,4,4,100,1.0,0.0,0.0,benchmark/data/new_experiments/blocks/dfs_timeout=60s__300steps__02052026/evaluation_results/results_blocksworld_combined_timeout60s.csv
dfs_timeout=60s__300steps__02052026,60,1.0,02052026,PISAM,unclean,2,4,100,1.0,0.0,0.0,benchmark/data/new_experiments/blocks/dfs_timeout=60s__300steps__02052026/evaluation_results/results_blocksworld_combined_timeout60s.csv
dfs_timeout=60s__300steps__02052026,60,1.0,02052026,PO_ROSAME,unclean,2,4,100,0.0,1.0,0.0,benchmark/data/new_experiments/blocks/dfs_timeout=60s__300steps__02052026/evaluation_results/results_blocksworld_combined_timeout60s.csv
dfs_timeout=60s__300steps__02052026,60,1.0,02052026,PISAM,unclean,1,4,100,1.0,0.0,0.0,benchmark/data/new_experiments/blocks/dfs_timeout=60s__300steps__02052026/evaluation_results/results_blocksworld_combined_timeout60s.csv
dfs_timeout=60s__300steps__02052026,60,1.0,02052026,PO_ROSAME,unclean,1,4,100,0.0,1.0,0.0,benchmark/data/new_experiments/blocks/dfs_timeout=60s__300steps__02052026/evaluation_results/results_blocksworld_combined_timeout60s.csv
dfs_timeout=60s__300steps__02052026,60,1.0,02052026,PISAM,unclean,4,5,0,0.0,1.0,0.0,benchmark/data/new_experiments/blocks/dfs_timeout=60s__300steps__02052026/evaluation_results/results_blocksworld_combined_timeout60s.csv
dfs_timeout=60s__300steps__02052026,60,1.0,02052026,PO_ROSAME,unclean,4,5,0,0.0,0.0,0.0,benchmark/data/new_experiments/blocks/dfs_timeout=60s__300steps__02052026/evaluation_results/results_blocksworld_combined_timeout60s.csv
dfs_timeout=60s__300steps__02052026,60,1.0,02052026,PISAM,unclean,3,5,0,0.0,1.0,0.0,benchmark/data/new_experiments/blocks/dfs_timeout=60s__300steps__02052026/evaluation_results/results_blocksworld_combined_timeout60s.csv
dfs_timeout=60s__300steps__02052026,60,1.0,02052026,PO_ROSAME,unclean,3,5,0,0.0,0.0,0.0,benchmark/data/new_experiments/blocks/dfs_timeout=60s__300steps__02052026/evaluation_results/results_blocksworld_combined_timeout60s.csv
dfs_timeout=60s__300steps__02052026,60,1.0,02052026,PISAM,unclean,1,5,0,0.0,1.0,0.0,benchmark/data/new_experiments/blocks/dfs_timeout=60s__300steps__02052026/evaluation_results/results_blocksworld_combined_timeout60s.csv
dfs_timeout=60s__300steps__02052026,60,1.0,02052026,PO_ROSAME,unclean,1,5,0,1.0,0.0,0.0,benchmark/data/new_experiments/blocks/dfs_timeout=60s__300steps__02052026/evaluation_results/results_blocksworld_combined_timeout60s.csv
dfs_timeout=60s__300steps__02052026,60,1.0,02052026,PISAM,unclean,0,5,0,0.5,0.5,0.0,benchmark/data/new_experiments/blocks/dfs_timeout=60s__300steps__02052026/evaluation_results/results_blocksworld_combined_timeout60s.csv
dfs_timeout=60s__300steps__02052026,60,1.0,02052026,PO_ROSAME,unclean,0,5,0,0.0,0.0,0.0,benchmark/data/new_experiments/blocks/dfs_timeout=60s__300steps__02052026/evaluation_results/results_blocksworld_combined_timeout60s.csv
dfs_timeout=60s__300steps__02052026,60,1.0,02052026,PISAM,unclean,2,5,0,0.0,1.0,0.0,benchmark/data/new_experiments/blocks/dfs_timeout=60s__300steps__02052026/evaluation_results/results_blocksworld_combined_timeout60s.csv
dfs_timeout=60s__300steps__02052026,60,1.0,02052026,PO_ROSAME,unclean,2,5,0,0.0,1.0,0.0,benchmark/data/new_experiments/blocks/dfs_timeout=60s__300steps__02052026/evaluation_results/results_blocksworld_combined_timeout60s.csv
dfs_timeout=60s__300steps__02052026,60,1.0,02052026,PISAM,unclean,2,5,10,1.0,0.0,0.0,benchmark/data/new_experiments/blocks/dfs_timeout=60s__300steps__02052026/evaluation_results/results_blocksworld_combined_timeout60s.csv
dfs_timeout=60s__300steps__02052026,60,1.0,02052026,PO_ROSAME,unclean,2,5,10,1.0,0.0,0.0,benchmark/data/new_experiments/blocks/dfs_timeout=60s__300steps__02052026/evaluation_results/results_blocksworld_combined_timeout60s.csv
dfs_timeout=60s__300steps__02052026,60,1.0,02052026,PISAM,unclean,4,5,10,1.0,0.0,0.0,benchmark/data/new_experiments/blocks/dfs_timeout=60s__300steps__02052026/evaluation_results/results_blocksworld_combined_timeout60s.csv
dfs_timeout=60s__300steps__02052026,60,1.0,02052026,PO_ROSAME,unclean,4,5,10,0.0,1.0,0.0,benchmark/data/new_experiments/blocks/dfs_timeout=60s__300steps__02052026/evaluation_results/results_blocksworld_combined_timeout60s.csv
dfs_timeout=60s__300steps__02052026,60,1.0,02052026,PISAM,unclean,0,5,10,1.0,0.0,0.0,benchmark/data/new_experiments/blocks/dfs_timeout=60s__300steps__02052026/evaluation_results/results_blocksworld_combined_timeout60s.csv
dfs_timeout=60s__300steps__02052026,60,1.0,02052026,PO_ROSAME,unclean,0,5,10,0.0,0.0,0.0,benchmark/data/new_experiments/blocks/dfs_timeout=60s__300steps__02052026/evaluation_results/results_blocksworld_combined_timeout60s.csv
dfs_timeout=60s__300steps__02052026,60,1.0,02052026,PISAM,unclean,1,5,10,1.0,0.0,0.0,benchmark/data/new_experiments/blocks/dfs_timeout=60s__300steps__02052026/evaluation_results/results_blocksworld_combined_timeout60s.csv
dfs_timeout=60s__300steps__02052026,60,1.0,02052026,PO_ROSAME,unclean,1,5,10,0.0,0.0,1.0,benchmark/data/new_experiments/blocks/dfs_timeout=60s__300steps__02052026/evaluation_results/results_blocksworld_combined_timeout60s.csv
dfs_timeout=60s__300steps__02052026,60,1.0,02052026,PISAM,unclean,3,5,10,1.0,0.0,0.0,benchmark/data/new_experiments/blocks/dfs_timeout=60s__300steps__02052026/evaluation_results/results_blocksworld_combined_timeout60s.csv
dfs_timeout=60s__300steps__02052026,60,1.0,02052026,PO_ROSAME,unclean,3,5,10,0.0,0.0,0.0,benchmark/data/new_experiments/blocks/dfs_timeout=60s__300steps__02052026/evaluation_results/results_blocksworld_combined_timeout60s.csv
dfs_timeout=60s__300steps__02052026,60,1.0,02052026,PISAM,unclean,3,5,25,1.0,0.0,0.0,benchmark/data/new_experiments/blocks/dfs_timeout=60s__300steps__02052026/evaluation_results/results_blocksworld_combined_timeout60s.csv
dfs_timeout=60s__300steps__02052026,60,1.0,02052026,PO_ROSAME,unclean,3,5,25,0.0,0.0,0.0,benchmark/data/new_experiments/blocks/dfs_timeout=60s__300steps__02052026/evaluation_results/results_blocksworld_combined_timeout60s.csv
dfs_timeout=60s__300steps__02052026,60,1.0,02052026,PISAM,unclean,1,5,25,1.0,0.0,0.0,benchmark/data/new_experiments/blocks/dfs_timeout=60s__300steps__02052026/evaluation_results/results_blocksworld_combined_timeout60s.csv
dfs_timeout=60s__300steps__02052026,60,1.0,02052026,PO_ROSAME,unclean,1,5,25,0.0,0.0,1.0,benchmark/data/new_experiments/blocks/dfs_timeout=60s__300steps__02052026/evaluation_results/results_blocksworld_combined_timeout60s.csv
dfs_timeout=60s__300steps__02052026,60,1.0,02052026,PISAM,unclean,0,5,25,1.0,0.0,0.0,benchmark/data/new_experiments/blocks/dfs_timeout=60s__300steps__02052026/evaluation_results/results_blocksworld_combined_timeout60s.csv
dfs_timeout=60s__300steps__02052026,60,1.0,02052026,PO_ROSAME,unclean,0,5,25,0.0,1.0,0.0,benchmark/data/new_experiments/blocks/dfs_timeout=60s__300steps__02052026/evaluation_results/results_blocksworld_combined_timeout60s.csv
dfs_timeout=60s__300steps__02052026,60,1.0,02052026,PISAM,unclean,2,5,25,1.0,0.0,0.0,benchmark/data/new_experiments/blocks/dfs_timeout=60s__300steps__02052026/evaluation_results/results_blocksworld_combined_timeout60s.csv
dfs_timeout=60s__300steps__02052026,60,1.0,02052026,PO_ROSAME,unclean,2,5,25,1.0,0.0,0.0,benchmark/data/new_experiments/blocks/dfs_timeout=60s__300steps__02052026/evaluation_results/results_blocksworld_combined_timeout60s.csv
dfs_timeout=60s__300steps__02052026,60,1.0,02052026,PISAM,unclean,4,5,25,1.0,0.0,0.0,benchmark/data/new_experiments/blocks/dfs_timeout=60s__300steps__02052026/evaluation_results/results_blocksworld_combined_timeout60s.csv
dfs_timeout=60s__300steps__02052026,60,1.0,02052026,PO_ROSAME,unclean,4,5,25,0.0,1.0,0.0,benchmark/data/new_experiments/blocks/dfs_timeout=60s__300steps__02052026/evaluation_results/results_blocksworld_combined_timeout60s.csv
dfs_timeout=60s__300steps__02052026,60,1.0,02052026,PISAM,unclean,3,5,50,1.0,0.0,0.0,benchmark/data/new_experiments/blocks/dfs_timeout=60s__300steps__02052026/evaluation_results/results_blocksworld_combined_timeout60s.csv
dfs_timeout=60s__300steps__02052026,60,1.0,02052026,PO_ROSAME,unclean,3,5,50,0.0,0.0,0.0,benchmark/data/new_experiments/blocks/dfs_timeout=60s__300steps__02052026/evaluation_results/results_blocksworld_combined_timeout60s.csv
dfs_timeout=60s__300steps__02052026,60,1.0,02052026,PISAM,unclean,0,5,50,1.0,0.0,0.0,benchmark/data/new_experiments/blocks/dfs_timeout=60s__300steps__02052026/evaluation_results/results_blocksworld_combined_timeout60s.csv
dfs_timeout=60s__300steps__02052026,60,1.0,02052026,PO_ROSAME,unclean,0,5,50,0.0,0.0,0.0,benchmark/data/new_experiments/blocks/dfs_timeout=60s__300steps__02052026/evaluation_results/results_blocksworld_combined_timeout60s.csv
dfs_timeout=60s__300steps__02052026,60,1.0,02052026,PISAM,unclean,4,5,50,1.0,0.0,0.0,benchmark/data/new_experiments/blocks/dfs_timeout=60s__300steps__02052026/evaluation_results/results_blocksworld_combined_timeout60s.csv
dfs_timeout=60s__300steps__02052026,60,1.0,02052026,PO_ROSAME,unclean,4,5,50,0.0,0.0,0.0,benchmark/data/new_experiments/blocks/dfs_timeout=60s__300steps__02052026/evaluation_results/results_blocksworld_combined_timeout60s.csv
dfs_timeout=60s__300steps__02052026,60,1.0,02052026,PISAM,unclean,1,5,50,1.0,0.0,0.0,benchmark/data/new_experiments/blocks/dfs_timeout=60s__300steps__02052026/evaluation_results/results_blocksworld_combined_timeout60s.csv
dfs_timeout=60s__300steps__02052026,60,1.0,02052026,PO_ROSAME,unclean,1,5,50,0.0,0.0,1.0,benchmark/data/new_experiments/blocks/dfs_timeout=60s__300steps__02052026/evaluation_results/results_blocksworld_combined_timeout60s.csv
dfs_timeout=60s__300steps__02052026,60,1.0,02052026,PISAM,unclean,2,5,50,1.0,0.0,0.0,benchmark/data/new_experiments/blocks/dfs_timeout=60s__300steps__02052026/evaluation_results/results_blocksworld_combined_timeout60s.csv
dfs_timeout=60s__300steps__02052026,60,1.0,02052026,PO_ROSAME,unclean,2,5,50,1.0,0.0,0.0,benchmark/data/new_experiments/blocks/dfs_timeout=60s__300steps__02052026/evaluation_results/results_blocksworld_combined_timeout60s.csv
dfs_timeout=60s__300steps__02052026,60,1.0,02052026,PISAM,unclean,0,5,75,1.0,0.0,0.0,benchmark/data/new_experiments/blocks/dfs_timeout=60s__300steps__02052026/evaluation_results/results_blocksworld_combined_timeout60s.csv
dfs_timeout=60s__300steps__02052026,60,1.0,02052026,PO_ROSAME,unclean,0,5,75,0.0,1.0,0.0,benchmark/data/new_experiments/blocks/dfs_timeout=60s__300steps__02052026/evaluation_results/results_blocksworld_combined_timeout60s.csv
dfs_timeout=60s__300steps__02052026,60,1.0,02052026,PISAM,unclean,4,5,75,1.0,0.0,0.0,benchmark/data/new_experiments/blocks/dfs_timeout=60s__300steps__02052026/evaluation_results/results_blocksworld_combined_timeout60s.csv
dfs_timeout=60s__300steps__02052026,60,1.0,02052026,PO_ROSAME,unclean,4,5,75,0.0,0.0,0.0,benchmark/data/new_experiments/blocks/dfs_timeout=60s__300steps__02052026/evaluation_results/results_blocksworld_combined_timeout60s.csv
dfs_timeout=60s__300steps__02052026,60,1.0,02052026,PISAM,unclean,1,5,75,1.0,0.0,0.0,benchmark/data/new_experiments/blocks/dfs_timeout=60s__300steps__02052026/evaluation_results/results_blocksworld_combined_timeout60s.csv
dfs_timeout=60s__300steps__02052026,60,1.0,02052026,PO_ROSAME,unclean,1,5,75,0.0,0.0,1.0,benchmark/data/new_experiments/blocks/dfs_timeout=60s__300steps__02052026/evaluation_results/results_blocksworld_combined_timeout60s.csv
dfs_timeout=60s__300steps__02052026,60,1.0,02052026,PISAM,unclean,2,5,75,1.0,0.0,0.0,benchmark/data/new_experiments/blocks/dfs_timeout=60s__300steps__02052026/evaluation_results/results_blocksworld_combined_timeout60s.csv
dfs_timeout=60s__300steps__02052026,60,1.0,02052026,PO_ROSAME,unclean,2,5,75,1.0,0.0,0.0,benchmark/data/new_experiments/blocks/dfs_timeout=60s__300steps__02052026/evaluation_results/results_blocksworld_combined_timeout60s.csv
dfs_timeout=60s__300steps__02052026,60,1.0,02052026,PISAM,unclean,3,5,75,1.0,0.0,0.0,benchmark/data/new_experiments/blocks/dfs_timeout=60s__300steps__02052026/evaluation_results/results_blocksworld_combined_timeout60s.csv
dfs_timeout=60s__300steps__02052026,60,1.0,02052026,PO_ROSAME,unclean,3,5,75,0.0,1.0,0.0,benchmark/data/new_experiments/blocks/dfs_timeout=60s__300steps__02052026/evaluation_results/results_blocksworld_combined_timeout60s.csv
dfs_timeout=60s__300steps__02052026,60,1.0,02052026,PISAM,unclean,1,5,100,1.0,0.0,0.0,benchmark/data/new_experiments/blocks/dfs_timeout=60s__300steps__02052026/evaluation_results/results_blocksworld_combined_timeout60s.csv
dfs_timeout=60s__300steps__02052026,60,1.0,02052026,PO_ROSAME,unclean,1,5,100,0.0,0.0,1.0,benchmark/data/new_experiments/blocks/dfs_timeout=60s__300steps__02052026/evaluation_results/results_blocksworld_combined_timeout60s.csv
dfs_timeout=60s__300steps__02052026,60,1.0,02052026,PISAM,unclean,0,5,100,1.0,0.0,0.0,benchmark/data/new_experiments/blocks/dfs_timeout=60s__300steps__02052026/evaluation_results/results_blocksworld_combined_timeout60s.csv
dfs_timeout=60s__300steps__02052026,60,1.0,02052026,PO_ROSAME,unclean,0,5,100,0.0,1.0,0.0,benchmark/data/new_experiments/blocks/dfs_timeout=60s__300steps__02052026/evaluation_results/results_blocksworld_combined_timeout60s.csv
dfs_timeout=60s__300steps__02052026,60,1.0,02052026,PISAM,unclean,3,5,100,1.0,0.0,0.0,benchmark/data/new_experiments/blocks/dfs_timeout=60s__300steps__02052026/evaluation_results/results_blocksworld_combined_timeout60s.csv
dfs_timeout=60s__300steps__02052026,60,1.0,02052026,PO_ROSAME,unclean,3,5,100,0.0,1.0,0.0,benchmark/data/new_experiments/blocks/dfs_timeout=60s__300steps__02052026/evaluation_results/results_blocksworld_combined_timeout60s.csv
dfs_timeout=60s__300steps__02052026,60,1.0,02052026,PISAM,unclean,4,5,100,1.0,0.0,0.0,benchmark/data/new_experiments/blocks/dfs_timeout=60s__300steps__02052026/evaluation_results/results_blocksworld_combined_timeout60s.csv
dfs_timeout=60s__300steps__02052026,60,1.0,02052026,PO_ROSAME,unclean,4,5,100,0.0,1.0,0.0,benchmark/data/new_experiments/blocks/dfs_timeout=60s__300steps__02052026/evaluation_results/results_blocksworld_combined_timeout60s.csv
dfs_timeout=60s__300steps__02052026,60,1.0,02052026,PISAM,unclean,2,5,100,1.0,0.0,0.0,benchmark/data/new_experiments/blocks/dfs_timeout=60s__300steps__02052026/evaluation_results/results_blocksworld_combined_timeout60s.csv
dfs_timeout=60s__300steps__02052026,60,1.0,02052026,PO_ROSAME,unclean,2,5,100,1.0,0.0,0.0,benchmark/data/new_experiments/blocks/dfs_timeout=60s__300steps__02052026/evaluation_results/results_blocksworld_combined_timeout60s.csv
dfs_timeout=60s__300steps__02052026,60,1.0,02052026,PISAM,unclean,1,6,0,0.0,1.0,0.0,benchmark/data/new_experiments/blocks/dfs_timeout=60s__300steps__02052026/evaluation_results/results_blocksworld_combined_timeout60s.csv
dfs_timeout=60s__300steps__02052026,60,1.0,02052026,PO_ROSAME,unclean,1,6,0,0.0,0.0,1.0,benchmark/data/new_experiments/blocks/dfs_timeout=60s__300steps__02052026/evaluation_results/results_blocksworld_combined_timeout60s.csv
dfs_timeout=60s__300steps__02052026,60,1.0,02052026,PISAM,unclean,2,6,0,0.0,1.0,0.0,benchmark/data/new_experiments/blocks/dfs_timeout=60s__300steps__02052026/evaluation_results/results_blocksworld_combined_timeout60s.csv
dfs_timeout=60s__300steps__02052026,60,1.0,02052026,PO_ROSAME,unclean,2,6,0,0.0,0.0,1.0,benchmark/data/new_experiments/blocks/dfs_timeout=60s__300steps__02052026/evaluation_results/results_blocksworld_combined_timeout60s.csv
dfs_timeout=60s__300steps__02052026,60,1.0,02052026,PISAM,unclean,3,6,0,0.0,1.0,0.0,benchmark/data/new_experiments/blocks/dfs_timeout=60s__300steps__02052026/evaluation_results/results_blocksworld_combined_timeout60s.csv
dfs_timeout=60s__300steps__02052026,60,1.0,02052026,PO_ROSAME,unclean,3,6,0,0.0,0.0,1.0,benchmark/data/new_experiments/blocks/dfs_timeout=60s__300steps__02052026/evaluation_results/results_blocksworld_combined_timeout60s.csv
dfs_timeout=60s__300steps__02052026,60,1.0,02052026,PISAM,unclean,4,6,0,0.0,1.0,0.0,benchmark/data/new_experiments/blocks/dfs_timeout=60s__300steps__02052026/evaluation_results/results_blocksworld_combined_timeout60s.csv
dfs_timeout=60s__300steps__02052026,60,1.0,02052026,PO_ROSAME,unclean,4,6,0,0.0,0.0,1.0,benchmark/data/new_experiments/blocks/dfs_timeout=60s__300steps__02052026/evaluation_results/results_blocksworld_combined_timeout60s.csv
dfs_timeout=60s__300steps__02052026,60,1.0,02052026,PISAM,unclean,0,6,0,0.0,1.0,0.0,benchmark/data/new_experiments/blocks/dfs_timeout=60s__300steps__02052026/evaluation_results/results_blocksworld_combined_timeout60s.csv
dfs_timeout=60s__300steps__02052026,60,1.0,02052026,PO_ROSAME,unclean,0,6,0,0.0,1.0,0.0,benchmark/data/new_experiments/blocks/dfs_timeout=60s__300steps__02052026/evaluation_results/results_blocksworld_combined_timeout60s.csv
dfs_timeout=60s__300steps__02052026,60,1.0,02052026,PISAM,unclean,4,6,10,1.0,0.0,0.0,benchmark/data/new_experiments/blocks/dfs_timeout=60s__300steps__02052026/evaluation_results/results_blocksworld_combined_timeout60s.csv
dfs_timeout=60s__300steps__02052026,60,1.0,02052026,PO_ROSAME,unclean,4,6,10,1.0,0.0,0.0,benchmark/data/new_experiments/blocks/dfs_timeout=60s__300steps__02052026/evaluation_results/results_blocksworld_combined_timeout60s.csv
dfs_timeout=60s__300steps__02052026,60,1.0,02052026,PISAM,unclean,2,6,10,1.0,0.0,0.0,benchmark/data/new_experiments/blocks/dfs_timeout=60s__300steps__02052026/evaluation_results/results_blocksworld_combined_timeout60s.csv
dfs_timeout=60s__300steps__02052026,60,1.0,02052026,PO_ROSAME,unclean,2,6,10,1.0,0.0,0.0,benchmark/data/new_experiments/blocks/dfs_timeout=60s__300steps__02052026/evaluation_results/results_blocksworld_combined_timeout60s.csv
dfs_timeout=60s__300steps__02052026,60,1.0,02052026,PISAM,unclean,0,6,10,1.0,0.0,0.0,benchmark/data/new_experiments/blocks/dfs_timeout=60s__300steps__02052026/evaluation_results/results_blocksworld_combined_timeout60s.csv
dfs_timeout=60s__300steps__02052026,60,1.0,02052026,PO_ROSAME,unclean,0,6,10,1.0,0.0,0.0,benchmark/data/new_experiments/blocks/dfs_timeout=60s__300steps__02052026/evaluation_results/results_blocksworld_combined_timeout60s.csv
dfs_timeout=60s__300steps__02052026,60,1.0,02052026,PISAM,unclean,1,6,10,1.0,0.0,0.0,benchmark/data/new_experiments/blocks/dfs_timeout=60s__300steps__02052026/evaluation_results/results_blocksworld_combined_timeout60s.csv
dfs_timeout=60s__300steps__02052026,60,1.0,02052026,PO_ROSAME,unclean,1,6,10,1.0,0.0,0.0,benchmark/data/new_experiments/blocks/dfs_timeout=60s__300steps__02052026/evaluation_results/results_blocksworld_combined_timeout60s.csv
dfs_timeout=60s__300steps__02052026,60,1.0,02052026,PISAM,unclean,3,6,10,1.0,0.0,0.0,benchmark/data/new_experiments/blocks/dfs_timeout=60s__300steps__02052026/evaluation_results/results_blocksworld_combined_timeout60s.csv
dfs_timeout=60s__300steps__02052026,60,1.0,02052026,PO_ROSAME,unclean,3,6,10,0.5,0.0,0.5,benchmark/data/new_experiments/blocks/dfs_timeout=60s__300steps__02052026/evaluation_results/results_blocksworld_combined_timeout60s.csv
dfs_timeout=60s__300steps__02052026,60,1.0,02052026,PISAM,unclean,4,6,25,1.0,0.0,0.0,benchmark/data/new_experiments/blocks/dfs_timeout=60s__300steps__02052026/evaluation_results/results_blocksworld_combined_timeout60s.csv
dfs_timeout=60s__300steps__02052026,60,1.0,02052026,PO_ROSAME,unclean,4,6,25,1.0,0.0,0.0,benchmark/data/new_experiments/blocks/dfs_timeout=60s__300steps__02052026/evaluation_results/results_blocksworld_combined_timeout60s.csv
dfs_timeout=60s__300steps__02052026,60,1.0,02052026,PISAM,unclean,1,6,25,1.0,0.0,0.0,benchmark/data/new_experiments/blocks/dfs_timeout=60s__300steps__02052026/evaluation_results/results_blocksworld_combined_timeout60s.csv
dfs_timeout=60s__300steps__02052026,60,1.0,02052026,PO_ROSAME,unclean,1,6,25,1.0,0.0,0.0,benchmark/data/new_experiments/blocks/dfs_timeout=60s__300steps__02052026/evaluation_results/results_blocksworld_combined_timeout60s.csv
dfs_timeout=60s__300steps__02052026,60,1.0,02052026,PISAM,unclean,0,6,25,1.0,0.0,0.0,benchmark/data/new_experiments/blocks/dfs_timeout=60s__300steps__02052026/evaluation_results/results_blocksworld_combined_timeout60s.csv
dfs_timeout=60s__300steps__02052026,60,1.0,02052026,PO_ROSAME,unclean,0,6,25,1.0,0.0,0.0,benchmark/data/new_experiments/blocks/dfs_timeout=60s__300steps__02052026/evaluation_results/results_blocksworld_combined_timeout60s.csv
dfs_timeout=60s__300steps__02052026,60,1.0,02052026,PISAM,unclean,2,6,25,1.0,0.0,0.0,benchmark/data/new_experiments/blocks/dfs_timeout=60s__300steps__02052026/evaluation_results/results_blocksworld_combined_timeout60s.csv
dfs_timeout=60s__300steps__02052026,60,1.0,02052026,PO_ROSAME,unclean,2,6,25,1.0,0.0,0.0,benchmark/data/new_experiments/blocks/dfs_timeout=60s__300steps__02052026/evaluation_results/results_blocksworld_combined_timeout60s.csv
dfs_timeout=60s__300steps__02052026,60,1.0,02052026,PISAM,unclean,3,6,25,1.0,0.0,0.0,benchmark/data/new_experiments/blocks/dfs_timeout=60s__300steps__02052026/evaluation_results/results_blocksworld_combined_timeout60s.csv
dfs_timeout=60s__300steps__02052026,60,1.0,02052026,PO_ROSAME,unclean,3,6,25,1.0,0.0,0.0,benchmark/data/new_experiments/blocks/dfs_timeout=60s__300steps__02052026/evaluation_results/results_blocksworld_combined_timeout60s.csv
dfs_timeout=60s__300steps__02052026,60,1.0,02052026,PISAM,unclean,3,6,50,1.0,0.0,0.0,benchmark/data/new_experiments/blocks/dfs_timeout=60s__300steps__02052026/evaluation_results/results_blocksworld_combined_timeout60s.csv
dfs_timeout=60s__300steps__02052026,60,1.0,02052026,PO_ROSAME,unclean,3,6,50,0.5,0.0,0.5,benchmark/data/new_experiments/blocks/dfs_timeout=60s__300steps__02052026/evaluation_results/results_blocksworld_combined_timeout60s.csv
dfs_timeout=60s__300steps__02052026,60,1.0,02052026,PISAM,unclean,4,6,50,1.0,0.0,0.0,benchmark/data/new_experiments/blocks/dfs_timeout=60s__300steps__02052026/evaluation_results/results_blocksworld_combined_timeout60s.csv
dfs_timeout=60s__300steps__02052026,60,1.0,02052026,PO_ROSAME,unclean,4,6,50,1.0,0.0,0.0,benchmark/data/new_experiments/blocks/dfs_timeout=60s__300steps__02052026/evaluation_results/results_blocksworld_combined_timeout60s.csv
dfs_timeout=60s__300steps__02052026,60,1.0,02052026,PISAM,unclean,1,6,50,1.0,0.0,0.0,benchmark/data/new_experiments/blocks/dfs_timeout=60s__300steps__02052026/evaluation_results/results_blocksworld_combined_timeout60s.csv
dfs_timeout=60s__300steps__02052026,60,1.0,02052026,PO_ROSAME,unclean,1,6,50,1.0,0.0,0.0,benchmark/data/new_experiments/blocks/dfs_timeout=60s__300steps__02052026/evaluation_results/results_blocksworld_combined_timeout60s.csv
dfs_timeout=60s__300steps__02052026,60,1.0,02052026,PISAM,unclean,2,6,50,1.0,0.0,0.0,benchmark/data/new_experiments/blocks/dfs_timeout=60s__300steps__02052026/evaluation_results/results_blocksworld_combined_timeout60s.csv
dfs_timeout=60s__300steps__02052026,60,1.0,02052026,PO_ROSAME,unclean,2,6,50,1.0,0.0,0.0,benchmark/data/new_experiments/blocks/dfs_timeout=60s__300steps__02052026/evaluation_results/results_blocksworld_combined_timeout60s.csv
dfs_timeout=60s__300steps__02052026,60,1.0,02052026,PISAM,unclean,0,6,50,1.0,0.0,0.0,benchmark/data/new_experiments/blocks/dfs_timeout=60s__300steps__02052026/evaluation_results/results_blocksworld_combined_timeout60s.csv
dfs_timeout=60s__300steps__02052026,60,1.0,02052026,PO_ROSAME,unclean,0,6,50,1.0,0.0,0.0,benchmark/data/new_experiments/blocks/dfs_timeout=60s__300steps__02052026/evaluation_results/results_blocksworld_combined_timeout60s.csv
dfs_timeout=60s__300steps__02052026,60,1.0,02052026,PISAM,unclean,0,6,75,1.0,0.0,0.0,benchmark/data/new_experiments/blocks/dfs_timeout=60s__300steps__02052026/evaluation_results/results_blocksworld_combined_timeout60s.csv
dfs_timeout=60s__300steps__02052026,60,1.0,02052026,PO_ROSAME,unclean,0,6,75,1.0,0.0,0.0,benchmark/data/new_experiments/blocks/dfs_timeout=60s__300steps__02052026/evaluation_results/results_blocksworld_combined_timeout60s.csv
dfs_timeout=60s__300steps__02052026,60,1.0,02052026,PISAM,unclean,3,6,75,1.0,0.0,0.0,benchmark/data/new_experiments/blocks/dfs_timeout=60s__300steps__02052026/evaluation_results/results_blocksworld_combined_timeout60s.csv
dfs_timeout=60s__300steps__02052026,60,1.0,02052026,PO_ROSAME,unclean,3,6,75,1.0,0.0,0.0,benchmark/data/new_experiments/blocks/dfs_timeout=60s__300steps__02052026/evaluation_results/results_blocksworld_combined_timeout60s.csv
dfs_timeout=60s__300steps__02052026,60,1.0,02052026,PISAM,unclean,2,6,75,1.0,0.0,0.0,benchmark/data/new_experiments/blocks/dfs_timeout=60s__300steps__02052026/evaluation_results/results_blocksworld_combined_timeout60s.csv
dfs_timeout=60s__300steps__02052026,60,1.0,02052026,PO_ROSAME,unclean,2,6,75,1.0,0.0,0.0,benchmark/data/new_experiments/blocks/dfs_timeout=60s__300steps__02052026/evaluation_results/results_blocksworld_combined_timeout60s.csv
dfs_timeout=60s__300steps__02052026,60,1.0,02052026,PISAM,unclean,4,6,75,1.0,0.0,0.0,benchmark/data/new_experiments/blocks/dfs_timeout=60s__300steps__02052026/evaluation_results/results_blocksworld_combined_timeout60s.csv
dfs_timeout=60s__300steps__02052026,60,1.0,02052026,PO_ROSAME,unclean,4,6,75,1.0,0.0,0.0,benchmark/data/new_experiments/blocks/dfs_timeout=60s__300steps__02052026/evaluation_results/results_blocksworld_combined_timeout60s.csv
dfs_timeout=60s__300steps__02052026,60,1.0,02052026,PISAM,unclean,1,6,75,1.0,0.0,0.0,benchmark/data/new_experiments/blocks/dfs_timeout=60s__300steps__02052026/evaluation_results/results_blocksworld_combined_timeout60s.csv
dfs_timeout=60s__300steps__02052026,60,1.0,02052026,PO_ROSAME,unclean,1,6,75,1.0,0.0,0.0,benchmark/data/new_experiments/blocks/dfs_timeout=60s__300steps__02052026/evaluation_results/results_blocksworld_combined_timeout60s.csv
dfs_timeout=60s__300steps__02052026,60,1.0,02052026,PISAM,unclean,0,6,100,1.0,0.0,0.0,benchmark/data/new_experiments/blocks/dfs_timeout=60s__300steps__02052026/evaluation_results/results_blocksworld_combined_timeout60s.csv
dfs_timeout=60s__300steps__02052026,60,1.0,02052026,PO_ROSAME,unclean,0,6,100,1.0,0.0,0.0,benchmark/data/new_experiments/blocks/dfs_timeout=60s__300steps__02052026/evaluation_results/results_blocksworld_combined_timeout60s.csv
dfs_timeout=60s__300steps__02052026,60,1.0,02052026,PISAM,unclean,4,6,100,1.0,0.0,0.0,benchmark/data/new_experiments/blocks/dfs_timeout=60s__300steps__02052026/evaluation_results/results_blocksworld_combined_timeout60s.csv
dfs_timeout=60s__300steps__02052026,60,1.0,02052026,PO_ROSAME,unclean,4,6,100,1.0,0.0,0.0,benchmark/data/new_experiments/blocks/dfs_timeout=60s__300steps__02052026/evaluation_results/results_blocksworld_combined_timeout60s.csv
dfs_timeout=60s__300steps__02052026,60,1.0,02052026,PISAM,unclean,2,6,100,1.0,0.0,0.0,benchmark/data/new_experiments/blocks/dfs_timeout=60s__300steps__02052026/evaluation_results/results_blocksworld_combined_timeout60s.csv
dfs_timeout=60s__300steps__02052026,60,1.0,02052026,PO_ROSAME,unclean,2,6,100,1.0,0.0,0.0,benchmark/data/new_experiments/blocks/dfs_timeout=60s__300steps__02052026/evaluation_results/results_blocksworld_combined_timeout60s.csv
dfs_timeout=60s__300steps__02052026,60,1.0,02052026,PISAM,unclean,3,6,100,1.0,0.0,0.0,benchmark/data/new_experiments/blocks/dfs_timeout=60s__300steps__02052026/evaluation_results/results_blocksworld_combined_timeout60s.csv
dfs_timeout=60s__300steps__02052026,60,1.0,02052026,PO_ROSAME,unclean,3,6,100,0.5,0.0,0.5,benchmark/data/new_experiments/blocks/dfs_timeout=60s__300steps__02052026/evaluation_results/results_blocksworld_combined_timeout60s.csv
dfs_timeout=60s__300steps__02052026,60,1.0,02052026,PISAM,unclean,1,6,100,1.0,0.0,0.0,benchmark/data/new_experiments/blocks/dfs_timeout=60s__300steps__02052026/evaluation_results/results_blocksworld_combined_timeout60s.csv
dfs_timeout=60s__300steps__02052026,60,1.0,02052026,PO_ROSAME,unclean,1,6,100,1.0,0.0,0.0,benchmark/data/new_experiments/blocks/dfs_timeout=60s__300steps__02052026/evaluation_results/results_blocksworld_combined_timeout60s.csv
dfs_timeout=60s__300steps__02052026,60,1.0,02052026,PISAM,unclean,0,7,0,0.0,1.0,0.0,benchmark/data/new_experiments/blocks/dfs_timeout=60s__300steps__02052026/evaluation_results/results_blocksworld_combined_timeout60s.csv
dfs_timeout=60s__300steps__02052026,60,1.0,02052026,PO_ROSAME,unclean,0,7,0,0.0,1.0,0.0,benchmark/data/new_experiments/blocks/dfs_timeout=60s__300steps__02052026/evaluation_results/results_blocksworld_combined_timeout60s.csv
dfs_timeout=60s__300steps__02052026,60,1.0,02052026,PISAM,unclean,4,7,0,0.0,1.0,0.0,benchmark/data/new_experiments/blocks/dfs_timeout=60s__300steps__02052026/evaluation_results/results_blocksworld_combined_timeout60s.csv
dfs_timeout=60s__300steps__02052026,60,1.0,02052026,PO_ROSAME,unclean,4,7,0,0.5,0.0,0.5,benchmark/data/new_experiments/blocks/dfs_timeout=60s__300steps__02052026/evaluation_results/results_blocksworld_combined_timeout60s.csv
dfs_timeout=60s__300steps__02052026,60,1.0,02052026,PISAM,unclean,2,7,0,0.0,1.0,0.0,benchmark/data/new_experiments/blocks/dfs_timeout=60s__300steps__02052026/evaluation_results/results_blocksworld_combined_timeout60s.csv
dfs_timeout=60s__300steps__02052026,60,1.0,02052026,PO_ROSAME,unclean,2,7,0,0.0,0.0,1.0,benchmark/data/new_experiments/blocks/dfs_timeout=60s__300steps__02052026/evaluation_results/results_blocksworld_combined_timeout60s.csv
dfs_timeout=60s__300steps__02052026,60,1.0,02052026,PISAM,unclean,3,7,0,0.0,1.0,0.0,benchmark/data/new_experiments/blocks/dfs_timeout=60s__300steps__02052026/evaluation_results/results_blocksworld_combined_timeout60s.csv
dfs_timeout=60s__300steps__02052026,60,1.0,02052026,PO_ROSAME,unclean,3,7,0,0.0,0.0,1.0,benchmark/data/new_experiments/blocks/dfs_timeout=60s__300steps__02052026/evaluation_results/results_blocksworld_combined_timeout60s.csv
dfs_timeout=60s__300steps__02052026,60,1.0,02052026,PISAM,unclean,1,7,0,0.0,1.0,0.0,benchmark/data/new_experiments/blocks/dfs_timeout=60s__300steps__02052026/evaluation_results/results_blocksworld_combined_timeout60s.csv
dfs_timeout=60s__300steps__02052026,60,1.0,02052026,PO_ROSAME,unclean,1,7,0,0.0,0.0,1.0,benchmark/data/new_experiments/blocks/dfs_timeout=60s__300steps__02052026/evaluation_results/results_blocksworld_combined_timeout60s.csv
dfs_timeout=60s__300steps__02052026,60,1.0,02052026,PISAM,unclean,4,7,10,1.0,0.0,0.0,benchmark/data/new_experiments/blocks/dfs_timeout=60s__300steps__02052026/evaluation_results/results_blocksworld_combined_timeout60s.csv
dfs_timeout=60s__300steps__02052026,60,1.0,02052026,PO_ROSAME,unclean,4,7,10,1.0,0.0,0.0,benchmark/data/new_experiments/blocks/dfs_timeout=60s__300steps__02052026/evaluation_results/results_blocksworld_combined_timeout60s.csv
dfs_timeout=60s__300steps__02052026,60,1.0,02052026,PISAM,unclean,0,7,10,1.0,0.0,0.0,benchmark/data/new_experiments/blocks/dfs_timeout=60s__300steps__02052026/evaluation_results/results_blocksworld_combined_timeout60s.csv
dfs_timeout=60s__300steps__02052026,60,1.0,02052026,PO_ROSAME,unclean,0,7,10,1.0,0.0,0.0,benchmark/data/new_experiments/blocks/dfs_timeout=60s__300steps__02052026/evaluation_results/results_blocksworld_combined_timeout60s.csv
dfs_timeout=60s__300steps__02052026,60,1.0,02052026,PISAM,unclean,2,7,10,1.0,0.0,0.0,benchmark/data/new_experiments/blocks/dfs_timeout=60s__300steps__02052026/evaluation_results/results_blocksworld_combined_timeout60s.csv
dfs_timeout=60s__300steps__02052026,60,1.0,02052026,PO_ROSAME,unclean,2,7,10,0.0,0.0,1.0,benchmark/data/new_experiments/blocks/dfs_timeout=60s__300steps__02052026/evaluation_results/results_blocksworld_combined_timeout60s.csv
dfs_timeout=60s__300steps__02052026,60,1.0,02052026,PISAM,unclean,3,7,10,1.0,0.0,0.0,benchmark/data/new_experiments/blocks/dfs_timeout=60s__300steps__02052026/evaluation_results/results_blocksworld_combined_timeout60s.csv
dfs_timeout=60s__300steps__02052026,60,1.0,02052026,PO_ROSAME,unclean,3,7,10,1.0,0.0,0.0,benchmark/data/new_experiments/blocks/dfs_timeout=60s__300steps__02052026/evaluation_results/results_blocksworld_combined_timeout60s.csv
dfs_timeout=60s__300steps__02052026,60,1.0,02052026,PISAM,unclean,1,7,10,1.0,0.0,0.0,benchmark/data/new_experiments/blocks/dfs_timeout=60s__300steps__02052026/evaluation_results/results_blocksworld_combined_timeout60s.csv
dfs_timeout=60s__300steps__02052026,60,1.0,02052026,PO_ROSAME,unclean,1,7,10,1.0,0.0,0.0,benchmark/data/new_experiments/blocks/dfs_timeout=60s__300steps__02052026/evaluation_results/results_blocksworld_combined_timeout60s.csv
dfs_timeout=60s__300steps__02052026,60,1.0,02052026,PISAM,unclean,3,7,25,1.0,0.0,0.0,benchmark/data/new_experiments/blocks/dfs_timeout=60s__300steps__02052026/evaluation_results/results_blocksworld_combined_timeout60s.csv
dfs_timeout=60s__300steps__02052026,60,1.0,02052026,PO_ROSAME,unclean,3,7,25,1.0,0.0,0.0,benchmark/data/new_experiments/blocks/dfs_timeout=60s__300steps__02052026/evaluation_results/results_blocksworld_combined_timeout60s.csv
dfs_timeout=60s__300steps__02052026,60,1.0,02052026,PISAM,unclean,0,7,25,1.0,0.0,0.0,benchmark/data/new_experiments/blocks/dfs_timeout=60s__300steps__02052026/evaluation_results/results_blocksworld_combined_timeout60s.csv
dfs_timeout=60s__300steps__02052026,60,1.0,02052026,PO_ROSAME,unclean,0,7,25,1.0,0.0,0.0,benchmark/data/new_experiments/blocks/dfs_timeout=60s__300steps__02052026/evaluation_results/results_blocksworld_combined_timeout60s.csv
dfs_timeout=60s__300steps__02052026,60,1.0,02052026,PISAM,unclean,2,7,25,1.0,0.0,0.0,benchmark/data/new_experiments/blocks/dfs_timeout=60s__300steps__02052026/evaluation_results/results_blocksworld_combined_timeout60s.csv
dfs_timeout=60s__300steps__02052026,60,1.0,02052026,PO_ROSAME,unclean,2,7,25,0.0,0.0,1.0,benchmark/data/new_experiments/blocks/dfs_timeout=60s__300steps__02052026/evaluation_results/results_blocksworld_combined_timeout60s.csv
dfs_timeout=60s__300steps__02052026,60,1.0,02052026,PISAM,unclean,1,7,25,1.0,0.0,0.0,benchmark/data/new_experiments/blocks/dfs_timeout=60s__300steps__02052026/evaluation_results/results_blocksworld_combined_timeout60s.csv
dfs_timeout=60s__300steps__02052026,60,1.0,02052026,PO_ROSAME,unclean,1,7,25,1.0,0.0,0.0,benchmark/data/new_experiments/blocks/dfs_timeout=60s__300steps__02052026/evaluation_results/results_blocksworld_combined_timeout60s.csv
dfs_timeout=60s__300steps__02052026,60,1.0,02052026,PISAM,unclean,4,7,25,1.0,0.0,0.0,benchmark/data/new_experiments/blocks/dfs_timeout=60s__300steps__02052026/evaluation_results/results_blocksworld_combined_timeout60s.csv
dfs_timeout=60s__300steps__02052026,60,1.0,02052026,PO_ROSAME,unclean,4,7,25,1.0,0.0,0.0,benchmark/data/new_experiments/blocks/dfs_timeout=60s__300steps__02052026/evaluation_results/results_blocksworld_combined_timeout60s.csv
dfs_timeout=60s__300steps__02052026,60,1.0,02052026,PISAM,unclean,1,7,50,1.0,0.0,0.0,benchmark/data/new_experiments/blocks/dfs_timeout=60s__300steps__02052026/evaluation_results/results_blocksworld_combined_timeout60s.csv
dfs_timeout=60s__300steps__02052026,60,1.0,02052026,PO_ROSAME,unclean,1,7,50,1.0,0.0,0.0,benchmark/data/new_experiments/blocks/dfs_timeout=60s__300steps__02052026/evaluation_results/results_blocksworld_combined_timeout60s.csv
dfs_timeout=60s__300steps__02052026,60,1.0,02052026,PISAM,unclean,3,7,50,1.0,0.0,0.0,benchmark/data/new_experiments/blocks/dfs_timeout=60s__300steps__02052026/evaluation_results/results_blocksworld_combined_timeout60s.csv
dfs_timeout=60s__300steps__02052026,60,1.0,02052026,PO_ROSAME,unclean,3,7,50,1.0,0.0,0.0,benchmark/data/new_experiments/blocks/dfs_timeout=60s__300steps__02052026/evaluation_results/results_blocksworld_combined_timeout60s.csv
dfs_timeout=60s__300steps__02052026,60,1.0,02052026,PISAM,unclean,0,7,50,1.0,0.0,0.0,benchmark/data/new_experiments/blocks/dfs_timeout=60s__300steps__02052026/evaluation_results/results_blocksworld_combined_timeout60s.csv
dfs_timeout=60s__300steps__02052026,60,1.0,02052026,PO_ROSAME,unclean,0,7,50,1.0,0.0,0.0,benchmark/data/new_experiments/blocks/dfs_timeout=60s__300steps__02052026/evaluation_results/results_blocksworld_combined_timeout60s.csv
dfs_timeout=60s__300steps__02052026,60,1.0,02052026,PISAM,unclean,2,7,50,1.0,0.0,0.0,benchmark/data/new_experiments/blocks/dfs_timeout=60s__300steps__02052026/evaluation_results/results_blocksworld_combined_timeout60s.csv
dfs_timeout=60s__300steps__02052026,60,1.0,02052026,PO_ROSAME,unclean,2,7,50,0.0,0.0,1.0,benchmark/data/new_experiments/blocks/dfs_timeout=60s__300steps__02052026/evaluation_results/results_blocksworld_combined_timeout60s.csv
dfs_timeout=60s__300steps__02052026,60,1.0,02052026,PISAM,unclean,4,7,50,1.0,0.0,0.0,benchmark/data/new_experiments/blocks/dfs_timeout=60s__300steps__02052026/evaluation_results/results_blocksworld_combined_timeout60s.csv
dfs_timeout=60s__300steps__02052026,60,1.0,02052026,PO_ROSAME,unclean,4,7,50,1.0,0.0,0.0,benchmark/data/new_experiments/blocks/dfs_timeout=60s__300steps__02052026/evaluation_results/results_blocksworld_combined_timeout60s.csv
dfs_timeout=60s__300steps__02052026,60,1.0,02052026,PISAM,unclean,2,7,75,1.0,0.0,0.0,benchmark/data/new_experiments/blocks/dfs_timeout=60s__300steps__02052026/evaluation_results/results_blocksworld_combined_timeout60s.csv
dfs_timeout=60s__300steps__02052026,60,1.0,02052026,PO_ROSAME,unclean,2,7,75,0.0,0.0,1.0,benchmark/data/new_experiments/blocks/dfs_timeout=60s__300steps__02052026/evaluation_results/results_blocksworld_combined_timeout60s.csv
dfs_timeout=60s__300steps__02052026,60,1.0,02052026,PISAM,unclean,0,7,75,1.0,0.0,0.0,benchmark/data/new_experiments/blocks/dfs_timeout=60s__300steps__02052026/evaluation_results/results_blocksworld_combined_timeout60s.csv
dfs_timeout=60s__300steps__02052026,60,1.0,02052026,PO_ROSAME,unclean,0,7,75,1.0,0.0,0.0,benchmark/data/new_experiments/blocks/dfs_timeout=60s__300steps__02052026/evaluation_results/results_blocksworld_combined_timeout60s.csv
dfs_timeout=60s__300steps__02052026,60,1.0,02052026,PISAM,unclean,4,7,75,1.0,0.0,0.0,benchmark/data/new_experiments/blocks/dfs_timeout=60s__300steps__02052026/evaluation_results/results_blocksworld_combined_timeout60s.csv
dfs_timeout=60s__300steps__02052026,60,1.0,02052026,PO_ROSAME,unclean,4,7,75,1.0,0.0,0.0,benchmark/data/new_experiments/blocks/dfs_timeout=60s__300steps__02052026/evaluation_results/results_blocksworld_combined_timeout60s.csv
dfs_timeout=60s__300steps__02052026,60,1.0,02052026,PISAM,unclean,3,7,75,1.0,0.0,0.0,benchmark/data/new_experiments/blocks/dfs_timeout=60s__300steps__02052026/evaluation_results/results_blocksworld_combined_timeout60s.csv
dfs_timeout=60s__300steps__02052026,60,1.0,02052026,PO_ROSAME,unclean,3,7,75,1.0,0.0,0.0,benchmark/data/new_experiments/blocks/dfs_timeout=60s__300steps__02052026/evaluation_results/results_blocksworld_combined_timeout60s.csv
dfs_timeout=60s__300steps__02052026,60,1.0,02052026,PISAM,unclean,1,7,75,1.0,0.0,0.0,benchmark/data/new_experiments/blocks/dfs_timeout=60s__300steps__02052026/evaluation_results/results_blocksworld_combined_timeout60s.csv
dfs_timeout=60s__300steps__02052026,60,1.0,02052026,PO_ROSAME,unclean,1,7,75,1.0,0.0,0.0,benchmark/data/new_experiments/blocks/dfs_timeout=60s__300steps__02052026/evaluation_results/results_blocksworld_combined_timeout60s.csv
dfs_timeout=60s__300steps__02052026,60,1.0,02052026,PISAM,unclean,3,7,100,1.0,0.0,0.0,benchmark/data/new_experiments/blocks/dfs_timeout=60s__300steps__02052026/evaluation_results/results_blocksworld_combined_timeout60s.csv
dfs_timeout=60s__300steps__02052026,60,1.0,02052026,PO_ROSAME,unclean,3,7,100,1.0,0.0,0.0,benchmark/data/new_experiments/blocks/dfs_timeout=60s__300steps__02052026/evaluation_results/results_blocksworld_combined_timeout60s.csv
dfs_timeout=60s__300steps__02052026,60,1.0,02052026,PISAM,unclean,2,7,100,1.0,0.0,0.0,benchmark/data/new_experiments/blocks/dfs_timeout=60s__300steps__02052026/evaluation_results/results_blocksworld_combined_timeout60s.csv
dfs_timeout=60s__300steps__02052026,60,1.0,02052026,PO_ROSAME,unclean,2,7,100,0.0,0.0,1.0,benchmark/data/new_experiments/blocks/dfs_timeout=60s__300steps__02052026/evaluation_results/results_blocksworld_combined_timeout60s.csv
dfs_timeout=60s__300steps__02052026,60,1.0,02052026,PISAM,unclean,4,7,100,1.0,0.0,0.0,benchmark/data/new_experiments/blocks/dfs_timeout=60s__300steps__02052026/evaluation_results/results_blocksworld_combined_timeout60s.csv
dfs_timeout=60s__300steps__02052026,60,1.0,02052026,PO_ROSAME,unclean,4,7,100,1.0,0.0,0.0,benchmark/data/new_experiments/blocks/dfs_timeout=60s__300steps__02052026/evaluation_results/results_blocksworld_combined_timeout60s.csv
dfs_timeout=60s__300steps__02052026,60,1.0,02052026,PISAM,unclean,0,7,100,1.0,0.0,0.0,benchmark/data/new_experiments/blocks/dfs_timeout=60s__300steps__02052026/evaluation_results/results_blocksworld_combined_timeout60s.csv
dfs_timeout=60s__300steps__02052026,60,1.0,02052026,PO_ROSAME,unclean,0,7,100,1.0,0.0,0.0,benchmark/data/new_experiments/blocks/dfs_timeout=60s__300steps__02052026/evaluation_results/results_blocksworld_combined_timeout60s.csv
dfs_timeout=60s__300steps__02052026,60,1.0,02052026,PISAM,unclean,1,7,100,1.0,0.0,0.0,benchmark/data/new_experiments/blocks/dfs_timeout=60s__300steps__02052026/evaluation_results/results_blocksworld_combined_timeout60s.csv
dfs_timeout=60s__300steps__02052026,60,1.0,02052026,PO_ROSAME,unclean,1,7,100,1.0,0.0,0.0,benchmark/data/new_experiments/blocks/dfs_timeout=60s__300steps__02052026/evaluation_results/results_blocksworld_combined_timeout60s.csv
dfs_timeout=60s__300steps__02052026,60,1.0,02052026,PISAM,unclean,4,8,0,0.0,1.0,0.0,benchmark/data/new_experiments/blocks/dfs_timeout=60s__300steps__02052026/evaluation_results/results_blocksworld_combined_timeout60s.csv
dfs_timeout=60s__300steps__02052026,60,1.0,02052026,PO_ROSAME,unclean,4,8,0,0.5,0.0,0.5,benchmark/data/new_experiments/blocks/dfs_timeout=60s__300steps__02052026/evaluation_results/results_blocksworld_combined_timeout60s.csv
dfs_timeout=60s__300steps__02052026,60,1.0,02052026,PISAM,unclean,2,8,0,0.0,1.0,0.0,benchmark/data/new_experiments/blocks/dfs_timeout=60s__300steps__02052026/evaluation_results/results_blocksworld_combined_timeout60s.csv
dfs_timeout=60s__300steps__02052026,60,1.0,02052026,PO_ROSAME,unclean,2,8,0,0.0,1.0,0.0,benchmark/data/new_experiments/blocks/dfs_timeout=60s__300steps__02052026/evaluation_results/results_blocksworld_combined_timeout60s.csv
dfs_timeout=60s__300steps__02052026,60,1.0,02052026,PISAM,unclean,0,8,0,0.0,1.0,0.0,benchmark/data/new_experiments/blocks/dfs_timeout=60s__300steps__02052026/evaluation_results/results_blocksworld_combined_timeout60s.csv
dfs_timeout=60s__300steps__02052026,60,1.0,02052026,PO_ROSAME,unclean,0,8,0,1.0,0.0,0.0,benchmark/data/new_experiments/blocks/dfs_timeout=60s__300steps__02052026/evaluation_results/results_blocksworld_combined_timeout60s.csv
dfs_timeout=60s__300steps__02052026,60,1.0,02052026,PISAM,unclean,3,8,0,0.0,1.0,0.0,benchmark/data/new_experiments/blocks/dfs_timeout=60s__300steps__02052026/evaluation_results/results_blocksworld_combined_timeout60s.csv
dfs_timeout=60s__300steps__02052026,60,1.0,02052026,PO_ROSAME,unclean,3,8,0,0.0,0.0,0.0,benchmark/data/new_experiments/blocks/dfs_timeout=60s__300steps__02052026/evaluation_results/results_blocksworld_combined_timeout60s.csv
dfs_timeout=60s__300steps__02052026,60,1.0,02052026,PISAM,unclean,1,8,0,0.0,1.0,0.0,benchmark/data/new_experiments/blocks/dfs_timeout=60s__300steps__02052026/evaluation_results/results_blocksworld_combined_timeout60s.csv
dfs_timeout=60s__300steps__02052026,60,1.0,02052026,PO_ROSAME,unclean,1,8,0,0.0,0.0,1.0,benchmark/data/new_experiments/blocks/dfs_timeout=60s__300steps__02052026/evaluation_results/results_blocksworld_combined_timeout60s.csv
dfs_timeout=60s__300steps__02052026,60,1.0,02052026,PISAM,unclean,2,8,10,1.0,0.0,0.0,benchmark/data/new_experiments/blocks/dfs_timeout=60s__300steps__02052026/evaluation_results/results_blocksworld_combined_timeout60s.csv
dfs_timeout=60s__300steps__02052026,60,1.0,02052026,PO_ROSAME,unclean,2,8,10,0.0,1.0,0.0,benchmark/data/new_experiments/blocks/dfs_timeout=60s__300steps__02052026/evaluation_results/results_blocksworld_combined_timeout60s.csv
dfs_timeout=60s__300steps__02052026,60,1.0,02052026,PISAM,unclean,3,8,10,1.0,0.0,0.0,benchmark/data/new_experiments/blocks/dfs_timeout=60s__300steps__02052026/evaluation_results/results_blocksworld_combined_timeout60s.csv
dfs_timeout=60s__300steps__02052026,60,1.0,02052026,PO_ROSAME,unclean,3,8,10,0.0,1.0,0.0,benchmark/data/new_experiments/blocks/dfs_timeout=60s__300steps__02052026/evaluation_results/results_blocksworld_combined_timeout60s.csv
dfs_timeout=60s__300steps__02052026,60,1.0,02052026,PISAM,unclean,1,8,10,1.0,0.0,0.0,benchmark/data/new_experiments/blocks/dfs_timeout=60s__300steps__02052026/evaluation_results/results_blocksworld_combined_timeout60s.csv
dfs_timeout=60s__300steps__02052026,60,1.0,02052026,PO_ROSAME,unclean,1,8,10,1.0,0.0,0.0,benchmark/data/new_experiments/blocks/dfs_timeout=60s__300steps__02052026/evaluation_results/results_blocksworld_combined_timeout60s.csv
dfs_timeout=60s__300steps__02052026,60,1.0,02052026,PISAM,unclean,4,8,10,1.0,0.0,0.0,benchmark/data/new_experiments/blocks/dfs_timeout=60s__300steps__02052026/evaluation_results/results_blocksworld_combined_timeout60s.csv
dfs_timeout=60s__300steps__02052026,60,1.0,02052026,PO_ROSAME,unclean,4,8,10,0.5,0.0,0.5,benchmark/data/new_experiments/blocks/dfs_timeout=60s__300steps__02052026/evaluation_results/results_blocksworld_combined_timeout60s.csv
dfs_timeout=60s__300steps__02052026,60,1.0,02052026,PISAM,unclean,0,8,10,1.0,0.0,0.0,benchmark/data/new_experiments/blocks/dfs_timeout=60s__300steps__02052026/evaluation_results/results_blocksworld_combined_timeout60s.csv
dfs_timeout=60s__300steps__02052026,60,1.0,02052026,PO_ROSAME,unclean,0,8,10,1.0,0.0,0.0,benchmark/data/new_experiments/blocks/dfs_timeout=60s__300steps__02052026/evaluation_results/results_blocksworld_combined_timeout60s.csv
dfs_timeout=60s__300steps__02052026,60,1.0,02052026,PISAM,unclean,4,8,25,1.0,0.0,0.0,benchmark/data/new_experiments/blocks/dfs_timeout=60s__300steps__02052026/evaluation_results/results_blocksworld_combined_timeout60s.csv
dfs_timeout=60s__300steps__02052026,60,1.0,02052026,PO_ROSAME,unclean,4,8,25,0.0,1.0,0.0,benchmark/data/new_experiments/blocks/dfs_timeout=60s__300steps__02052026/evaluation_results/results_blocksworld_combined_timeout60s.csv
dfs_timeout=60s__300steps__02052026,60,1.0,02052026,PISAM,unclean,2,8,25,1.0,0.0,0.0,benchmark/data/new_experiments/blocks/dfs_timeout=60s__300steps__02052026/evaluation_results/results_blocksworld_combined_timeout60s.csv
dfs_timeout=60s__300steps__02052026,60,1.0,02052026,PO_ROSAME,unclean,2,8,25,0.0,0.0,0.0,benchmark/data/new_experiments/blocks/dfs_timeout=60s__300steps__02052026/evaluation_results/results_blocksworld_combined_timeout60s.csv
dfs_timeout=60s__300steps__02052026,60,1.0,02052026,PISAM,unclean,1,8,25,1.0,0.0,0.0,benchmark/data/new_experiments/blocks/dfs_timeout=60s__300steps__02052026/evaluation_results/results_blocksworld_combined_timeout60s.csv
dfs_timeout=60s__300steps__02052026,60,1.0,02052026,PO_ROSAME,unclean,1,8,25,1.0,0.0,0.0,benchmark/data/new_experiments/blocks/dfs_timeout=60s__300steps__02052026/evaluation_results/results_blocksworld_combined_timeout60s.csv
dfs_timeout=60s__300steps__02052026,60,1.0,02052026,PISAM,unclean,3,8,25,1.0,0.0,0.0,benchmark/data/new_experiments/blocks/dfs_timeout=60s__300steps__02052026/evaluation_results/results_blocksworld_combined_timeout60s.csv
dfs_timeout=60s__300steps__02052026,60,1.0,02052026,PO_ROSAME,unclean,3,8,25,0.0,0.0,0.0,benchmark/data/new_experiments/blocks/dfs_timeout=60s__300steps__02052026/evaluation_results/results_blocksworld_combined_timeout60s.csv
dfs_timeout=60s__300steps__02052026,60,1.0,02052026,PISAM,unclean,0,8,25,1.0,0.0,0.0,benchmark/data/new_experiments/blocks/dfs_timeout=60s__300steps__02052026/evaluation_results/results_blocksworld_combined_timeout60s.csv
dfs_timeout=60s__300steps__02052026,60,1.0,02052026,PO_ROSAME,unclean,0,8,25,1.0,0.0,0.0,benchmark/data/new_experiments/blocks/dfs_timeout=60s__300steps__02052026/evaluation_results/results_blocksworld_combined_timeout60s.csv
dfs_timeout=60s__300steps__02052026,60,1.0,02052026,PISAM,unclean,1,8,50,1.0,0.0,0.0,benchmark/data/new_experiments/blocks/dfs_timeout=60s__300steps__02052026/evaluation_results/results_blocksworld_combined_timeout60s.csv
dfs_timeout=60s__300steps__02052026,60,1.0,02052026,PO_ROSAME,unclean,1,8,50,1.0,0.0,0.0,benchmark/data/new_experiments/blocks/dfs_timeout=60s__300steps__02052026/evaluation_results/results_blocksworld_combined_timeout60s.csv
dfs_timeout=60s__300steps__02052026,60,1.0,02052026,PISAM,unclean,4,8,50,1.0,0.0,0.0,benchmark/data/new_experiments/blocks/dfs_timeout=60s__300steps__02052026/evaluation_results/results_blocksworld_combined_timeout60s.csv
dfs_timeout=60s__300steps__02052026,60,1.0,02052026,PO_ROSAME,unclean,4,8,50,0.0,0.0,0.0,benchmark/data/new_experiments/blocks/dfs_timeout=60s__300steps__02052026/evaluation_results/results_blocksworld_combined_timeout60s.csv
dfs_timeout=60s__300steps__02052026,60,1.0,02052026,PISAM,unclean,3,8,50,1.0,0.0,0.0,benchmark/data/new_experiments/blocks/dfs_timeout=60s__300steps__02052026/evaluation_results/results_blocksworld_combined_timeout60s.csv
dfs_timeout=60s__300steps__02052026,60,1.0,02052026,PO_ROSAME,unclean,3,8,50,0.0,0.5,0.5,benchmark/data/new_experiments/blocks/dfs_timeout=60s__300steps__02052026/evaluation_results/results_blocksworld_combined_timeout60s.csv
dfs_timeout=60s__300steps__02052026,60,1.0,02052026,PISAM,unclean,0,8,50,1.0,0.0,0.0,benchmark/data/new_experiments/blocks/dfs_timeout=60s__300steps__02052026/evaluation_results/results_blocksworld_combined_timeout60s.csv
dfs_timeout=60s__300steps__02052026,60,1.0,02052026,PO_ROSAME,unclean,0,8,50,1.0,0.0,0.0,benchmark/data/new_experiments/blocks/dfs_timeout=60s__300steps__02052026/evaluation_results/results_blocksworld_combined_timeout60s.csv
dfs_timeout=60s__300steps__02052026,60,1.0,02052026,PISAM,unclean,2,8,50,1.0,0.0,0.0,benchmark/data/new_experiments/blocks/dfs_timeout=60s__300steps__02052026/evaluation_results/results_blocksworld_combined_timeout60s.csv
dfs_timeout=60s__300steps__02052026,60,1.0,02052026,PO_ROSAME,unclean,2,8,50,0.0,0.0,1.0,benchmark/data/new_experiments/blocks/dfs_timeout=60s__300steps__02052026/evaluation_results/results_blocksworld_combined_timeout60s.csv
dfs_timeout=60s__300steps__02052026,60,1.0,02052026,PISAM,unclean,3,8,75,1.0,0.0,0.0,benchmark/data/new_experiments/blocks/dfs_timeout=60s__300steps__02052026/evaluation_results/results_blocksworld_combined_timeout60s.csv
dfs_timeout=60s__300steps__02052026,60,1.0,02052026,PO_ROSAME,unclean,3,8,75,0.0,1.0,0.0,benchmark/data/new_experiments/blocks/dfs_timeout=60s__300steps__02052026/evaluation_results/results_blocksworld_combined_timeout60s.csv
dfs_timeout=60s__300steps__02052026,60,1.0,02052026,PISAM,unclean,2,8,75,1.0,0.0,0.0,benchmark/data/new_experiments/blocks/dfs_timeout=60s__300steps__02052026/evaluation_results/results_blocksworld_combined_timeout60s.csv
dfs_timeout=60s__300steps__02052026,60,1.0,02052026,PO_ROSAME,unclean,2,8,75,0.0,0.0,0.0,benchmark/data/new_experiments/blocks/dfs_timeout=60s__300steps__02052026/evaluation_results/results_blocksworld_combined_timeout60s.csv
dfs_timeout=60s__300steps__02052026,60,1.0,02052026,PISAM,unclean,1,8,75,1.0,0.0,0.0,benchmark/data/new_experiments/blocks/dfs_timeout=60s__300steps__02052026/evaluation_results/results_blocksworld_combined_timeout60s.csv
dfs_timeout=60s__300steps__02052026,60,1.0,02052026,PO_ROSAME,unclean,1,8,75,1.0,0.0,0.0,benchmark/data/new_experiments/blocks/dfs_timeout=60s__300steps__02052026/evaluation_results/results_blocksworld_combined_timeout60s.csv
dfs_timeout=60s__300steps__02052026,60,1.0,02052026,PISAM,unclean,0,8,75,1.0,0.0,0.0,benchmark/data/new_experiments/blocks/dfs_timeout=60s__300steps__02052026/evaluation_results/results_blocksworld_combined_timeout60s.csv
dfs_timeout=60s__300steps__02052026,60,1.0,02052026,PO_ROSAME,unclean,0,8,75,1.0,0.0,0.0,benchmark/data/new_experiments/blocks/dfs_timeout=60s__300steps__02052026/evaluation_results/results_blocksworld_combined_timeout60s.csv
dfs_timeout=60s__300steps__02052026,60,1.0,02052026,PISAM,unclean,4,8,75,1.0,0.0,0.0,benchmark/data/new_experiments/blocks/dfs_timeout=60s__300steps__02052026/evaluation_results/results_blocksworld_combined_timeout60s.csv
dfs_timeout=60s__300steps__02052026,60,1.0,02052026,PO_ROSAME,unclean,4,8,75,0.0,0.0,0.0,benchmark/data/new_experiments/blocks/dfs_timeout=60s__300steps__02052026/evaluation_results/results_blocksworld_combined_timeout60s.csv
dfs_timeout=60s__300steps__02052026,60,1.0,02052026,PISAM,unclean,2,8,100,1.0,0.0,0.0,benchmark/data/new_experiments/blocks/dfs_timeout=60s__300steps__02052026/evaluation_results/results_blocksworld_combined_timeout60s.csv
dfs_timeout=60s__300steps__02052026,60,1.0,02052026,PO_ROSAME,unclean,2,8,100,0.0,1.0,0.0,benchmark/data/new_experiments/blocks/dfs_timeout=60s__300steps__02052026/evaluation_results/results_blocksworld_combined_timeout60s.csv
dfs_timeout=60s__300steps__02052026,60,1.0,02052026,PISAM,unclean,4,8,100,1.0,0.0,0.0,benchmark/data/new_experiments/blocks/dfs_timeout=60s__300steps__02052026/evaluation_results/results_blocksworld_combined_timeout60s.csv
dfs_timeout=60s__300steps__02052026,60,1.0,02052026,PO_ROSAME,unclean,4,8,100,0.0,1.0,0.0,benchmark/data/new_experiments/blocks/dfs_timeout=60s__300steps__02052026/evaluation_results/results_blocksworld_combined_timeout60s.csv
dfs_timeout=60s__300steps__02052026,60,1.0,02052026,PISAM,unclean,1,8,100,1.0,0.0,0.0,benchmark/data/new_experiments/blocks/dfs_timeout=60s__300steps__02052026/evaluation_results/results_blocksworld_combined_timeout60s.csv
dfs_timeout=60s__300steps__02052026,60,1.0,02052026,PO_ROSAME,unclean,1,8,100,1.0,0.0,0.0,benchmark/data/new_experiments/blocks/dfs_timeout=60s__300steps__02052026/evaluation_results/results_blocksworld_combined_timeout60s.csv
dfs_timeout=60s__300steps__02052026,60,1.0,02052026,PISAM,unclean,0,8,100,1.0,0.0,0.0,benchmark/data/new_experiments/blocks/dfs_timeout=60s__300steps__02052026/evaluation_results/results_blocksworld_combined_timeout60s.csv
dfs_timeout=60s__300steps__02052026,60,1.0,02052026,PO_ROSAME,unclean,0,8,100,1.0,0.0,0.0,benchmark/data/new_experiments/blocks/dfs_timeout=60s__300steps__02052026/evaluation_results/results_blocksworld_combined_timeout60s.csv
dfs_timeout=60s__300steps__02052026,60,1.0,02052026,PISAM,unclean,3,8,100,1.0,0.0,0.0,benchmark/data/new_experiments/blocks/dfs_timeout=60s__300steps__02052026/evaluation_results/results_blocksworld_combined_timeout60s.csv
dfs_timeout=60s__300steps__02052026,60,1.0,02052026,PO_ROSAME,unclean,3,8,100,0.0,0.0,0.0,benchmark/data/new_experiments/blocks/dfs_timeout=60s__300steps__02052026/evaluation_results/results_blocksworld_combined_timeout60s.csv
dfs_timeout=60s__300steps__02052026,60,1.0,02052026,PISAM,cleaned,1,1,0,0.5,0.0,0.5,benchmark/data/new_experiments/blocks/dfs_timeout=60s__300steps__02052026/evaluation_results/results_blocksworld_combined_timeout60s.csv
dfs_timeout=60s__300steps__02052026,60,1.0,02052026,PO_ROSAME,cleaned,1,1,0,0.0,0.5,0.5,benchmark/data/new_experiments/blocks/dfs_timeout=60s__300steps__02052026/evaluation_results/results_blocksworld_combined_timeout60s.csv
dfs_timeout=60s__300steps__02052026,60,1.0,02052026,PISAM,cleaned,2,1,0,0.0,0.0,1.0,benchmark/data/new_experiments/blocks/dfs_timeout=60s__300steps__02052026/evaluation_results/results_blocksworld_combined_timeout60s.csv
dfs_timeout=60s__300steps__02052026,60,1.0,02052026,PO_ROSAME,cleaned,2,1,0,0.0,0.0,1.0,benchmark/data/new_experiments/blocks/dfs_timeout=60s__300steps__02052026/evaluation_results/results_blocksworld_combined_timeout60s.csv
dfs_timeout=60s__300steps__02052026,60,1.0,02052026,PISAM,cleaned,0,1,0,1.0,0.0,0.0,benchmark/data/new_experiments/blocks/dfs_timeout=60s__300steps__02052026/evaluation_results/results_blocksworld_combined_timeout60s.csv
dfs_timeout=60s__300steps__02052026,60,1.0,02052026,PO_ROSAME,cleaned,0,1,0,1.0,0.0,0.0,benchmark/data/new_experiments/blocks/dfs_timeout=60s__300steps__02052026/evaluation_results/results_blocksworld_combined_timeout60s.csv
dfs_timeout=60s__300steps__02052026,60,1.0,02052026,PISAM,cleaned,3,1,0,0.0,0.0,1.0,benchmark/data/new_experiments/blocks/dfs_timeout=60s__300steps__02052026/evaluation_results/results_blocksworld_combined_timeout60s.csv
dfs_timeout=60s__300steps__02052026,60,1.0,02052026,PO_ROSAME,cleaned,3,1,0,0.0,0.0,1.0,benchmark/data/new_experiments/blocks/dfs_timeout=60s__300steps__02052026/evaluation_results/results_blocksworld_combined_timeout60s.csv
dfs_timeout=60s__300steps__02052026,60,1.0,02052026,PISAM,cleaned,4,1,0,0.0,0.0,1.0,benchmark/data/new_experiments/blocks/dfs_timeout=60s__300steps__02052026/evaluation_results/results_blocksworld_combined_timeout60s.csv
dfs_timeout=60s__300steps__02052026,60,1.0,02052026,PO_ROSAME,cleaned,4,1,0,0.0,0.0,1.0,benchmark/data/new_experiments/blocks/dfs_timeout=60s__300steps__02052026/evaluation_results/results_blocksworld_combined_timeout60s.csv
dfs_timeout=60s__300steps__02052026,60,1.0,02052026,PISAM,cleaned,4,1,10,1.0,0.0,0.0,benchmark/data/new_experiments/blocks/dfs_timeout=60s__300steps__02052026/evaluation_results/results_blocksworld_combined_timeout60s.csv
dfs_timeout=60s__300steps__02052026,60,1.0,02052026,PO_ROSAME,cleaned,4,1,10,1.0,0.0,0.0,benchmark/data/new_experiments/blocks/dfs_timeout=60s__300steps__02052026/evaluation_results/results_blocksworld_combined_timeout60s.csv
dfs_timeout=60s__300steps__02052026,60,1.0,02052026,PISAM,cleaned,0,1,10,1.0,0.0,0.0,benchmark/data/new_experiments/blocks/dfs_timeout=60s__300steps__02052026/evaluation_results/results_blocksworld_combined_timeout60s.csv
dfs_timeout=60s__300steps__02052026,60,1.0,02052026,PO_ROSAME,cleaned,0,1,10,1.0,0.0,0.0,benchmark/data/new_experiments/blocks/dfs_timeout=60s__300steps__02052026/evaluation_results/results_blocksworld_combined_timeout60s.csv
dfs_timeout=60s__300steps__02052026,60,1.0,02052026,PISAM,cleaned,2,1,10,1.0,0.0,0.0,benchmark/data/new_experiments/blocks/dfs_timeout=60s__300steps__02052026/evaluation_results/results_blocksworld_combined_timeout60s.csv
dfs_timeout=60s__300steps__02052026,60,1.0,02052026,PO_ROSAME,cleaned,2,1,10,1.0,0.0,0.0,benchmark/data/new_experiments/blocks/dfs_timeout=60s__300steps__02052026/evaluation_results/results_blocksworld_combined_timeout60s.csv
dfs_timeout=60s__300steps__02052026,60,1.0,02052026,PISAM,cleaned,3,1,10,1.0,0.0,0.0,benchmark/data/new_experiments/blocks/dfs_timeout=60s__300steps__02052026/evaluation_results/results_blocksworld_combined_timeout60s.csv
dfs_timeout=60s__300steps__02052026,60,1.0,02052026,PO_ROSAME,cleaned,3,1,10,1.0,0.0,0.0,benchmark/data/new_experiments/blocks/dfs_timeout=60s__300steps__02052026/evaluation_results/results_blocksworld_combined_timeout60s.csv
dfs_timeout=60s__300steps__02052026,60,1.0,02052026,PISAM,cleaned,1,1,10,1.0,0.0,0.0,benchmark/data/new_experiments/blocks/dfs_timeout=60s__300steps__02052026/evaluation_results/results_blocksworld_combined_timeout60s.csv
dfs_timeout=60s__300steps__02052026,60,1.0,02052026,PO_ROSAME,cleaned,1,1,10,1.0,0.0,0.0,benchmark/data/new_experiments/blocks/dfs_timeout=60s__300steps__02052026/evaluation_results/results_blocksworld_combined_timeout60s.csv
dfs_timeout=60s__300steps__02052026,60,1.0,02052026,PISAM,cleaned,0,1,25,1.0,0.0,0.0,benchmark/data/new_experiments/blocks/dfs_timeout=60s__300steps__02052026/evaluation_results/results_blocksworld_combined_timeout60s.csv
dfs_timeout=60s__300steps__02052026,60,1.0,02052026,PO_ROSAME,cleaned,0,1,25,1.0,0.0,0.0,benchmark/data/new_experiments/blocks/dfs_timeout=60s__300steps__02052026/evaluation_results/results_blocksworld_combined_timeout60s.csv
dfs_timeout=60s__300steps__02052026,60,1.0,02052026,PISAM,cleaned,4,1,25,1.0,0.0,0.0,benchmark/data/new_experiments/blocks/dfs_timeout=60s__300steps__02052026/evaluation_results/results_blocksworld_combined_timeout60s.csv
dfs_timeout=60s__300steps__02052026,60,1.0,02052026,PO_ROSAME,cleaned,4,1,25,1.0,0.0,0.0,benchmark/data/new_experiments/blocks/dfs_timeout=60s__300steps__02052026/evaluation_results/results_blocksworld_combined_timeout60s.csv
dfs_timeout=60s__300steps__02052026,60,1.0,02052026,PISAM,cleaned,3,1,25,1.0,0.0,0.0,benchmark/data/new_experiments/blocks/dfs_timeout=60s__300steps__02052026/evaluation_results/results_blocksworld_combined_timeout60s.csv
dfs_timeout=60s__300steps__02052026,60,1.0,02052026,PO_ROSAME,cleaned,3,1,25,1.0,0.0,0.0,benchmark/data/new_experiments/blocks/dfs_timeout=60s__300steps__02052026/evaluation_results/results_blocksworld_combined_timeout60s.csv
dfs_timeout=60s__300steps__02052026,60,1.0,02052026,PISAM,cleaned,2,1,25,1.0,0.0,0.0,benchmark/data/new_experiments/blocks/dfs_timeout=60s__300steps__02052026/evaluation_results/results_blocksworld_combined_timeout60s.csv
dfs_timeout=60s__300steps__02052026,60,1.0,02052026,PO_ROSAME,cleaned,2,1,25,1.0,0.0,0.0,benchmark/data/new_experiments/blocks/dfs_timeout=60s__300steps__02052026/evaluation_results/results_blocksworld_combined_timeout60s.csv
dfs_timeout=60s__300steps__02052026,60,1.0,02052026,PISAM,cleaned,1,1,25,1.0,0.0,0.0,benchmark/data/new_experiments/blocks/dfs_timeout=60s__300steps__02052026/evaluation_results/results_blocksworld_combined_timeout60s.csv
dfs_timeout=60s__300steps__02052026,60,1.0,02052026,PO_ROSAME,cleaned,1,1,25,1.0,0.0,0.0,benchmark/data/new_experiments/blocks/dfs_timeout=60s__300steps__02052026/evaluation_results/results_blocksworld_combined_timeout60s.csv
dfs_timeout=60s__300steps__02052026,60,1.0,02052026,PISAM,cleaned,2,1,50,1.0,0.0,0.0,benchmark/data/new_experiments/blocks/dfs_timeout=60s__300steps__02052026/evaluation_results/results_blocksworld_combined_timeout60s.csv
dfs_timeout=60s__300steps__02052026,60,1.0,02052026,PO_ROSAME,cleaned,2,1,50,1.0,0.0,0.0,benchmark/data/new_experiments/blocks/dfs_timeout=60s__300steps__02052026/evaluation_results/results_blocksworld_combined_timeout60s.csv
dfs_timeout=60s__300steps__02052026,60,1.0,02052026,PISAM,cleaned,4,1,50,1.0,0.0,0.0,benchmark/data/new_experiments/blocks/dfs_timeout=60s__300steps__02052026/evaluation_results/results_blocksworld_combined_timeout60s.csv
dfs_timeout=60s__300steps__02052026,60,1.0,02052026,PO_ROSAME,cleaned,4,1,50,1.0,0.0,0.0,benchmark/data/new_experiments/blocks/dfs_timeout=60s__300steps__02052026/evaluation_results/results_blocksworld_combined_timeout60s.csv
dfs_timeout=60s__300steps__02052026,60,1.0,02052026,PISAM,cleaned,3,1,50,1.0,0.0,0.0,benchmark/data/new_experiments/blocks/dfs_timeout=60s__300steps__02052026/evaluation_results/results_blocksworld_combined_timeout60s.csv
dfs_timeout=60s__300steps__02052026,60,1.0,02052026,PO_ROSAME,cleaned,3,1,50,1.0,0.0,0.0,benchmark/data/new_experiments/blocks/dfs_timeout=60s__300steps__02052026/evaluation_results/results_blocksworld_combined_timeout60s.csv
dfs_timeout=60s__300steps__02052026,60,1.0,02052026,PISAM,cleaned,0,1,50,1.0,0.0,0.0,benchmark/data/new_experiments/blocks/dfs_timeout=60s__300steps__02052026/evaluation_results/results_blocksworld_combined_timeout60s.csv
dfs_timeout=60s__300steps__02052026,60,1.0,02052026,PO_ROSAME,cleaned,0,1,50,1.0,0.0,0.0,benchmark/data/new_experiments/blocks/dfs_timeout=60s__300steps__02052026/evaluation_results/results_blocksworld_combined_timeout60s.csv
dfs_timeout=60s__300steps__02052026,60,1.0,02052026,PISAM,cleaned,1,1,50,1.0,0.0,0.0,benchmark/data/new_experiments/blocks/dfs_timeout=60s__300steps__02052026/evaluation_results/results_blocksworld_combined_timeout60s.csv
dfs_timeout=60s__300steps__02052026,60,1.0,02052026,PO_ROSAME,cleaned,1,1,50,1.0,0.0,0.0,benchmark/data/new_experiments/blocks/dfs_timeout=60s__300steps__02052026/evaluation_results/results_blocksworld_combined_timeout60s.csv
dfs_timeout=60s__300steps__02052026,60,1.0,02052026,PISAM,cleaned,3,1,75,1.0,0.0,0.0,benchmark/data/new_experiments/blocks/dfs_timeout=60s__300steps__02052026/evaluation_results/results_blocksworld_combined_timeout60s.csv
dfs_timeout=60s__300steps__02052026,60,1.0,02052026,PO_ROSAME,cleaned,3,1,75,1.0,0.0,0.0,benchmark/data/new_experiments/blocks/dfs_timeout=60s__300steps__02052026/evaluation_results/results_blocksworld_combined_timeout60s.csv
dfs_timeout=60s__300steps__02052026,60,1.0,02052026,PISAM,cleaned,2,1,75,1.0,0.0,0.0,benchmark/data/new_experiments/blocks/dfs_timeout=60s__300steps__02052026/evaluation_results/results_blocksworld_combined_timeout60s.csv
dfs_timeout=60s__300steps__02052026,60,1.0,02052026,PO_ROSAME,cleaned,2,1,75,1.0,0.0,0.0,benchmark/data/new_experiments/blocks/dfs_timeout=60s__300steps__02052026/evaluation_results/results_blocksworld_combined_timeout60s.csv
dfs_timeout=60s__300steps__02052026,60,1.0,02052026,PISAM,cleaned,0,1,75,1.0,0.0,0.0,benchmark/data/new_experiments/blocks/dfs_timeout=60s__300steps__02052026/evaluation_results/results_blocksworld_combined_timeout60s.csv
dfs_timeout=60s__300steps__02052026,60,1.0,02052026,PO_ROSAME,cleaned,0,1,75,1.0,0.0,0.0,benchmark/data/new_experiments/blocks/dfs_timeout=60s__300steps__02052026/evaluation_results/results_blocksworld_combined_timeout60s.csv
dfs_timeout=60s__300steps__02052026,60,1.0,02052026,PISAM,cleaned,4,1,75,1.0,0.0,0.0,benchmark/data/new_experiments/blocks/dfs_timeout=60s__300steps__02052026/evaluation_results/results_blocksworld_combined_timeout60s.csv
dfs_timeout=60s__300steps__02052026,60,1.0,02052026,PO_ROSAME,cleaned,4,1,75,1.0,0.0,0.0,benchmark/data/new_experiments/blocks/dfs_timeout=60s__300steps__02052026/evaluation_results/results_blocksworld_combined_timeout60s.csv
dfs_timeout=60s__300steps__02052026,60,1.0,02052026,PISAM,cleaned,1,1,75,1.0,0.0,0.0,benchmark/data/new_experiments/blocks/dfs_timeout=60s__300steps__02052026/evaluation_results/results_blocksworld_combined_timeout60s.csv
dfs_timeout=60s__300steps__02052026,60,1.0,02052026,PO_ROSAME,cleaned,1,1,75,1.0,0.0,0.0,benchmark/data/new_experiments/blocks/dfs_timeout=60s__300steps__02052026/evaluation_results/results_blocksworld_combined_timeout60s.csv
dfs_timeout=60s__300steps__02052026,60,1.0,02052026,PISAM,cleaned,0,1,100,1.0,0.0,0.0,benchmark/data/new_experiments/blocks/dfs_timeout=60s__300steps__02052026/evaluation_results/results_blocksworld_combined_timeout60s.csv
dfs_timeout=60s__300steps__02052026,60,1.0,02052026,PO_ROSAME,cleaned,0,1,100,1.0,0.0,0.0,benchmark/data/new_experiments/blocks/dfs_timeout=60s__300steps__02052026/evaluation_results/results_blocksworld_combined_timeout60s.csv
dfs_timeout=60s__300steps__02052026,60,1.0,02052026,PISAM,cleaned,2,1,100,1.0,0.0,0.0,benchmark/data/new_experiments/blocks/dfs_timeout=60s__300steps__02052026/evaluation_results/results_blocksworld_combined_timeout60s.csv
dfs_timeout=60s__300steps__02052026,60,1.0,02052026,PO_ROSAME,cleaned,2,1,100,1.0,0.0,0.0,benchmark/data/new_experiments/blocks/dfs_timeout=60s__300steps__02052026/evaluation_results/results_blocksworld_combined_timeout60s.csv
dfs_timeout=60s__300steps__02052026,60,1.0,02052026,PISAM,cleaned,4,1,100,1.0,0.0,0.0,benchmark/data/new_experiments/blocks/dfs_timeout=60s__300steps__02052026/evaluation_results/results_blocksworld_combined_timeout60s.csv
dfs_timeout=60s__300steps__02052026,60,1.0,02052026,PO_ROSAME,cleaned,4,1,100,1.0,0.0,0.0,benchmark/data/new_experiments/blocks/dfs_timeout=60s__300steps__02052026/evaluation_results/results_blocksworld_combined_timeout60s.csv
dfs_timeout=60s__300steps__02052026,60,1.0,02052026,PISAM,cleaned,3,1,100,1.0,0.0,0.0,benchmark/data/new_experiments/blocks/dfs_timeout=60s__300steps__02052026/evaluation_results/results_blocksworld_combined_timeout60s.csv
dfs_timeout=60s__300steps__02052026,60,1.0,02052026,PO_ROSAME,cleaned,3,1,100,1.0,0.0,0.0,benchmark/data/new_experiments/blocks/dfs_timeout=60s__300steps__02052026/evaluation_results/results_blocksworld_combined_timeout60s.csv
dfs_timeout=60s__300steps__02052026,60,1.0,02052026,PISAM,cleaned,1,1,100,1.0,0.0,0.0,benchmark/data/new_experiments/blocks/dfs_timeout=60s__300steps__02052026/evaluation_results/results_blocksworld_combined_timeout60s.csv
dfs_timeout=60s__300steps__02052026,60,1.0,02052026,PO_ROSAME,cleaned,1,1,100,1.0,0.0,0.0,benchmark/data/new_experiments/blocks/dfs_timeout=60s__300steps__02052026/evaluation_results/results_blocksworld_combined_timeout60s.csv
dfs_timeout=60s__300steps__02052026,60,1.0,02052026,PISAM,cleaned,1,2,0,0.0,0.0,1.0,benchmark/data/new_experiments/blocks/dfs_timeout=60s__300steps__02052026/evaluation_results/results_blocksworld_combined_timeout60s.csv
dfs_timeout=60s__300steps__02052026,60,1.0,02052026,PO_ROSAME,cleaned,1,2,0,0.0,0.0,1.0,benchmark/data/new_experiments/blocks/dfs_timeout=60s__300steps__02052026/evaluation_results/results_blocksworld_combined_timeout60s.csv
dfs_timeout=60s__300steps__02052026,60,1.0,02052026,PISAM,cleaned,0,2,0,1.0,0.0,0.0,benchmark/data/new_experiments/blocks/dfs_timeout=60s__300steps__02052026/evaluation_results/results_blocksworld_combined_timeout60s.csv
dfs_timeout=60s__300steps__02052026,60,1.0,02052026,PO_ROSAME,cleaned,0,2,0,1.0,0.0,0.0,benchmark/data/new_experiments/blocks/dfs_timeout=60s__300steps__02052026/evaluation_results/results_blocksworld_combined_timeout60s.csv
dfs_timeout=60s__300steps__02052026,60,1.0,02052026,PISAM,cleaned,4,2,0,0.0,0.0,1.0,benchmark/data/new_experiments/blocks/dfs_timeout=60s__300steps__02052026/evaluation_results/results_blocksworld_combined_timeout60s.csv
dfs_timeout=60s__300steps__02052026,60,1.0,02052026,PO_ROSAME,cleaned,4,2,0,0.0,0.0,1.0,benchmark/data/new_experiments/blocks/dfs_timeout=60s__300steps__02052026/evaluation_results/results_blocksworld_combined_timeout60s.csv
dfs_timeout=60s__300steps__02052026,60,1.0,02052026,PISAM,cleaned,3,2,0,0.0,1.0,0.0,benchmark/data/new_experiments/blocks/dfs_timeout=60s__300steps__02052026/evaluation_results/results_blocksworld_combined_timeout60s.csv
dfs_timeout=60s__300steps__02052026,60,1.0,02052026,PO_ROSAME,cleaned,3,2,0,0.0,0.0,1.0,benchmark/data/new_experiments/blocks/dfs_timeout=60s__300steps__02052026/evaluation_results/results_blocksworld_combined_timeout60s.csv
dfs_timeout=60s__300steps__02052026,60,1.0,02052026,PISAM,cleaned,2,2,0,0.0,0.0,1.0,benchmark/data/new_experiments/blocks/dfs_timeout=60s__300steps__02052026/evaluation_results/results_blocksworld_combined_timeout60s.csv
dfs_timeout=60s__300steps__02052026,60,1.0,02052026,PO_ROSAME,cleaned,2,2,0,0.0,0.0,1.0,benchmark/data/new_experiments/blocks/dfs_timeout=60s__300steps__02052026/evaluation_results/results_blocksworld_combined_timeout60s.csv
dfs_timeout=60s__300steps__02052026,60,1.0,02052026,PISAM,cleaned,0,2,10,1.0,0.0,0.0,benchmark/data/new_experiments/blocks/dfs_timeout=60s__300steps__02052026/evaluation_results/results_blocksworld_combined_timeout60s.csv
dfs_timeout=60s__300steps__02052026,60,1.0,02052026,PO_ROSAME,cleaned,0,2,10,0.0,1.0,0.0,benchmark/data/new_experiments/blocks/dfs_timeout=60s__300steps__02052026/evaluation_results/results_blocksworld_combined_timeout60s.csv
dfs_timeout=60s__300steps__02052026,60,1.0,02052026,PISAM,cleaned,4,2,10,1.0,0.0,0.0,benchmark/data/new_experiments/blocks/dfs_timeout=60s__300steps__02052026/evaluation_results/results_blocksworld_combined_timeout60s.csv
dfs_timeout=60s__300steps__02052026,60,1.0,02052026,PO_ROSAME,cleaned,4,2,10,1.0,0.0,0.0,benchmark/data/new_experiments/blocks/dfs_timeout=60s__300steps__02052026/evaluation_results/results_blocksworld_combined_timeout60s.csv
dfs_timeout=60s__300steps__02052026,60,1.0,02052026,PISAM,cleaned,3,2,10,1.0,0.0,0.0,benchmark/data/new_experiments/blocks/dfs_timeout=60s__300steps__02052026/evaluation_results/results_blocksworld_combined_timeout60s.csv
dfs_timeout=60s__300steps__02052026,60,1.0,02052026,PO_ROSAME,cleaned,3,2,10,1.0,0.0,0.0,benchmark/data/new_experiments/blocks/dfs_timeout=60s__300steps__02052026/evaluation_results/results_blocksworld_combined_timeout60s.csv
dfs_timeout=60s__300steps__02052026,60,1.0,02052026,PISAM,cleaned,1,2,10,1.0,0.0,0.0,benchmark/data/new_experiments/blocks/dfs_timeout=60s__300steps__02052026/evaluation_results/results_blocksworld_combined_timeout60s.csv
dfs_timeout=60s__300steps__02052026,60,1.0,02052026,PO_ROSAME,cleaned,1,2,10,1.0,0.0,0.0,benchmark/data/new_experiments/blocks/dfs_timeout=60s__300steps__02052026/evaluation_results/results_blocksworld_combined_timeout60s.csv
dfs_timeout=60s__300steps__02052026,60,1.0,02052026,PISAM,cleaned,2,2,10,1.0,0.0,0.0,benchmark/data/new_experiments/blocks/dfs_timeout=60s__300steps__02052026/evaluation_results/results_blocksworld_combined_timeout60s.csv
dfs_timeout=60s__300steps__02052026,60,1.0,02052026,PO_ROSAME,cleaned,2,2,10,1.0,0.0,0.0,benchmark/data/new_experiments/blocks/dfs_timeout=60s__300steps__02052026/evaluation_results/results_blocksworld_combined_timeout60s.csv
dfs_timeout=60s__300steps__02052026,60,1.0,02052026,PISAM,cleaned,4,2,25,1.0,0.0,0.0,benchmark/data/new_experiments/blocks/dfs_timeout=60s__300steps__02052026/evaluation_results/results_blocksworld_combined_timeout60s.csv
dfs_timeout=60s__300steps__02052026,60,1.0,02052026,PO_ROSAME,cleaned,4,2,25,1.0,0.0,0.0,benchmark/data/new_experiments/blocks/dfs_timeout=60s__300steps__02052026/evaluation_results/results_blocksworld_combined_timeout60s.csv
dfs_timeout=60s__300steps__02052026,60,1.0,02052026,PISAM,cleaned,2,2,25,1.0,0.0,0.0,benchmark/data/new_experiments/blocks/dfs_timeout=60s__300steps__02052026/evaluation_results/results_blocksworld_combined_timeout60s.csv
dfs_timeout=60s__300steps__02052026,60,1.0,02052026,PO_ROSAME,cleaned,2,2,25,1.0,0.0,0.0,benchmark/data/new_experiments/blocks/dfs_timeout=60s__300steps__02052026/evaluation_results/results_blocksworld_combined_timeout60s.csv
dfs_timeout=60s__300steps__02052026,60,1.0,02052026,PISAM,cleaned,3,2,25,1.0,0.0,0.0,benchmark/data/new_experiments/blocks/dfs_timeout=60s__300steps__02052026/evaluation_results/results_blocksworld_combined_timeout60s.csv
dfs_timeout=60s__300steps__02052026,60,1.0,02052026,PO_ROSAME,cleaned,3,2,25,1.0,0.0,0.0,benchmark/data/new_experiments/blocks/dfs_timeout=60s__300steps__02052026/evaluation_results/results_blocksworld_combined_timeout60s.csv
dfs_timeout=60s__300steps__02052026,60,1.0,02052026,PISAM,cleaned,1,2,25,1.0,0.0,0.0,benchmark/data/new_experiments/blocks/dfs_timeout=60s__300steps__02052026/evaluation_results/results_blocksworld_combined_timeout60s.csv
dfs_timeout=60s__300steps__02052026,60,1.0,02052026,PO_ROSAME,cleaned,1,2,25,1.0,0.0,0.0,benchmark/data/new_experiments/blocks/dfs_timeout=60s__300steps__02052026/evaluation_results/results_blocksworld_combined_timeout60s.csv
dfs_timeout=60s__300steps__02052026,60,1.0,02052026,PISAM,cleaned,0,2,25,1.0,0.0,0.0,benchmark/data/new_experiments/blocks/dfs_timeout=60s__300steps__02052026/evaluation_results/results_blocksworld_combined_timeout60s.csv
dfs_timeout=60s__300steps__02052026,60,1.0,02052026,PO_ROSAME,cleaned,0,2,25,1.0,0.0,0.0,benchmark/data/new_experiments/blocks/dfs_timeout=60s__300steps__02052026/evaluation_results/results_blocksworld_combined_timeout60s.csv
dfs_timeout=60s__300steps__02052026,60,1.0,02052026,PISAM,cleaned,3,2,50,1.0,0.0,0.0,benchmark/data/new_experiments/blocks/dfs_timeout=60s__300steps__02052026/evaluation_results/results_blocksworld_combined_timeout60s.csv
dfs_timeout=60s__300steps__02052026,60,1.0,02052026,PO_ROSAME,cleaned,3,2,50,1.0,0.0,0.0,benchmark/data/new_experiments/blocks/dfs_timeout=60s__300steps__02052026/evaluation_results/results_blocksworld_combined_timeout60s.csv
dfs_timeout=60s__300steps__02052026,60,1.0,02052026,PISAM,cleaned,0,2,50,1.0,0.0,0.0,benchmark/data/new_experiments/blocks/dfs_timeout=60s__300steps__02052026/evaluation_results/results_blocksworld_combined_timeout60s.csv
dfs_timeout=60s__300steps__02052026,60,1.0,02052026,PO_ROSAME,cleaned,0,2,50,1.0,0.0,0.0,benchmark/data/new_experiments/blocks/dfs_timeout=60s__300steps__02052026/evaluation_results/results_blocksworld_combined_timeout60s.csv
dfs_timeout=60s__300steps__02052026,60,1.0,02052026,PISAM,cleaned,4,2,50,1.0,0.0,0.0,benchmark/data/new_experiments/blocks/dfs_timeout=60s__300steps__02052026/evaluation_results/results_blocksworld_combined_timeout60s.csv
dfs_timeout=60s__300steps__02052026,60,1.0,02052026,PO_ROSAME,cleaned,4,2,50,1.0,0.0,0.0,benchmark/data/new_experiments/blocks/dfs_timeout=60s__300steps__02052026/evaluation_results/results_blocksworld_combined_timeout60s.csv
dfs_timeout=60s__300steps__02052026,60,1.0,02052026,PISAM,cleaned,2,2,50,1.0,0.0,0.0,benchmark/data/new_experiments/blocks/dfs_timeout=60s__300steps__02052026/evaluation_results/results_blocksworld_combined_timeout60s.csv
dfs_timeout=60s__300steps__02052026,60,1.0,02052026,PO_ROSAME,cleaned,2,2,50,1.0,0.0,0.0,benchmark/data/new_experiments/blocks/dfs_timeout=60s__300steps__02052026/evaluation_results/results_blocksworld_combined_timeout60s.csv
dfs_timeout=60s__300steps__02052026,60,1.0,02052026,PISAM,cleaned,1,2,50,1.0,0.0,0.0,benchmark/data/new_experiments/blocks/dfs_timeout=60s__300steps__02052026/evaluation_results/results_blocksworld_combined_timeout60s.csv
dfs_timeout=60s__300steps__02052026,60,1.0,02052026,PO_ROSAME,cleaned,1,2,50,1.0,0.0,0.0,benchmark/data/new_experiments/blocks/dfs_timeout=60s__300steps__02052026/evaluation_results/results_blocksworld_combined_timeout60s.csv
dfs_timeout=60s__300steps__02052026,60,1.0,02052026,PISAM,cleaned,3,2,75,1.0,0.0,0.0,benchmark/data/new_experiments/blocks/dfs_timeout=60s__300steps__02052026/evaluation_results/results_blocksworld_combined_timeout60s.csv
dfs_timeout=60s__300steps__02052026,60,1.0,02052026,PO_ROSAME,cleaned,3,2,75,1.0,0.0,0.0,benchmark/data/new_experiments/blocks/dfs_timeout=60s__300steps__02052026/evaluation_results/results_blocksworld_combined_timeout60s.csv
dfs_timeout=60s__300steps__02052026,60,1.0,02052026,PISAM,cleaned,4,2,75,1.0,0.0,0.0,benchmark/data/new_experiments/blocks/dfs_timeout=60s__300steps__02052026/evaluation_results/results_blocksworld_combined_timeout60s.csv
dfs_timeout=60s__300steps__02052026,60,1.0,02052026,PO_ROSAME,cleaned,4,2,75,1.0,0.0,0.0,benchmark/data/new_experiments/blocks/dfs_timeout=60s__300steps__02052026/evaluation_results/results_blocksworld_combined_timeout60s.csv
dfs_timeout=60s__300steps__02052026,60,1.0,02052026,PISAM,cleaned,0,2,75,1.0,0.0,0.0,benchmark/data/new_experiments/blocks/dfs_timeout=60s__300steps__02052026/evaluation_results/results_blocksworld_combined_timeout60s.csv
dfs_timeout=60s__300steps__02052026,60,1.0,02052026,PO_ROSAME,cleaned,0,2,75,1.0,0.0,0.0,benchmark/data/new_experiments/blocks/dfs_timeout=60s__300steps__02052026/evaluation_results/results_blocksworld_combined_timeout60s.csv
dfs_timeout=60s__300steps__02052026,60,1.0,02052026,PISAM,cleaned,1,2,75,1.0,0.0,0.0,benchmark/data/new_experiments/blocks/dfs_timeout=60s__300steps__02052026/evaluation_results/results_blocksworld_combined_timeout60s.csv
dfs_timeout=60s__300steps__02052026,60,1.0,02052026,PO_ROSAME,cleaned,1,2,75,1.0,0.0,0.0,benchmark/data/new_experiments/blocks/dfs_timeout=60s__300steps__02052026/evaluation_results/results_blocksworld_combined_timeout60s.csv
dfs_timeout=60s__300steps__02052026,60,1.0,02052026,PISAM,cleaned,2,2,75,1.0,0.0,0.0,benchmark/data/new_experiments/blocks/dfs_timeout=60s__300steps__02052026/evaluation_results/results_blocksworld_combined_timeout60s.csv
dfs_timeout=60s__300steps__02052026,60,1.0,02052026,PO_ROSAME,cleaned,2,2,75,1.0,0.0,0.0,benchmark/data/new_experiments/blocks/dfs_timeout=60s__300steps__02052026/evaluation_results/results_blocksworld_combined_timeout60s.csv
dfs_timeout=60s__300steps__02052026,60,1.0,02052026,PISAM,cleaned,2,2,100,1.0,0.0,0.0,benchmark/data/new_experiments/blocks/dfs_timeout=60s__300steps__02052026/evaluation_results/results_blocksworld_combined_timeout60s.csv
dfs_timeout=60s__300steps__02052026,60,1.0,02052026,PO_ROSAME,cleaned,2,2,100,1.0,0.0,0.0,benchmark/data/new_experiments/blocks/dfs_timeout=60s__300steps__02052026/evaluation_results/results_blocksworld_combined_timeout60s.csv
dfs_timeout=60s__300steps__02052026,60,1.0,02052026,PISAM,cleaned,0,2,100,1.0,0.0,0.0,benchmark/data/new_experiments/blocks/dfs_timeout=60s__300steps__02052026/evaluation_results/results_blocksworld_combined_timeout60s.csv
dfs_timeout=60s__300steps__02052026,60,1.0,02052026,PO_ROSAME,cleaned,0,2,100,1.0,0.0,0.0,benchmark/data/new_experiments/blocks/dfs_timeout=60s__300steps__02052026/evaluation_results/results_blocksworld_combined_timeout60s.csv
dfs_timeout=60s__300steps__02052026,60,1.0,02052026,PISAM,cleaned,1,2,100,1.0,0.0,0.0,benchmark/data/new_experiments/blocks/dfs_timeout=60s__300steps__02052026/evaluation_results/results_blocksworld_combined_timeout60s.csv
dfs_timeout=60s__300steps__02052026,60,1.0,02052026,PO_ROSAME,cleaned,1,2,100,1.0,0.0,0.0,benchmark/data/new_experiments/blocks/dfs_timeout=60s__300steps__02052026/evaluation_results/results_blocksworld_combined_timeout60s.csv
dfs_timeout=60s__300steps__02052026,60,1.0,02052026,PISAM,cleaned,4,2,100,1.0,0.0,0.0,benchmark/data/new_experiments/blocks/dfs_timeout=60s__300steps__02052026/evaluation_results/results_blocksworld_combined_timeout60s.csv
dfs_timeout=60s__300steps__02052026,60,1.0,02052026,PO_ROSAME,cleaned,4,2,100,1.0,0.0,0.0,benchmark/data/new_experiments/blocks/dfs_timeout=60s__300steps__02052026/evaluation_results/results_blocksworld_combined_timeout60s.csv
dfs_timeout=60s__300steps__02052026,60,1.0,02052026,PISAM,cleaned,3,2,100,1.0,0.0,0.0,benchmark/data/new_experiments/blocks/dfs_timeout=60s__300steps__02052026/evaluation_results/results_blocksworld_combined_timeout60s.csv
dfs_timeout=60s__300steps__02052026,60,1.0,02052026,PO_ROSAME,cleaned,3,2,100,1.0,0.0,0.0,benchmark/data/new_experiments/blocks/dfs_timeout=60s__300steps__02052026/evaluation_results/results_blocksworld_combined_timeout60s.csv
dfs_timeout=60s__300steps__02052026,60,1.0,02052026,PISAM,cleaned,4,3,0,0.0,1.0,0.0,benchmark/data/new_experiments/blocks/dfs_timeout=60s__300steps__02052026/evaluation_results/results_blocksworld_combined_timeout60s.csv
dfs_timeout=60s__300steps__02052026,60,1.0,02052026,PO_ROSAME,cleaned,4,3,0,0.0,0.0,1.0,benchmark/data/new_experiments/blocks/dfs_timeout=60s__300steps__02052026/evaluation_results/results_blocksworld_combined_timeout60s.csv
dfs_timeout=60s__300steps__02052026,60,1.0,02052026,PISAM,cleaned,1,3,0,0.0,1.0,0.0,benchmark/data/new_experiments/blocks/dfs_timeout=60s__300steps__02052026/evaluation_results/results_blocksworld_combined_timeout60s.csv
dfs_timeout=60s__300steps__02052026,60,1.0,02052026,PO_ROSAME,cleaned,1,3,0,0.0,0.0,1.0,benchmark/data/new_experiments/blocks/dfs_timeout=60s__300steps__02052026/evaluation_results/results_blocksworld_combined_timeout60s.csv
dfs_timeout=60s__300steps__02052026,60,1.0,02052026,PISAM,cleaned,0,3,0,1.0,0.0,0.0,benchmark/data/new_experiments/blocks/dfs_timeout=60s__300steps__02052026/evaluation_results/results_blocksworld_combined_timeout60s.csv
dfs_timeout=60s__300steps__02052026,60,1.0,02052026,PO_ROSAME,cleaned,0,3,0,0.0,0.0,1.0,benchmark/data/new_experiments/blocks/dfs_timeout=60s__300steps__02052026/evaluation_results/results_blocksworld_combined_timeout60s.csv
dfs_timeout=60s__300steps__02052026,60,1.0,02052026,PISAM,cleaned,2,3,0,0.0,0.5,0.5,benchmark/data/new_experiments/blocks/dfs_timeout=60s__300steps__02052026/evaluation_results/results_blocksworld_combined_timeout60s.csv
dfs_timeout=60s__300steps__02052026,60,1.0,02052026,PO_ROSAME,cleaned,2,3,0,0.0,0.0,1.0,benchmark/data/new_experiments/blocks/dfs_timeout=60s__300steps__02052026/evaluation_results/results_blocksworld_combined_timeout60s.csv
dfs_timeout=60s__300steps__02052026,60,1.0,02052026,PISAM,cleaned,3,3,0,0.0,1.0,0.0,benchmark/data/new_experiments/blocks/dfs_timeout=60s__300steps__02052026/evaluation_results/results_blocksworld_combined_timeout60s.csv
dfs_timeout=60s__300steps__02052026,60,1.0,02052026,PO_ROSAME,cleaned,3,3,0,0.0,0.0,1.0,benchmark/data/new_experiments/blocks/dfs_timeout=60s__300steps__02052026/evaluation_results/results_blocksworld_combined_timeout60s.csv
dfs_timeout=60s__300steps__02052026,60,1.0,02052026,PISAM,cleaned,4,3,10,1.0,0.0,0.0,benchmark/data/new_experiments/blocks/dfs_timeout=60s__300steps__02052026/evaluation_results/results_blocksworld_combined_timeout60s.csv
dfs_timeout=60s__300steps__02052026,60,1.0,02052026,PO_ROSAME,cleaned,4,3,10,0.5,0.0,0.5,benchmark/data/new_experiments/blocks/dfs_timeout=60s__300steps__02052026/evaluation_results/results_blocksworld_combined_timeout60s.csv
dfs_timeout=60s__300steps__02052026,60,1.0,02052026,PISAM,cleaned,2,3,10,1.0,0.0,0.0,benchmark/data/new_experiments/blocks/dfs_timeout=60s__300steps__02052026/evaluation_results/results_blocksworld_combined_timeout60s.csv
dfs_timeout=60s__300steps__02052026,60,1.0,02052026,PO_ROSAME,cleaned,2,3,10,0.0,0.0,0.0,benchmark/data/new_experiments/blocks/dfs_timeout=60s__300steps__02052026/evaluation_results/results_blocksworld_combined_timeout60s.csv
dfs_timeout=60s__300steps__02052026,60,1.0,02052026,PISAM,cleaned,3,3,10,1.0,0.0,0.0,benchmark/data/new_experiments/blocks/dfs_timeout=60s__300steps__02052026/evaluation_results/results_blocksworld_combined_timeout60s.csv
dfs_timeout=60s__300steps__02052026,60,1.0,02052026,PO_ROSAME,cleaned,3,3,10,1.0,0.0,0.0,benchmark/data/new_experiments/blocks/dfs_timeout=60s__300steps__02052026/evaluation_results/results_blocksworld_combined_timeout60s.csv
dfs_timeout=60s__300steps__02052026,60,1.0,02052026,PISAM,cleaned,0,3,10,1.0,0.0,0.0,benchmark/data/new_experiments/blocks/dfs_timeout=60s__300steps__02052026/evaluation_results/results_blocksworld_combined_timeout60s.csv
dfs_timeout=60s__300steps__02052026,60,1.0,02052026,PO_ROSAME,cleaned,0,3,10,0.0,0.0,1.0,benchmark/data/new_experiments/blocks/dfs_timeout=60s__300steps__02052026/evaluation_results/results_blocksworld_combined_timeout60s.csv
dfs_timeout=60s__300steps__02052026,60,1.0,02052026,PISAM,cleaned,1,3,10,1.0,0.0,0.0,benchmark/data/new_experiments/blocks/dfs_timeout=60s__300steps__02052026/evaluation_results/results_blocksworld_combined_timeout60s.csv
dfs_timeout=60s__300steps__02052026,60,1.0,02052026,PO_ROSAME,cleaned,1,3,10,1.0,0.0,0.0,benchmark/data/new_experiments/blocks/dfs_timeout=60s__300steps__02052026/evaluation_results/results_blocksworld_combined_timeout60s.csv
dfs_timeout=60s__300steps__02052026,60,1.0,02052026,PISAM,cleaned,1,3,25,1.0,0.0,0.0,benchmark/data/new_experiments/blocks/dfs_timeout=60s__300steps__02052026/evaluation_results/results_blocksworld_combined_timeout60s.csv
dfs_timeout=60s__300steps__02052026,60,1.0,02052026,PO_ROSAME,cleaned,1,3,25,1.0,0.0,0.0,benchmark/data/new_experiments/blocks/dfs_timeout=60s__300steps__02052026/evaluation_results/results_blocksworld_combined_timeout60s.csv
dfs_timeout=60s__300steps__02052026,60,1.0,02052026,PISAM,cleaned,0,3,25,1.0,0.0,0.0,benchmark/data/new_experiments/blocks/dfs_timeout=60s__300steps__02052026/evaluation_results/results_blocksworld_combined_timeout60s.csv
dfs_timeout=60s__300steps__02052026,60,1.0,02052026,PO_ROSAME,cleaned,0,3,25,0.0,0.0,1.0,benchmark/data/new_experiments/blocks/dfs_timeout=60s__300steps__02052026/evaluation_results/results_blocksworld_combined_timeout60s.csv
dfs_timeout=60s__300steps__02052026,60,1.0,02052026,PISAM,cleaned,2,3,25,1.0,0.0,0.0,benchmark/data/new_experiments/blocks/dfs_timeout=60s__300steps__02052026/evaluation_results/results_blocksworld_combined_timeout60s.csv
dfs_timeout=60s__300steps__02052026,60,1.0,02052026,PO_ROSAME,cleaned,2,3,25,0.0,1.0,0.0,benchmark/data/new_experiments/blocks/dfs_timeout=60s__300steps__02052026/evaluation_results/results_blocksworld_combined_timeout60s.csv
dfs_timeout=60s__300steps__02052026,60,1.0,02052026,PISAM,cleaned,3,3,25,1.0,0.0,0.0,benchmark/data/new_experiments/blocks/dfs_timeout=60s__300steps__02052026/evaluation_results/results_blocksworld_combined_timeout60s.csv
dfs_timeout=60s__300steps__02052026,60,1.0,02052026,PO_ROSAME,cleaned,3,3,25,1.0,0.0,0.0,benchmark/data/new_experiments/blocks/dfs_timeout=60s__300steps__02052026/evaluation_results/results_blocksworld_combined_timeout60s.csv
dfs_timeout=60s__300steps__02052026,60,1.0,02052026,PISAM,cleaned,4,3,25,1.0,0.0,0.0,benchmark/data/new_experiments/blocks/dfs_timeout=60s__300steps__02052026/evaluation_results/results_blocksworld_combined_timeout60s.csv
dfs_timeout=60s__300steps__02052026,60,1.0,02052026,PO_ROSAME,cleaned,4,3,25,0.5,0.0,0.5,benchmark/data/new_experiments/blocks/dfs_timeout=60s__300steps__02052026/evaluation_results/results_blocksworld_combined_timeout60s.csv
dfs_timeout=60s__300steps__02052026,60,1.0,02052026,PISAM,cleaned,1,3,50,1.0,0.0,0.0,benchmark/data/new_experiments/blocks/dfs_timeout=60s__300steps__02052026/evaluation_results/results_blocksworld_combined_timeout60s.csv
dfs_timeout=60s__300steps__02052026,60,1.0,02052026,PO_ROSAME,cleaned,1,3,50,1.0,0.0,0.0,benchmark/data/new_experiments/blocks/dfs_timeout=60s__300steps__02052026/evaluation_results/results_blocksworld_combined_timeout60s.csv
dfs_timeout=60s__300steps__02052026,60,1.0,02052026,PISAM,cleaned,0,3,50,1.0,0.0,0.0,benchmark/data/new_experiments/blocks/dfs_timeout=60s__300steps__02052026/evaluation_results/results_blocksworld_combined_timeout60s.csv
dfs_timeout=60s__300steps__02052026,60,1.0,02052026,PO_ROSAME,cleaned,0,3,50,1.0,0.0,0.0,benchmark/data/new_experiments/blocks/dfs_timeout=60s__300steps__02052026/evaluation_results/results_blocksworld_combined_timeout60s.csv
dfs_timeout=60s__300steps__02052026,60,1.0,02052026,PISAM,cleaned,4,3,50,1.0,0.0,0.0,benchmark/data/new_experiments/blocks/dfs_timeout=60s__300steps__02052026/evaluation_results/results_blocksworld_combined_timeout60s.csv
dfs_timeout=60s__300steps__02052026,60,1.0,02052026,PO_ROSAME,cleaned,4,3,50,0.5,0.0,0.5,benchmark/data/new_experiments/blocks/dfs_timeout=60s__300steps__02052026/evaluation_results/results_blocksworld_combined_timeout60s.csv
dfs_timeout=60s__300steps__02052026,60,1.0,02052026,PISAM,cleaned,3,3,50,1.0,0.0,0.0,benchmark/data/new_experiments/blocks/dfs_timeout=60s__300steps__02052026/evaluation_results/results_blocksworld_combined_timeout60s.csv
dfs_timeout=60s__300steps__02052026,60,1.0,02052026,PO_ROSAME,cleaned,3,3,50,1.0,0.0,0.0,benchmark/data/new_experiments/blocks/dfs_timeout=60s__300steps__02052026/evaluation_results/results_blocksworld_combined_timeout60s.csv
dfs_timeout=60s__300steps__02052026,60,1.0,02052026,PISAM,cleaned,2,3,50,1.0,0.0,0.0,benchmark/data/new_experiments/blocks/dfs_timeout=60s__300steps__02052026/evaluation_results/results_blocksworld_combined_timeout60s.csv
dfs_timeout=60s__300steps__02052026,60,1.0,02052026,PO_ROSAME,cleaned,2,3,50,0.0,0.0,1.0,benchmark/data/new_experiments/blocks/dfs_timeout=60s__300steps__02052026/evaluation_results/results_blocksworld_combined_timeout60s.csv
dfs_timeout=60s__300steps__02052026,60,1.0,02052026,PISAM,cleaned,1,3,75,1.0,0.0,0.0,benchmark/data/new_experiments/blocks/dfs_timeout=60s__300steps__02052026/evaluation_results/results_blocksworld_combined_timeout60s.csv
dfs_timeout=60s__300steps__02052026,60,1.0,02052026,PO_ROSAME,cleaned,1,3,75,1.0,0.0,0.0,benchmark/data/new_experiments/blocks/dfs_timeout=60s__300steps__02052026/evaluation_results/results_blocksworld_combined_timeout60s.csv
dfs_timeout=60s__300steps__02052026,60,1.0,02052026,PISAM,cleaned,2,3,75,1.0,0.0,0.0,benchmark/data/new_experiments/blocks/dfs_timeout=60s__300steps__02052026/evaluation_results/results_blocksworld_combined_timeout60s.csv
dfs_timeout=60s__300steps__02052026,60,1.0,02052026,PO_ROSAME,cleaned,2,3,75,0.0,0.0,0.0,benchmark/data/new_experiments/blocks/dfs_timeout=60s__300steps__02052026/evaluation_results/results_blocksworld_combined_timeout60s.csv
dfs_timeout=60s__300steps__02052026,60,1.0,02052026,PISAM,cleaned,3,3,75,1.0,0.0,0.0,benchmark/data/new_experiments/blocks/dfs_timeout=60s__300steps__02052026/evaluation_results/results_blocksworld_combined_timeout60s.csv
dfs_timeout=60s__300steps__02052026,60,1.0,02052026,PO_ROSAME,cleaned,3,3,75,1.0,0.0,0.0,benchmark/data/new_experiments/blocks/dfs_timeout=60s__300steps__02052026/evaluation_results/results_blocksworld_combined_timeout60s.csv
dfs_timeout=60s__300steps__02052026,60,1.0,02052026,PISAM,cleaned,0,3,75,1.0,0.0,0.0,benchmark/data/new_experiments/blocks/dfs_timeout=60s__300steps__02052026/evaluation_results/results_blocksworld_combined_timeout60s.csv
dfs_timeout=60s__300steps__02052026,60,1.0,02052026,PO_ROSAME,cleaned,0,3,75,0.0,0.0,1.0,benchmark/data/new_experiments/blocks/dfs_timeout=60s__300steps__02052026/evaluation_results/results_blocksworld_combined_timeout60s.csv
dfs_timeout=60s__300steps__02052026,60,1.0,02052026,PISAM,cleaned,4,3,75,1.0,0.0,0.0,benchmark/data/new_experiments/blocks/dfs_timeout=60s__300steps__02052026/evaluation_results/results_blocksworld_combined_timeout60s.csv
dfs_timeout=60s__300steps__02052026,60,1.0,02052026,PO_ROSAME,cleaned,4,3,75,0.5,0.0,0.5,benchmark/data/new_experiments/blocks/dfs_timeout=60s__300steps__02052026/evaluation_results/results_blocksworld_combined_timeout60s.csv
dfs_timeout=60s__300steps__02052026,60,1.0,02052026,PISAM,cleaned,4,3,100,1.0,0.0,0.0,benchmark/data/new_experiments/blocks/dfs_timeout=60s__300steps__02052026/evaluation_results/results_blocksworld_combined_timeout60s.csv
dfs_timeout=60s__300steps__02052026,60,1.0,02052026,PO_ROSAME,cleaned,4,3,100,0.5,0.0,0.5,benchmark/data/new_experiments/blocks/dfs_timeout=60s__300steps__02052026/evaluation_results/results_blocksworld_combined_timeout60s.csv
dfs_timeout=60s__300steps__02052026,60,1.0,02052026,PISAM,cleaned,3,3,100,1.0,0.0,0.0,benchmark/data/new_experiments/blocks/dfs_timeout=60s__300steps__02052026/evaluation_results/results_blocksworld_combined_timeout60s.csv
dfs_timeout=60s__300steps__02052026,60,1.0,02052026,PO_ROSAME,cleaned,3,3,100,,,,benchmark/data/new_experiments/blocks/dfs_timeout=60s__300steps__02052026/evaluation_results/results_blocksworld_combined_timeout60s.csv
dfs_timeout=60s__300steps__02052026,60,1.0,02052026,PISAM,cleaned,0,3,100,1.0,0.0,0.0,benchmark/data/new_experiments/blocks/dfs_timeout=60s__300steps__02052026/evaluation_results/results_blocksworld_combined_timeout60s.csv
dfs_timeout=60s__300steps__02052026,60,1.0,02052026,PO_ROSAME,cleaned,0,3,100,0.0,0.0,1.0,benchmark/data/new_experiments/blocks/dfs_timeout=60s__300steps__02052026/evaluation_results/results_blocksworld_combined_timeout60s.csv
dfs_timeout=60s__300steps__02052026,60,1.0,02052026,PISAM,cleaned,2,3,100,1.0,0.0,0.0,benchmark/data/new_experiments/blocks/dfs_timeout=60s__300steps__02052026/evaluation_results/results_blocksworld_combined_timeout60s.csv
dfs_timeout=60s__300steps__02052026,60,1.0,02052026,PO_ROSAME,cleaned,2,3,100,0.0,0.0,0.0,benchmark/data/new_experiments/blocks/dfs_timeout=60s__300steps__02052026/evaluation_results/results_blocksworld_combined_timeout60s.csv
dfs_timeout=60s__300steps__02052026,60,1.0,02052026,PISAM,cleaned,1,3,100,1.0,0.0,0.0,benchmark/data/new_experiments/blocks/dfs_timeout=60s__300steps__02052026/evaluation_results/results_blocksworld_combined_timeout60s.csv
dfs_timeout=60s__300steps__02052026,60,1.0,02052026,PO_ROSAME,cleaned,1,3,100,1.0,0.0,0.0,benchmark/data/new_experiments/blocks/dfs_timeout=60s__300steps__02052026/evaluation_results/results_blocksworld_combined_timeout60s.csv
dfs_timeout=60s__300steps__02052026,60,1.0,02052026,PISAM,cleaned,0,4,0,1.0,0.0,0.0,benchmark/data/new_experiments/blocks/dfs_timeout=60s__300steps__02052026/evaluation_results/results_blocksworld_combined_timeout60s.csv
dfs_timeout=60s__300steps__02052026,60,1.0,02052026,PO_ROSAME,cleaned,0,4,0,1.0,0.0,0.0,benchmark/data/new_experiments/blocks/dfs_timeout=60s__300steps__02052026/evaluation_results/results_blocksworld_combined_timeout60s.csv
dfs_timeout=60s__300steps__02052026,60,1.0,02052026,PISAM,cleaned,3,4,0,0.0,1.0,0.0,benchmark/data/new_experiments/blocks/dfs_timeout=60s__300steps__02052026/evaluation_results/results_blocksworld_combined_timeout60s.csv
dfs_timeout=60s__300steps__02052026,60,1.0,02052026,PO_ROSAME,cleaned,3,4,0,0.0,0.0,1.0,benchmark/data/new_experiments/blocks/dfs_timeout=60s__300steps__02052026/evaluation_results/results_blocksworld_combined_timeout60s.csv
dfs_timeout=60s__300steps__02052026,60,1.0,02052026,PISAM,cleaned,2,4,0,0.0,1.0,0.0,benchmark/data/new_experiments/blocks/dfs_timeout=60s__300steps__02052026/evaluation_results/results_blocksworld_combined_timeout60s.csv
dfs_timeout=60s__300steps__02052026,60,1.0,02052026,PO_ROSAME,cleaned,2,4,0,0.0,1.0,0.0,benchmark/data/new_experiments/blocks/dfs_timeout=60s__300steps__02052026/evaluation_results/results_blocksworld_combined_timeout60s.csv
dfs_timeout=60s__300steps__02052026,60,1.0,02052026,PISAM,cleaned,4,4,0,0.0,1.0,0.0,benchmark/data/new_experiments/blocks/dfs_timeout=60s__300steps__02052026/evaluation_results/results_blocksworld_combined_timeout60s.csv
dfs_timeout=60s__300steps__02052026,60,1.0,02052026,PO_ROSAME,cleaned,4,4,0,0.0,0.0,1.0,benchmark/data/new_experiments/blocks/dfs_timeout=60s__300steps__02052026/evaluation_results/results_blocksworld_combined_timeout60s.csv
dfs_timeout=60s__300steps__02052026,60,1.0,02052026,PISAM,cleaned,1,4,0,0.0,1.0,0.0,benchmark/data/new_experiments/blocks/dfs_timeout=60s__300steps__02052026/evaluation_results/results_blocksworld_combined_timeout60s.csv
dfs_timeout=60s__300steps__02052026,60,1.0,02052026,PO_ROSAME,cleaned,1,4,0,0.0,1.0,0.0,benchmark/data/new_experiments/blocks/dfs_timeout=60s__300steps__02052026/evaluation_results/results_blocksworld_combined_timeout60s.csv
dfs_timeout=60s__300steps__02052026,60,1.0,02052026,PISAM,cleaned,1,4,10,1.0,0.0,0.0,benchmark/data/new_experiments/blocks/dfs_timeout=60s__300steps__02052026/evaluation_results/results_blocksworld_combined_timeout60s.csv
dfs_timeout=60s__300steps__02052026,60,1.0,02052026,PO_ROSAME,cleaned,1,4,10,0.0,1.0,0.0,benchmark/data/new_experiments/blocks/dfs_timeout=60s__300steps__02052026/evaluation_results/results_blocksworld_combined_timeout60s.csv
dfs_timeout=60s__300steps__02052026,60,1.0,02052026,PISAM,cleaned,2,4,10,1.0,0.0,0.0,benchmark/data/new_experiments/blocks/dfs_timeout=60s__300steps__02052026/evaluation_results/results_blocksworld_combined_timeout60s.csv
dfs_timeout=60s__300steps__02052026,60,1.0,02052026,PO_ROSAME,cleaned,2,4,10,0.0,0.0,0.0,benchmark/data/new_experiments/blocks/dfs_timeout=60s__300steps__02052026/evaluation_results/results_blocksworld_combined_timeout60s.csv
dfs_timeout=60s__300steps__02052026,60,1.0,02052026,PISAM,cleaned,3,4,10,1.0,0.0,0.0,benchmark/data/new_experiments/blocks/dfs_timeout=60s__300steps__02052026/evaluation_results/results_blocksworld_combined_timeout60s.csv
dfs_timeout=60s__300steps__02052026,60,1.0,02052026,PO_ROSAME,cleaned,3,4,10,1.0,0.0,0.0,benchmark/data/new_experiments/blocks/dfs_timeout=60s__300steps__02052026/evaluation_results/results_blocksworld_combined_timeout60s.csv
dfs_timeout=60s__300steps__02052026,60,1.0,02052026,PISAM,cleaned,4,4,10,1.0,0.0,0.0,benchmark/data/new_experiments/blocks/dfs_timeout=60s__300steps__02052026/evaluation_results/results_blocksworld_combined_timeout60s.csv
dfs_timeout=60s__300steps__02052026,60,1.0,02052026,PO_ROSAME,cleaned,4,4,10,1.0,0.0,0.0,benchmark/data/new_experiments/blocks/dfs_timeout=60s__300steps__02052026/evaluation_results/results_blocksworld_combined_timeout60s.csv
dfs_timeout=60s__300steps__02052026,60,1.0,02052026,PISAM,cleaned,0,4,10,1.0,0.0,0.0,benchmark/data/new_experiments/blocks/dfs_timeout=60s__300steps__02052026/evaluation_results/results_blocksworld_combined_timeout60s.csv
dfs_timeout=60s__300steps__02052026,60,1.0,02052026,PO_ROSAME,cleaned,0,4,10,1.0,0.0,0.0,benchmark/data/new_experiments/blocks/dfs_timeout=60s__300steps__02052026/evaluation_results/results_blocksworld_combined_timeout60s.csv
dfs_timeout=60s__300steps__02052026,60,1.0,02052026,PISAM,cleaned,2,4,25,1.0,0.0,0.0,benchmark/data/new_experiments/blocks/dfs_timeout=60s__300steps__02052026/evaluation_results/results_blocksworld_combined_timeout60s.csv
dfs_timeout=60s__300steps__02052026,60,1.0,02052026,PO_ROSAME,cleaned,2,4,25,0.0,0.0,1.0,benchmark/data/new_experiments/blocks/dfs_timeout=60s__300steps__02052026/evaluation_results/results_blocksworld_combined_timeout60s.csv
dfs_timeout=60s__300steps__02052026,60,1.0,02052026,PISAM,cleaned,4,4,25,1.0,0.0,0.0,benchmark/data/new_experiments/blocks/dfs_timeout=60s__300steps__02052026/evaluation_results/results_blocksworld_combined_timeout60s.csv
dfs_timeout=60s__300steps__02052026,60,1.0,02052026,PO_ROSAME,cleaned,4,4,25,1.0,0.0,0.0,benchmark/data/new_experiments/blocks/dfs_timeout=60s__300steps__02052026/evaluation_results/results_blocksworld_combined_timeout60s.csv
dfs_timeout=60s__300steps__02052026,60,1.0,02052026,PISAM,cleaned,0,4,25,1.0,0.0,0.0,benchmark/data/new_experiments/blocks/dfs_timeout=60s__300steps__02052026/evaluation_results/results_blocksworld_combined_timeout60s.csv
dfs_timeout=60s__300steps__02052026,60,1.0,02052026,PO_ROSAME,cleaned,0,4,25,1.0,0.0,0.0,benchmark/data/new_experiments/blocks/dfs_timeout=60s__300steps__02052026/evaluation_results/results_blocksworld_combined_timeout60s.csv
dfs_timeout=60s__300steps__02052026,60,1.0,02052026,PISAM,cleaned,3,4,25,1.0,0.0,0.0,benchmark/data/new_experiments/blocks/dfs_timeout=60s__300steps__02052026/evaluation_results/results_blocksworld_combined_timeout60s.csv
dfs_timeout=60s__300steps__02052026,60,1.0,02052026,PO_ROSAME,cleaned,3,4,25,1.0,0.0,0.0,benchmark/data/new_experiments/blocks/dfs_timeout=60s__300steps__02052026/evaluation_results/results_blocksworld_combined_timeout60s.csv
dfs_timeout=60s__300steps__02052026,60,1.0,02052026,PISAM,cleaned,1,4,25,1.0,0.0,0.0,benchmark/data/new_experiments/blocks/dfs_timeout=60s__300steps__02052026/evaluation_results/results_blocksworld_combined_timeout60s.csv
dfs_timeout=60s__300steps__02052026,60,1.0,02052026,PO_ROSAME,cleaned,1,4,25,0.0,0.0,0.0,benchmark/data/new_experiments/blocks/dfs_timeout=60s__300steps__02052026/evaluation_results/results_blocksworld_combined_timeout60s.csv
dfs_timeout=60s__300steps__02052026,60,1.0,02052026,PISAM,cleaned,3,4,50,1.0,0.0,0.0,benchmark/data/new_experiments/blocks/dfs_timeout=60s__300steps__02052026/evaluation_results/results_blocksworld_combined_timeout60s.csv
dfs_timeout=60s__300steps__02052026,60,1.0,02052026,PO_ROSAME,cleaned,3,4,50,1.0,0.0,0.0,benchmark/data/new_experiments/blocks/dfs_timeout=60s__300steps__02052026/evaluation_results/results_blocksworld_combined_timeout60s.csv
dfs_timeout=60s__300steps__02052026,60,1.0,02052026,PISAM,cleaned,4,4,50,1.0,0.0,0.0,benchmark/data/new_experiments/blocks/dfs_timeout=60s__300steps__02052026/evaluation_results/results_blocksworld_combined_timeout60s.csv
dfs_timeout=60s__300steps__02052026,60,1.0,02052026,PO_ROSAME,cleaned,4,4,50,1.0,0.0,0.0,benchmark/data/new_experiments/blocks/dfs_timeout=60s__300steps__02052026/evaluation_results/results_blocksworld_combined_timeout60s.csv
dfs_timeout=60s__300steps__02052026,60,1.0,02052026,PISAM,cleaned,2,4,50,1.0,0.0,0.0,benchmark/data/new_experiments/blocks/dfs_timeout=60s__300steps__02052026/evaluation_results/results_blocksworld_combined_timeout60s.csv
dfs_timeout=60s__300steps__02052026,60,1.0,02052026,PO_ROSAME,cleaned,2,4,50,0.0,0.0,0.0,benchmark/data/new_experiments/blocks/dfs_timeout=60s__300steps__02052026/evaluation_results/results_blocksworld_combined_timeout60s.csv
dfs_timeout=60s__300steps__02052026,60,1.0,02052026,PISAM,cleaned,0,4,50,1.0,0.0,0.0,benchmark/data/new_experiments/blocks/dfs_timeout=60s__300steps__02052026/evaluation_results/results_blocksworld_combined_timeout60s.csv
dfs_timeout=60s__300steps__02052026,60,1.0,02052026,PO_ROSAME,cleaned,0,4,50,1.0,0.0,0.0,benchmark/data/new_experiments/blocks/dfs_timeout=60s__300steps__02052026/evaluation_results/results_blocksworld_combined_timeout60s.csv
dfs_timeout=60s__300steps__02052026,60,1.0,02052026,PISAM,cleaned,1,4,50,1.0,0.0,0.0,benchmark/data/new_experiments/blocks/dfs_timeout=60s__300steps__02052026/evaluation_results/results_blocksworld_combined_timeout60s.csv
dfs_timeout=60s__300steps__02052026,60,1.0,02052026,PO_ROSAME,cleaned,1,4,50,0.0,1.0,0.0,benchmark/data/new_experiments/blocks/dfs_timeout=60s__300steps__02052026/evaluation_results/results_blocksworld_combined_timeout60s.csv
dfs_timeout=60s__300steps__02052026,60,1.0,02052026,PISAM,cleaned,4,4,75,1.0,0.0,0.0,benchmark/data/new_experiments/blocks/dfs_timeout=60s__300steps__02052026/evaluation_results/results_blocksworld_combined_timeout60s.csv
dfs_timeout=60s__300steps__02052026,60,1.0,02052026,PO_ROSAME,cleaned,4,4,75,1.0,0.0,0.0,benchmark/data/new_experiments/blocks/dfs_timeout=60s__300steps__02052026/evaluation_results/results_blocksworld_combined_timeout60s.csv
dfs_timeout=60s__300steps__02052026,60,1.0,02052026,PISAM,cleaned,3,4,75,1.0,0.0,0.0,benchmark/data/new_experiments/blocks/dfs_timeout=60s__300steps__02052026/evaluation_results/results_blocksworld_combined_timeout60s.csv
dfs_timeout=60s__300steps__02052026,60,1.0,02052026,PO_ROSAME,cleaned,3,4,75,1.0,0.0,0.0,benchmark/data/new_experiments/blocks/dfs_timeout=60s__300steps__02052026/evaluation_results/results_blocksworld_combined_timeout60s.csv
dfs_timeout=60s__300steps__02052026,60,1.0,02052026,PISAM,cleaned,2,4,75,1.0,0.0,0.0,benchmark/data/new_experiments/blocks/dfs_timeout=60s__300steps__02052026/evaluation_results/results_blocksworld_combined_timeout60s.csv
dfs_timeout=60s__300steps__02052026,60,1.0,02052026,PO_ROSAME,cleaned,2,4,75,0.0,1.0,0.0,benchmark/data/new_experiments/blocks/dfs_timeout=60s__300steps__02052026/evaluation_results/results_blocksworld_combined_timeout60s.csv
dfs_timeout=60s__300steps__02052026,60,1.0,02052026,PISAM,cleaned,0,4,75,1.0,0.0,0.0,benchmark/data/new_experiments/blocks/dfs_timeout=60s__300steps__02052026/evaluation_results/results_blocksworld_combined_timeout60s.csv
dfs_timeout=60s__300steps__02052026,60,1.0,02052026,PO_ROSAME,cleaned,0,4,75,1.0,0.0,0.0,benchmark/data/new_experiments/blocks/dfs_timeout=60s__300steps__02052026/evaluation_results/results_blocksworld_combined_timeout60s.csv
dfs_timeout=60s__300steps__02052026,60,1.0,02052026,PISAM,cleaned,1,4,75,1.0,0.0,0.0,benchmark/data/new_experiments/blocks/dfs_timeout=60s__300steps__02052026/evaluation_results/results_blocksworld_combined_timeout60s.csv
dfs_timeout=60s__300steps__02052026,60,1.0,02052026,PO_ROSAME,cleaned,1,4,75,0.0,1.0,0.0,benchmark/data/new_experiments/blocks/dfs_timeout=60s__300steps__02052026/evaluation_results/results_blocksworld_combined_timeout60s.csv
dfs_timeout=60s__300steps__02052026,60,1.0,02052026,PISAM,cleaned,3,4,100,1.0,0.0,0.0,benchmark/data/new_experiments/blocks/dfs_timeout=60s__300steps__02052026/evaluation_results/results_blocksworld_combined_timeout60s.csv
dfs_timeout=60s__300steps__02052026,60,1.0,02052026,PO_ROSAME,cleaned,3,4,100,1.0,0.0,0.0,benchmark/data/new_experiments/blocks/dfs_timeout=60s__300steps__02052026/evaluation_results/results_blocksworld_combined_timeout60s.csv
dfs_timeout=60s__300steps__02052026,60,1.0,02052026,PISAM,cleaned,0,4,100,1.0,0.0,0.0,benchmark/data/new_experiments/blocks/dfs_timeout=60s__300steps__02052026/evaluation_results/results_blocksworld_combined_timeout60s.csv
dfs_timeout=60s__300steps__02052026,60,1.0,02052026,PO_ROSAME,cleaned,0,4,100,1.0,0.0,0.0,benchmark/data/new_experiments/blocks/dfs_timeout=60s__300steps__02052026/evaluation_results/results_blocksworld_combined_timeout60s.csv
dfs_timeout=60s__300steps__02052026,60,1.0,02052026,PISAM,cleaned,4,4,100,1.0,0.0,0.0,benchmark/data/new_experiments/blocks/dfs_timeout=60s__300steps__02052026/evaluation_results/results_blocksworld_combined_timeout60s.csv
dfs_timeout=60s__300steps__02052026,60,1.0,02052026,PO_ROSAME,cleaned,4,4,100,1.0,0.0,0.0,benchmark/data/new_experiments/blocks/dfs_timeout=60s__300steps__02052026/evaluation_results/results_blocksworld_combined_timeout60s.csv
dfs_timeout=60s__300steps__02052026,60,1.0,02052026,PISAM,cleaned,2,4,100,1.0,0.0,0.0,benchmark/data/new_experiments/blocks/dfs_timeout=60s__300steps__02052026/evaluation_results/results_blocksworld_combined_timeout60s.csv
dfs_timeout=60s__300steps__02052026,60,1.0,02052026,PO_ROSAME,cleaned,2,4,100,0.0,1.0,0.0,benchmark/data/new_experiments/blocks/dfs_timeout=60s__300steps__02052026/evaluation_results/results_blocksworld_combined_timeout60s.csv
dfs_timeout=60s__300steps__02052026,60,1.0,02052026,PISAM,cleaned,1,4,100,1.0,0.0,0.0,benchmark/data/new_experiments/blocks/dfs_timeout=60s__300steps__02052026/evaluation_results/results_blocksworld_combined_timeout60s.csv
dfs_timeout=60s__300steps__02052026,60,1.0,02052026,PO_ROSAME,cleaned,1,4,100,0.0,1.0,0.0,benchmark/data/new_experiments/blocks/dfs_timeout=60s__300steps__02052026/evaluation_results/results_blocksworld_combined_timeout60s.csv
dfs_timeout=60s__300steps__02052026,60,1.0,02052026,PISAM,cleaned,4,5,0,0.0,0.0,1.0,benchmark/data/new_experiments/blocks/dfs_timeout=60s__300steps__02052026/evaluation_results/results_blocksworld_combined_timeout60s.csv
dfs_timeout=60s__300steps__02052026,60,1.0,02052026,PO_ROSAME,cleaned,4,5,0,0.0,0.0,0.0,benchmark/data/new_experiments/blocks/dfs_timeout=60s__300steps__02052026/evaluation_results/results_blocksworld_combined_timeout60s.csv
dfs_timeout=60s__300steps__02052026,60,1.0,02052026,PISAM,cleaned,3,5,0,0.0,1.0,0.0,benchmark/data/new_experiments/blocks/dfs_timeout=60s__300steps__02052026/evaluation_results/results_blocksworld_combined_timeout60s.csv
dfs_timeout=60s__300steps__02052026,60,1.0,02052026,PO_ROSAME,cleaned,3,5,0,0.0,0.0,0.0,benchmark/data/new_experiments/blocks/dfs_timeout=60s__300steps__02052026/evaluation_results/results_blocksworld_combined_timeout60s.csv
dfs_timeout=60s__300steps__02052026,60,1.0,02052026,PISAM,cleaned,1,5,0,0.0,1.0,0.0,benchmark/data/new_experiments/blocks/dfs_timeout=60s__300steps__02052026/evaluation_results/results_blocksworld_combined_timeout60s.csv
dfs_timeout=60s__300steps__02052026,60,1.0,02052026,PO_ROSAME,cleaned,1,5,0,0.0,0.5,0.5,benchmark/data/new_experiments/blocks/dfs_timeout=60s__300steps__02052026/evaluation_results/results_blocksworld_combined_timeout60s.csv
dfs_timeout=60s__300steps__02052026,60,1.0,02052026,PISAM,cleaned,0,5,0,1.0,0.0,0.0,benchmark/data/new_experiments/blocks/dfs_timeout=60s__300steps__02052026/evaluation_results/results_blocksworld_combined_timeout60s.csv
dfs_timeout=60s__300steps__02052026,60,1.0,02052026,PO_ROSAME,cleaned,0,5,0,0.0,0.0,0.0,benchmark/data/new_experiments/blocks/dfs_timeout=60s__300steps__02052026/evaluation_results/results_blocksworld_combined_timeout60s.csv
dfs_timeout=60s__300steps__02052026,60,1.0,02052026,PISAM,cleaned,2,5,0,0.0,0.0,1.0,benchmark/data/new_experiments/blocks/dfs_timeout=60s__300steps__02052026/evaluation_results/results_blocksworld_combined_timeout60s.csv
dfs_timeout=60s__300steps__02052026,60,1.0,02052026,PO_ROSAME,cleaned,2,5,0,0.0,1.0,0.0,benchmark/data/new_experiments/blocks/dfs_timeout=60s__300steps__02052026/evaluation_results/results_blocksworld_combined_timeout60s.csv
dfs_timeout=60s__300steps__02052026,60,1.0,02052026,PISAM,cleaned,2,5,10,1.0,0.0,0.0,benchmark/data/new_experiments/blocks/dfs_timeout=60s__300steps__02052026/evaluation_results/results_blocksworld_combined_timeout60s.csv
dfs_timeout=60s__300steps__02052026,60,1.0,02052026,PO_ROSAME,cleaned,2,5,10,1.0,0.0,0.0,benchmark/data/new_experiments/blocks/dfs_timeout=60s__300steps__02052026/evaluation_results/results_blocksworld_combined_timeout60s.csv
dfs_timeout=60s__300steps__02052026,60,1.0,02052026,PISAM,cleaned,4,5,10,1.0,0.0,0.0,benchmark/data/new_experiments/blocks/dfs_timeout=60s__300steps__02052026/evaluation_results/results_blocksworld_combined_timeout60s.csv
dfs_timeout=60s__300steps__02052026,60,1.0,02052026,PO_ROSAME,cleaned,4,5,10,0.0,0.0,0.0,benchmark/data/new_experiments/blocks/dfs_timeout=60s__300steps__02052026/evaluation_results/results_blocksworld_combined_timeout60s.csv
dfs_timeout=60s__300steps__02052026,60,1.0,02052026,PISAM,cleaned,0,5,10,1.0,0.0,0.0,benchmark/data/new_experiments/blocks/dfs_timeout=60s__300steps__02052026/evaluation_results/results_blocksworld_combined_timeout60s.csv
dfs_timeout=60s__300steps__02052026,60,1.0,02052026,PO_ROSAME,cleaned,0,5,10,0.0,0.0,0.0,benchmark/data/new_experiments/blocks/dfs_timeout=60s__300steps__02052026/evaluation_results/results_blocksworld_combined_timeout60s.csv
dfs_timeout=60s__300steps__02052026,60,1.0,02052026,PISAM,cleaned,1,5,10,1.0,0.0,0.0,benchmark/data/new_experiments/blocks/dfs_timeout=60s__300steps__02052026/evaluation_results/results_blocksworld_combined_timeout60s.csv
dfs_timeout=60s__300steps__02052026,60,1.0,02052026,PO_ROSAME,cleaned,1,5,10,1.0,0.0,0.0,benchmark/data/new_experiments/blocks/dfs_timeout=60s__300steps__02052026/evaluation_results/results_blocksworld_combined_timeout60s.csv
dfs_timeout=60s__300steps__02052026,60,1.0,02052026,PISAM,cleaned,3,5,10,1.0,0.0,0.0,benchmark/data/new_experiments/blocks/dfs_timeout=60s__300steps__02052026/evaluation_results/results_blocksworld_combined_timeout60s.csv
dfs_timeout=60s__300steps__02052026,60,1.0,02052026,PO_ROSAME,cleaned,3,5,10,0.0,0.0,0.0,benchmark/data/new_experiments/blocks/dfs_timeout=60s__300steps__02052026/evaluation_results/results_blocksworld_combined_timeout60s.csv
dfs_timeout=60s__300steps__02052026,60,1.0,02052026,PISAM,cleaned,3,5,25,1.0,0.0,0.0,benchmark/data/new_experiments/blocks/dfs_timeout=60s__300steps__02052026/evaluation_results/results_blocksworld_combined_timeout60s.csv
dfs_timeout=60s__300steps__02052026,60,1.0,02052026,PO_ROSAME,cleaned,3,5,25,0.0,0.0,0.0,benchmark/data/new_experiments/blocks/dfs_timeout=60s__300steps__02052026/evaluation_results/results_blocksworld_combined_timeout60s.csv
dfs_timeout=60s__300steps__02052026,60,1.0,02052026,PISAM,cleaned,1,5,25,1.0,0.0,0.0,benchmark/data/new_experiments/blocks/dfs_timeout=60s__300steps__02052026/evaluation_results/results_blocksworld_combined_timeout60s.csv
dfs_timeout=60s__300steps__02052026,60,1.0,02052026,PO_ROSAME,cleaned,1,5,25,0.0,0.0,1.0,benchmark/data/new_experiments/blocks/dfs_timeout=60s__300steps__02052026/evaluation_results/results_blocksworld_combined_timeout60s.csv
dfs_timeout=60s__300steps__02052026,60,1.0,02052026,PISAM,cleaned,0,5,25,1.0,0.0,0.0,benchmark/data/new_experiments/blocks/dfs_timeout=60s__300steps__02052026/evaluation_results/results_blocksworld_combined_timeout60s.csv
dfs_timeout=60s__300steps__02052026,60,1.0,02052026,PO_ROSAME,cleaned,0,5,25,1.0,0.0,0.0,benchmark/data/new_experiments/blocks/dfs_timeout=60s__300steps__02052026/evaluation_results/results_blocksworld_combined_timeout60s.csv
dfs_timeout=60s__300steps__02052026,60,1.0,02052026,PISAM,cleaned,2,5,25,1.0,0.0,0.0,benchmark/data/new_experiments/blocks/dfs_timeout=60s__300steps__02052026/evaluation_results/results_blocksworld_combined_timeout60s.csv
dfs_timeout=60s__300steps__02052026,60,1.0,02052026,PO_ROSAME,cleaned,2,5,25,1.0,0.0,0.0,benchmark/data/new_experiments/blocks/dfs_timeout=60s__300steps__02052026/evaluation_results/results_blocksworld_combined_timeout60s.csv
dfs_timeout=60s__300steps__02052026,60,1.0,02052026,PISAM,cleaned,4,5,25,1.0,0.0,0.0,benchmark/data/new_experiments/blocks/dfs_timeout=60s__300steps__02052026/evaluation_results/results_blocksworld_combined_timeout60s.csv
dfs_timeout=60s__300steps__02052026,60,1.0,02052026,PO_ROSAME,cleaned,4,5,25,0.0,0.0,0.0,benchmark/data/new_experiments/blocks/dfs_timeout=60s__300steps__02052026/evaluation_results/results_blocksworld_combined_timeout60s.csv
dfs_timeout=60s__300steps__02052026,60,1.0,02052026,PISAM,cleaned,3,5,50,1.0,0.0,0.0,benchmark/data/new_experiments/blocks/dfs_timeout=60s__300steps__02052026/evaluation_results/results_blocksworld_combined_timeout60s.csv
dfs_timeout=60s__300steps__02052026,60,1.0,02052026,PO_ROSAME,cleaned,3,5,50,0.0,0.0,0.0,benchmark/data/new_experiments/blocks/dfs_timeout=60s__300steps__02052026/evaluation_results/results_blocksworld_combined_timeout60s.csv
dfs_timeout=60s__300steps__02052026,60,1.0,02052026,PISAM,cleaned,0,5,50,1.0,0.0,0.0,benchmark/data/new_experiments/blocks/dfs_timeout=60s__300steps__02052026/evaluation_results/results_blocksworld_combined_timeout60s.csv
dfs_timeout=60s__300steps__02052026,60,1.0,02052026,PO_ROSAME,cleaned,0,5,50,0.0,0.0,0.0,benchmark/data/new_experiments/blocks/dfs_timeout=60s__300steps__02052026/evaluation_results/results_blocksworld_combined_timeout60s.csv
dfs_timeout=60s__300steps__02052026,60,1.0,02052026,PISAM,cleaned,4,5,50,1.0,0.0,0.0,benchmark/data/new_experiments/blocks/dfs_timeout=60s__300steps__02052026/evaluation_results/results_blocksworld_combined_timeout60s.csv
dfs_timeout=60s__300steps__02052026,60,1.0,02052026,PO_ROSAME,cleaned,4,5,50,0.0,0.0,0.0,benchmark/data/new_experiments/blocks/dfs_timeout=60s__300steps__02052026/evaluation_results/results_blocksworld_combined_timeout60s.csv
dfs_timeout=60s__300steps__02052026,60,1.0,02052026,PISAM,cleaned,1,5,50,1.0,0.0,0.0,benchmark/data/new_experiments/blocks/dfs_timeout=60s__300steps__02052026/evaluation_results/results_blocksworld_combined_timeout60s.csv
dfs_timeout=60s__300steps__02052026,60,1.0,02052026,PO_ROSAME,cleaned,1,5,50,0.0,0.0,1.0,benchmark/data/new_experiments/blocks/dfs_timeout=60s__300steps__02052026/evaluation_results/results_blocksworld_combined_timeout60s.csv
dfs_timeout=60s__300steps__02052026,60,1.0,02052026,PISAM,cleaned,2,5,50,1.0,0.0,0.0,benchmark/data/new_experiments/blocks/dfs_timeout=60s__300steps__02052026/evaluation_results/results_blocksworld_combined_timeout60s.csv
dfs_timeout=60s__300steps__02052026,60,1.0,02052026,PO_ROSAME,cleaned,2,5,50,1.0,0.0,0.0,benchmark/data/new_experiments/blocks/dfs_timeout=60s__300steps__02052026/evaluation_results/results_blocksworld_combined_timeout60s.csv
dfs_timeout=60s__300steps__02052026,60,1.0,02052026,PISAM,cleaned,0,5,75,1.0,0.0,0.0,benchmark/data/new_experiments/blocks/dfs_timeout=60s__300steps__02052026/evaluation_results/results_blocksworld_combined_timeout60s.csv
dfs_timeout=60s__300steps__02052026,60,1.0,02052026,PO_ROSAME,cleaned,0,5,75,0.0,1.0,0.0,benchmark/data/new_experiments/blocks/dfs_timeout=60s__300steps__02052026/evaluation_results/results_blocksworld_combined_timeout60s.csv
dfs_timeout=60s__300steps__02052026,60,1.0,02052026,PISAM,cleaned,4,5,75,1.0,0.0,0.0,benchmark/data/new_experiments/blocks/dfs_timeout=60s__300steps__02052026/evaluation_results/results_blocksworld_combined_timeout60s.csv
dfs_timeout=60s__300steps__02052026,60,1.0,02052026,PO_ROSAME,cleaned,4,5,75,0.0,0.0,0.0,benchmark/data/new_experiments/blocks/dfs_timeout=60s__300steps__02052026/evaluation_results/results_blocksworld_combined_timeout60s.csv
dfs_timeout=60s__300steps__02052026,60,1.0,02052026,PISAM,cleaned,1,5,75,1.0,0.0,0.0,benchmark/data/new_experiments/blocks/dfs_timeout=60s__300steps__02052026/evaluation_results/results_blocksworld_combined_timeout60s.csv
dfs_timeout=60s__300steps__02052026,60,1.0,02052026,PO_ROSAME,cleaned,1,5,75,0.0,0.0,1.0,benchmark/data/new_experiments/blocks/dfs_timeout=60s__300steps__02052026/evaluation_results/results_blocksworld_combined_timeout60s.csv
dfs_timeout=60s__300steps__02052026,60,1.0,02052026,PISAM,cleaned,2,5,75,1.0,0.0,0.0,benchmark/data/new_experiments/blocks/dfs_timeout=60s__300steps__02052026/evaluation_results/results_blocksworld_combined_timeout60s.csv
dfs_timeout=60s__300steps__02052026,60,1.0,02052026,PO_ROSAME,cleaned,2,5,75,1.0,0.0,0.0,benchmark/data/new_experiments/blocks/dfs_timeout=60s__300steps__02052026/evaluation_results/results_blocksworld_combined_timeout60s.csv
dfs_timeout=60s__300steps__02052026,60,1.0,02052026,PISAM,cleaned,3,5,75,1.0,0.0,0.0,benchmark/data/new_experiments/blocks/dfs_timeout=60s__300steps__02052026/evaluation_results/results_blocksworld_combined_timeout60s.csv
dfs_timeout=60s__300steps__02052026,60,1.0,02052026,PO_ROSAME,cleaned,3,5,75,0.0,0.0,0.0,benchmark/data/new_experiments/blocks/dfs_timeout=60s__300steps__02052026/evaluation_results/results_blocksworld_combined_timeout60s.csv
dfs_timeout=60s__300steps__02052026,60,1.0,02052026,PISAM,cleaned,1,5,100,1.0,0.0,0.0,benchmark/data/new_experiments/blocks/dfs_timeout=60s__300steps__02052026/evaluation_results/results_blocksworld_combined_timeout60s.csv
dfs_timeout=60s__300steps__02052026,60,1.0,02052026,PO_ROSAME,cleaned,1,5,100,1.0,0.0,0.0,benchmark/data/new_experiments/blocks/dfs_timeout=60s__300steps__02052026/evaluation_results/results_blocksworld_combined_timeout60s.csv
dfs_timeout=60s__300steps__02052026,60,1.0,02052026,PISAM,cleaned,0,5,100,1.0,0.0,0.0,benchmark/data/new_experiments/blocks/dfs_timeout=60s__300steps__02052026/evaluation_results/results_blocksworld_combined_timeout60s.csv
dfs_timeout=60s__300steps__02052026,60,1.0,02052026,PO_ROSAME,cleaned,0,5,100,0.0,0.0,0.0,benchmark/data/new_experiments/blocks/dfs_timeout=60s__300steps__02052026/evaluation_results/results_blocksworld_combined_timeout60s.csv
dfs_timeout=60s__300steps__02052026,60,1.0,02052026,PISAM,cleaned,3,5,100,1.0,0.0,0.0,benchmark/data/new_experiments/blocks/dfs_timeout=60s__300steps__02052026/evaluation_results/results_blocksworld_combined_timeout60s.csv
dfs_timeout=60s__300steps__02052026,60,1.0,02052026,PO_ROSAME,cleaned,3,5,100,0.0,0.0,0.0,benchmark/data/new_experiments/blocks/dfs_timeout=60s__300steps__02052026/evaluation_results/results_blocksworld_combined_timeout60s.csv
dfs_timeout=60s__300steps__02052026,60,1.0,02052026,PISAM,cleaned,4,5,100,1.0,0.0,0.0,benchmark/data/new_experiments/blocks/dfs_timeout=60s__300steps__02052026/evaluation_results/results_blocksworld_combined_timeout60s.csv
dfs_timeout=60s__300steps__02052026,60,1.0,02052026,PO_ROSAME,cleaned,4,5,100,0.0,1.0,0.0,benchmark/data/new_experiments/blocks/dfs_timeout=60s__300steps__02052026/evaluation_results/results_blocksworld_combined_timeout60s.csv
dfs_timeout=60s__300steps__02052026,60,1.0,02052026,PISAM,cleaned,2,5,100,1.0,0.0,0.0,benchmark/data/new_experiments/blocks/dfs_timeout=60s__300steps__02052026/evaluation_results/results_blocksworld_combined_timeout60s.csv
dfs_timeout=60s__300steps__02052026,60,1.0,02052026,PO_ROSAME,cleaned,2,5,100,1.0,0.0,0.0,benchmark/data/new_experiments/blocks/dfs_timeout=60s__300steps__02052026/evaluation_results/results_blocksworld_combined_timeout60s.csv
dfs_timeout=60s__300steps__02052026,60,1.0,02052026,PISAM,cleaned,1,6,0,0.0,1.0,0.0,benchmark/data/new_experiments/blocks/dfs_timeout=60s__300steps__02052026/evaluation_results/results_blocksworld_combined_timeout60s.csv
dfs_timeout=60s__300steps__02052026,60,1.0,02052026,PO_ROSAME,cleaned,1,6,0,0.0,1.0,0.0,benchmark/data/new_experiments/blocks/dfs_timeout=60s__300steps__02052026/evaluation_results/results_blocksworld_combined_timeout60s.csv
dfs_timeout=60s__300steps__02052026,60,1.0,02052026,PISAM,cleaned,2,6,0,0.0,0.0,1.0,benchmark/data/new_experiments/blocks/dfs_timeout=60s__300steps__02052026/evaluation_results/results_blocksworld_combined_timeout60s.csv
dfs_timeout=60s__300steps__02052026,60,1.0,02052026,PO_ROSAME,cleaned,2,6,0,0.0,1.0,0.0,benchmark/data/new_experiments/blocks/dfs_timeout=60s__300steps__02052026/evaluation_results/results_blocksworld_combined_timeout60s.csv
dfs_timeout=60s__300steps__02052026,60,1.0,02052026,PISAM,cleaned,3,6,0,0.0,1.0,0.0,benchmark/data/new_experiments/blocks/dfs_timeout=60s__300steps__02052026/evaluation_results/results_blocksworld_combined_timeout60s.csv
dfs_timeout=60s__300steps__02052026,60,1.0,02052026,PO_ROSAME,cleaned,3,6,0,0.0,0.0,1.0,benchmark/data/new_experiments/blocks/dfs_timeout=60s__300steps__02052026/evaluation_results/results_blocksworld_combined_timeout60s.csv
dfs_timeout=60s__300steps__02052026,60,1.0,02052026,PISAM,cleaned,4,6,0,0.0,0.0,1.0,benchmark/data/new_experiments/blocks/dfs_timeout=60s__300steps__02052026/evaluation_results/results_blocksworld_combined_timeout60s.csv
dfs_timeout=60s__300steps__02052026,60,1.0,02052026,PO_ROSAME,cleaned,4,6,0,0.0,1.0,0.0,benchmark/data/new_experiments/blocks/dfs_timeout=60s__300steps__02052026/evaluation_results/results_blocksworld_combined_timeout60s.csv
dfs_timeout=60s__300steps__02052026,60,1.0,02052026,PISAM,cleaned,0,6,0,0.0,1.0,0.0,benchmark/data/new_experiments/blocks/dfs_timeout=60s__300steps__02052026/evaluation_results/results_blocksworld_combined_timeout60s.csv
dfs_timeout=60s__300steps__02052026,60,1.0,02052026,PO_ROSAME,cleaned,0,6,0,0.0,1.0,0.0,benchmark/data/new_experiments/blocks/dfs_timeout=60s__300steps__02052026/evaluation_results/results_blocksworld_combined_timeout60s.csv
dfs_timeout=60s__300steps__02052026,60,1.0,02052026,PISAM,cleaned,4,6,10,1.0,0.0,0.0,benchmark/data/new_experiments/blocks/dfs_timeout=60s__300steps__02052026/evaluation_results/results_blocksworld_combined_timeout60s.csv
dfs_timeout=60s__300steps__02052026,60,1.0,02052026,PO_ROSAME,cleaned,4,6,10,1.0,0.0,0.0,benchmark/data/new_experiments/blocks/dfs_timeout=60s__300steps__02052026/evaluation_results/results_blocksworld_combined_timeout60s.csv
dfs_timeout=60s__300steps__02052026,60,1.0,02052026,PISAM,cleaned,2,6,10,1.0,0.0,0.0,benchmark/data/new_experiments/blocks/dfs_timeout=60s__300steps__02052026/evaluation_results/results_blocksworld_combined_timeout60s.csv
dfs_timeout=60s__300steps__02052026,60,1.0,02052026,PO_ROSAME,cleaned,2,6,10,1.0,0.0,0.0,benchmark/data/new_experiments/blocks/dfs_timeout=60s__300steps__02052026/evaluation_results/results_blocksworld_combined_timeout60s.csv
dfs_timeout=60s__300steps__02052026,60,1.0,02052026,PISAM,cleaned,0,6,10,1.0,0.0,0.0,benchmark/data/new_experiments/blocks/dfs_timeout=60s__300steps__02052026/evaluation_results/results_blocksworld_combined_timeout60s.csv
dfs_timeout=60s__300steps__02052026,60,1.0,02052026,PO_ROSAME,cleaned,0,6,10,1.0,0.0,0.0,benchmark/data/new_experiments/blocks/dfs_timeout=60s__300steps__02052026/evaluation_results/results_blocksworld_combined_timeout60s.csv
dfs_timeout=60s__300steps__02052026,60,1.0,02052026,PISAM,cleaned,1,6,10,1.0,0.0,0.0,benchmark/data/new_experiments/blocks/dfs_timeout=60s__300steps__02052026/evaluation_results/results_blocksworld_combined_timeout60s.csv
dfs_timeout=60s__300steps__02052026,60,1.0,02052026,PO_ROSAME,cleaned,1,6,10,1.0,0.0,0.0,benchmark/data/new_experiments/blocks/dfs_timeout=60s__300steps__02052026/evaluation_results/results_blocksworld_combined_timeout60s.csv
dfs_timeout=60s__300steps__02052026,60,1.0,02052026,PISAM,cleaned,3,6,10,1.0,0.0,0.0,benchmark/data/new_experiments/blocks/dfs_timeout=60s__300steps__02052026/evaluation_results/results_blocksworld_combined_timeout60s.csv
dfs_timeout=60s__300steps__02052026,60,1.0,02052026,PO_ROSAME,cleaned,3,6,10,1.0,0.0,0.0,benchmark/data/new_experiments/blocks/dfs_timeout=60s__300steps__02052026/evaluation_results/results_blocksworld_combined_timeout60s.csv
dfs_timeout=60s__300steps__02052026,60,1.0,02052026,PISAM,cleaned,4,6,25,1.0,0.0,0.0,benchmark/data/new_experiments/blocks/dfs_timeout=60s__300steps__02052026/evaluation_results/results_blocksworld_combined_timeout60s.csv
dfs_timeout=60s__300steps__02052026,60,1.0,02052026,PO_ROSAME,cleaned,4,6,25,1.0,0.0,0.0,benchmark/data/new_experiments/blocks/dfs_timeout=60s__300steps__02052026/evaluation_results/results_blocksworld_combined_timeout60s.csv
dfs_timeout=60s__300steps__02052026,60,1.0,02052026,PISAM,cleaned,1,6,25,1.0,0.0,0.0,benchmark/data/new_experiments/blocks/dfs_timeout=60s__300steps__02052026/evaluation_results/results_blocksworld_combined_timeout60s.csv
dfs_timeout=60s__300steps__02052026,60,1.0,02052026,PO_ROSAME,cleaned,1,6,25,1.0,0.0,0.0,benchmark/data/new_experiments/blocks/dfs_timeout=60s__300steps__02052026/evaluation_results/results_blocksworld_combined_timeout60s.csv
dfs_timeout=60s__300steps__02052026,60,1.0,02052026,PISAM,cleaned,0,6,25,1.0,0.0,0.0,benchmark/data/new_experiments/blocks/dfs_timeout=60s__300steps__02052026/evaluation_results/results_blocksworld_combined_timeout60s.csv
dfs_timeout=60s__300steps__02052026,60,1.0,02052026,PO_ROSAME,cleaned,0,6,25,1.0,0.0,0.0,benchmark/data/new_experiments/blocks/dfs_timeout=60s__300steps__02052026/evaluation_results/results_blocksworld_combined_timeout60s.csv
dfs_timeout=60s__300steps__02052026,60,1.0,02052026,PISAM,cleaned,2,6,25,1.0,0.0,0.0,benchmark/data/new_experiments/blocks/dfs_timeout=60s__300steps__02052026/evaluation_results/results_blocksworld_combined_timeout60s.csv
dfs_timeout=60s__300steps__02052026,60,1.0,02052026,PO_ROSAME,cleaned,2,6,25,1.0,0.0,0.0,benchmark/data/new_experiments/blocks/dfs_timeout=60s__300steps__02052026/evaluation_results/results_blocksworld_combined_timeout60s.csv
dfs_timeout=60s__300steps__02052026,60,1.0,02052026,PISAM,cleaned,3,6,25,1.0,0.0,0.0,benchmark/data/new_experiments/blocks/dfs_timeout=60s__300steps__02052026/evaluation_results/results_blocksworld_combined_timeout60s.csv
dfs_timeout=60s__300steps__02052026,60,1.0,02052026,PO_ROSAME,cleaned,3,6,25,0.5,0.0,0.5,benchmark/data/new_experiments/blocks/dfs_timeout=60s__300steps__02052026/evaluation_results/results_blocksworld_combined_timeout60s.csv
dfs_timeout=60s__300steps__02052026,60,1.0,02052026,PISAM,cleaned,3,6,50,1.0,0.0,0.0,benchmark/data/new_experiments/blocks/dfs_timeout=60s__300steps__02052026/evaluation_results/results_blocksworld_combined_timeout60s.csv
dfs_timeout=60s__300steps__02052026,60,1.0,02052026,PO_ROSAME,cleaned,3,6,50,0.5,0.0,0.5,benchmark/data/new_experiments/blocks/dfs_timeout=60s__300steps__02052026/evaluation_results/results_blocksworld_combined_timeout60s.csv
dfs_timeout=60s__300steps__02052026,60,1.0,02052026,PISAM,cleaned,4,6,50,1.0,0.0,0.0,benchmark/data/new_experiments/blocks/dfs_timeout=60s__300steps__02052026/evaluation_results/results_blocksworld_combined_timeout60s.csv
dfs_timeout=60s__300steps__02052026,60,1.0,02052026,PO_ROSAME,cleaned,4,6,50,1.0,0.0,0.0,benchmark/data/new_experiments/blocks/dfs_timeout=60s__300steps__02052026/evaluation_results/results_blocksworld_combined_timeout60s.csv
dfs_timeout=60s__300steps__02052026,60,1.0,02052026,PISAM,cleaned,1,6,50,1.0,0.0,0.0,benchmark/data/new_experiments/blocks/dfs_timeout=60s__300steps__02052026/evaluation_results/results_blocksworld_combined_timeout60s.csv
dfs_timeout=60s__300steps__02052026,60,1.0,02052026,PO_ROSAME,cleaned,1,6,50,1.0,0.0,0.0,benchmark/data/new_experiments/blocks/dfs_timeout=60s__300steps__02052026/evaluation_results/results_blocksworld_combined_timeout60s.csv
dfs_timeout=60s__300steps__02052026,60,1.0,02052026,PISAM,cleaned,2,6,50,1.0,0.0,0.0,benchmark/data/new_experiments/blocks/dfs_timeout=60s__300steps__02052026/evaluation_results/results_blocksworld_combined_timeout60s.csv
dfs_timeout=60s__300steps__02052026,60,1.0,02052026,PO_ROSAME,cleaned,2,6,50,1.0,0.0,0.0,benchmark/data/new_experiments/blocks/dfs_timeout=60s__300steps__02052026/evaluation_results/results_blocksworld_combined_timeout60s.csv
dfs_timeout=60s__300steps__02052026,60,1.0,02052026,PISAM,cleaned,0,6,50,1.0,0.0,0.0,benchmark/data/new_experiments/blocks/dfs_timeout=60s__300steps__02052026/evaluation_results/results_blocksworld_combined_timeout60s.csv
dfs_timeout=60s__300steps__02052026,60,1.0,02052026,PO_ROSAME,cleaned,0,6,50,1.0,0.0,0.0,benchmark/data/new_experiments/blocks/dfs_timeout=60s__300steps__02052026/evaluation_results/results_blocksworld_combined_timeout60s.csv
dfs_timeout=60s__300steps__02052026,60,1.0,02052026,PISAM,cleaned,0,6,75,1.0,0.0,0.0,benchmark/data/new_experiments/blocks/dfs_timeout=60s__300steps__02052026/evaluation_results/results_blocksworld_combined_timeout60s.csv
dfs_timeout=60s__300steps__02052026,60,1.0,02052026,PO_ROSAME,cleaned,0,6,75,1.0,0.0,0.0,benchmark/data/new_experiments/blocks/dfs_timeout=60s__300steps__02052026/evaluation_results/results_blocksworld_combined_timeout60s.csv
dfs_timeout=60s__300steps__02052026,60,1.0,02052026,PISAM,cleaned,3,6,75,1.0,0.0,0.0,benchmark/data/new_experiments/blocks/dfs_timeout=60s__300steps__02052026/evaluation_results/results_blocksworld_combined_timeout60s.csv
dfs_timeout=60s__300steps__02052026,60,1.0,02052026,PO_ROSAME,cleaned,3,6,75,0.5,0.0,0.5,benchmark/data/new_experiments/blocks/dfs_timeout=60s__300steps__02052026/evaluation_results/results_blocksworld_combined_timeout60s.csv
dfs_timeout=60s__300steps__02052026,60,1.0,02052026,PISAM,cleaned,2,6,75,1.0,0.0,0.0,benchmark/data/new_experiments/blocks/dfs_timeout=60s__300steps__02052026/evaluation_results/results_blocksworld_combined_timeout60s.csv
dfs_timeout=60s__300steps__02052026,60,1.0,02052026,PO_ROSAME,cleaned,2,6,75,1.0,0.0,0.0,benchmark/data/new_experiments/blocks/dfs_timeout=60s__300steps__02052026/evaluation_results/results_blocksworld_combined_timeout60s.csv
dfs_timeout=60s__300steps__02052026,60,1.0,02052026,PISAM,cleaned,4,6,75,1.0,0.0,0.0,benchmark/data/new_experiments/blocks/dfs_timeout=60s__300steps__02052026/evaluation_results/results_blocksworld_combined_timeout60s.csv
dfs_timeout=60s__300steps__02052026,60,1.0,02052026,PO_ROSAME,cleaned,4,6,75,1.0,0.0,0.0,benchmark/data/new_experiments/blocks/dfs_timeout=60s__300steps__02052026/evaluation_results/results_blocksworld_combined_timeout60s.csv
dfs_timeout=60s__300steps__02052026,60,1.0,02052026,PISAM,cleaned,1,6,75,1.0,0.0,0.0,benchmark/data/new_experiments/blocks/dfs_timeout=60s__300steps__02052026/evaluation_results/results_blocksworld_combined_timeout60s.csv
dfs_timeout=60s__300steps__02052026,60,1.0,02052026,PO_ROSAME,cleaned,1,6,75,1.0,0.0,0.0,benchmark/data/new_experiments/blocks/dfs_timeout=60s__300steps__02052026/evaluation_results/results_blocksworld_combined_timeout60s.csv
dfs_timeout=60s__300steps__02052026,60,1.0,02052026,PISAM,cleaned,0,6,100,1.0,0.0,0.0,benchmark/data/new_experiments/blocks/dfs_timeout=60s__300steps__02052026/evaluation_results/results_blocksworld_combined_timeout60s.csv
dfs_timeout=60s__300steps__02052026,60,1.0,02052026,PO_ROSAME,cleaned,0,6,100,1.0,0.0,0.0,benchmark/data/new_experiments/blocks/dfs_timeout=60s__300steps__02052026/evaluation_results/results_blocksworld_combined_timeout60s.csv
dfs_timeout=60s__300steps__02052026,60,1.0,02052026,PISAM,cleaned,4,6,100,1.0,0.0,0.0,benchmark/data/new_experiments/blocks/dfs_timeout=60s__300steps__02052026/evaluation_results/results_blocksworld_combined_timeout60s.csv
dfs_timeout=60s__300steps__02052026,60,1.0,02052026,PO_ROSAME,cleaned,4,6,100,1.0,0.0,0.0,benchmark/data/new_experiments/blocks/dfs_timeout=60s__300steps__02052026/evaluation_results/results_blocksworld_combined_timeout60s.csv
dfs_timeout=60s__300steps__02052026,60,1.0,02052026,PISAM,cleaned,2,6,100,1.0,0.0,0.0,benchmark/data/new_experiments/blocks/dfs_timeout=60s__300steps__02052026/evaluation_results/results_blocksworld_combined_timeout60s.csv
dfs_timeout=60s__300steps__02052026,60,1.0,02052026,PO_ROSAME,cleaned,2,6,100,1.0,0.0,0.0,benchmark/data/new_experiments/blocks/dfs_timeout=60s__300steps__02052026/evaluation_results/results_blocksworld_combined_timeout60s.csv
dfs_timeout=60s__300steps__02052026,60,1.0,02052026,PISAM,cleaned,3,6,100,1.0,0.0,0.0,benchmark/data/new_experiments/blocks/dfs_timeout=60s__300steps__02052026/evaluation_results/results_blocksworld_combined_timeout60s.csv
dfs_timeout=60s__300steps__02052026,60,1.0,02052026,PO_ROSAME,cleaned,3,6,100,0.5,0.0,0.5,benchmark/data/new_experiments/blocks/dfs_timeout=60s__300steps__02052026/evaluation_results/results_blocksworld_combined_timeout60s.csv
dfs_timeout=60s__300steps__02052026,60,1.0,02052026,PISAM,cleaned,1,6,100,1.0,0.0,0.0,benchmark/data/new_experiments/blocks/dfs_timeout=60s__300steps__02052026/evaluation_results/results_blocksworld_combined_timeout60s.csv
dfs_timeout=60s__300steps__02052026,60,1.0,02052026,PO_ROSAME,cleaned,1,6,100,1.0,0.0,0.0,benchmark/data/new_experiments/blocks/dfs_timeout=60s__300steps__02052026/evaluation_results/results_blocksworld_combined_timeout60s.csv
dfs_timeout=60s__300steps__02052026,60,1.0,02052026,PISAM,cleaned,0,7,0,1.0,0.0,0.0,benchmark/data/new_experiments/blocks/dfs_timeout=60s__300steps__02052026/evaluation_results/results_blocksworld_combined_timeout60s.csv
dfs_timeout=60s__300steps__02052026,60,1.0,02052026,PO_ROSAME,cleaned,0,7,0,0.0,1.0,0.0,benchmark/data/new_experiments/blocks/dfs_timeout=60s__300steps__02052026/evaluation_results/results_blocksworld_combined_timeout60s.csv
dfs_timeout=60s__300steps__02052026,60,1.0,02052026,PISAM,cleaned,4,7,0,0.0,0.0,1.0,benchmark/data/new_experiments/blocks/dfs_timeout=60s__300steps__02052026/evaluation_results/results_blocksworld_combined_timeout60s.csv
dfs_timeout=60s__300steps__02052026,60,1.0,02052026,PO_ROSAME,cleaned,4,7,0,0.0,0.5,0.5,benchmark/data/new_experiments/blocks/dfs_timeout=60s__300steps__02052026/evaluation_results/results_blocksworld_combined_timeout60s.csv
dfs_timeout=60s__300steps__02052026,60,1.0,02052026,PISAM,cleaned,2,7,0,0.0,0.0,1.0,benchmark/data/new_experiments/blocks/dfs_timeout=60s__300steps__02052026/evaluation_results/results_blocksworld_combined_timeout60s.csv
dfs_timeout=60s__300steps__02052026,60,1.0,02052026,PO_ROSAME,cleaned,2,7,0,0.0,0.0,1.0,benchmark/data/new_experiments/blocks/dfs_timeout=60s__300steps__02052026/evaluation_results/results_blocksworld_combined_timeout60s.csv
dfs_timeout=60s__300steps__02052026,60,1.0,02052026,PISAM,cleaned,3,7,0,0.0,1.0,0.0,benchmark/data/new_experiments/blocks/dfs_timeout=60s__300steps__02052026/evaluation_results/results_blocksworld_combined_timeout60s.csv
dfs_timeout=60s__300steps__02052026,60,1.0,02052026,PO_ROSAME,cleaned,3,7,0,0.0,0.0,1.0,benchmark/data/new_experiments/blocks/dfs_timeout=60s__300steps__02052026/evaluation_results/results_blocksworld_combined_timeout60s.csv
dfs_timeout=60s__300steps__02052026,60,1.0,02052026,PISAM,cleaned,1,7,0,0.0,1.0,0.0,benchmark/data/new_experiments/blocks/dfs_timeout=60s__300steps__02052026/evaluation_results/results_blocksworld_combined_timeout60s.csv
dfs_timeout=60s__300steps__02052026,60,1.0,02052026,PO_ROSAME,cleaned,1,7,0,0.0,1.0,0.0,benchmark/data/new_experiments/blocks/dfs_timeout=60s__300steps__02052026/evaluation_results/results_blocksworld_combined_timeout60s.csv
dfs_timeout=60s__300steps__02052026,60,1.0,02052026,PISAM,cleaned,4,7,10,1.0,0.0,0.0,benchmark/data/new_experiments/blocks/dfs_timeout=60s__300steps__02052026/evaluation_results/results_blocksworld_combined_timeout60s.csv
dfs_timeout=60s__300steps__02052026,60,1.0,02052026,PO_ROSAME,cleaned,4,7,10,1.0,0.0,0.0,benchmark/data/new_experiments/blocks/dfs_timeout=60s__300steps__02052026/evaluation_results/results_blocksworld_combined_timeout60s.csv
dfs_timeout=60s__300steps__02052026,60,1.0,02052026,PISAM,cleaned,0,7,10,1.0,0.0,0.0,benchmark/data/new_experiments/blocks/dfs_timeout=60s__300steps__02052026/evaluation_results/results_blocksworld_combined_timeout60s.csv
dfs_timeout=60s__300steps__02052026,60,1.0,02052026,PO_ROSAME,cleaned,0,7,10,1.0,0.0,0.0,benchmark/data/new_experiments/blocks/dfs_timeout=60s__300steps__02052026/evaluation_results/results_blocksworld_combined_timeout60s.csv
dfs_timeout=60s__300steps__02052026,60,1.0,02052026,PISAM,cleaned,2,7,10,1.0,0.0,0.0,benchmark/data/new_experiments/blocks/dfs_timeout=60s__300steps__02052026/evaluation_results/results_blocksworld_combined_timeout60s.csv
dfs_timeout=60s__300steps__02052026,60,1.0,02052026,PO_ROSAME,cleaned,2,7,10,0.0,0.0,1.0,benchmark/data/new_experiments/blocks/dfs_timeout=60s__300steps__02052026/evaluation_results/results_blocksworld_combined_timeout60s.csv
dfs_timeout=60s__300steps__02052026,60,1.0,02052026,PISAM,cleaned,3,7,10,1.0,0.0,0.0,benchmark/data/new_experiments/blocks/dfs_timeout=60s__300steps__02052026/evaluation_results/results_blocksworld_combined_timeout60s.csv
dfs_timeout=60s__300steps__02052026,60,1.0,02052026,PO_ROSAME,cleaned,3,7,10,1.0,0.0,0.0,benchmark/data/new_experiments/blocks/dfs_timeout=60s__300steps__02052026/evaluation_results/results_blocksworld_combined_timeout60s.csv
dfs_timeout=60s__300steps__02052026,60,1.0,02052026,PISAM,cleaned,1,7,10,1.0,0.0,0.0,benchmark/data/new_experiments/blocks/dfs_timeout=60s__300steps__02052026/evaluation_results/results_blocksworld_combined_timeout60s.csv
dfs_timeout=60s__300steps__02052026,60,1.0,02052026,PO_ROSAME,cleaned,1,7,10,1.0,0.0,0.0,benchmark/data/new_experiments/blocks/dfs_timeout=60s__300steps__02052026/evaluation_results/results_blocksworld_combined_timeout60s.csv
dfs_timeout=60s__300steps__02052026,60,1.0,02052026,PISAM,cleaned,3,7,25,1.0,0.0,0.0,benchmark/data/new_experiments/blocks/dfs_timeout=60s__300steps__02052026/evaluation_results/results_blocksworld_combined_timeout60s.csv
dfs_timeout=60s__300steps__02052026,60,1.0,02052026,PO_ROSAME,cleaned,3,7,25,1.0,0.0,0.0,benchmark/data/new_experiments/blocks/dfs_timeout=60s__300steps__02052026/evaluation_results/results_blocksworld_combined_timeout60s.csv
dfs_timeout=60s__300steps__02052026,60,1.0,02052026,PISAM,cleaned,0,7,25,1.0,0.0,0.0,benchmark/data/new_experiments/blocks/dfs_timeout=60s__300steps__02052026/evaluation_results/results_blocksworld_combined_timeout60s.csv
dfs_timeout=60s__300steps__02052026,60,1.0,02052026,PO_ROSAME,cleaned,0,7,25,1.0,0.0,0.0,benchmark/data/new_experiments/blocks/dfs_timeout=60s__300steps__02052026/evaluation_results/results_blocksworld_combined_timeout60s.csv
dfs_timeout=60s__300steps__02052026,60,1.0,02052026,PISAM,cleaned,2,7,25,1.0,0.0,0.0,benchmark/data/new_experiments/blocks/dfs_timeout=60s__300steps__02052026/evaluation_results/results_blocksworld_combined_timeout60s.csv
dfs_timeout=60s__300steps__02052026,60,1.0,02052026,PO_ROSAME,cleaned,2,7,25,0.0,0.0,1.0,benchmark/data/new_experiments/blocks/dfs_timeout=60s__300steps__02052026/evaluation_results/results_blocksworld_combined_timeout60s.csv
dfs_timeout=60s__300steps__02052026,60,1.0,02052026,PISAM,cleaned,1,7,25,1.0,0.0,0.0,benchmark/data/new_experiments/blocks/dfs_timeout=60s__300steps__02052026/evaluation_results/results_blocksworld_combined_timeout60s.csv
dfs_timeout=60s__300steps__02052026,60,1.0,02052026,PO_ROSAME,cleaned,1,7,25,1.0,0.0,0.0,benchmark/data/new_experiments/blocks/dfs_timeout=60s__300steps__02052026/evaluation_results/results_blocksworld_combined_timeout60s.csv
dfs_timeout=60s__300steps__02052026,60,1.0,02052026,PISAM,cleaned,4,7,25,1.0,0.0,0.0,benchmark/data/new_experiments/blocks/dfs_timeout=60s__300steps__02052026/evaluation_results/results_blocksworld_combined_timeout60s.csv
dfs_timeout=60s__300steps__02052026,60,1.0,02052026,PO_ROSAME,cleaned,4,7,25,1.0,0.0,0.0,benchmark/data/new_experiments/blocks/dfs_timeout=60s__300steps__02052026/evaluation_results/results_blocksworld_combined_timeout60s.csv
dfs_timeout=60s__300steps__02052026,60,1.0,02052026,PISAM,cleaned,1,7,50,1.0,0.0,0.0,benchmark/data/new_experiments/blocks/dfs_timeout=60s__300steps__02052026/evaluation_results/results_blocksworld_combined_timeout60s.csv
dfs_timeout=60s__300steps__02052026,60,1.0,02052026,PO_ROSAME,cleaned,1,7,50,1.0,0.0,0.0,benchmark/data/new_experiments/blocks/dfs_timeout=60s__300steps__02052026/evaluation_results/results_blocksworld_combined_timeout60s.csv
dfs_timeout=60s__300steps__02052026,60,1.0,02052026,PISAM,cleaned,3,7,50,1.0,0.0,0.0,benchmark/data/new_experiments/blocks/dfs_timeout=60s__300steps__02052026/evaluation_results/results_blocksworld_combined_timeout60s.csv
dfs_timeout=60s__300steps__02052026,60,1.0,02052026,PO_ROSAME,cleaned,3,7,50,1.0,0.0,0.0,benchmark/data/new_experiments/blocks/dfs_timeout=60s__300steps__02052026/evaluation_results/results_blocksworld_combined_timeout60s.csv
dfs_timeout=60s__300steps__02052026,60,1.0,02052026,PISAM,cleaned,0,7,50,1.0,0.0,0.0,benchmark/data/new_experiments/blocks/dfs_timeout=60s__300steps__02052026/evaluation_results/results_blocksworld_combined_timeout60s.csv
dfs_timeout=60s__300steps__02052026,60,1.0,02052026,PO_ROSAME,cleaned,0,7,50,1.0,0.0,0.0,benchmark/data/new_experiments/blocks/dfs_timeout=60s__300steps__02052026/evaluation_results/results_blocksworld_combined_timeout60s.csv
dfs_timeout=60s__300steps__02052026,60,1.0,02052026,PISAM,cleaned,2,7,50,1.0,0.0,0.0,benchmark/data/new_experiments/blocks/dfs_timeout=60s__300steps__02052026/evaluation_results/results_blocksworld_combined_timeout60s.csv
dfs_timeout=60s__300steps__02052026,60,1.0,02052026,PO_ROSAME,cleaned,2,7,50,0.0,0.0,1.0,benchmark/data/new_experiments/blocks/dfs_timeout=60s__300steps__02052026/evaluation_results/results_blocksworld_combined_timeout60s.csv
dfs_timeout=60s__300steps__02052026,60,1.0,02052026,PISAM,cleaned,4,7,50,1.0,0.0,0.0,benchmark/data/new_experiments/blocks/dfs_timeout=60s__300steps__02052026/evaluation_results/results_blocksworld_combined_timeout60s.csv
dfs_timeout=60s__300steps__02052026,60,1.0,02052026,PO_ROSAME,cleaned,4,7,50,1.0,0.0,0.0,benchmark/data/new_experiments/blocks/dfs_timeout=60s__300steps__02052026/evaluation_results/results_blocksworld_combined_timeout60s.csv
dfs_timeout=60s__300steps__02052026,60,1.0,02052026,PISAM,cleaned,2,7,75,1.0,0.0,0.0,benchmark/data/new_experiments/blocks/dfs_timeout=60s__300steps__02052026/evaluation_results/results_blocksworld_combined_timeout60s.csv
dfs_timeout=60s__300steps__02052026,60,1.0,02052026,PO_ROSAME,cleaned,2,7,75,0.0,0.0,1.0,benchmark/data/new_experiments/blocks/dfs_timeout=60s__300steps__02052026/evaluation_results/results_blocksworld_combined_timeout60s.csv
dfs_timeout=60s__300steps__02052026,60,1.0,02052026,PISAM,cleaned,0,7,75,1.0,0.0,0.0,benchmark/data/new_experiments/blocks/dfs_timeout=60s__300steps__02052026/evaluation_results/results_blocksworld_combined_timeout60s.csv
dfs_timeout=60s__300steps__02052026,60,1.0,02052026,PO_ROSAME,cleaned,0,7,75,1.0,0.0,0.0,benchmark/data/new_experiments/blocks/dfs_timeout=60s__300steps__02052026/evaluation_results/results_blocksworld_combined_timeout60s.csv
dfs_timeout=60s__300steps__02052026,60,1.0,02052026,PISAM,cleaned,4,7,75,1.0,0.0,0.0,benchmark/data/new_experiments/blocks/dfs_timeout=60s__300steps__02052026/evaluation_results/results_blocksworld_combined_timeout60s.csv
dfs_timeout=60s__300steps__02052026,60,1.0,02052026,PO_ROSAME,cleaned,4,7,75,1.0,0.0,0.0,benchmark/data/new_experiments/blocks/dfs_timeout=60s__300steps__02052026/evaluation_results/results_blocksworld_combined_timeout60s.csv
dfs_timeout=60s__300steps__02052026,60,1.0,02052026,PISAM,cleaned,3,7,75,1.0,0.0,0.0,benchmark/data/new_experiments/blocks/dfs_timeout=60s__300steps__02052026/evaluation_results/results_blocksworld_combined_timeout60s.csv
dfs_timeout=60s__300steps__02052026,60,1.0,02052026,PO_ROSAME,cleaned,3,7,75,1.0,0.0,0.0,benchmark/data/new_experiments/blocks/dfs_timeout=60s__300steps__02052026/evaluation_results/results_blocksworld_combined_timeout60s.csv
dfs_timeout=60s__300steps__02052026,60,1.0,02052026,PISAM,cleaned,1,7,75,1.0,0.0,0.0,benchmark/data/new_experiments/blocks/dfs_timeout=60s__300steps__02052026/evaluation_results/results_blocksworld_combined_timeout60s.csv
dfs_timeout=60s__300steps__02052026,60,1.0,02052026,PO_ROSAME,cleaned,1,7,75,1.0,0.0,0.0,benchmark/data/new_experiments/blocks/dfs_timeout=60s__300steps__02052026/evaluation_results/results_blocksworld_combined_timeout60s.csv
dfs_timeout=60s__300steps__02052026,60,1.0,02052026,PISAM,cleaned,3,7,100,1.0,0.0,0.0,benchmark/data/new_experiments/blocks/dfs_timeout=60s__300steps__02052026/evaluation_results/results_blocksworld_combined_timeout60s.csv
dfs_timeout=60s__300steps__02052026,60,1.0,02052026,PO_ROSAME,cleaned,3,7,100,1.0,0.0,0.0,benchmark/data/new_experiments/blocks/dfs_timeout=60s__300steps__02052026/evaluation_results/results_blocksworld_combined_timeout60s.csv
dfs_timeout=60s__300steps__02052026,60,1.0,02052026,PISAM,cleaned,2,7,100,1.0,0.0,0.0,benchmark/data/new_experiments/blocks/dfs_timeout=60s__300steps__02052026/evaluation_results/results_blocksworld_combined_timeout60s.csv
dfs_timeout=60s__300steps__02052026,60,1.0,02052026,PO_ROSAME,cleaned,2,7,100,0.0,0.0,1.0,benchmark/data/new_experiments/blocks/dfs_timeout=60s__300steps__02052026/evaluation_results/results_blocksworld_combined_timeout60s.csv
dfs_timeout=60s__300steps__02052026,60,1.0,02052026,PISAM,cleaned,4,7,100,1.0,0.0,0.0,benchmark/data/new_experiments/blocks/dfs_timeout=60s__300steps__02052026/evaluation_results/results_blocksworld_combined_timeout60s.csv
dfs_timeout=60s__300steps__02052026,60,1.0,02052026,PO_ROSAME,cleaned,4,7,100,1.0,0.0,0.0,benchmark/data/new_experiments/blocks/dfs_timeout=60s__300steps__02052026/evaluation_results/results_blocksworld_combined_timeout60s.csv
dfs_timeout=60s__300steps__02052026,60,1.0,02052026,PISAM,cleaned,0,7,100,1.0,0.0,0.0,benchmark/data/new_experiments/blocks/dfs_timeout=60s__300steps__02052026/evaluation_results/results_blocksworld_combined_timeout60s.csv
dfs_timeout=60s__300steps__02052026,60,1.0,02052026,PO_ROSAME,cleaned,0,7,100,1.0,0.0,0.0,benchmark/data/new_experiments/blocks/dfs_timeout=60s__300steps__02052026/evaluation_results/results_blocksworld_combined_timeout60s.csv
dfs_timeout=60s__300steps__02052026,60,1.0,02052026,PISAM,cleaned,1,7,100,1.0,0.0,0.0,benchmark/data/new_experiments/blocks/dfs_timeout=60s__300steps__02052026/evaluation_results/results_blocksworld_combined_timeout60s.csv
dfs_timeout=60s__300steps__02052026,60,1.0,02052026,PO_ROSAME,cleaned,1,7,100,1.0,0.0,0.0,benchmark/data/new_experiments/blocks/dfs_timeout=60s__300steps__02052026/evaluation_results/results_blocksworld_combined_timeout60s.csv
dfs_timeout=60s__300steps__02052026,60,1.0,02052026,PISAM,cleaned,4,8,0,0.0,0.0,1.0,benchmark/data/new_experiments/blocks/dfs_timeout=60s__300steps__02052026/evaluation_results/results_blocksworld_combined_timeout60s.csv
dfs_timeout=60s__300steps__02052026,60,1.0,02052026,PO_ROSAME,cleaned,4,8,0,0.0,1.0,0.0,benchmark/data/new_experiments/blocks/dfs_timeout=60s__300steps__02052026/evaluation_results/results_blocksworld_combined_timeout60s.csv
dfs_timeout=60s__300steps__02052026,60,1.0,02052026,PISAM,cleaned,2,8,0,0.0,0.0,1.0,benchmark/data/new_experiments/blocks/dfs_timeout=60s__300steps__02052026/evaluation_results/results_blocksworld_combined_timeout60s.csv
dfs_timeout=60s__300steps__02052026,60,1.0,02052026,PO_ROSAME,cleaned,2,8,0,0.0,0.0,0.0,benchmark/data/new_experiments/blocks/dfs_timeout=60s__300steps__02052026/evaluation_results/results_blocksworld_combined_timeout60s.csv
dfs_timeout=60s__300steps__02052026,60,1.0,02052026,PISAM,cleaned,0,8,0,0.0,1.0,0.0,benchmark/data/new_experiments/blocks/dfs_timeout=60s__300steps__02052026/evaluation_results/results_blocksworld_combined_timeout60s.csv
dfs_timeout=60s__300steps__02052026,60,1.0,02052026,PO_ROSAME,cleaned,0,8,0,0.0,1.0,0.0,benchmark/data/new_experiments/blocks/dfs_timeout=60s__300steps__02052026/evaluation_results/results_blocksworld_combined_timeout60s.csv
dfs_timeout=60s__300steps__02052026,60,1.0,02052026,PISAM,cleaned,3,8,0,0.0,1.0,0.0,benchmark/data/new_experiments/blocks/dfs_timeout=60s__300steps__02052026/evaluation_results/results_blocksworld_combined_timeout60s.csv
dfs_timeout=60s__300steps__02052026,60,1.0,02052026,PO_ROSAME,cleaned,3,8,0,0.0,1.0,0.0,benchmark/data/new_experiments/blocks/dfs_timeout=60s__300steps__02052026/evaluation_results/results_blocksworld_combined_timeout60s.csv
dfs_timeout=60s__300steps__02052026,60,1.0,02052026,PISAM,cleaned,1,8,0,0.0,1.0,0.0,benchmark/data/new_experiments/blocks/dfs_timeout=60s__300steps__02052026/evaluation_results/results_blocksworld_combined_timeout60s.csv
dfs_timeout=60s__300steps__02052026,60,1.0,02052026,PO_ROSAME,cleaned,1,8,0,0.0,0.5,0.5,benchmark/data/new_experiments/blocks/dfs_timeout=60s__300steps__02052026/evaluation_results/results_blocksworld_combined_timeout60s.csv
dfs_timeout=60s__300steps__02052026,60,1.0,02052026,PISAM,cleaned,2,8,10,1.0,0.0,0.0,benchmark/data/new_experiments/blocks/dfs_timeout=60s__300steps__02052026/evaluation_results/results_blocksworld_combined_timeout60s.csv
dfs_timeout=60s__300steps__02052026,60,1.0,02052026,PO_ROSAME,cleaned,2,8,10,0.0,0.0,1.0,benchmark/data/new_experiments/blocks/dfs_timeout=60s__300steps__02052026/evaluation_results/results_blocksworld_combined_timeout60s.csv
dfs_timeout=60s__300steps__02052026,60,1.0,02052026,PISAM,cleaned,3,8,10,1.0,0.0,0.0,benchmark/data/new_experiments/blocks/dfs_timeout=60s__300steps__02052026/evaluation_results/results_blocksworld_combined_timeout60s.csv
dfs_timeout=60s__300steps__02052026,60,1.0,02052026,PO_ROSAME,cleaned,3,8,10,0.0,0.0,0.0,benchmark/data/new_experiments/blocks/dfs_timeout=60s__300steps__02052026/evaluation_results/results_blocksworld_combined_timeout60s.csv
dfs_timeout=60s__300steps__02052026,60,1.0,02052026,PISAM,cleaned,1,8,10,1.0,0.0,0.0,benchmark/data/new_experiments/blocks/dfs_timeout=60s__300steps__02052026/evaluation_results/results_blocksworld_combined_timeout60s.csv
dfs_timeout=60s__300steps__02052026,60,1.0,02052026,PO_ROSAME,cleaned,1,8,10,1.0,0.0,0.0,benchmark/data/new_experiments/blocks/dfs_timeout=60s__300steps__02052026/evaluation_results/results_blocksworld_combined_timeout60s.csv
dfs_timeout=60s__300steps__02052026,60,1.0,02052026,PISAM,cleaned,4,8,10,1.0,0.0,0.0,benchmark/data/new_experiments/blocks/dfs_timeout=60s__300steps__02052026/evaluation_results/results_blocksworld_combined_timeout60s.csv
dfs_timeout=60s__300steps__02052026,60,1.0,02052026,PO_ROSAME,cleaned,4,8,10,0.5,0.0,0.5,benchmark/data/new_experiments/blocks/dfs_timeout=60s__300steps__02052026/evaluation_results/results_blocksworld_combined_timeout60s.csv
dfs_timeout=60s__300steps__02052026,60,1.0,02052026,PISAM,cleaned,0,8,10,1.0,0.0,0.0,benchmark/data/new_experiments/blocks/dfs_timeout=60s__300steps__02052026/evaluation_results/results_blocksworld_combined_timeout60s.csv
dfs_timeout=60s__300steps__02052026,60,1.0,02052026,PO_ROSAME,cleaned,0,8,10,1.0,0.0,0.0,benchmark/data/new_experiments/blocks/dfs_timeout=60s__300steps__02052026/evaluation_results/results_blocksworld_combined_timeout60s.csv
dfs_timeout=60s__300steps__02052026,60,1.0,02052026,PISAM,cleaned,4,8,25,1.0,0.0,0.0,benchmark/data/new_experiments/blocks/dfs_timeout=60s__300steps__02052026/evaluation_results/results_blocksworld_combined_timeout60s.csv
dfs_timeout=60s__300steps__02052026,60,1.0,02052026,PO_ROSAME,cleaned,4,8,25,0.0,0.0,0.0,benchmark/data/new_experiments/blocks/dfs_timeout=60s__300steps__02052026/evaluation_results/results_blocksworld_combined_timeout60s.csv
dfs_timeout=60s__300steps__02052026,60,1.0,02052026,PISAM,cleaned,2,8,25,1.0,0.0,0.0,benchmark/data/new_experiments/blocks/dfs_timeout=60s__300steps__02052026/evaluation_results/results_blocksworld_combined_timeout60s.csv
dfs_timeout=60s__300steps__02052026,60,1.0,02052026,PO_ROSAME,cleaned,2,8,25,0.0,1.0,0.0,benchmark/data/new_experiments/blocks/dfs_timeout=60s__300steps__02052026/evaluation_results/results_blocksworld_combined_timeout60s.csv
dfs_timeout=60s__300steps__02052026,60,1.0,02052026,PISAM,cleaned,1,8,25,1.0,0.0,0.0,benchmark/data/new_experiments/blocks/dfs_timeout=60s__300steps__02052026/evaluation_results/results_blocksworld_combined_timeout60s.csv
dfs_timeout=60s__300steps__02052026,60,1.0,02052026,PO_ROSAME,cleaned,1,8,25,1.0,0.0,0.0,benchmark/data/new_experiments/blocks/dfs_timeout=60s__300steps__02052026/evaluation_results/results_blocksworld_combined_timeout60s.csv
dfs_timeout=60s__300steps__02052026,60,1.0,02052026,PISAM,cleaned,3,8,25,1.0,0.0,0.0,benchmark/data/new_experiments/blocks/dfs_timeout=60s__300steps__02052026/evaluation_results/results_blocksworld_combined_timeout60s.csv
dfs_timeout=60s__300steps__02052026,60,1.0,02052026,PO_ROSAME,cleaned,3,8,25,0.0,1.0,0.0,benchmark/data/new_experiments/blocks/dfs_timeout=60s__300steps__02052026/evaluation_results/results_blocksworld_combined_timeout60s.csv
dfs_timeout=60s__300steps__02052026,60,1.0,02052026,PISAM,cleaned,0,8,25,1.0,0.0,0.0,benchmark/data/new_experiments/blocks/dfs_timeout=60s__300steps__02052026/evaluation_results/results_blocksworld_combined_timeout60s.csv
dfs_timeout=60s__300steps__02052026,60,1.0,02052026,PO_ROSAME,cleaned,0,8,25,1.0,0.0,0.0,benchmark/data/new_experiments/blocks/dfs_timeout=60s__300steps__02052026/evaluation_results/results_blocksworld_combined_timeout60s.csv
dfs_timeout=60s__300steps__02052026,60,1.0,02052026,PISAM,cleaned,1,8,50,1.0,0.0,0.0,benchmark/data/new_experiments/blocks/dfs_timeout=60s__300steps__02052026/evaluation_results/results_blocksworld_combined_timeout60s.csv
dfs_timeout=60s__300steps__02052026,60,1.0,02052026,PO_ROSAME,cleaned,1,8,50,1.0,0.0,0.0,benchmark/data/new_experiments/blocks/dfs_timeout=60s__300steps__02052026/evaluation_results/results_blocksworld_combined_timeout60s.csv
dfs_timeout=60s__300steps__02052026,60,1.0,02052026,PISAM,cleaned,4,8,50,1.0,0.0,0.0,benchmark/data/new_experiments/blocks/dfs_timeout=60s__300steps__02052026/evaluation_results/results_blocksworld_combined_timeout60s.csv
dfs_timeout=60s__300steps__02052026,60,1.0,02052026,PO_ROSAME,cleaned,4,8,50,0.0,1.0,0.0,benchmark/data/new_experiments/blocks/dfs_timeout=60s__300steps__02052026/evaluation_results/results_blocksworld_combined_timeout60s.csv
dfs_timeout=60s__300steps__02052026,60,1.0,02052026,PISAM,cleaned,3,8,50,1.0,0.0,0.0,benchmark/data/new_experiments/blocks/dfs_timeout=60s__300steps__02052026/evaluation_results/results_blocksworld_combined_timeout60s.csv
dfs_timeout=60s__300steps__02052026,60,1.0,02052026,PO_ROSAME,cleaned,3,8,50,0.0,0.0,0.0,benchmark/data/new_experiments/blocks/dfs_timeout=60s__300steps__02052026/evaluation_results/results_blocksworld_combined_timeout60s.csv
dfs_timeout=60s__300steps__02052026,60,1.0,02052026,PISAM,cleaned,0,8,50,1.0,0.0,0.0,benchmark/data/new_experiments/blocks/dfs_timeout=60s__300steps__02052026/evaluation_results/results_blocksworld_combined_timeout60s.csv
dfs_timeout=60s__300steps__02052026,60,1.0,02052026,PO_ROSAME,cleaned,0,8,50,1.0,0.0,0.0,benchmark/data/new_experiments/blocks/dfs_timeout=60s__300steps__02052026/evaluation_results/results_blocksworld_combined_timeout60s.csv
dfs_timeout=60s__300steps__02052026,60,1.0,02052026,PISAM,cleaned,2,8,50,1.0,0.0,0.0,benchmark/data/new_experiments/blocks/dfs_timeout=60s__300steps__02052026/evaluation_results/results_blocksworld_combined_timeout60s.csv
dfs_timeout=60s__300steps__02052026,60,1.0,02052026,PO_ROSAME,cleaned,2,8,50,0.0,0.0,1.0,benchmark/data/new_experiments/blocks/dfs_timeout=60s__300steps__02052026/evaluation_results/results_blocksworld_combined_timeout60s.csv
dfs_timeout=60s__300steps__02052026,60,1.0,02052026,PISAM,cleaned,3,8,75,1.0,0.0,0.0,benchmark/data/new_experiments/blocks/dfs_timeout=60s__300steps__02052026/evaluation_results/results_blocksworld_combined_timeout60s.csv
dfs_timeout=60s__300steps__02052026,60,1.0,02052026,PO_ROSAME,cleaned,3,8,75,0.0,1.0,0.0,benchmark/data/new_experiments/blocks/dfs_timeout=60s__300steps__02052026/evaluation_results/results_blocksworld_combined_timeout60s.csv
dfs_timeout=60s__300steps__02052026,60,1.0,02052026,PISAM,cleaned,2,8,75,1.0,0.0,0.0,benchmark/data/new_experiments/blocks/dfs_timeout=60s__300steps__02052026/evaluation_results/results_blocksworld_combined_timeout60s.csv
dfs_timeout=60s__300steps__02052026,60,1.0,02052026,PO_ROSAME,cleaned,2,8,75,0.0,0.0,0.0,benchmark/data/new_experiments/blocks/dfs_timeout=60s__300steps__02052026/evaluation_results/results_blocksworld_combined_timeout60s.csv
dfs_timeout=60s__300steps__02052026,60,1.0,02052026,PISAM,cleaned,1,8,75,1.0,0.0,0.0,benchmark/data/new_experiments/blocks/dfs_timeout=60s__300steps__02052026/evaluation_results/results_blocksworld_combined_timeout60s.csv
dfs_timeout=60s__300steps__02052026,60,1.0,02052026,PO_ROSAME,cleaned,1,8,75,1.0,0.0,0.0,benchmark/data/new_experiments/blocks/dfs_timeout=60s__300steps__02052026/evaluation_results/results_blocksworld_combined_timeout60s.csv
dfs_timeout=60s__300steps__02052026,60,1.0,02052026,PISAM,cleaned,0,8,75,1.0,0.0,0.0,benchmark/data/new_experiments/blocks/dfs_timeout=60s__300steps__02052026/evaluation_results/results_blocksworld_combined_timeout60s.csv
dfs_timeout=60s__300steps__02052026,60,1.0,02052026,PO_ROSAME,cleaned,0,8,75,1.0,0.0,0.0,benchmark/data/new_experiments/blocks/dfs_timeout=60s__300steps__02052026/evaluation_results/results_blocksworld_combined_timeout60s.csv
dfs_timeout=60s__300steps__02052026,60,1.0,02052026,PISAM,cleaned,4,8,75,1.0,0.0,0.0,benchmark/data/new_experiments/blocks/dfs_timeout=60s__300steps__02052026/evaluation_results/results_blocksworld_combined_timeout60s.csv
dfs_timeout=60s__300steps__02052026,60,1.0,02052026,PO_ROSAME,cleaned,4,8,75,0.5,0.0,0.5,benchmark/data/new_experiments/blocks/dfs_timeout=60s__300steps__02052026/evaluation_results/results_blocksworld_combined_timeout60s.csv
dfs_timeout=60s__300steps__02052026,60,1.0,02052026,PISAM,cleaned,2,8,100,1.0,0.0,0.0,benchmark/data/new_experiments/blocks/dfs_timeout=60s__300steps__02052026/evaluation_results/results_blocksworld_combined_timeout60s.csv
dfs_timeout=60s__300steps__02052026,60,1.0,02052026,PO_ROSAME,cleaned,2,8,100,0.0,0.0,0.0,benchmark/data/new_experiments/blocks/dfs_timeout=60s__300steps__02052026/evaluation_results/results_blocksworld_combined_timeout60s.csv
dfs_timeout=60s__300steps__02052026,60,1.0,02052026,PISAM,cleaned,4,8,100,1.0,0.0,0.0,benchmark/data/new_experiments/blocks/dfs_timeout=60s__300steps__02052026/evaluation_results/results_blocksworld_combined_timeout60s.csv
dfs_timeout=60s__300steps__02052026,60,1.0,02052026,PO_ROSAME,cleaned,4,8,100,0.0,1.0,0.0,benchmark/data/new_experiments/blocks/dfs_timeout=60s__300steps__02052026/evaluation_results/results_blocksworld_combined_timeout60s.csv
dfs_timeout=60s__300steps__02052026,60,1.0,02052026,PISAM,cleaned,1,8,100,1.0,0.0,0.0,benchmark/data/new_experiments/blocks/dfs_timeout=60s__300steps__02052026/evaluation_results/results_blocksworld_combined_timeout60s.csv
dfs_timeout=60s__300steps__02052026,60,1.0,02052026,PO_ROSAME,cleaned,1,8,100,1.0,0.0,0.0,benchmark/data/new_experiments/blocks/dfs_timeout=60s__300steps__02052026/evaluation_results/results_blocksworld_combined_timeout60s.csv
dfs_timeout=60s__300steps__02052026,60,1.0,02052026,PISAM,cleaned,0,8,100,1.0,0.0,0.0,benchmark/data/new_experiments/blocks/dfs_timeout=60s__300steps__02052026/evaluation_results/results_blocksworld_combined_timeout60s.csv
dfs_timeout=60s__300steps__02052026,60,1.0,02052026,PO_ROSAME,cleaned,0,8,100,1.0,0.0,0.0,benchmark/data/new_experiments/blocks/dfs_timeout=60s__300steps__02052026/evaluation_results/results_blocksworld_combined_timeout60s.csv
dfs_timeout=60s__300steps__02052026,60,1.0,02052026,PISAM,cleaned,3,8,100,1.0,0.0,0.0,benchmark/data/new_experiments/blocks/dfs_timeout=60s__300steps__02052026/evaluation_results/results_blocksworld_combined_timeout60s.csv
dfs_timeout=60s__300steps__02052026,60,1.0,02052026,PO_ROSAME,cleaned,3,8,100,0.0,0.0,0.0,benchmark/data/new_experiments/blocks/dfs_timeout=60s__300steps__02052026/evaluation_results/results_blocksworld_combined_timeout60s.csv
dfs_timeout=60s__300steps__28042026,60,0.0,28042026,PISAM,unclean,3,1,0,0.0,1.0,0.0,benchmark/data/new_experiments/blocks/dfs_timeout=60s__300steps__28042026/evaluation_results/results_blocksworld_combined_timeout60s.csv
dfs_timeout=60s__300steps__28042026,60,0.0,28042026,PO_ROSAME,unclean,3,1,0,0.0,0.0,1.0,benchmark/data/new_experiments/blocks/dfs_timeout=60s__300steps__28042026/evaluation_results/results_blocksworld_combined_timeout60s.csv
dfs_timeout=60s__300steps__28042026,60,0.0,28042026,PISAM,unclean,4,1,0,1.0,0.0,0.0,benchmark/data/new_experiments/blocks/dfs_timeout=60s__300steps__28042026/evaluation_results/results_blocksworld_combined_timeout60s.csv
dfs_timeout=60s__300steps__28042026,60,0.0,28042026,PO_ROSAME,unclean,4,1,0,0.0,0.0,1.0,benchmark/data/new_experiments/blocks/dfs_timeout=60s__300steps__28042026/evaluation_results/results_blocksworld_combined_timeout60s.csv
dfs_timeout=60s__300steps__28042026,60,0.0,28042026,PISAM,unclean,2,1,0,1.0,0.0,0.0,benchmark/data/new_experiments/blocks/dfs_timeout=60s__300steps__28042026/evaluation_results/results_blocksworld_combined_timeout60s.csv
dfs_timeout=60s__300steps__28042026,60,0.0,28042026,PO_ROSAME,unclean,2,1,0,0.0,0.0,1.0,benchmark/data/new_experiments/blocks/dfs_timeout=60s__300steps__28042026/evaluation_results/results_blocksworld_combined_timeout60s.csv
dfs_timeout=60s__300steps__28042026,60,0.0,28042026,PISAM,unclean,1,1,0,0.0,1.0,0.0,benchmark/data/new_experiments/blocks/dfs_timeout=60s__300steps__28042026/evaluation_results/results_blocksworld_combined_timeout60s.csv
dfs_timeout=60s__300steps__28042026,60,0.0,28042026,PO_ROSAME,unclean,1,1,0,0.5,0.0,0.5,benchmark/data/new_experiments/blocks/dfs_timeout=60s__300steps__28042026/evaluation_results/results_blocksworld_combined_timeout60s.csv
dfs_timeout=60s__300steps__28042026,60,0.0,28042026,PISAM,unclean,0,1,0,0.0,0.0,1.0,benchmark/data/new_experiments/blocks/dfs_timeout=60s__300steps__28042026/evaluation_results/results_blocksworld_combined_timeout60s.csv
dfs_timeout=60s__300steps__28042026,60,0.0,28042026,PO_ROSAME,unclean,0,1,0,0.0,0.0,1.0,benchmark/data/new_experiments/blocks/dfs_timeout=60s__300steps__28042026/evaluation_results/results_blocksworld_combined_timeout60s.csv
dfs_timeout=60s__300steps__28042026,60,0.0,28042026,PISAM,unclean,2,1,10,1.0,0.0,0.0,benchmark/data/new_experiments/blocks/dfs_timeout=60s__300steps__28042026/evaluation_results/results_blocksworld_combined_timeout60s.csv
dfs_timeout=60s__300steps__28042026,60,0.0,28042026,PO_ROSAME,unclean,2,1,10,1.0,0.0,0.0,benchmark/data/new_experiments/blocks/dfs_timeout=60s__300steps__28042026/evaluation_results/results_blocksworld_combined_timeout60s.csv
dfs_timeout=60s__300steps__28042026,60,0.0,28042026,PISAM,unclean,4,1,10,1.0,0.0,0.0,benchmark/data/new_experiments/blocks/dfs_timeout=60s__300steps__28042026/evaluation_results/results_blocksworld_combined_timeout60s.csv
dfs_timeout=60s__300steps__28042026,60,0.0,28042026,PO_ROSAME,unclean,4,1,10,1.0,0.0,0.0,benchmark/data/new_experiments/blocks/dfs_timeout=60s__300steps__28042026/evaluation_results/results_blocksworld_combined_timeout60s.csv
dfs_timeout=60s__300steps__28042026,60,0.0,28042026,PISAM,unclean,0,1,10,1.0,0.0,0.0,benchmark/data/new_experiments/blocks/dfs_timeout=60s__300steps__28042026/evaluation_results/results_blocksworld_combined_timeout60s.csv
dfs_timeout=60s__300steps__28042026,60,0.0,28042026,PO_ROSAME,unclean,0,1,10,1.0,0.0,0.0,benchmark/data/new_experiments/blocks/dfs_timeout=60s__300steps__28042026/evaluation_results/results_blocksworld_combined_timeout60s.csv
dfs_timeout=60s__300steps__28042026,60,0.0,28042026,PISAM,unclean,1,1,10,1.0,0.0,0.0,benchmark/data/new_experiments/blocks/dfs_timeout=60s__300steps__28042026/evaluation_results/results_blocksworld_combined_timeout60s.csv
dfs_timeout=60s__300steps__28042026,60,0.0,28042026,PO_ROSAME,unclean,1,1,10,1.0,0.0,0.0,benchmark/data/new_experiments/blocks/dfs_timeout=60s__300steps__28042026/evaluation_results/results_blocksworld_combined_timeout60s.csv
dfs_timeout=60s__300steps__28042026,60,0.0,28042026,PISAM,unclean,3,1,10,1.0,0.0,0.0,benchmark/data/new_experiments/blocks/dfs_timeout=60s__300steps__28042026/evaluation_results/results_blocksworld_combined_timeout60s.csv
dfs_timeout=60s__300steps__28042026,60,0.0,28042026,PO_ROSAME,unclean,3,1,10,1.0,0.0,0.0,benchmark/data/new_experiments/blocks/dfs_timeout=60s__300steps__28042026/evaluation_results/results_blocksworld_combined_timeout60s.csv
dfs_timeout=60s__300steps__28042026,60,0.0,28042026,PISAM,unclean,2,1,25,1.0,0.0,0.0,benchmark/data/new_experiments/blocks/dfs_timeout=60s__300steps__28042026/evaluation_results/results_blocksworld_combined_timeout60s.csv
dfs_timeout=60s__300steps__28042026,60,0.0,28042026,PO_ROSAME,unclean,2,1,25,1.0,0.0,0.0,benchmark/data/new_experiments/blocks/dfs_timeout=60s__300steps__28042026/evaluation_results/results_blocksworld_combined_timeout60s.csv
dfs_timeout=60s__300steps__28042026,60,0.0,28042026,PISAM,unclean,4,1,25,1.0,0.0,0.0,benchmark/data/new_experiments/blocks/dfs_timeout=60s__300steps__28042026/evaluation_results/results_blocksworld_combined_timeout60s.csv
dfs_timeout=60s__300steps__28042026,60,0.0,28042026,PO_ROSAME,unclean,4,1,25,1.0,0.0,0.0,benchmark/data/new_experiments/blocks/dfs_timeout=60s__300steps__28042026/evaluation_results/results_blocksworld_combined_timeout60s.csv
dfs_timeout=60s__300steps__28042026,60,0.0,28042026,PISAM,unclean,0,1,25,1.0,0.0,0.0,benchmark/data/new_experiments/blocks/dfs_timeout=60s__300steps__28042026/evaluation_results/results_blocksworld_combined_timeout60s.csv
dfs_timeout=60s__300steps__28042026,60,0.0,28042026,PO_ROSAME,unclean,0,1,25,1.0,0.0,0.0,benchmark/data/new_experiments/blocks/dfs_timeout=60s__300steps__28042026/evaluation_results/results_blocksworld_combined_timeout60s.csv
dfs_timeout=60s__300steps__28042026,60,0.0,28042026,PISAM,unclean,1,1,25,1.0,0.0,0.0,benchmark/data/new_experiments/blocks/dfs_timeout=60s__300steps__28042026/evaluation_results/results_blocksworld_combined_timeout60s.csv
dfs_timeout=60s__300steps__28042026,60,0.0,28042026,PO_ROSAME,unclean,1,1,25,1.0,0.0,0.0,benchmark/data/new_experiments/blocks/dfs_timeout=60s__300steps__28042026/evaluation_results/results_blocksworld_combined_timeout60s.csv
dfs_timeout=60s__300steps__28042026,60,0.0,28042026,PISAM,unclean,3,1,25,1.0,0.0,0.0,benchmark/data/new_experiments/blocks/dfs_timeout=60s__300steps__28042026/evaluation_results/results_blocksworld_combined_timeout60s.csv
dfs_timeout=60s__300steps__28042026,60,0.0,28042026,PO_ROSAME,unclean,3,1,25,1.0,0.0,0.0,benchmark/data/new_experiments/blocks/dfs_timeout=60s__300steps__28042026/evaluation_results/results_blocksworld_combined_timeout60s.csv
dfs_timeout=60s__300steps__28042026,60,0.0,28042026,PISAM,unclean,4,1,50,1.0,0.0,0.0,benchmark/data/new_experiments/blocks/dfs_timeout=60s__300steps__28042026/evaluation_results/results_blocksworld_combined_timeout60s.csv
dfs_timeout=60s__300steps__28042026,60,0.0,28042026,PO_ROSAME,unclean,4,1,50,1.0,0.0,0.0,benchmark/data/new_experiments/blocks/dfs_timeout=60s__300steps__28042026/evaluation_results/results_blocksworld_combined_timeout60s.csv
dfs_timeout=60s__300steps__28042026,60,0.0,28042026,PISAM,unclean,1,1,50,1.0,0.0,0.0,benchmark/data/new_experiments/blocks/dfs_timeout=60s__300steps__28042026/evaluation_results/results_blocksworld_combined_timeout60s.csv
dfs_timeout=60s__300steps__28042026,60,0.0,28042026,PO_ROSAME,unclean,1,1,50,1.0,0.0,0.0,benchmark/data/new_experiments/blocks/dfs_timeout=60s__300steps__28042026/evaluation_results/results_blocksworld_combined_timeout60s.csv
dfs_timeout=60s__300steps__28042026,60,0.0,28042026,PISAM,unclean,3,1,50,1.0,0.0,0.0,benchmark/data/new_experiments/blocks/dfs_timeout=60s__300steps__28042026/evaluation_results/results_blocksworld_combined_timeout60s.csv
dfs_timeout=60s__300steps__28042026,60,0.0,28042026,PO_ROSAME,unclean,3,1,50,1.0,0.0,0.0,benchmark/data/new_experiments/blocks/dfs_timeout=60s__300steps__28042026/evaluation_results/results_blocksworld_combined_timeout60s.csv
dfs_timeout=60s__300steps__28042026,60,0.0,28042026,PISAM,unclean,2,1,50,1.0,0.0,0.0,benchmark/data/new_experiments/blocks/dfs_timeout=60s__300steps__28042026/evaluation_results/results_blocksworld_combined_timeout60s.csv
dfs_timeout=60s__300steps__28042026,60,0.0,28042026,PO_ROSAME,unclean,2,1,50,1.0,0.0,0.0,benchmark/data/new_experiments/blocks/dfs_timeout=60s__300steps__28042026/evaluation_results/results_blocksworld_combined_timeout60s.csv
dfs_timeout=60s__300steps__28042026,60,0.0,28042026,PISAM,unclean,0,1,50,1.0,0.0,0.0,benchmark/data/new_experiments/blocks/dfs_timeout=60s__300steps__28042026/evaluation_results/results_blocksworld_combined_timeout60s.csv
dfs_timeout=60s__300steps__28042026,60,0.0,28042026,PO_ROSAME,unclean,0,1,50,1.0,0.0,0.0,benchmark/data/new_experiments/blocks/dfs_timeout=60s__300steps__28042026/evaluation_results/results_blocksworld_combined_timeout60s.csv
dfs_timeout=60s__300steps__28042026,60,0.0,28042026,PISAM,unclean,3,1,75,1.0,0.0,0.0,benchmark/data/new_experiments/blocks/dfs_timeout=60s__300steps__28042026/evaluation_results/results_blocksworld_combined_timeout60s.csv
dfs_timeout=60s__300steps__28042026,60,0.0,28042026,PO_ROSAME,unclean,3,1,75,1.0,0.0,0.0,benchmark/data/new_experiments/blocks/dfs_timeout=60s__300steps__28042026/evaluation_results/results_blocksworld_combined_timeout60s.csv
dfs_timeout=60s__300steps__28042026,60,0.0,28042026,PISAM,unclean,2,1,75,1.0,0.0,0.0,benchmark/data/new_experiments/blocks/dfs_timeout=60s__300steps__28042026/evaluation_results/results_blocksworld_combined_timeout60s.csv
dfs_timeout=60s__300steps__28042026,60,0.0,28042026,PO_ROSAME,unclean,2,1,75,1.0,0.0,0.0,benchmark/data/new_experiments/blocks/dfs_timeout=60s__300steps__28042026/evaluation_results/results_blocksworld_combined_timeout60s.csv
dfs_timeout=60s__300steps__28042026,60,0.0,28042026,PISAM,unclean,0,1,75,1.0,0.0,0.0,benchmark/data/new_experiments/blocks/dfs_timeout=60s__300steps__28042026/evaluation_results/results_blocksworld_combined_timeout60s.csv
dfs_timeout=60s__300steps__28042026,60,0.0,28042026,PO_ROSAME,unclean,0,1,75,1.0,0.0,0.0,benchmark/data/new_experiments/blocks/dfs_timeout=60s__300steps__28042026/evaluation_results/results_blocksworld_combined_timeout60s.csv
dfs_timeout=60s__300steps__28042026,60,0.0,28042026,PISAM,unclean,4,1,75,1.0,0.0,0.0,benchmark/data/new_experiments/blocks/dfs_timeout=60s__300steps__28042026/evaluation_results/results_blocksworld_combined_timeout60s.csv
dfs_timeout=60s__300steps__28042026,60,0.0,28042026,PO_ROSAME,unclean,4,1,75,1.0,0.0,0.0,benchmark/data/new_experiments/blocks/dfs_timeout=60s__300steps__28042026/evaluation_results/results_blocksworld_combined_timeout60s.csv
dfs_timeout=60s__300steps__28042026,60,0.0,28042026,PISAM,unclean,1,1,75,1.0,0.0,0.0,benchmark/data/new_experiments/blocks/dfs_timeout=60s__300steps__28042026/evaluation_results/results_blocksworld_combined_timeout60s.csv
dfs_timeout=60s__300steps__28042026,60,0.0,28042026,PO_ROSAME,unclean,1,1,75,1.0,0.0,0.0,benchmark/data/new_experiments/blocks/dfs_timeout=60s__300steps__28042026/evaluation_results/results_blocksworld_combined_timeout60s.csv
dfs_timeout=60s__300steps__28042026,60,0.0,28042026,PISAM,unclean,3,1,100,1.0,0.0,0.0,benchmark/data/new_experiments/blocks/dfs_timeout=60s__300steps__28042026/evaluation_results/results_blocksworld_combined_timeout60s.csv
dfs_timeout=60s__300steps__28042026,60,0.0,28042026,PO_ROSAME,unclean,3,1,100,1.0,0.0,0.0,benchmark/data/new_experiments/blocks/dfs_timeout=60s__300steps__28042026/evaluation_results/results_blocksworld_combined_timeout60s.csv
dfs_timeout=60s__300steps__28042026,60,0.0,28042026,PISAM,unclean,0,1,100,1.0,0.0,0.0,benchmark/data/new_experiments/blocks/dfs_timeout=60s__300steps__28042026/evaluation_results/results_blocksworld_combined_timeout60s.csv
dfs_timeout=60s__300steps__28042026,60,0.0,28042026,PO_ROSAME,unclean,0,1,100,1.0,0.0,0.0,benchmark/data/new_experiments/blocks/dfs_timeout=60s__300steps__28042026/evaluation_results/results_blocksworld_combined_timeout60s.csv
dfs_timeout=60s__300steps__28042026,60,0.0,28042026,PISAM,unclean,4,1,100,1.0,0.0,0.0,benchmark/data/new_experiments/blocks/dfs_timeout=60s__300steps__28042026/evaluation_results/results_blocksworld_combined_timeout60s.csv
dfs_timeout=60s__300steps__28042026,60,0.0,28042026,PO_ROSAME,unclean,4,1,100,1.0,0.0,0.0,benchmark/data/new_experiments/blocks/dfs_timeout=60s__300steps__28042026/evaluation_results/results_blocksworld_combined_timeout60s.csv
dfs_timeout=60s__300steps__28042026,60,0.0,28042026,PISAM,unclean,2,1,100,1.0,0.0,0.0,benchmark/data/new_experiments/blocks/dfs_timeout=60s__300steps__28042026/evaluation_results/results_blocksworld_combined_timeout60s.csv
dfs_timeout=60s__300steps__28042026,60,0.0,28042026,PO_ROSAME,unclean,2,1,100,1.0,0.0,0.0,benchmark/data/new_experiments/blocks/dfs_timeout=60s__300steps__28042026/evaluation_results/results_blocksworld_combined_timeout60s.csv
dfs_timeout=60s__300steps__28042026,60,0.0,28042026,PISAM,unclean,1,1,100,1.0,0.0,0.0,benchmark/data/new_experiments/blocks/dfs_timeout=60s__300steps__28042026/evaluation_results/results_blocksworld_combined_timeout60s.csv
dfs_timeout=60s__300steps__28042026,60,0.0,28042026,PO_ROSAME,unclean,1,1,100,1.0,0.0,0.0,benchmark/data/new_experiments/blocks/dfs_timeout=60s__300steps__28042026/evaluation_results/results_blocksworld_combined_timeout60s.csv
dfs_timeout=60s__300steps__28042026,60,0.0,28042026,PISAM,unclean,4,2,0,0.0,1.0,0.0,benchmark/data/new_experiments/blocks/dfs_timeout=60s__300steps__28042026/evaluation_results/results_blocksworld_combined_timeout60s.csv
dfs_timeout=60s__300steps__28042026,60,0.0,28042026,PO_ROSAME,unclean,4,2,0,0.0,1.0,0.0,benchmark/data/new_experiments/blocks/dfs_timeout=60s__300steps__28042026/evaluation_results/results_blocksworld_combined_timeout60s.csv
dfs_timeout=60s__300steps__28042026,60,0.0,28042026,PISAM,unclean,1,2,0,0.0,1.0,0.0,benchmark/data/new_experiments/blocks/dfs_timeout=60s__300steps__28042026/evaluation_results/results_blocksworld_combined_timeout60s.csv
dfs_timeout=60s__300steps__28042026,60,0.0,28042026,PO_ROSAME,unclean,1,2,0,0.0,1.0,0.0,benchmark/data/new_experiments/blocks/dfs_timeout=60s__300steps__28042026/evaluation_results/results_blocksworld_combined_timeout60s.csv
dfs_timeout=60s__300steps__28042026,60,0.0,28042026,PISAM,unclean,3,2,0,0.0,1.0,0.0,benchmark/data/new_experiments/blocks/dfs_timeout=60s__300steps__28042026/evaluation_results/results_blocksworld_combined_timeout60s.csv
dfs_timeout=60s__300steps__28042026,60,0.0,28042026,PO_ROSAME,unclean,3,2,0,0.0,0.0,1.0,benchmark/data/new_experiments/blocks/dfs_timeout=60s__300steps__28042026/evaluation_results/results_blocksworld_combined_timeout60s.csv
dfs_timeout=60s__300steps__28042026,60,0.0,28042026,PISAM,unclean,2,2,0,0.0,1.0,0.0,benchmark/data/new_experiments/blocks/dfs_timeout=60s__300steps__28042026/evaluation_results/results_blocksworld_combined_timeout60s.csv
dfs_timeout=60s__300steps__28042026,60,0.0,28042026,PO_ROSAME,unclean,2,2,0,0.0,0.0,1.0,benchmark/data/new_experiments/blocks/dfs_timeout=60s__300steps__28042026/evaluation_results/results_blocksworld_combined_timeout60s.csv
dfs_timeout=60s__300steps__28042026,60,0.0,28042026,PISAM,unclean,0,2,0,0.5,0.5,0.0,benchmark/data/new_experiments/blocks/dfs_timeout=60s__300steps__28042026/evaluation_results/results_blocksworld_combined_timeout60s.csv
dfs_timeout=60s__300steps__28042026,60,0.0,28042026,PO_ROSAME,unclean,0,2,0,0.0,0.0,1.0,benchmark/data/new_experiments/blocks/dfs_timeout=60s__300steps__28042026/evaluation_results/results_blocksworld_combined_timeout60s.csv
dfs_timeout=60s__300steps__28042026,60,0.0,28042026,PISAM,unclean,2,2,10,1.0,0.0,0.0,benchmark/data/new_experiments/blocks/dfs_timeout=60s__300steps__28042026/evaluation_results/results_blocksworld_combined_timeout60s.csv
dfs_timeout=60s__300steps__28042026,60,0.0,28042026,PO_ROSAME,unclean,2,2,10,1.0,0.0,0.0,benchmark/data/new_experiments/blocks/dfs_timeout=60s__300steps__28042026/evaluation_results/results_blocksworld_combined_timeout60s.csv
dfs_timeout=60s__300steps__28042026,60,0.0,28042026,PISAM,unclean,1,2,10,1.0,0.0,0.0,benchmark/data/new_experiments/blocks/dfs_timeout=60s__300steps__28042026/evaluation_results/results_blocksworld_combined_timeout60s.csv
dfs_timeout=60s__300steps__28042026,60,0.0,28042026,PO_ROSAME,unclean,1,2,10,1.0,0.0,0.0,benchmark/data/new_experiments/blocks/dfs_timeout=60s__300steps__28042026/evaluation_results/results_blocksworld_combined_timeout60s.csv
dfs_timeout=60s__300steps__28042026,60,0.0,28042026,PISAM,unclean,3,2,10,1.0,0.0,0.0,benchmark/data/new_experiments/blocks/dfs_timeout=60s__300steps__28042026/evaluation_results/results_blocksworld_combined_timeout60s.csv
dfs_timeout=60s__300steps__28042026,60,0.0,28042026,PO_ROSAME,unclean,3,2,10,1.0,0.0,0.0,benchmark/data/new_experiments/blocks/dfs_timeout=60s__300steps__28042026/evaluation_results/results_blocksworld_combined_timeout60s.csv
dfs_timeout=60s__300steps__28042026,60,0.0,28042026,PISAM,unclean,4,2,10,1.0,0.0,0.0,benchmark/data/new_experiments/blocks/dfs_timeout=60s__300steps__28042026/evaluation_results/results_blocksworld_combined_timeout60s.csv
dfs_timeout=60s__300steps__28042026,60,0.0,28042026,PO_ROSAME,unclean,4,2,10,1.0,0.0,0.0,benchmark/data/new_experiments/blocks/dfs_timeout=60s__300steps__28042026/evaluation_results/results_blocksworld_combined_timeout60s.csv
dfs_timeout=60s__300steps__28042026,60,0.0,28042026,PISAM,unclean,0,2,10,1.0,0.0,0.0,benchmark/data/new_experiments/blocks/dfs_timeout=60s__300steps__28042026/evaluation_results/results_blocksworld_combined_timeout60s.csv
dfs_timeout=60s__300steps__28042026,60,0.0,28042026,PO_ROSAME,unclean,0,2,10,1.0,0.0,0.0,benchmark/data/new_experiments/blocks/dfs_timeout=60s__300steps__28042026/evaluation_results/results_blocksworld_combined_timeout60s.csv
dfs_timeout=60s__300steps__28042026,60,0.0,28042026,PISAM,unclean,4,2,25,1.0,0.0,0.0,benchmark/data/new_experiments/blocks/dfs_timeout=60s__300steps__28042026/evaluation_results/results_blocksworld_combined_timeout60s.csv
dfs_timeout=60s__300steps__28042026,60,0.0,28042026,PO_ROSAME,unclean,4,2,25,1.0,0.0,0.0,benchmark/data/new_experiments/blocks/dfs_timeout=60s__300steps__28042026/evaluation_results/results_blocksworld_combined_timeout60s.csv
dfs_timeout=60s__300steps__28042026,60,0.0,28042026,PISAM,unclean,1,2,25,1.0,0.0,0.0,benchmark/data/new_experiments/blocks/dfs_timeout=60s__300steps__28042026/evaluation_results/results_blocksworld_combined_timeout60s.csv
dfs_timeout=60s__300steps__28042026,60,0.0,28042026,PO_ROSAME,unclean,1,2,25,1.0,0.0,0.0,benchmark/data/new_experiments/blocks/dfs_timeout=60s__300steps__28042026/evaluation_results/results_blocksworld_combined_timeout60s.csv
dfs_timeout=60s__300steps__28042026,60,0.0,28042026,PISAM,unclean,0,2,25,1.0,0.0,0.0,benchmark/data/new_experiments/blocks/dfs_timeout=60s__300steps__28042026/evaluation_results/results_blocksworld_combined_timeout60s.csv
dfs_timeout=60s__300steps__28042026,60,0.0,28042026,PO_ROSAME,unclean,0,2,25,1.0,0.0,0.0,benchmark/data/new_experiments/blocks/dfs_timeout=60s__300steps__28042026/evaluation_results/results_blocksworld_combined_timeout60s.csv
dfs_timeout=60s__300steps__28042026,60,0.0,28042026,PISAM,unclean,3,2,25,1.0,0.0,0.0,benchmark/data/new_experiments/blocks/dfs_timeout=60s__300steps__28042026/evaluation_results/results_blocksworld_combined_timeout60s.csv
dfs_timeout=60s__300steps__28042026,60,0.0,28042026,PO_ROSAME,unclean,3,2,25,1.0,0.0,0.0,benchmark/data/new_experiments/blocks/dfs_timeout=60s__300steps__28042026/evaluation_results/results_blocksworld_combined_timeout60s.csv
dfs_timeout=60s__300steps__28042026,60,0.0,28042026,PISAM,unclean,2,2,25,1.0,0.0,0.0,benchmark/data/new_experiments/blocks/dfs_timeout=60s__300steps__28042026/evaluation_results/results_blocksworld_combined_timeout60s.csv
dfs_timeout=60s__300steps__28042026,60,0.0,28042026,PO_ROSAME,unclean,2,2,25,1.0,0.0,0.0,benchmark/data/new_experiments/blocks/dfs_timeout=60s__300steps__28042026/evaluation_results/results_blocksworld_combined_timeout60s.csv
dfs_timeout=60s__300steps__28042026,60,0.0,28042026,PISAM,unclean,0,2,50,1.0,0.0,0.0,benchmark/data/new_experiments/blocks/dfs_timeout=60s__300steps__28042026/evaluation_results/results_blocksworld_combined_timeout60s.csv
dfs_timeout=60s__300steps__28042026,60,0.0,28042026,PO_ROSAME,unclean,0,2,50,1.0,0.0,0.0,benchmark/data/new_experiments/blocks/dfs_timeout=60s__300steps__28042026/evaluation_results/results_blocksworld_combined_timeout60s.csv
dfs_timeout=60s__300steps__28042026,60,0.0,28042026,PISAM,unclean,3,2,50,1.0,0.0,0.0,benchmark/data/new_experiments/blocks/dfs_timeout=60s__300steps__28042026/evaluation_results/results_blocksworld_combined_timeout60s.csv
dfs_timeout=60s__300steps__28042026,60,0.0,28042026,PO_ROSAME,unclean,3,2,50,1.0,0.0,0.0,benchmark/data/new_experiments/blocks/dfs_timeout=60s__300steps__28042026/evaluation_results/results_blocksworld_combined_timeout60s.csv
dfs_timeout=60s__300steps__28042026,60,0.0,28042026,PISAM,unclean,2,2,50,1.0,0.0,0.0,benchmark/data/new_experiments/blocks/dfs_timeout=60s__300steps__28042026/evaluation_results/results_blocksworld_combined_timeout60s.csv
dfs_timeout=60s__300steps__28042026,60,0.0,28042026,PO_ROSAME,unclean,2,2,50,1.0,0.0,0.0,benchmark/data/new_experiments/blocks/dfs_timeout=60s__300steps__28042026/evaluation_results/results_blocksworld_combined_timeout60s.csv
dfs_timeout=60s__300steps__28042026,60,0.0,28042026,PISAM,unclean,1,2,50,1.0,0.0,0.0,benchmark/data/new_experiments/blocks/dfs_timeout=60s__300steps__28042026/evaluation_results/results_blocksworld_combined_timeout60s.csv
dfs_timeout=60s__300steps__28042026,60,0.0,28042026,PO_ROSAME,unclean,1,2,50,1.0,0.0,0.0,benchmark/data/new_experiments/blocks/dfs_timeout=60s__300steps__28042026/evaluation_results/results_blocksworld_combined_timeout60s.csv
dfs_timeout=60s__300steps__28042026,60,0.0,28042026,PISAM,unclean,4,2,50,1.0,0.0,0.0,benchmark/data/new_experiments/blocks/dfs_timeout=60s__300steps__28042026/evaluation_results/results_blocksworld_combined_timeout60s.csv
dfs_timeout=60s__300steps__28042026,60,0.0,28042026,PO_ROSAME,unclean,4,2,50,1.0,0.0,0.0,benchmark/data/new_experiments/blocks/dfs_timeout=60s__300steps__28042026/evaluation_results/results_blocksworld_combined_timeout60s.csv
dfs_timeout=60s__300steps__28042026,60,0.0,28042026,PISAM,unclean,1,2,75,1.0,0.0,0.0,benchmark/data/new_experiments/blocks/dfs_timeout=60s__300steps__28042026/evaluation_results/results_blocksworld_combined_timeout60s.csv
dfs_timeout=60s__300steps__28042026,60,0.0,28042026,PO_ROSAME,unclean,1,2,75,1.0,0.0,0.0,benchmark/data/new_experiments/blocks/dfs_timeout=60s__300steps__28042026/evaluation_results/results_blocksworld_combined_timeout60s.csv
dfs_timeout=60s__300steps__28042026,60,0.0,28042026,PISAM,unclean,2,2,75,1.0,0.0,0.0,benchmark/data/new_experiments/blocks/dfs_timeout=60s__300steps__28042026/evaluation_results/results_blocksworld_combined_timeout60s.csv
dfs_timeout=60s__300steps__28042026,60,0.0,28042026,PO_ROSAME,unclean,2,2,75,1.0,0.0,0.0,benchmark/data/new_experiments/blocks/dfs_timeout=60s__300steps__28042026/evaluation_results/results_blocksworld_combined_timeout60s.csv
dfs_timeout=60s__300steps__28042026,60,0.0,28042026,PISAM,unclean,3,2,75,1.0,0.0,0.0,benchmark/data/new_experiments/blocks/dfs_timeout=60s__300steps__28042026/evaluation_results/results_blocksworld_combined_timeout60s.csv
dfs_timeout=60s__300steps__28042026,60,0.0,28042026,PO_ROSAME,unclean,3,2,75,1.0,0.0,0.0,benchmark/data/new_experiments/blocks/dfs_timeout=60s__300steps__28042026/evaluation_results/results_blocksworld_combined_timeout60s.csv
dfs_timeout=60s__300steps__28042026,60,0.0,28042026,PISAM,unclean,4,2,75,1.0,0.0,0.0,benchmark/data/new_experiments/blocks/dfs_timeout=60s__300steps__28042026/evaluation_results/results_blocksworld_combined_timeout60s.csv
dfs_timeout=60s__300steps__28042026,60,0.0,28042026,PO_ROSAME,unclean,4,2,75,1.0,0.0,0.0,benchmark/data/new_experiments/blocks/dfs_timeout=60s__300steps__28042026/evaluation_results/results_blocksworld_combined_timeout60s.csv
dfs_timeout=60s__300steps__28042026,60,0.0,28042026,PISAM,unclean,0,2,75,1.0,0.0,0.0,benchmark/data/new_experiments/blocks/dfs_timeout=60s__300steps__28042026/evaluation_results/results_blocksworld_combined_timeout60s.csv
dfs_timeout=60s__300steps__28042026,60,0.0,28042026,PO_ROSAME,unclean,0,2,75,1.0,0.0,0.0,benchmark/data/new_experiments/blocks/dfs_timeout=60s__300steps__28042026/evaluation_results/results_blocksworld_combined_timeout60s.csv
dfs_timeout=60s__300steps__28042026,60,0.0,28042026,PISAM,unclean,0,2,100,1.0,0.0,0.0,benchmark/data/new_experiments/blocks/dfs_timeout=60s__300steps__28042026/evaluation_results/results_blocksworld_combined_timeout60s.csv
dfs_timeout=60s__300steps__28042026,60,0.0,28042026,PO_ROSAME,unclean,0,2,100,1.0,0.0,0.0,benchmark/data/new_experiments/blocks/dfs_timeout=60s__300steps__28042026/evaluation_results/results_blocksworld_combined_timeout60s.csv
dfs_timeout=60s__300steps__28042026,60,0.0,28042026,PISAM,unclean,2,2,100,1.0,0.0,0.0,benchmark/data/new_experiments/blocks/dfs_timeout=60s__300steps__28042026/evaluation_results/results_blocksworld_combined_timeout60s.csv
dfs_timeout=60s__300steps__28042026,60,0.0,28042026,PO_ROSAME,unclean,2,2,100,1.0,0.0,0.0,benchmark/data/new_experiments/blocks/dfs_timeout=60s__300steps__28042026/evaluation_results/results_blocksworld_combined_timeout60s.csv
dfs_timeout=60s__300steps__28042026,60,0.0,28042026,PISAM,unclean,4,2,100,1.0,0.0,0.0,benchmark/data/new_experiments/blocks/dfs_timeout=60s__300steps__28042026/evaluation_results/results_blocksworld_combined_timeout60s.csv
dfs_timeout=60s__300steps__28042026,60,0.0,28042026,PO_ROSAME,unclean,4,2,100,1.0,0.0,0.0,benchmark/data/new_experiments/blocks/dfs_timeout=60s__300steps__28042026/evaluation_results/results_blocksworld_combined_timeout60s.csv
dfs_timeout=60s__300steps__28042026,60,0.0,28042026,PISAM,unclean,3,2,100,1.0,0.0,0.0,benchmark/data/new_experiments/blocks/dfs_timeout=60s__300steps__28042026/evaluation_results/results_blocksworld_combined_timeout60s.csv
dfs_timeout=60s__300steps__28042026,60,0.0,28042026,PO_ROSAME,unclean,3,2,100,1.0,0.0,0.0,benchmark/data/new_experiments/blocks/dfs_timeout=60s__300steps__28042026/evaluation_results/results_blocksworld_combined_timeout60s.csv
dfs_timeout=60s__300steps__28042026,60,0.0,28042026,PISAM,unclean,1,2,100,1.0,0.0,0.0,benchmark/data/new_experiments/blocks/dfs_timeout=60s__300steps__28042026/evaluation_results/results_blocksworld_combined_timeout60s.csv
dfs_timeout=60s__300steps__28042026,60,0.0,28042026,PO_ROSAME,unclean,1,2,100,1.0,0.0,0.0,benchmark/data/new_experiments/blocks/dfs_timeout=60s__300steps__28042026/evaluation_results/results_blocksworld_combined_timeout60s.csv
dfs_timeout=60s__300steps__28042026,60,0.0,28042026,PISAM,unclean,1,3,0,0.0,1.0,0.0,benchmark/data/new_experiments/blocks/dfs_timeout=60s__300steps__28042026/evaluation_results/results_blocksworld_combined_timeout60s.csv
dfs_timeout=60s__300steps__28042026,60,0.0,28042026,PO_ROSAME,unclean,1,3,0,0.0,0.0,1.0,benchmark/data/new_experiments/blocks/dfs_timeout=60s__300steps__28042026/evaluation_results/results_blocksworld_combined_timeout60s.csv
dfs_timeout=60s__300steps__28042026,60,0.0,28042026,PISAM,unclean,3,3,0,0.0,1.0,0.0,benchmark/data/new_experiments/blocks/dfs_timeout=60s__300steps__28042026/evaluation_results/results_blocksworld_combined_timeout60s.csv
dfs_timeout=60s__300steps__28042026,60,0.0,28042026,PO_ROSAME,unclean,3,3,0,0.0,0.0,1.0,benchmark/data/new_experiments/blocks/dfs_timeout=60s__300steps__28042026/evaluation_results/results_blocksworld_combined_timeout60s.csv
dfs_timeout=60s__300steps__28042026,60,0.0,28042026,PISAM,unclean,4,3,0,0.0,1.0,0.0,benchmark/data/new_experiments/blocks/dfs_timeout=60s__300steps__28042026/evaluation_results/results_blocksworld_combined_timeout60s.csv
dfs_timeout=60s__300steps__28042026,60,0.0,28042026,PO_ROSAME,unclean,4,3,0,0.0,0.0,1.0,benchmark/data/new_experiments/blocks/dfs_timeout=60s__300steps__28042026/evaluation_results/results_blocksworld_combined_timeout60s.csv
dfs_timeout=60s__300steps__28042026,60,0.0,28042026,PISAM,unclean,2,3,0,0.0,1.0,0.0,benchmark/data/new_experiments/blocks/dfs_timeout=60s__300steps__28042026/evaluation_results/results_blocksworld_combined_timeout60s.csv
dfs_timeout=60s__300steps__28042026,60,0.0,28042026,PO_ROSAME,unclean,2,3,0,,,,benchmark/data/new_experiments/blocks/dfs_timeout=60s__300steps__28042026/evaluation_results/results_blocksworld_combined_timeout60s.csv
dfs_timeout=60s__300steps__28042026,60,0.0,28042026,PISAM,unclean,0,3,0,0.5,0.5,0.0,benchmark/data/new_experiments/blocks/dfs_timeout=60s__300steps__28042026/evaluation_results/results_blocksworld_combined_timeout60s.csv
dfs_timeout=60s__300steps__28042026,60,0.0,28042026,PO_ROSAME,unclean,0,3,0,1.0,0.0,0.0,benchmark/data/new_experiments/blocks/dfs_timeout=60s__300steps__28042026/evaluation_results/results_blocksworld_combined_timeout60s.csv
dfs_timeout=60s__300steps__28042026,60,0.0,28042026,PISAM,unclean,3,3,10,1.0,0.0,0.0,benchmark/data/new_experiments/blocks/dfs_timeout=60s__300steps__28042026/evaluation_results/results_blocksworld_combined_timeout60s.csv
dfs_timeout=60s__300steps__28042026,60,0.0,28042026,PO_ROSAME,unclean,3,3,10,1.0,0.0,0.0,benchmark/data/new_experiments/blocks/dfs_timeout=60s__300steps__28042026/evaluation_results/results_blocksworld_combined_timeout60s.csv
dfs_timeout=60s__300steps__28042026,60,0.0,28042026,PISAM,unclean,0,3,10,1.0,0.0,0.0,benchmark/data/new_experiments/blocks/dfs_timeout=60s__300steps__28042026/evaluation_results/results_blocksworld_combined_timeout60s.csv
dfs_timeout=60s__300steps__28042026,60,0.0,28042026,PO_ROSAME,unclean,0,3,10,1.0,0.0,0.0,benchmark/data/new_experiments/blocks/dfs_timeout=60s__300steps__28042026/evaluation_results/results_blocksworld_combined_timeout60s.csv
dfs_timeout=60s__300steps__28042026,60,0.0,28042026,PISAM,unclean,4,3,10,1.0,0.0,0.0,benchmark/data/new_experiments/blocks/dfs_timeout=60s__300steps__28042026/evaluation_results/results_blocksworld_combined_timeout60s.csv
dfs_timeout=60s__300steps__28042026,60,0.0,28042026,PO_ROSAME,unclean,4,3,10,0.5,0.0,0.5,benchmark/data/new_experiments/blocks/dfs_timeout=60s__300steps__28042026/evaluation_results/results_blocksworld_combined_timeout60s.csv
dfs_timeout=60s__300steps__28042026,60,0.0,28042026,PISAM,unclean,1,3,10,1.0,0.0,0.0,benchmark/data/new_experiments/blocks/dfs_timeout=60s__300steps__28042026/evaluation_results/results_blocksworld_combined_timeout60s.csv
dfs_timeout=60s__300steps__28042026,60,0.0,28042026,PO_ROSAME,unclean,1,3,10,1.0,0.0,0.0,benchmark/data/new_experiments/blocks/dfs_timeout=60s__300steps__28042026/evaluation_results/results_blocksworld_combined_timeout60s.csv
dfs_timeout=60s__300steps__28042026,60,0.0,28042026,PISAM,unclean,2,3,10,1.0,0.0,0.0,benchmark/data/new_experiments/blocks/dfs_timeout=60s__300steps__28042026/evaluation_results/results_blocksworld_combined_timeout60s.csv
dfs_timeout=60s__300steps__28042026,60,0.0,28042026,PO_ROSAME,unclean,2,3,10,0.0,0.0,0.0,benchmark/data/new_experiments/blocks/dfs_timeout=60s__300steps__28042026/evaluation_results/results_blocksworld_combined_timeout60s.csv
dfs_timeout=60s__300steps__28042026,60,0.0,28042026,PISAM,unclean,2,3,25,1.0,0.0,0.0,benchmark/data/new_experiments/blocks/dfs_timeout=60s__300steps__28042026/evaluation_results/results_blocksworld_combined_timeout60s.csv
dfs_timeout=60s__300steps__28042026,60,0.0,28042026,PO_ROSAME,unclean,2,3,25,0.0,0.0,0.0,benchmark/data/new_experiments/blocks/dfs_timeout=60s__300steps__28042026/evaluation_results/results_blocksworld_combined_timeout60s.csv
dfs_timeout=60s__300steps__28042026,60,0.0,28042026,PISAM,unclean,0,3,25,1.0,0.0,0.0,benchmark/data/new_experiments/blocks/dfs_timeout=60s__300steps__28042026/evaluation_results/results_blocksworld_combined_timeout60s.csv
dfs_timeout=60s__300steps__28042026,60,0.0,28042026,PO_ROSAME,unclean,0,3,25,0.0,0.0,1.0,benchmark/data/new_experiments/blocks/dfs_timeout=60s__300steps__28042026/evaluation_results/results_blocksworld_combined_timeout60s.csv
dfs_timeout=60s__300steps__28042026,60,0.0,28042026,PISAM,unclean,3,3,25,1.0,0.0,0.0,benchmark/data/new_experiments/blocks/dfs_timeout=60s__300steps__28042026/evaluation_results/results_blocksworld_combined_timeout60s.csv
dfs_timeout=60s__300steps__28042026,60,0.0,28042026,PO_ROSAME,unclean,3,3,25,1.0,0.0,0.0,benchmark/data/new_experiments/blocks/dfs_timeout=60s__300steps__28042026/evaluation_results/results_blocksworld_combined_timeout60s.csv
dfs_timeout=60s__300steps__28042026,60,0.0,28042026,PISAM,unclean,4,3,25,1.0,0.0,0.0,benchmark/data/new_experiments/blocks/dfs_timeout=60s__300steps__28042026/evaluation_results/results_blocksworld_combined_timeout60s.csv
dfs_timeout=60s__300steps__28042026,60,0.0,28042026,PO_ROSAME,unclean,4,3,25,0.5,0.0,0.5,benchmark/data/new_experiments/blocks/dfs_timeout=60s__300steps__28042026/evaluation_results/results_blocksworld_combined_timeout60s.csv
dfs_timeout=60s__300steps__28042026,60,0.0,28042026,PISAM,unclean,1,3,25,1.0,0.0,0.0,benchmark/data/new_experiments/blocks/dfs_timeout=60s__300steps__28042026/evaluation_results/results_blocksworld_combined_timeout60s.csv
dfs_timeout=60s__300steps__28042026,60,0.0,28042026,PO_ROSAME,unclean,1,3,25,1.0,0.0,0.0,benchmark/data/new_experiments/blocks/dfs_timeout=60s__300steps__28042026/evaluation_results/results_blocksworld_combined_timeout60s.csv
dfs_timeout=60s__300steps__28042026,60,0.0,28042026,PISAM,unclean,1,3,50,1.0,0.0,0.0,benchmark/data/new_experiments/blocks/dfs_timeout=60s__300steps__28042026/evaluation_results/results_blocksworld_combined_timeout60s.csv
dfs_timeout=60s__300steps__28042026,60,0.0,28042026,PO_ROSAME,unclean,1,3,50,1.0,0.0,0.0,benchmark/data/new_experiments/blocks/dfs_timeout=60s__300steps__28042026/evaluation_results/results_blocksworld_combined_timeout60s.csv
dfs_timeout=60s__300steps__28042026,60,0.0,28042026,PISAM,unclean,0,3,50,1.0,0.0,0.0,benchmark/data/new_experiments/blocks/dfs_timeout=60s__300steps__28042026/evaluation_results/results_blocksworld_combined_timeout60s.csv
dfs_timeout=60s__300steps__28042026,60,0.0,28042026,PO_ROSAME,unclean,0,3,50,0.0,0.0,1.0,benchmark/data/new_experiments/blocks/dfs_timeout=60s__300steps__28042026/evaluation_results/results_blocksworld_combined_timeout60s.csv
dfs_timeout=60s__300steps__28042026,60,0.0,28042026,PISAM,unclean,2,3,50,1.0,0.0,0.0,benchmark/data/new_experiments/blocks/dfs_timeout=60s__300steps__28042026/evaluation_results/results_blocksworld_combined_timeout60s.csv
dfs_timeout=60s__300steps__28042026,60,0.0,28042026,PO_ROSAME,unclean,2,3,50,0.0,0.0,0.0,benchmark/data/new_experiments/blocks/dfs_timeout=60s__300steps__28042026/evaluation_results/results_blocksworld_combined_timeout60s.csv
dfs_timeout=60s__300steps__28042026,60,0.0,28042026,PISAM,unclean,3,3,50,1.0,0.0,0.0,benchmark/data/new_experiments/blocks/dfs_timeout=60s__300steps__28042026/evaluation_results/results_blocksworld_combined_timeout60s.csv
dfs_timeout=60s__300steps__28042026,60,0.0,28042026,PO_ROSAME,unclean,3,3,50,1.0,0.0,0.0,benchmark/data/new_experiments/blocks/dfs_timeout=60s__300steps__28042026/evaluation_results/results_blocksworld_combined_timeout60s.csv
dfs_timeout=60s__300steps__28042026,60,0.0,28042026,PISAM,unclean,4,3,50,1.0,0.0,0.0,benchmark/data/new_experiments/blocks/dfs_timeout=60s__300steps__28042026/evaluation_results/results_blocksworld_combined_timeout60s.csv
dfs_timeout=60s__300steps__28042026,60,0.0,28042026,PO_ROSAME,unclean,4,3,50,1.0,0.0,0.0,benchmark/data/new_experiments/blocks/dfs_timeout=60s__300steps__28042026/evaluation_results/results_blocksworld_combined_timeout60s.csv
dfs_timeout=60s__300steps__28042026,60,0.0,28042026,PISAM,unclean,1,3,75,1.0,0.0,0.0,benchmark/data/new_experiments/blocks/dfs_timeout=60s__300steps__28042026/evaluation_results/results_blocksworld_combined_timeout60s.csv
dfs_timeout=60s__300steps__28042026,60,0.0,28042026,PO_ROSAME,unclean,1,3,75,1.0,0.0,0.0,benchmark/data/new_experiments/blocks/dfs_timeout=60s__300steps__28042026/evaluation_results/results_blocksworld_combined_timeout60s.csv
dfs_timeout=60s__300steps__28042026,60,0.0,28042026,PISAM,unclean,0,3,75,1.0,0.0,0.0,benchmark/data/new_experiments/blocks/dfs_timeout=60s__300steps__28042026/evaluation_results/results_blocksworld_combined_timeout60s.csv
dfs_timeout=60s__300steps__28042026,60,0.0,28042026,PO_ROSAME,unclean,0,3,75,0.0,0.0,1.0,benchmark/data/new_experiments/blocks/dfs_timeout=60s__300steps__28042026/evaluation_results/results_blocksworld_combined_timeout60s.csv
dfs_timeout=60s__300steps__28042026,60,0.0,28042026,PISAM,unclean,3,3,75,1.0,0.0,0.0,benchmark/data/new_experiments/blocks/dfs_timeout=60s__300steps__28042026/evaluation_results/results_blocksworld_combined_timeout60s.csv
dfs_timeout=60s__300steps__28042026,60,0.0,28042026,PO_ROSAME,unclean,3,3,75,1.0,0.0,0.0,benchmark/data/new_experiments/blocks/dfs_timeout=60s__300steps__28042026/evaluation_results/results_blocksworld_combined_timeout60s.csv
dfs_timeout=60s__300steps__28042026,60,0.0,28042026,PISAM,unclean,2,3,75,1.0,0.0,0.0,benchmark/data/new_experiments/blocks/dfs_timeout=60s__300steps__28042026/evaluation_results/results_blocksworld_combined_timeout60s.csv
dfs_timeout=60s__300steps__28042026,60,0.0,28042026,PO_ROSAME,unclean,2,3,75,0.0,0.0,0.0,benchmark/data/new_experiments/blocks/dfs_timeout=60s__300steps__28042026/evaluation_results/results_blocksworld_combined_timeout60s.csv
dfs_timeout=60s__300steps__28042026,60,0.0,28042026,PISAM,unclean,4,3,75,1.0,0.0,0.0,benchmark/data/new_experiments/blocks/dfs_timeout=60s__300steps__28042026/evaluation_results/results_blocksworld_combined_timeout60s.csv
dfs_timeout=60s__300steps__28042026,60,0.0,28042026,PO_ROSAME,unclean,4,3,75,0.5,0.0,0.5,benchmark/data/new_experiments/blocks/dfs_timeout=60s__300steps__28042026/evaluation_results/results_blocksworld_combined_timeout60s.csv
dfs_timeout=60s__300steps__28042026,60,0.0,28042026,PISAM,unclean,0,3,100,1.0,0.0,0.0,benchmark/data/new_experiments/blocks/dfs_timeout=60s__300steps__28042026/evaluation_results/results_blocksworld_combined_timeout60s.csv
dfs_timeout=60s__300steps__28042026,60,0.0,28042026,PO_ROSAME,unclean,0,3,100,0.0,0.0,1.0,benchmark/data/new_experiments/blocks/dfs_timeout=60s__300steps__28042026/evaluation_results/results_blocksworld_combined_timeout60s.csv
dfs_timeout=60s__300steps__28042026,60,0.0,28042026,PISAM,unclean,1,3,100,1.0,0.0,0.0,benchmark/data/new_experiments/blocks/dfs_timeout=60s__300steps__28042026/evaluation_results/results_blocksworld_combined_timeout60s.csv
dfs_timeout=60s__300steps__28042026,60,0.0,28042026,PO_ROSAME,unclean,1,3,100,1.0,0.0,0.0,benchmark/data/new_experiments/blocks/dfs_timeout=60s__300steps__28042026/evaluation_results/results_blocksworld_combined_timeout60s.csv
dfs_timeout=60s__300steps__28042026,60,0.0,28042026,PISAM,unclean,2,3,100,1.0,0.0,0.0,benchmark/data/new_experiments/blocks/dfs_timeout=60s__300steps__28042026/evaluation_results/results_blocksworld_combined_timeout60s.csv
dfs_timeout=60s__300steps__28042026,60,0.0,28042026,PO_ROSAME,unclean,2,3,100,0.0,0.0,0.0,benchmark/data/new_experiments/blocks/dfs_timeout=60s__300steps__28042026/evaluation_results/results_blocksworld_combined_timeout60s.csv
dfs_timeout=60s__300steps__28042026,60,0.0,28042026,PISAM,unclean,3,3,100,1.0,0.0,0.0,benchmark/data/new_experiments/blocks/dfs_timeout=60s__300steps__28042026/evaluation_results/results_blocksworld_combined_timeout60s.csv
dfs_timeout=60s__300steps__28042026,60,0.0,28042026,PO_ROSAME,unclean,3,3,100,1.0,0.0,0.0,benchmark/data/new_experiments/blocks/dfs_timeout=60s__300steps__28042026/evaluation_results/results_blocksworld_combined_timeout60s.csv
dfs_timeout=60s__300steps__28042026,60,0.0,28042026,PISAM,unclean,4,3,100,1.0,0.0,0.0,benchmark/data/new_experiments/blocks/dfs_timeout=60s__300steps__28042026/evaluation_results/results_blocksworld_combined_timeout60s.csv
dfs_timeout=60s__300steps__28042026,60,0.0,28042026,PO_ROSAME,unclean,4,3,100,0.5,0.0,0.5,benchmark/data/new_experiments/blocks/dfs_timeout=60s__300steps__28042026/evaluation_results/results_blocksworld_combined_timeout60s.csv
dfs_timeout=60s__300steps__28042026,60,0.0,28042026,PISAM,unclean,0,4,0,0.5,0.5,0.0,benchmark/data/new_experiments/blocks/dfs_timeout=60s__300steps__28042026/evaluation_results/results_blocksworld_combined_timeout60s.csv
dfs_timeout=60s__300steps__28042026,60,0.0,28042026,PO_ROSAME,unclean,0,4,0,0.0,0.0,1.0,benchmark/data/new_experiments/blocks/dfs_timeout=60s__300steps__28042026/evaluation_results/results_blocksworld_combined_timeout60s.csv
dfs_timeout=60s__300steps__28042026,60,0.0,28042026,PISAM,unclean,2,4,0,0.0,1.0,0.0,benchmark/data/new_experiments/blocks/dfs_timeout=60s__300steps__28042026/evaluation_results/results_blocksworld_combined_timeout60s.csv
dfs_timeout=60s__300steps__28042026,60,0.0,28042026,PO_ROSAME,unclean,2,4,0,0.0,0.0,0.0,benchmark/data/new_experiments/blocks/dfs_timeout=60s__300steps__28042026/evaluation_results/results_blocksworld_combined_timeout60s.csv
dfs_timeout=60s__300steps__28042026,60,0.0,28042026,PISAM,unclean,4,4,0,0.0,1.0,0.0,benchmark/data/new_experiments/blocks/dfs_timeout=60s__300steps__28042026/evaluation_results/results_blocksworld_combined_timeout60s.csv
dfs_timeout=60s__300steps__28042026,60,0.0,28042026,PO_ROSAME,unclean,4,4,0,0.0,0.0,1.0,benchmark/data/new_experiments/blocks/dfs_timeout=60s__300steps__28042026/evaluation_results/results_blocksworld_combined_timeout60s.csv
dfs_timeout=60s__300steps__28042026,60,0.0,28042026,PISAM,unclean,3,4,0,0.0,1.0,0.0,benchmark/data/new_experiments/blocks/dfs_timeout=60s__300steps__28042026/evaluation_results/results_blocksworld_combined_timeout60s.csv
dfs_timeout=60s__300steps__28042026,60,0.0,28042026,PO_ROSAME,unclean,3,4,0,0.0,1.0,0.0,benchmark/data/new_experiments/blocks/dfs_timeout=60s__300steps__28042026/evaluation_results/results_blocksworld_combined_timeout60s.csv
dfs_timeout=60s__300steps__28042026,60,0.0,28042026,PISAM,unclean,1,4,0,0.0,1.0,0.0,benchmark/data/new_experiments/blocks/dfs_timeout=60s__300steps__28042026/evaluation_results/results_blocksworld_combined_timeout60s.csv
dfs_timeout=60s__300steps__28042026,60,0.0,28042026,PO_ROSAME,unclean,1,4,0,0.0,1.0,0.0,benchmark/data/new_experiments/blocks/dfs_timeout=60s__300steps__28042026/evaluation_results/results_blocksworld_combined_timeout60s.csv
dfs_timeout=60s__300steps__28042026,60,0.0,28042026,PISAM,unclean,1,4,10,1.0,0.0,0.0,benchmark/data/new_experiments/blocks/dfs_timeout=60s__300steps__28042026/evaluation_results/results_blocksworld_combined_timeout60s.csv
dfs_timeout=60s__300steps__28042026,60,0.0,28042026,PO_ROSAME,unclean,1,4,10,0.0,0.0,0.0,benchmark/data/new_experiments/blocks/dfs_timeout=60s__300steps__28042026/evaluation_results/results_blocksworld_combined_timeout60s.csv
dfs_timeout=60s__300steps__28042026,60,0.0,28042026,PISAM,unclean,3,4,10,1.0,0.0,0.0,benchmark/data/new_experiments/blocks/dfs_timeout=60s__300steps__28042026/evaluation_results/results_blocksworld_combined_timeout60s.csv
dfs_timeout=60s__300steps__28042026,60,0.0,28042026,PO_ROSAME,unclean,3,4,10,1.0,0.0,0.0,benchmark/data/new_experiments/blocks/dfs_timeout=60s__300steps__28042026/evaluation_results/results_blocksworld_combined_timeout60s.csv
dfs_timeout=60s__300steps__28042026,60,0.0,28042026,PISAM,unclean,0,4,10,1.0,0.0,0.0,benchmark/data/new_experiments/blocks/dfs_timeout=60s__300steps__28042026/evaluation_results/results_blocksworld_combined_timeout60s.csv
dfs_timeout=60s__300steps__28042026,60,0.0,28042026,PO_ROSAME,unclean,0,4,10,1.0,0.0,0.0,benchmark/data/new_experiments/blocks/dfs_timeout=60s__300steps__28042026/evaluation_results/results_blocksworld_combined_timeout60s.csv
dfs_timeout=60s__300steps__28042026,60,0.0,28042026,PISAM,unclean,4,4,10,1.0,0.0,0.0,benchmark/data/new_experiments/blocks/dfs_timeout=60s__300steps__28042026/evaluation_results/results_blocksworld_combined_timeout60s.csv
dfs_timeout=60s__300steps__28042026,60,0.0,28042026,PO_ROSAME,unclean,4,4,10,1.0,0.0,0.0,benchmark/data/new_experiments/blocks/dfs_timeout=60s__300steps__28042026/evaluation_results/results_blocksworld_combined_timeout60s.csv
dfs_timeout=60s__300steps__28042026,60,0.0,28042026,PISAM,unclean,2,4,10,1.0,0.0,0.0,benchmark/data/new_experiments/blocks/dfs_timeout=60s__300steps__28042026/evaluation_results/results_blocksworld_combined_timeout60s.csv
dfs_timeout=60s__300steps__28042026,60,0.0,28042026,PO_ROSAME,unclean,2,4,10,0.0,0.0,0.0,benchmark/data/new_experiments/blocks/dfs_timeout=60s__300steps__28042026/evaluation_results/results_blocksworld_combined_timeout60s.csv
dfs_timeout=60s__300steps__28042026,60,0.0,28042026,PISAM,unclean,3,4,25,1.0,0.0,0.0,benchmark/data/new_experiments/blocks/dfs_timeout=60s__300steps__28042026/evaluation_results/results_blocksworld_combined_timeout60s.csv
dfs_timeout=60s__300steps__28042026,60,0.0,28042026,PO_ROSAME,unclean,3,4,25,1.0,0.0,0.0,benchmark/data/new_experiments/blocks/dfs_timeout=60s__300steps__28042026/evaluation_results/results_blocksworld_combined_timeout60s.csv
dfs_timeout=60s__300steps__28042026,60,0.0,28042026,PISAM,unclean,0,4,25,1.0,0.0,0.0,benchmark/data/new_experiments/blocks/dfs_timeout=60s__300steps__28042026/evaluation_results/results_blocksworld_combined_timeout60s.csv
dfs_timeout=60s__300steps__28042026,60,0.0,28042026,PO_ROSAME,unclean,0,4,25,1.0,0.0,0.0,benchmark/data/new_experiments/blocks/dfs_timeout=60s__300steps__28042026/evaluation_results/results_blocksworld_combined_timeout60s.csv
dfs_timeout=60s__300steps__28042026,60,0.0,28042026,PISAM,unclean,4,4,25,1.0,0.0,0.0,benchmark/data/new_experiments/blocks/dfs_timeout=60s__300steps__28042026/evaluation_results/results_blocksworld_combined_timeout60s.csv
dfs_timeout=60s__300steps__28042026,60,0.0,28042026,PO_ROSAME,unclean,4,4,25,1.0,0.0,0.0,benchmark/data/new_experiments/blocks/dfs_timeout=60s__300steps__28042026/evaluation_results/results_blocksworld_combined_timeout60s.csv
dfs_timeout=60s__300steps__28042026,60,0.0,28042026,PISAM,unclean,2,4,25,1.0,0.0,0.0,benchmark/data/new_experiments/blocks/dfs_timeout=60s__300steps__28042026/evaluation_results/results_blocksworld_combined_timeout60s.csv
dfs_timeout=60s__300steps__28042026,60,0.0,28042026,PO_ROSAME,unclean,2,4,25,0.0,1.0,0.0,benchmark/data/new_experiments/blocks/dfs_timeout=60s__300steps__28042026/evaluation_results/results_blocksworld_combined_timeout60s.csv
dfs_timeout=60s__300steps__28042026,60,0.0,28042026,PISAM,unclean,1,4,25,1.0,0.0,0.0,benchmark/data/new_experiments/blocks/dfs_timeout=60s__300steps__28042026/evaluation_results/results_blocksworld_combined_timeout60s.csv
dfs_timeout=60s__300steps__28042026,60,0.0,28042026,PO_ROSAME,unclean,1,4,25,0.0,1.0,0.0,benchmark/data/new_experiments/blocks/dfs_timeout=60s__300steps__28042026/evaluation_results/results_blocksworld_combined_timeout60s.csv
dfs_timeout=60s__300steps__28042026,60,0.0,28042026,PISAM,unclean,2,4,50,1.0,0.0,0.0,benchmark/data/new_experiments/blocks/dfs_timeout=60s__300steps__28042026/evaluation_results/results_blocksworld_combined_timeout60s.csv
dfs_timeout=60s__300steps__28042026,60,0.0,28042026,PO_ROSAME,unclean,2,4,50,0.0,0.0,0.0,benchmark/data/new_experiments/blocks/dfs_timeout=60s__300steps__28042026/evaluation_results/results_blocksworld_combined_timeout60s.csv
dfs_timeout=60s__300steps__28042026,60,0.0,28042026,PISAM,unclean,1,4,50,1.0,0.0,0.0,benchmark/data/new_experiments/blocks/dfs_timeout=60s__300steps__28042026/evaluation_results/results_blocksworld_combined_timeout60s.csv
dfs_timeout=60s__300steps__28042026,60,0.0,28042026,PO_ROSAME,unclean,1,4,50,1.0,0.0,0.0,benchmark/data/new_experiments/blocks/dfs_timeout=60s__300steps__28042026/evaluation_results/results_blocksworld_combined_timeout60s.csv
dfs_timeout=60s__300steps__28042026,60,0.0,28042026,PISAM,unclean,0,4,50,1.0,0.0,0.0,benchmark/data/new_experiments/blocks/dfs_timeout=60s__300steps__28042026/evaluation_results/results_blocksworld_combined_timeout60s.csv
dfs_timeout=60s__300steps__28042026,60,0.0,28042026,PO_ROSAME,unclean,0,4,50,1.0,0.0,0.0,benchmark/data/new_experiments/blocks/dfs_timeout=60s__300steps__28042026/evaluation_results/results_blocksworld_combined_timeout60s.csv
dfs_timeout=60s__300steps__28042026,60,0.0,28042026,PISAM,unclean,3,4,50,1.0,0.0,0.0,benchmark/data/new_experiments/blocks/dfs_timeout=60s__300steps__28042026/evaluation_results/results_blocksworld_combined_timeout60s.csv
dfs_timeout=60s__300steps__28042026,60,0.0,28042026,PO_ROSAME,unclean,3,4,50,1.0,0.0,0.0,benchmark/data/new_experiments/blocks/dfs_timeout=60s__300steps__28042026/evaluation_results/results_blocksworld_combined_timeout60s.csv
dfs_timeout=60s__300steps__28042026,60,0.0,28042026,PISAM,unclean,4,4,50,1.0,0.0,0.0,benchmark/data/new_experiments/blocks/dfs_timeout=60s__300steps__28042026/evaluation_results/results_blocksworld_combined_timeout60s.csv
dfs_timeout=60s__300steps__28042026,60,0.0,28042026,PO_ROSAME,unclean,4,4,50,1.0,0.0,0.0,benchmark/data/new_experiments/blocks/dfs_timeout=60s__300steps__28042026/evaluation_results/results_blocksworld_combined_timeout60s.csv
dfs_timeout=60s__300steps__28042026,60,0.0,28042026,PISAM,unclean,2,4,75,1.0,0.0,0.0,benchmark/data/new_experiments/blocks/dfs_timeout=60s__300steps__28042026/evaluation_results/results_blocksworld_combined_timeout60s.csv
dfs_timeout=60s__300steps__28042026,60,0.0,28042026,PO_ROSAME,unclean,2,4,75,0.0,0.0,1.0,benchmark/data/new_experiments/blocks/dfs_timeout=60s__300steps__28042026/evaluation_results/results_blocksworld_combined_timeout60s.csv
dfs_timeout=60s__300steps__28042026,60,0.0,28042026,PISAM,unclean,3,4,75,1.0,0.0,0.0,benchmark/data/new_experiments/blocks/dfs_timeout=60s__300steps__28042026/evaluation_results/results_blocksworld_combined_timeout60s.csv
dfs_timeout=60s__300steps__28042026,60,0.0,28042026,PO_ROSAME,unclean,3,4,75,1.0,0.0,0.0,benchmark/data/new_experiments/blocks/dfs_timeout=60s__300steps__28042026/evaluation_results/results_blocksworld_combined_timeout60s.csv
dfs_timeout=60s__300steps__28042026,60,0.0,28042026,PISAM,unclean,0,4,75,1.0,0.0,0.0,benchmark/data/new_experiments/blocks/dfs_timeout=60s__300steps__28042026/evaluation_results/results_blocksworld_combined_timeout60s.csv
dfs_timeout=60s__300steps__28042026,60,0.0,28042026,PO_ROSAME,unclean,0,4,75,1.0,0.0,0.0,benchmark/data/new_experiments/blocks/dfs_timeout=60s__300steps__28042026/evaluation_results/results_blocksworld_combined_timeout60s.csv
dfs_timeout=60s__300steps__28042026,60,0.0,28042026,PISAM,unclean,4,4,75,1.0,0.0,0.0,benchmark/data/new_experiments/blocks/dfs_timeout=60s__300steps__28042026/evaluation_results/results_blocksworld_combined_timeout60s.csv
dfs_timeout=60s__300steps__28042026,60,0.0,28042026,PO_ROSAME,unclean,4,4,75,1.0,0.0,0.0,benchmark/data/new_experiments/blocks/dfs_timeout=60s__300steps__28042026/evaluation_results/results_blocksworld_combined_timeout60s.csv
dfs_timeout=60s__300steps__28042026,60,0.0,28042026,PISAM,unclean,1,4,75,1.0,0.0,0.0,benchmark/data/new_experiments/blocks/dfs_timeout=60s__300steps__28042026/evaluation_results/results_blocksworld_combined_timeout60s.csv
dfs_timeout=60s__300steps__28042026,60,0.0,28042026,PO_ROSAME,unclean,1,4,75,0.0,0.0,0.0,benchmark/data/new_experiments/blocks/dfs_timeout=60s__300steps__28042026/evaluation_results/results_blocksworld_combined_timeout60s.csv
dfs_timeout=60s__300steps__28042026,60,0.0,28042026,PISAM,unclean,1,4,100,1.0,0.0,0.0,benchmark/data/new_experiments/blocks/dfs_timeout=60s__300steps__28042026/evaluation_results/results_blocksworld_combined_timeout60s.csv
dfs_timeout=60s__300steps__28042026,60,0.0,28042026,PO_ROSAME,unclean,1,4,100,,,,benchmark/data/new_experiments/blocks/dfs_timeout=60s__300steps__28042026/evaluation_results/results_blocksworld_combined_timeout60s.csv
dfs_timeout=60s__300steps__28042026,60,0.0,28042026,PISAM,unclean,0,4,100,1.0,0.0,0.0,benchmark/data/new_experiments/blocks/dfs_timeout=60s__300steps__28042026/evaluation_results/results_blocksworld_combined_timeout60s.csv
dfs_timeout=60s__300steps__28042026,60,0.0,28042026,PO_ROSAME,unclean,0,4,100,1.0,0.0,0.0,benchmark/data/new_experiments/blocks/dfs_timeout=60s__300steps__28042026/evaluation_results/results_blocksworld_combined_timeout60s.csv
dfs_timeout=60s__300steps__28042026,60,0.0,28042026,PISAM,unclean,4,4,100,1.0,0.0,0.0,benchmark/data/new_experiments/blocks/dfs_timeout=60s__300steps__28042026/evaluation_results/results_blocksworld_combined_timeout60s.csv
dfs_timeout=60s__300steps__28042026,60,0.0,28042026,PO_ROSAME,unclean,4,4,100,1.0,0.0,0.0,benchmark/data/new_experiments/blocks/dfs_timeout=60s__300steps__28042026/evaluation_results/results_blocksworld_combined_timeout60s.csv
dfs_timeout=60s__300steps__28042026,60,0.0,28042026,PISAM,unclean,2,4,100,1.0,0.0,0.0,benchmark/data/new_experiments/blocks/dfs_timeout=60s__300steps__28042026/evaluation_results/results_blocksworld_combined_timeout60s.csv
dfs_timeout=60s__300steps__28042026,60,0.0,28042026,PO_ROSAME,unclean,2,4,100,0.0,0.0,1.0,benchmark/data/new_experiments/blocks/dfs_timeout=60s__300steps__28042026/evaluation_results/results_blocksworld_combined_timeout60s.csv
dfs_timeout=60s__300steps__28042026,60,0.0,28042026,PISAM,unclean,3,4,100,1.0,0.0,0.0,benchmark/data/new_experiments/blocks/dfs_timeout=60s__300steps__28042026/evaluation_results/results_blocksworld_combined_timeout60s.csv
dfs_timeout=60s__300steps__28042026,60,0.0,28042026,PO_ROSAME,unclean,3,4,100,1.0,0.0,0.0,benchmark/data/new_experiments/blocks/dfs_timeout=60s__300steps__28042026/evaluation_results/results_blocksworld_combined_timeout60s.csv
dfs_timeout=60s__300steps__28042026,60,0.0,28042026,PISAM,unclean,2,5,0,0.0,1.0,0.0,benchmark/data/new_experiments/blocks/dfs_timeout=60s__300steps__28042026/evaluation_results/results_blocksworld_combined_timeout60s.csv
dfs_timeout=60s__300steps__28042026,60,0.0,28042026,PO_ROSAME,unclean,2,5,0,0.0,1.0,0.0,benchmark/data/new_experiments/blocks/dfs_timeout=60s__300steps__28042026/evaluation_results/results_blocksworld_combined_timeout60s.csv
dfs_timeout=60s__300steps__28042026,60,0.0,28042026,PISAM,unclean,3,5,0,0.0,1.0,0.0,benchmark/data/new_experiments/blocks/dfs_timeout=60s__300steps__28042026/evaluation_results/results_blocksworld_combined_timeout60s.csv
dfs_timeout=60s__300steps__28042026,60,0.0,28042026,PO_ROSAME,unclean,3,5,0,0.0,0.0,0.0,benchmark/data/new_experiments/blocks/dfs_timeout=60s__300steps__28042026/evaluation_results/results_blocksworld_combined_timeout60s.csv
dfs_timeout=60s__300steps__28042026,60,0.0,28042026,PISAM,unclean,1,5,0,0.0,1.0,0.0,benchmark/data/new_experiments/blocks/dfs_timeout=60s__300steps__28042026/evaluation_results/results_blocksworld_combined_timeout60s.csv
dfs_timeout=60s__300steps__28042026,60,0.0,28042026,PO_ROSAME,unclean,1,5,0,1.0,0.0,0.0,benchmark/data/new_experiments/blocks/dfs_timeout=60s__300steps__28042026/evaluation_results/results_blocksworld_combined_timeout60s.csv
dfs_timeout=60s__300steps__28042026,60,0.0,28042026,PISAM,unclean,0,5,0,0.5,0.5,0.0,benchmark/data/new_experiments/blocks/dfs_timeout=60s__300steps__28042026/evaluation_results/results_blocksworld_combined_timeout60s.csv
dfs_timeout=60s__300steps__28042026,60,0.0,28042026,PO_ROSAME,unclean,0,5,0,0.0,0.0,0.0,benchmark/data/new_experiments/blocks/dfs_timeout=60s__300steps__28042026/evaluation_results/results_blocksworld_combined_timeout60s.csv
dfs_timeout=60s__300steps__28042026,60,0.0,28042026,PISAM,unclean,4,5,0,0.0,1.0,0.0,benchmark/data/new_experiments/blocks/dfs_timeout=60s__300steps__28042026/evaluation_results/results_blocksworld_combined_timeout60s.csv
dfs_timeout=60s__300steps__28042026,60,0.0,28042026,PO_ROSAME,unclean,4,5,0,0.0,0.0,0.0,benchmark/data/new_experiments/blocks/dfs_timeout=60s__300steps__28042026/evaluation_results/results_blocksworld_combined_timeout60s.csv
dfs_timeout=60s__300steps__28042026,60,0.0,28042026,PISAM,unclean,4,5,10,1.0,0.0,0.0,benchmark/data/new_experiments/blocks/dfs_timeout=60s__300steps__28042026/evaluation_results/results_blocksworld_combined_timeout60s.csv
dfs_timeout=60s__300steps__28042026,60,0.0,28042026,PO_ROSAME,unclean,4,5,10,0.0,1.0,0.0,benchmark/data/new_experiments/blocks/dfs_timeout=60s__300steps__28042026/evaluation_results/results_blocksworld_combined_timeout60s.csv
dfs_timeout=60s__300steps__28042026,60,0.0,28042026,PISAM,unclean,2,5,10,1.0,0.0,0.0,benchmark/data/new_experiments/blocks/dfs_timeout=60s__300steps__28042026/evaluation_results/results_blocksworld_combined_timeout60s.csv
dfs_timeout=60s__300steps__28042026,60,0.0,28042026,PO_ROSAME,unclean,2,5,10,1.0,0.0,0.0,benchmark/data/new_experiments/blocks/dfs_timeout=60s__300steps__28042026/evaluation_results/results_blocksworld_combined_timeout60s.csv
dfs_timeout=60s__300steps__28042026,60,0.0,28042026,PISAM,unclean,3,5,10,1.0,0.0,0.0,benchmark/data/new_experiments/blocks/dfs_timeout=60s__300steps__28042026/evaluation_results/results_blocksworld_combined_timeout60s.csv
dfs_timeout=60s__300steps__28042026,60,0.0,28042026,PO_ROSAME,unclean,3,5,10,0.0,1.0,0.0,benchmark/data/new_experiments/blocks/dfs_timeout=60s__300steps__28042026/evaluation_results/results_blocksworld_combined_timeout60s.csv
dfs_timeout=60s__300steps__28042026,60,0.0,28042026,PISAM,unclean,0,5,10,1.0,0.0,0.0,benchmark/data/new_experiments/blocks/dfs_timeout=60s__300steps__28042026/evaluation_results/results_blocksworld_combined_timeout60s.csv
dfs_timeout=60s__300steps__28042026,60,0.0,28042026,PO_ROSAME,unclean,0,5,10,0.0,0.0,0.0,benchmark/data/new_experiments/blocks/dfs_timeout=60s__300steps__28042026/evaluation_results/results_blocksworld_combined_timeout60s.csv
dfs_timeout=60s__300steps__28042026,60,0.0,28042026,PISAM,unclean,1,5,10,1.0,0.0,0.0,benchmark/data/new_experiments/blocks/dfs_timeout=60s__300steps__28042026/evaluation_results/results_blocksworld_combined_timeout60s.csv
dfs_timeout=60s__300steps__28042026,60,0.0,28042026,PO_ROSAME,unclean,1,5,10,0.0,0.0,1.0,benchmark/data/new_experiments/blocks/dfs_timeout=60s__300steps__28042026/evaluation_results/results_blocksworld_combined_timeout60s.csv
dfs_timeout=60s__300steps__28042026,60,0.0,28042026,PISAM,unclean,2,5,25,1.0,0.0,0.0,benchmark/data/new_experiments/blocks/dfs_timeout=60s__300steps__28042026/evaluation_results/results_blocksworld_combined_timeout60s.csv
dfs_timeout=60s__300steps__28042026,60,0.0,28042026,PO_ROSAME,unclean,2,5,25,1.0,0.0,0.0,benchmark/data/new_experiments/blocks/dfs_timeout=60s__300steps__28042026/evaluation_results/results_blocksworld_combined_timeout60s.csv
dfs_timeout=60s__300steps__28042026,60,0.0,28042026,PISAM,unclean,3,5,25,1.0,0.0,0.0,benchmark/data/new_experiments/blocks/dfs_timeout=60s__300steps__28042026/evaluation_results/results_blocksworld_combined_timeout60s.csv
dfs_timeout=60s__300steps__28042026,60,0.0,28042026,PO_ROSAME,unclean,3,5,25,0.0,0.0,0.0,benchmark/data/new_experiments/blocks/dfs_timeout=60s__300steps__28042026/evaluation_results/results_blocksworld_combined_timeout60s.csv
dfs_timeout=60s__300steps__28042026,60,0.0,28042026,PISAM,unclean,0,5,25,1.0,0.0,0.0,benchmark/data/new_experiments/blocks/dfs_timeout=60s__300steps__28042026/evaluation_results/results_blocksworld_combined_timeout60s.csv
dfs_timeout=60s__300steps__28042026,60,0.0,28042026,PO_ROSAME,unclean,0,5,25,0.0,0.0,0.0,benchmark/data/new_experiments/blocks/dfs_timeout=60s__300steps__28042026/evaluation_results/results_blocksworld_combined_timeout60s.csv
dfs_timeout=60s__300steps__28042026,60,0.0,28042026,PISAM,unclean,1,5,25,1.0,0.0,0.0,benchmark/data/new_experiments/blocks/dfs_timeout=60s__300steps__28042026/evaluation_results/results_blocksworld_combined_timeout60s.csv
dfs_timeout=60s__300steps__28042026,60,0.0,28042026,PO_ROSAME,unclean,1,5,25,0.0,0.0,1.0,benchmark/data/new_experiments/blocks/dfs_timeout=60s__300steps__28042026/evaluation_results/results_blocksworld_combined_timeout60s.csv
dfs_timeout=60s__300steps__28042026,60,0.0,28042026,PISAM,unclean,4,5,25,1.0,0.0,0.0,benchmark/data/new_experiments/blocks/dfs_timeout=60s__300steps__28042026/evaluation_results/results_blocksworld_combined_timeout60s.csv
dfs_timeout=60s__300steps__28042026,60,0.0,28042026,PO_ROSAME,unclean,4,5,25,0.0,0.0,0.0,benchmark/data/new_experiments/blocks/dfs_timeout=60s__300steps__28042026/evaluation_results/results_blocksworld_combined_timeout60s.csv
dfs_timeout=60s__300steps__28042026,60,0.0,28042026,PISAM,unclean,1,5,50,1.0,0.0,0.0,benchmark/data/new_experiments/blocks/dfs_timeout=60s__300steps__28042026/evaluation_results/results_blocksworld_combined_timeout60s.csv
dfs_timeout=60s__300steps__28042026,60,0.0,28042026,PO_ROSAME,unclean,1,5,50,0.0,0.0,1.0,benchmark/data/new_experiments/blocks/dfs_timeout=60s__300steps__28042026/evaluation_results/results_blocksworld_combined_timeout60s.csv
dfs_timeout=60s__300steps__28042026,60,0.0,28042026,PISAM,unclean,4,5,50,1.0,0.0,0.0,benchmark/data/new_experiments/blocks/dfs_timeout=60s__300steps__28042026/evaluation_results/results_blocksworld_combined_timeout60s.csv
dfs_timeout=60s__300steps__28042026,60,0.0,28042026,PO_ROSAME,unclean,4,5,50,0.5,0.0,0.5,benchmark/data/new_experiments/blocks/dfs_timeout=60s__300steps__28042026/evaluation_results/results_blocksworld_combined_timeout60s.csv
dfs_timeout=60s__300steps__28042026,60,0.0,28042026,PISAM,unclean,3,5,50,1.0,0.0,0.0,benchmark/data/new_experiments/blocks/dfs_timeout=60s__300steps__28042026/evaluation_results/results_blocksworld_combined_timeout60s.csv
dfs_timeout=60s__300steps__28042026,60,0.0,28042026,PO_ROSAME,unclean,3,5,50,0.5,0.0,0.5,benchmark/data/new_experiments/blocks/dfs_timeout=60s__300steps__28042026/evaluation_results/results_blocksworld_combined_timeout60s.csv
dfs_timeout=60s__300steps__28042026,60,0.0,28042026,PISAM,unclean,2,5,50,1.0,0.0,0.0,benchmark/data/new_experiments/blocks/dfs_timeout=60s__300steps__28042026/evaluation_results/results_blocksworld_combined_timeout60s.csv
dfs_timeout=60s__300steps__28042026,60,0.0,28042026,PO_ROSAME,unclean,2,5,50,1.0,0.0,0.0,benchmark/data/new_experiments/blocks/dfs_timeout=60s__300steps__28042026/evaluation_results/results_blocksworld_combined_timeout60s.csv
dfs_timeout=60s__300steps__28042026,60,0.0,28042026,PISAM,unclean,0,5,50,1.0,0.0,0.0,benchmark/data/new_experiments/blocks/dfs_timeout=60s__300steps__28042026/evaluation_results/results_blocksworld_combined_timeout60s.csv
dfs_timeout=60s__300steps__28042026,60,0.0,28042026,PO_ROSAME,unclean,0,5,50,0.0,1.0,0.0,benchmark/data/new_experiments/blocks/dfs_timeout=60s__300steps__28042026/evaluation_results/results_blocksworld_combined_timeout60s.csv
dfs_timeout=60s__300steps__28042026,60,0.0,28042026,PISAM,unclean,2,5,75,1.0,0.0,0.0,benchmark/data/new_experiments/blocks/dfs_timeout=60s__300steps__28042026/evaluation_results/results_blocksworld_combined_timeout60s.csv
dfs_timeout=60s__300steps__28042026,60,0.0,28042026,PO_ROSAME,unclean,2,5,75,1.0,0.0,0.0,benchmark/data/new_experiments/blocks/dfs_timeout=60s__300steps__28042026/evaluation_results/results_blocksworld_combined_timeout60s.csv
dfs_timeout=60s__300steps__28042026,60,0.0,28042026,PISAM,unclean,4,5,75,1.0,0.0,0.0,benchmark/data/new_experiments/blocks/dfs_timeout=60s__300steps__28042026/evaluation_results/results_blocksworld_combined_timeout60s.csv
dfs_timeout=60s__300steps__28042026,60,0.0,28042026,PO_ROSAME,unclean,4,5,75,0.0,0.0,0.0,benchmark/data/new_experiments/blocks/dfs_timeout=60s__300steps__28042026/evaluation_results/results_blocksworld_combined_timeout60s.csv
dfs_timeout=60s__300steps__28042026,60,0.0,28042026,PISAM,unclean,0,5,75,1.0,0.0,0.0,benchmark/data/new_experiments/blocks/dfs_timeout=60s__300steps__28042026/evaluation_results/results_blocksworld_combined_timeout60s.csv
dfs_timeout=60s__300steps__28042026,60,0.0,28042026,PO_ROSAME,unclean,0,5,75,0.0,0.0,0.0,benchmark/data/new_experiments/blocks/dfs_timeout=60s__300steps__28042026/evaluation_results/results_blocksworld_combined_timeout60s.csv
dfs_timeout=60s__300steps__28042026,60,0.0,28042026,PISAM,unclean,3,5,75,1.0,0.0,0.0,benchmark/data/new_experiments/blocks/dfs_timeout=60s__300steps__28042026/evaluation_results/results_blocksworld_combined_timeout60s.csv
dfs_timeout=60s__300steps__28042026,60,0.0,28042026,PO_ROSAME,unclean,3,5,75,0.0,0.0,0.0,benchmark/data/new_experiments/blocks/dfs_timeout=60s__300steps__28042026/evaluation_results/results_blocksworld_combined_timeout60s.csv
dfs_timeout=60s__300steps__28042026,60,0.0,28042026,PISAM,unclean,1,5,75,1.0,0.0,0.0,benchmark/data/new_experiments/blocks/dfs_timeout=60s__300steps__28042026/evaluation_results/results_blocksworld_combined_timeout60s.csv
dfs_timeout=60s__300steps__28042026,60,0.0,28042026,PO_ROSAME,unclean,1,5,75,0.0,0.0,1.0,benchmark/data/new_experiments/blocks/dfs_timeout=60s__300steps__28042026/evaluation_results/results_blocksworld_combined_timeout60s.csv
dfs_timeout=60s__300steps__28042026,60,0.0,28042026,PISAM,unclean,2,5,100,1.0,0.0,0.0,benchmark/data/new_experiments/blocks/dfs_timeout=60s__300steps__28042026/evaluation_results/results_blocksworld_combined_timeout60s.csv
dfs_timeout=60s__300steps__28042026,60,0.0,28042026,PO_ROSAME,unclean,2,5,100,1.0,0.0,0.0,benchmark/data/new_experiments/blocks/dfs_timeout=60s__300steps__28042026/evaluation_results/results_blocksworld_combined_timeout60s.csv
dfs_timeout=60s__300steps__28042026,60,0.0,28042026,PISAM,unclean,3,5,100,1.0,0.0,0.0,benchmark/data/new_experiments/blocks/dfs_timeout=60s__300steps__28042026/evaluation_results/results_blocksworld_combined_timeout60s.csv
dfs_timeout=60s__300steps__28042026,60,0.0,28042026,PO_ROSAME,unclean,3,5,100,0.0,1.0,0.0,benchmark/data/new_experiments/blocks/dfs_timeout=60s__300steps__28042026/evaluation_results/results_blocksworld_combined_timeout60s.csv
dfs_timeout=60s__300steps__28042026,60,0.0,28042026,PISAM,unclean,4,5,100,1.0,0.0,0.0,benchmark/data/new_experiments/blocks/dfs_timeout=60s__300steps__28042026/evaluation_results/results_blocksworld_combined_timeout60s.csv
dfs_timeout=60s__300steps__28042026,60,0.0,28042026,PO_ROSAME,unclean,4,5,100,0.0,1.0,0.0,benchmark/data/new_experiments/blocks/dfs_timeout=60s__300steps__28042026/evaluation_results/results_blocksworld_combined_timeout60s.csv
dfs_timeout=60s__300steps__28042026,60,0.0,28042026,PISAM,unclean,0,5,100,1.0,0.0,0.0,benchmark/data/new_experiments/blocks/dfs_timeout=60s__300steps__28042026/evaluation_results/results_blocksworld_combined_timeout60s.csv
dfs_timeout=60s__300steps__28042026,60,0.0,28042026,PO_ROSAME,unclean,0,5,100,0.0,1.0,0.0,benchmark/data/new_experiments/blocks/dfs_timeout=60s__300steps__28042026/evaluation_results/results_blocksworld_combined_timeout60s.csv
dfs_timeout=60s__300steps__28042026,60,0.0,28042026,PISAM,unclean,1,5,100,1.0,0.0,0.0,benchmark/data/new_experiments/blocks/dfs_timeout=60s__300steps__28042026/evaluation_results/results_blocksworld_combined_timeout60s.csv
dfs_timeout=60s__300steps__28042026,60,0.0,28042026,PO_ROSAME,unclean,1,5,100,0.0,0.0,1.0,benchmark/data/new_experiments/blocks/dfs_timeout=60s__300steps__28042026/evaluation_results/results_blocksworld_combined_timeout60s.csv
dfs_timeout=60s__300steps__28042026,60,0.0,28042026,PISAM,unclean,3,6,0,0.0,1.0,0.0,benchmark/data/new_experiments/blocks/dfs_timeout=60s__300steps__28042026/evaluation_results/results_blocksworld_combined_timeout60s.csv
dfs_timeout=60s__300steps__28042026,60,0.0,28042026,PO_ROSAME,unclean,3,6,0,0.0,0.0,1.0,benchmark/data/new_experiments/blocks/dfs_timeout=60s__300steps__28042026/evaluation_results/results_blocksworld_combined_timeout60s.csv
dfs_timeout=60s__300steps__28042026,60,0.0,28042026,PISAM,unclean,1,6,0,0.0,1.0,0.0,benchmark/data/new_experiments/blocks/dfs_timeout=60s__300steps__28042026/evaluation_results/results_blocksworld_combined_timeout60s.csv
dfs_timeout=60s__300steps__28042026,60,0.0,28042026,PO_ROSAME,unclean,1,6,0,0.0,0.0,1.0,benchmark/data/new_experiments/blocks/dfs_timeout=60s__300steps__28042026/evaluation_results/results_blocksworld_combined_timeout60s.csv
dfs_timeout=60s__300steps__28042026,60,0.0,28042026,PISAM,unclean,2,6,0,0.0,1.0,0.0,benchmark/data/new_experiments/blocks/dfs_timeout=60s__300steps__28042026/evaluation_results/results_blocksworld_combined_timeout60s.csv
dfs_timeout=60s__300steps__28042026,60,0.0,28042026,PO_ROSAME,unclean,2,6,0,0.0,0.0,1.0,benchmark/data/new_experiments/blocks/dfs_timeout=60s__300steps__28042026/evaluation_results/results_blocksworld_combined_timeout60s.csv
dfs_timeout=60s__300steps__28042026,60,0.0,28042026,PISAM,unclean,4,6,0,0.0,1.0,0.0,benchmark/data/new_experiments/blocks/dfs_timeout=60s__300steps__28042026/evaluation_results/results_blocksworld_combined_timeout60s.csv
dfs_timeout=60s__300steps__28042026,60,0.0,28042026,PO_ROSAME,unclean,4,6,0,0.0,0.0,1.0,benchmark/data/new_experiments/blocks/dfs_timeout=60s__300steps__28042026/evaluation_results/results_blocksworld_combined_timeout60s.csv
dfs_timeout=60s__300steps__28042026,60,0.0,28042026,PISAM,unclean,0,6,0,0.0,1.0,0.0,benchmark/data/new_experiments/blocks/dfs_timeout=60s__300steps__28042026/evaluation_results/results_blocksworld_combined_timeout60s.csv
dfs_timeout=60s__300steps__28042026,60,0.0,28042026,PO_ROSAME,unclean,0,6,0,0.0,0.0,1.0,benchmark/data/new_experiments/blocks/dfs_timeout=60s__300steps__28042026/evaluation_results/results_blocksworld_combined_timeout60s.csv
dfs_timeout=60s__300steps__28042026,60,0.0,28042026,PISAM,unclean,0,6,10,1.0,0.0,0.0,benchmark/data/new_experiments/blocks/dfs_timeout=60s__300steps__28042026/evaluation_results/results_blocksworld_combined_timeout60s.csv
dfs_timeout=60s__300steps__28042026,60,0.0,28042026,PO_ROSAME,unclean,0,6,10,1.0,0.0,0.0,benchmark/data/new_experiments/blocks/dfs_timeout=60s__300steps__28042026/evaluation_results/results_blocksworld_combined_timeout60s.csv
dfs_timeout=60s__300steps__28042026,60,0.0,28042026,PISAM,unclean,2,6,10,1.0,0.0,0.0,benchmark/data/new_experiments/blocks/dfs_timeout=60s__300steps__28042026/evaluation_results/results_blocksworld_combined_timeout60s.csv
dfs_timeout=60s__300steps__28042026,60,0.0,28042026,PO_ROSAME,unclean,2,6,10,1.0,0.0,0.0,benchmark/data/new_experiments/blocks/dfs_timeout=60s__300steps__28042026/evaluation_results/results_blocksworld_combined_timeout60s.csv
dfs_timeout=60s__300steps__28042026,60,0.0,28042026,PISAM,unclean,1,6,10,1.0,0.0,0.0,benchmark/data/new_experiments/blocks/dfs_timeout=60s__300steps__28042026/evaluation_results/results_blocksworld_combined_timeout60s.csv
dfs_timeout=60s__300steps__28042026,60,0.0,28042026,PO_ROSAME,unclean,1,6,10,1.0,0.0,0.0,benchmark/data/new_experiments/blocks/dfs_timeout=60s__300steps__28042026/evaluation_results/results_blocksworld_combined_timeout60s.csv
dfs_timeout=60s__300steps__28042026,60,0.0,28042026,PISAM,unclean,4,6,10,1.0,0.0,0.0,benchmark/data/new_experiments/blocks/dfs_timeout=60s__300steps__28042026/evaluation_results/results_blocksworld_combined_timeout60s.csv
dfs_timeout=60s__300steps__28042026,60,0.0,28042026,PO_ROSAME,unclean,4,6,10,1.0,0.0,0.0,benchmark/data/new_experiments/blocks/dfs_timeout=60s__300steps__28042026/evaluation_results/results_blocksworld_combined_timeout60s.csv
dfs_timeout=60s__300steps__28042026,60,0.0,28042026,PISAM,unclean,3,6,10,1.0,0.0,0.0,benchmark/data/new_experiments/blocks/dfs_timeout=60s__300steps__28042026/evaluation_results/results_blocksworld_combined_timeout60s.csv
dfs_timeout=60s__300steps__28042026,60,0.0,28042026,PO_ROSAME,unclean,3,6,10,1.0,0.0,0.0,benchmark/data/new_experiments/blocks/dfs_timeout=60s__300steps__28042026/evaluation_results/results_blocksworld_combined_timeout60s.csv
dfs_timeout=60s__300steps__28042026,60,0.0,28042026,PISAM,unclean,1,6,25,1.0,0.0,0.0,benchmark/data/new_experiments/blocks/dfs_timeout=60s__300steps__28042026/evaluation_results/results_blocksworld_combined_timeout60s.csv
dfs_timeout=60s__300steps__28042026,60,0.0,28042026,PO_ROSAME,unclean,1,6,25,1.0,0.0,0.0,benchmark/data/new_experiments/blocks/dfs_timeout=60s__300steps__28042026/evaluation_results/results_blocksworld_combined_timeout60s.csv
dfs_timeout=60s__300steps__28042026,60,0.0,28042026,PISAM,unclean,0,6,25,1.0,0.0,0.0,benchmark/data/new_experiments/blocks/dfs_timeout=60s__300steps__28042026/evaluation_results/results_blocksworld_combined_timeout60s.csv
dfs_timeout=60s__300steps__28042026,60,0.0,28042026,PO_ROSAME,unclean,0,6,25,1.0,0.0,0.0,benchmark/data/new_experiments/blocks/dfs_timeout=60s__300steps__28042026/evaluation_results/results_blocksworld_combined_timeout60s.csv
dfs_timeout=60s__300steps__28042026,60,0.0,28042026,PISAM,unclean,3,6,25,1.0,0.0,0.0,benchmark/data/new_experiments/blocks/dfs_timeout=60s__300steps__28042026/evaluation_results/results_blocksworld_combined_timeout60s.csv
dfs_timeout=60s__300steps__28042026,60,0.0,28042026,PO_ROSAME,unclean,3,6,25,1.0,0.0,0.0,benchmark/data/new_experiments/blocks/dfs_timeout=60s__300steps__28042026/evaluation_results/results_blocksworld_combined_timeout60s.csv
dfs_timeout=60s__300steps__28042026,60,0.0,28042026,PISAM,unclean,2,6,25,1.0,0.0,0.0,benchmark/data/new_experiments/blocks/dfs_timeout=60s__300steps__28042026/evaluation_results/results_blocksworld_combined_timeout60s.csv
dfs_timeout=60s__300steps__28042026,60,0.0,28042026,PO_ROSAME,unclean,2,6,25,1.0,0.0,0.0,benchmark/data/new_experiments/blocks/dfs_timeout=60s__300steps__28042026/evaluation_results/results_blocksworld_combined_timeout60s.csv
dfs_timeout=60s__300steps__28042026,60,0.0,28042026,PISAM,unclean,4,6,25,1.0,0.0,0.0,benchmark/data/new_experiments/blocks/dfs_timeout=60s__300steps__28042026/evaluation_results/results_blocksworld_combined_timeout60s.csv
dfs_timeout=60s__300steps__28042026,60,0.0,28042026,PO_ROSAME,unclean,4,6,25,1.0,0.0,0.0,benchmark/data/new_experiments/blocks/dfs_timeout=60s__300steps__28042026/evaluation_results/results_blocksworld_combined_timeout60s.csv
dfs_timeout=60s__300steps__28042026,60,0.0,28042026,PISAM,unclean,3,6,50,1.0,0.0,0.0,benchmark/data/new_experiments/blocks/dfs_timeout=60s__300steps__28042026/evaluation_results/results_blocksworld_combined_timeout60s.csv
dfs_timeout=60s__300steps__28042026,60,0.0,28042026,PO_ROSAME,unclean,3,6,50,1.0,0.0,0.0,benchmark/data/new_experiments/blocks/dfs_timeout=60s__300steps__28042026/evaluation_results/results_blocksworld_combined_timeout60s.csv
dfs_timeout=60s__300steps__28042026,60,0.0,28042026,PISAM,unclean,4,6,50,1.0,0.0,0.0,benchmark/data/new_experiments/blocks/dfs_timeout=60s__300steps__28042026/evaluation_results/results_blocksworld_combined_timeout60s.csv
dfs_timeout=60s__300steps__28042026,60,0.0,28042026,PO_ROSAME,unclean,4,6,50,1.0,0.0,0.0,benchmark/data/new_experiments/blocks/dfs_timeout=60s__300steps__28042026/evaluation_results/results_blocksworld_combined_timeout60s.csv
dfs_timeout=60s__300steps__28042026,60,0.0,28042026,PISAM,unclean,1,6,50,1.0,0.0,0.0,benchmark/data/new_experiments/blocks/dfs_timeout=60s__300steps__28042026/evaluation_results/results_blocksworld_combined_timeout60s.csv
dfs_timeout=60s__300steps__28042026,60,0.0,28042026,PO_ROSAME,unclean,1,6,50,1.0,0.0,0.0,benchmark/data/new_experiments/blocks/dfs_timeout=60s__300steps__28042026/evaluation_results/results_blocksworld_combined_timeout60s.csv
dfs_timeout=60s__300steps__28042026,60,0.0,28042026,PISAM,unclean,0,6,50,1.0,0.0,0.0,benchmark/data/new_experiments/blocks/dfs_timeout=60s__300steps__28042026/evaluation_results/results_blocksworld_combined_timeout60s.csv
dfs_timeout=60s__300steps__28042026,60,0.0,28042026,PO_ROSAME,unclean,0,6,50,1.0,0.0,0.0,benchmark/data/new_experiments/blocks/dfs_timeout=60s__300steps__28042026/evaluation_results/results_blocksworld_combined_timeout60s.csv
dfs_timeout=60s__300steps__28042026,60,0.0,28042026,PISAM,unclean,2,6,50,1.0,0.0,0.0,benchmark/data/new_experiments/blocks/dfs_timeout=60s__300steps__28042026/evaluation_results/results_blocksworld_combined_timeout60s.csv
dfs_timeout=60s__300steps__28042026,60,0.0,28042026,PO_ROSAME,unclean,2,6,50,1.0,0.0,0.0,benchmark/data/new_experiments/blocks/dfs_timeout=60s__300steps__28042026/evaluation_results/results_blocksworld_combined_timeout60s.csv
dfs_timeout=60s__300steps__28042026,60,0.0,28042026,PISAM,unclean,2,6,75,1.0,0.0,0.0,benchmark/data/new_experiments/blocks/dfs_timeout=60s__300steps__28042026/evaluation_results/results_blocksworld_combined_timeout60s.csv
dfs_timeout=60s__300steps__28042026,60,0.0,28042026,PO_ROSAME,unclean,2,6,75,1.0,0.0,0.0,benchmark/data/new_experiments/blocks/dfs_timeout=60s__300steps__28042026/evaluation_results/results_blocksworld_combined_timeout60s.csv
dfs_timeout=60s__300steps__28042026,60,0.0,28042026,PISAM,unclean,4,6,75,1.0,0.0,0.0,benchmark/data/new_experiments/blocks/dfs_timeout=60s__300steps__28042026/evaluation_results/results_blocksworld_combined_timeout60s.csv
dfs_timeout=60s__300steps__28042026,60,0.0,28042026,PO_ROSAME,unclean,4,6,75,1.0,0.0,0.0,benchmark/data/new_experiments/blocks/dfs_timeout=60s__300steps__28042026/evaluation_results/results_blocksworld_combined_timeout60s.csv
dfs_timeout=60s__300steps__28042026,60,0.0,28042026,PISAM,unclean,0,6,75,1.0,0.0,0.0,benchmark/data/new_experiments/blocks/dfs_timeout=60s__300steps__28042026/evaluation_results/results_blocksworld_combined_timeout60s.csv
dfs_timeout=60s__300steps__28042026,60,0.0,28042026,PO_ROSAME,unclean,0,6,75,1.0,0.0,0.0,benchmark/data/new_experiments/blocks/dfs_timeout=60s__300steps__28042026/evaluation_results/results_blocksworld_combined_timeout60s.csv
dfs_timeout=60s__300steps__28042026,60,0.0,28042026,PISAM,unclean,1,6,75,1.0,0.0,0.0,benchmark/data/new_experiments/blocks/dfs_timeout=60s__300steps__28042026/evaluation_results/results_blocksworld_combined_timeout60s.csv
dfs_timeout=60s__300steps__28042026,60,0.0,28042026,PO_ROSAME,unclean,1,6,75,1.0,0.0,0.0,benchmark/data/new_experiments/blocks/dfs_timeout=60s__300steps__28042026/evaluation_results/results_blocksworld_combined_timeout60s.csv
dfs_timeout=60s__300steps__28042026,60,0.0,28042026,PISAM,unclean,3,6,75,1.0,0.0,0.0,benchmark/data/new_experiments/blocks/dfs_timeout=60s__300steps__28042026/evaluation_results/results_blocksworld_combined_timeout60s.csv
dfs_timeout=60s__300steps__28042026,60,0.0,28042026,PO_ROSAME,unclean,3,6,75,0.5,0.0,0.5,benchmark/data/new_experiments/blocks/dfs_timeout=60s__300steps__28042026/evaluation_results/results_blocksworld_combined_timeout60s.csv
dfs_timeout=60s__300steps__28042026,60,0.0,28042026,PISAM,unclean,4,6,100,1.0,0.0,0.0,benchmark/data/new_experiments/blocks/dfs_timeout=60s__300steps__28042026/evaluation_results/results_blocksworld_combined_timeout60s.csv
dfs_timeout=60s__300steps__28042026,60,0.0,28042026,PO_ROSAME,unclean,4,6,100,1.0,0.0,0.0,benchmark/data/new_experiments/blocks/dfs_timeout=60s__300steps__28042026/evaluation_results/results_blocksworld_combined_timeout60s.csv
dfs_timeout=60s__300steps__28042026,60,0.0,28042026,PISAM,unclean,0,6,100,1.0,0.0,0.0,benchmark/data/new_experiments/blocks/dfs_timeout=60s__300steps__28042026/evaluation_results/results_blocksworld_combined_timeout60s.csv
dfs_timeout=60s__300steps__28042026,60,0.0,28042026,PO_ROSAME,unclean,0,6,100,1.0,0.0,0.0,benchmark/data/new_experiments/blocks/dfs_timeout=60s__300steps__28042026/evaluation_results/results_blocksworld_combined_timeout60s.csv
dfs_timeout=60s__300steps__28042026,60,0.0,28042026,PISAM,unclean,2,6,100,1.0,0.0,0.0,benchmark/data/new_experiments/blocks/dfs_timeout=60s__300steps__28042026/evaluation_results/results_blocksworld_combined_timeout60s.csv
dfs_timeout=60s__300steps__28042026,60,0.0,28042026,PO_ROSAME,unclean,2,6,100,1.0,0.0,0.0,benchmark/data/new_experiments/blocks/dfs_timeout=60s__300steps__28042026/evaluation_results/results_blocksworld_combined_timeout60s.csv
dfs_timeout=60s__300steps__28042026,60,0.0,28042026,PISAM,unclean,3,6,100,1.0,0.0,0.0,benchmark/data/new_experiments/blocks/dfs_timeout=60s__300steps__28042026/evaluation_results/results_blocksworld_combined_timeout60s.csv
dfs_timeout=60s__300steps__28042026,60,0.0,28042026,PO_ROSAME,unclean,3,6,100,1.0,0.0,0.0,benchmark/data/new_experiments/blocks/dfs_timeout=60s__300steps__28042026/evaluation_results/results_blocksworld_combined_timeout60s.csv
dfs_timeout=60s__300steps__28042026,60,0.0,28042026,PISAM,unclean,1,6,100,1.0,0.0,0.0,benchmark/data/new_experiments/blocks/dfs_timeout=60s__300steps__28042026/evaluation_results/results_blocksworld_combined_timeout60s.csv
dfs_timeout=60s__300steps__28042026,60,0.0,28042026,PO_ROSAME,unclean,1,6,100,1.0,0.0,0.0,benchmark/data/new_experiments/blocks/dfs_timeout=60s__300steps__28042026/evaluation_results/results_blocksworld_combined_timeout60s.csv
dfs_timeout=60s__300steps__28042026,60,0.0,28042026,PISAM,unclean,2,7,0,0.0,1.0,0.0,benchmark/data/new_experiments/blocks/dfs_timeout=60s__300steps__28042026/evaluation_results/results_blocksworld_combined_timeout60s.csv
dfs_timeout=60s__300steps__28042026,60,0.0,28042026,PO_ROSAME,unclean,2,7,0,0.0,0.0,1.0,benchmark/data/new_experiments/blocks/dfs_timeout=60s__300steps__28042026/evaluation_results/results_blocksworld_combined_timeout60s.csv
dfs_timeout=60s__300steps__28042026,60,0.0,28042026,PISAM,unclean,4,7,0,0.0,1.0,0.0,benchmark/data/new_experiments/blocks/dfs_timeout=60s__300steps__28042026/evaluation_results/results_blocksworld_combined_timeout60s.csv
dfs_timeout=60s__300steps__28042026,60,0.0,28042026,PO_ROSAME,unclean,4,7,0,0.5,0.0,0.5,benchmark/data/new_experiments/blocks/dfs_timeout=60s__300steps__28042026/evaluation_results/results_blocksworld_combined_timeout60s.csv
dfs_timeout=60s__300steps__28042026,60,0.0,28042026,PISAM,unclean,0,7,0,0.0,1.0,0.0,benchmark/data/new_experiments/blocks/dfs_timeout=60s__300steps__28042026/evaluation_results/results_blocksworld_combined_timeout60s.csv
dfs_timeout=60s__300steps__28042026,60,0.0,28042026,PO_ROSAME,unclean,0,7,0,0.0,1.0,0.0,benchmark/data/new_experiments/blocks/dfs_timeout=60s__300steps__28042026/evaluation_results/results_blocksworld_combined_timeout60s.csv
dfs_timeout=60s__300steps__28042026,60,0.0,28042026,PISAM,unclean,3,7,0,0.0,1.0,0.0,benchmark/data/new_experiments/blocks/dfs_timeout=60s__300steps__28042026/evaluation_results/results_blocksworld_combined_timeout60s.csv
dfs_timeout=60s__300steps__28042026,60,0.0,28042026,PO_ROSAME,unclean,3,7,0,0.0,0.0,1.0,benchmark/data/new_experiments/blocks/dfs_timeout=60s__300steps__28042026/evaluation_results/results_blocksworld_combined_timeout60s.csv
dfs_timeout=60s__300steps__28042026,60,0.0,28042026,PISAM,unclean,1,7,0,0.0,1.0,0.0,benchmark/data/new_experiments/blocks/dfs_timeout=60s__300steps__28042026/evaluation_results/results_blocksworld_combined_timeout60s.csv
dfs_timeout=60s__300steps__28042026,60,0.0,28042026,PO_ROSAME,unclean,1,7,0,0.0,0.0,1.0,benchmark/data/new_experiments/blocks/dfs_timeout=60s__300steps__28042026/evaluation_results/results_blocksworld_combined_timeout60s.csv
dfs_timeout=60s__300steps__28042026,60,0.0,28042026,PISAM,unclean,2,7,10,1.0,0.0,0.0,benchmark/data/new_experiments/blocks/dfs_timeout=60s__300steps__28042026/evaluation_results/results_blocksworld_combined_timeout60s.csv
dfs_timeout=60s__300steps__28042026,60,0.0,28042026,PO_ROSAME,unclean,2,7,10,1.0,0.0,0.0,benchmark/data/new_experiments/blocks/dfs_timeout=60s__300steps__28042026/evaluation_results/results_blocksworld_combined_timeout60s.csv
dfs_timeout=60s__300steps__28042026,60,0.0,28042026,PISAM,unclean,0,7,10,1.0,0.0,0.0,benchmark/data/new_experiments/blocks/dfs_timeout=60s__300steps__28042026/evaluation_results/results_blocksworld_combined_timeout60s.csv
dfs_timeout=60s__300steps__28042026,60,0.0,28042026,PO_ROSAME,unclean,0,7,10,1.0,0.0,0.0,benchmark/data/new_experiments/blocks/dfs_timeout=60s__300steps__28042026/evaluation_results/results_blocksworld_combined_timeout60s.csv
dfs_timeout=60s__300steps__28042026,60,0.0,28042026,PISAM,unclean,4,7,10,1.0,0.0,0.0,benchmark/data/new_experiments/blocks/dfs_timeout=60s__300steps__28042026/evaluation_results/results_blocksworld_combined_timeout60s.csv
dfs_timeout=60s__300steps__28042026,60,0.0,28042026,PO_ROSAME,unclean,4,7,10,1.0,0.0,0.0,benchmark/data/new_experiments/blocks/dfs_timeout=60s__300steps__28042026/evaluation_results/results_blocksworld_combined_timeout60s.csv
dfs_timeout=60s__300steps__28042026,60,0.0,28042026,PISAM,unclean,3,7,10,1.0,0.0,0.0,benchmark/data/new_experiments/blocks/dfs_timeout=60s__300steps__28042026/evaluation_results/results_blocksworld_combined_timeout60s.csv
dfs_timeout=60s__300steps__28042026,60,0.0,28042026,PO_ROSAME,unclean,3,7,10,1.0,0.0,0.0,benchmark/data/new_experiments/blocks/dfs_timeout=60s__300steps__28042026/evaluation_results/results_blocksworld_combined_timeout60s.csv
dfs_timeout=60s__300steps__28042026,60,0.0,28042026,PISAM,unclean,1,7,10,1.0,0.0,0.0,benchmark/data/new_experiments/blocks/dfs_timeout=60s__300steps__28042026/evaluation_results/results_blocksworld_combined_timeout60s.csv
dfs_timeout=60s__300steps__28042026,60,0.0,28042026,PO_ROSAME,unclean,1,7,10,1.0,0.0,0.0,benchmark/data/new_experiments/blocks/dfs_timeout=60s__300steps__28042026/evaluation_results/results_blocksworld_combined_timeout60s.csv
dfs_timeout=60s__300steps__28042026,60,0.0,28042026,PISAM,unclean,4,7,25,1.0,0.0,0.0,benchmark/data/new_experiments/blocks/dfs_timeout=60s__300steps__28042026/evaluation_results/results_blocksworld_combined_timeout60s.csv
dfs_timeout=60s__300steps__28042026,60,0.0,28042026,PO_ROSAME,unclean,4,7,25,1.0,0.0,0.0,benchmark/data/new_experiments/blocks/dfs_timeout=60s__300steps__28042026/evaluation_results/results_blocksworld_combined_timeout60s.csv
dfs_timeout=60s__300steps__28042026,60,0.0,28042026,PISAM,unclean,2,7,25,1.0,0.0,0.0,benchmark/data/new_experiments/blocks/dfs_timeout=60s__300steps__28042026/evaluation_results/results_blocksworld_combined_timeout60s.csv
dfs_timeout=60s__300steps__28042026,60,0.0,28042026,PO_ROSAME,unclean,2,7,25,0.0,0.0,1.0,benchmark/data/new_experiments/blocks/dfs_timeout=60s__300steps__28042026/evaluation_results/results_blocksworld_combined_timeout60s.csv
dfs_timeout=60s__300steps__28042026,60,0.0,28042026,PISAM,unclean,0,7,25,1.0,0.0,0.0,benchmark/data/new_experiments/blocks/dfs_timeout=60s__300steps__28042026/evaluation_results/results_blocksworld_combined_timeout60s.csv
dfs_timeout=60s__300steps__28042026,60,0.0,28042026,PO_ROSAME,unclean,0,7,25,1.0,0.0,0.0,benchmark/data/new_experiments/blocks/dfs_timeout=60s__300steps__28042026/evaluation_results/results_blocksworld_combined_timeout60s.csv
dfs_timeout=60s__300steps__28042026,60,0.0,28042026,PISAM,unclean,3,7,25,1.0,0.0,0.0,benchmark/data/new_experiments/blocks/dfs_timeout=60s__300steps__28042026/evaluation_results/results_blocksworld_combined_timeout60s.csv
dfs_timeout=60s__300steps__28042026,60,0.0,28042026,PO_ROSAME,unclean,3,7,25,1.0,0.0,0.0,benchmark/data/new_experiments/blocks/dfs_timeout=60s__300steps__28042026/evaluation_results/results_blocksworld_combined_timeout60s.csv
dfs_timeout=60s__300steps__28042026,60,0.0,28042026,PISAM,unclean,1,7,25,1.0,0.0,0.0,benchmark/data/new_experiments/blocks/dfs_timeout=60s__300steps__28042026/evaluation_results/results_blocksworld_combined_timeout60s.csv
dfs_timeout=60s__300steps__28042026,60,0.0,28042026,PO_ROSAME,unclean,1,7,25,1.0,0.0,0.0,benchmark/data/new_experiments/blocks/dfs_timeout=60s__300steps__28042026/evaluation_results/results_blocksworld_combined_timeout60s.csv
dfs_timeout=60s__300steps__28042026,60,0.0,28042026,PISAM,unclean,2,7,50,1.0,0.0,0.0,benchmark/data/new_experiments/blocks/dfs_timeout=60s__300steps__28042026/evaluation_results/results_blocksworld_combined_timeout60s.csv
dfs_timeout=60s__300steps__28042026,60,0.0,28042026,PO_ROSAME,unclean,2,7,50,0.0,0.0,1.0,benchmark/data/new_experiments/blocks/dfs_timeout=60s__300steps__28042026/evaluation_results/results_blocksworld_combined_timeout60s.csv
dfs_timeout=60s__300steps__28042026,60,0.0,28042026,PISAM,unclean,0,7,50,1.0,0.0,0.0,benchmark/data/new_experiments/blocks/dfs_timeout=60s__300steps__28042026/evaluation_results/results_blocksworld_combined_timeout60s.csv
dfs_timeout=60s__300steps__28042026,60,0.0,28042026,PO_ROSAME,unclean,0,7,50,1.0,0.0,0.0,benchmark/data/new_experiments/blocks/dfs_timeout=60s__300steps__28042026/evaluation_results/results_blocksworld_combined_timeout60s.csv
dfs_timeout=60s__300steps__28042026,60,0.0,28042026,PISAM,unclean,4,7,50,1.0,0.0,0.0,benchmark/data/new_experiments/blocks/dfs_timeout=60s__300steps__28042026/evaluation_results/results_blocksworld_combined_timeout60s.csv
dfs_timeout=60s__300steps__28042026,60,0.0,28042026,PO_ROSAME,unclean,4,7,50,1.0,0.0,0.0,benchmark/data/new_experiments/blocks/dfs_timeout=60s__300steps__28042026/evaluation_results/results_blocksworld_combined_timeout60s.csv
dfs_timeout=60s__300steps__28042026,60,0.0,28042026,PISAM,unclean,3,7,50,1.0,0.0,0.0,benchmark/data/new_experiments/blocks/dfs_timeout=60s__300steps__28042026/evaluation_results/results_blocksworld_combined_timeout60s.csv
dfs_timeout=60s__300steps__28042026,60,0.0,28042026,PO_ROSAME,unclean,3,7,50,1.0,0.0,0.0,benchmark/data/new_experiments/blocks/dfs_timeout=60s__300steps__28042026/evaluation_results/results_blocksworld_combined_timeout60s.csv
dfs_timeout=60s__300steps__28042026,60,0.0,28042026,PISAM,unclean,1,7,50,1.0,0.0,0.0,benchmark/data/new_experiments/blocks/dfs_timeout=60s__300steps__28042026/evaluation_results/results_blocksworld_combined_timeout60s.csv
dfs_timeout=60s__300steps__28042026,60,0.0,28042026,PO_ROSAME,unclean,1,7,50,1.0,0.0,0.0,benchmark/data/new_experiments/blocks/dfs_timeout=60s__300steps__28042026/evaluation_results/results_blocksworld_combined_timeout60s.csv
dfs_timeout=60s__300steps__28042026,60,0.0,28042026,PISAM,unclean,3,7,75,1.0,0.0,0.0,benchmark/data/new_experiments/blocks/dfs_timeout=60s__300steps__28042026/evaluation_results/results_blocksworld_combined_timeout60s.csv
dfs_timeout=60s__300steps__28042026,60,0.0,28042026,PO_ROSAME,unclean,3,7,75,1.0,0.0,0.0,benchmark/data/new_experiments/blocks/dfs_timeout=60s__300steps__28042026/evaluation_results/results_blocksworld_combined_timeout60s.csv
dfs_timeout=60s__300steps__28042026,60,0.0,28042026,PISAM,unclean,2,7,75,1.0,0.0,0.0,benchmark/data/new_experiments/blocks/dfs_timeout=60s__300steps__28042026/evaluation_results/results_blocksworld_combined_timeout60s.csv
dfs_timeout=60s__300steps__28042026,60,0.0,28042026,PO_ROSAME,unclean,2,7,75,0.0,0.0,1.0,benchmark/data/new_experiments/blocks/dfs_timeout=60s__300steps__28042026/evaluation_results/results_blocksworld_combined_timeout60s.csv
dfs_timeout=60s__300steps__28042026,60,0.0,28042026,PISAM,unclean,0,7,75,1.0,0.0,0.0,benchmark/data/new_experiments/blocks/dfs_timeout=60s__300steps__28042026/evaluation_results/results_blocksworld_combined_timeout60s.csv
dfs_timeout=60s__300steps__28042026,60,0.0,28042026,PO_ROSAME,unclean,0,7,75,1.0,0.0,0.0,benchmark/data/new_experiments/blocks/dfs_timeout=60s__300steps__28042026/evaluation_results/results_blocksworld_combined_timeout60s.csv
dfs_timeout=60s__300steps__28042026,60,0.0,28042026,PISAM,unclean,4,7,75,1.0,0.0,0.0,benchmark/data/new_experiments/blocks/dfs_timeout=60s__300steps__28042026/evaluation_results/results_blocksworld_combined_timeout60s.csv
dfs_timeout=60s__300steps__28042026,60,0.0,28042026,PO_ROSAME,unclean,4,7,75,1.0,0.0,0.0,benchmark/data/new_experiments/blocks/dfs_timeout=60s__300steps__28042026/evaluation_results/results_blocksworld_combined_timeout60s.csv
dfs_timeout=60s__300steps__28042026,60,0.0,28042026,PISAM,unclean,1,7,75,1.0,0.0,0.0,benchmark/data/new_experiments/blocks/dfs_timeout=60s__300steps__28042026/evaluation_results/results_blocksworld_combined_timeout60s.csv
dfs_timeout=60s__300steps__28042026,60,0.0,28042026,PO_ROSAME,unclean,1,7,75,1.0,0.0,0.0,benchmark/data/new_experiments/blocks/dfs_timeout=60s__300steps__28042026/evaluation_results/results_blocksworld_combined_timeout60s.csv
dfs_timeout=60s__300steps__28042026,60,0.0,28042026,PISAM,unclean,4,7,100,1.0,0.0,0.0,benchmark/data/new_experiments/blocks/dfs_timeout=60s__300steps__28042026/evaluation_results/results_blocksworld_combined_timeout60s.csv
dfs_timeout=60s__300steps__28042026,60,0.0,28042026,PO_ROSAME,unclean,4,7,100,1.0,0.0,0.0,benchmark/data/new_experiments/blocks/dfs_timeout=60s__300steps__28042026/evaluation_results/results_blocksworld_combined_timeout60s.csv
dfs_timeout=60s__300steps__28042026,60,0.0,28042026,PISAM,unclean,0,7,100,1.0,0.0,0.0,benchmark/data/new_experiments/blocks/dfs_timeout=60s__300steps__28042026/evaluation_results/results_blocksworld_combined_timeout60s.csv
dfs_timeout=60s__300steps__28042026,60,0.0,28042026,PO_ROSAME,unclean,0,7,100,1.0,0.0,0.0,benchmark/data/new_experiments/blocks/dfs_timeout=60s__300steps__28042026/evaluation_results/results_blocksworld_combined_timeout60s.csv
dfs_timeout=60s__300steps__28042026,60,0.0,28042026,PISAM,unclean,2,7,100,1.0,0.0,0.0,benchmark/data/new_experiments/blocks/dfs_timeout=60s__300steps__28042026/evaluation_results/results_blocksworld_combined_timeout60s.csv
dfs_timeout=60s__300steps__28042026,60,0.0,28042026,PO_ROSAME,unclean,2,7,100,0.0,0.0,1.0,benchmark/data/new_experiments/blocks/dfs_timeout=60s__300steps__28042026/evaluation_results/results_blocksworld_combined_timeout60s.csv
dfs_timeout=60s__300steps__28042026,60,0.0,28042026,PISAM,unclean,3,7,100,1.0,0.0,0.0,benchmark/data/new_experiments/blocks/dfs_timeout=60s__300steps__28042026/evaluation_results/results_blocksworld_combined_timeout60s.csv
dfs_timeout=60s__300steps__28042026,60,0.0,28042026,PO_ROSAME,unclean,3,7,100,1.0,0.0,0.0,benchmark/data/new_experiments/blocks/dfs_timeout=60s__300steps__28042026/evaluation_results/results_blocksworld_combined_timeout60s.csv
dfs_timeout=60s__300steps__28042026,60,0.0,28042026,PISAM,unclean,1,7,100,1.0,0.0,0.0,benchmark/data/new_experiments/blocks/dfs_timeout=60s__300steps__28042026/evaluation_results/results_blocksworld_combined_timeout60s.csv
dfs_timeout=60s__300steps__28042026,60,0.0,28042026,PO_ROSAME,unclean,1,7,100,1.0,0.0,0.0,benchmark/data/new_experiments/blocks/dfs_timeout=60s__300steps__28042026/evaluation_results/results_blocksworld_combined_timeout60s.csv
dfs_timeout=60s__300steps__28042026,60,0.0,28042026,PISAM,unclean,1,8,0,0.0,1.0,0.0,benchmark/data/new_experiments/blocks/dfs_timeout=60s__300steps__28042026/evaluation_results/results_blocksworld_combined_timeout60s.csv
dfs_timeout=60s__300steps__28042026,60,0.0,28042026,PO_ROSAME,unclean,1,8,0,0.0,0.0,1.0,benchmark/data/new_experiments/blocks/dfs_timeout=60s__300steps__28042026/evaluation_results/results_blocksworld_combined_timeout60s.csv
dfs_timeout=60s__300steps__28042026,60,0.0,28042026,PISAM,unclean,0,8,0,0.0,1.0,0.0,benchmark/data/new_experiments/blocks/dfs_timeout=60s__300steps__28042026/evaluation_results/results_blocksworld_combined_timeout60s.csv
dfs_timeout=60s__300steps__28042026,60,0.0,28042026,PO_ROSAME,unclean,0,8,0,0.0,1.0,0.0,benchmark/data/new_experiments/blocks/dfs_timeout=60s__300steps__28042026/evaluation_results/results_blocksworld_combined_timeout60s.csv
dfs_timeout=60s__300steps__28042026,60,0.0,28042026,PISAM,unclean,2,8,0,0.0,1.0,0.0,benchmark/data/new_experiments/blocks/dfs_timeout=60s__300steps__28042026/evaluation_results/results_blocksworld_combined_timeout60s.csv
dfs_timeout=60s__300steps__28042026,60,0.0,28042026,PO_ROSAME,unclean,2,8,0,0.0,1.0,0.0,benchmark/data/new_experiments/blocks/dfs_timeout=60s__300steps__28042026/evaluation_results/results_blocksworld_combined_timeout60s.csv
dfs_timeout=60s__300steps__28042026,60,0.0,28042026,PISAM,unclean,4,8,0,0.0,1.0,0.0,benchmark/data/new_experiments/blocks/dfs_timeout=60s__300steps__28042026/evaluation_results/results_blocksworld_combined_timeout60s.csv
dfs_timeout=60s__300steps__28042026,60,0.0,28042026,PO_ROSAME,unclean,4,8,0,0.0,0.0,0.0,benchmark/data/new_experiments/blocks/dfs_timeout=60s__300steps__28042026/evaluation_results/results_blocksworld_combined_timeout60s.csv
dfs_timeout=60s__300steps__28042026,60,0.0,28042026,PISAM,unclean,3,8,0,0.0,1.0,0.0,benchmark/data/new_experiments/blocks/dfs_timeout=60s__300steps__28042026/evaluation_results/results_blocksworld_combined_timeout60s.csv
dfs_timeout=60s__300steps__28042026,60,0.0,28042026,PO_ROSAME,unclean,3,8,0,0.0,0.0,0.0,benchmark/data/new_experiments/blocks/dfs_timeout=60s__300steps__28042026/evaluation_results/results_blocksworld_combined_timeout60s.csv
dfs_timeout=60s__300steps__28042026,60,0.0,28042026,PISAM,unclean,1,8,10,1.0,0.0,0.0,benchmark/data/new_experiments/blocks/dfs_timeout=60s__300steps__28042026/evaluation_results/results_blocksworld_combined_timeout60s.csv
dfs_timeout=60s__300steps__28042026,60,0.0,28042026,PO_ROSAME,unclean,1,8,10,1.0,0.0,0.0,benchmark/data/new_experiments/blocks/dfs_timeout=60s__300steps__28042026/evaluation_results/results_blocksworld_combined_timeout60s.csv
dfs_timeout=60s__300steps__28042026,60,0.0,28042026,PISAM,unclean,0,8,10,1.0,0.0,0.0,benchmark/data/new_experiments/blocks/dfs_timeout=60s__300steps__28042026/evaluation_results/results_blocksworld_combined_timeout60s.csv
dfs_timeout=60s__300steps__28042026,60,0.0,28042026,PO_ROSAME,unclean,0,8,10,1.0,0.0,0.0,benchmark/data/new_experiments/blocks/dfs_timeout=60s__300steps__28042026/evaluation_results/results_blocksworld_combined_timeout60s.csv
dfs_timeout=60s__300steps__28042026,60,0.0,28042026,PISAM,unclean,2,8,10,1.0,0.0,0.0,benchmark/data/new_experiments/blocks/dfs_timeout=60s__300steps__28042026/evaluation_results/results_blocksworld_combined_timeout60s.csv
dfs_timeout=60s__300steps__28042026,60,0.0,28042026,PO_ROSAME,unclean,2,8,10,0.0,0.0,1.0,benchmark/data/new_experiments/blocks/dfs_timeout=60s__300steps__28042026/evaluation_results/results_blocksworld_combined_timeout60s.csv
dfs_timeout=60s__300steps__28042026,60,0.0,28042026,PISAM,unclean,3,8,10,1.0,0.0,0.0,benchmark/data/new_experiments/blocks/dfs_timeout=60s__300steps__28042026/evaluation_results/results_blocksworld_combined_timeout60s.csv
dfs_timeout=60s__300steps__28042026,60,0.0,28042026,PO_ROSAME,unclean,3,8,10,0.0,1.0,0.0,benchmark/data/new_experiments/blocks/dfs_timeout=60s__300steps__28042026/evaluation_results/results_blocksworld_combined_timeout60s.csv
dfs_timeout=60s__300steps__28042026,60,0.0,28042026,PISAM,unclean,4,8,10,1.0,0.0,0.0,benchmark/data/new_experiments/blocks/dfs_timeout=60s__300steps__28042026/evaluation_results/results_blocksworld_combined_timeout60s.csv
dfs_timeout=60s__300steps__28042026,60,0.0,28042026,PO_ROSAME,unclean,4,8,10,0.0,0.0,0.0,benchmark/data/new_experiments/blocks/dfs_timeout=60s__300steps__28042026/evaluation_results/results_blocksworld_combined_timeout60s.csv
dfs_timeout=60s__300steps__28042026,60,0.0,28042026,PISAM,unclean,4,8,25,1.0,0.0,0.0,benchmark/data/new_experiments/blocks/dfs_timeout=60s__300steps__28042026/evaluation_results/results_blocksworld_combined_timeout60s.csv
dfs_timeout=60s__300steps__28042026,60,0.0,28042026,PO_ROSAME,unclean,4,8,25,0.0,0.0,0.0,benchmark/data/new_experiments/blocks/dfs_timeout=60s__300steps__28042026/evaluation_results/results_blocksworld_combined_timeout60s.csv
dfs_timeout=60s__300steps__28042026,60,0.0,28042026,PISAM,unclean,3,8,25,1.0,0.0,0.0,benchmark/data/new_experiments/blocks/dfs_timeout=60s__300steps__28042026/evaluation_results/results_blocksworld_combined_timeout60s.csv
dfs_timeout=60s__300steps__28042026,60,0.0,28042026,PO_ROSAME,unclean,3,8,25,0.0,0.0,0.0,benchmark/data/new_experiments/blocks/dfs_timeout=60s__300steps__28042026/evaluation_results/results_blocksworld_combined_timeout60s.csv
dfs_timeout=60s__300steps__28042026,60,0.0,28042026,PISAM,unclean,1,8,25,1.0,0.0,0.0,benchmark/data/new_experiments/blocks/dfs_timeout=60s__300steps__28042026/evaluation_results/results_blocksworld_combined_timeout60s.csv
dfs_timeout=60s__300steps__28042026,60,0.0,28042026,PO_ROSAME,unclean,1,8,25,1.0,0.0,0.0,benchmark/data/new_experiments/blocks/dfs_timeout=60s__300steps__28042026/evaluation_results/results_blocksworld_combined_timeout60s.csv
dfs_timeout=60s__300steps__28042026,60,0.0,28042026,PISAM,unclean,2,8,25,1.0,0.0,0.0,benchmark/data/new_experiments/blocks/dfs_timeout=60s__300steps__28042026/evaluation_results/results_blocksworld_combined_timeout60s.csv
dfs_timeout=60s__300steps__28042026,60,0.0,28042026,PO_ROSAME,unclean,2,8,25,0.0,0.0,0.0,benchmark/data/new_experiments/blocks/dfs_timeout=60s__300steps__28042026/evaluation_results/results_blocksworld_combined_timeout60s.csv
dfs_timeout=60s__300steps__28042026,60,0.0,28042026,PISAM,unclean,0,8,25,1.0,0.0,0.0,benchmark/data/new_experiments/blocks/dfs_timeout=60s__300steps__28042026/evaluation_results/results_blocksworld_combined_timeout60s.csv
dfs_timeout=60s__300steps__28042026,60,0.0,28042026,PO_ROSAME,unclean,0,8,25,1.0,0.0,0.0,benchmark/data/new_experiments/blocks/dfs_timeout=60s__300steps__28042026/evaluation_results/results_blocksworld_combined_timeout60s.csv
dfs_timeout=60s__300steps__28042026,60,0.0,28042026,PISAM,unclean,3,8,50,1.0,0.0,0.0,benchmark/data/new_experiments/blocks/dfs_timeout=60s__300steps__28042026/evaluation_results/results_blocksworld_combined_timeout60s.csv
dfs_timeout=60s__300steps__28042026,60,0.0,28042026,PO_ROSAME,unclean,3,8,50,0.0,0.0,0.0,benchmark/data/new_experiments/blocks/dfs_timeout=60s__300steps__28042026/evaluation_results/results_blocksworld_combined_timeout60s.csv
dfs_timeout=60s__300steps__28042026,60,0.0,28042026,PISAM,unclean,0,8,50,1.0,0.0,0.0,benchmark/data/new_experiments/blocks/dfs_timeout=60s__300steps__28042026/evaluation_results/results_blocksworld_combined_timeout60s.csv
dfs_timeout=60s__300steps__28042026,60,0.0,28042026,PO_ROSAME,unclean,0,8,50,1.0,0.0,0.0,benchmark/data/new_experiments/blocks/dfs_timeout=60s__300steps__28042026/evaluation_results/results_blocksworld_combined_timeout60s.csv
dfs_timeout=60s__300steps__28042026,60,0.0,28042026,PISAM,unclean,1,8,50,1.0,0.0,0.0,benchmark/data/new_experiments/blocks/dfs_timeout=60s__300steps__28042026/evaluation_results/results_blocksworld_combined_timeout60s.csv
dfs_timeout=60s__300steps__28042026,60,0.0,28042026,PO_ROSAME,unclean,1,8,50,1.0,0.0,0.0,benchmark/data/new_experiments/blocks/dfs_timeout=60s__300steps__28042026/evaluation_results/results_blocksworld_combined_timeout60s.csv
dfs_timeout=60s__300steps__28042026,60,0.0,28042026,PISAM,unclean,4,8,50,1.0,0.0,0.0,benchmark/data/new_experiments/blocks/dfs_timeout=60s__300steps__28042026/evaluation_results/results_blocksworld_combined_timeout60s.csv
dfs_timeout=60s__300steps__28042026,60,0.0,28042026,PO_ROSAME,unclean,4,8,50,0.0,0.0,0.0,benchmark/data/new_experiments/blocks/dfs_timeout=60s__300steps__28042026/evaluation_results/results_blocksworld_combined_timeout60s.csv
dfs_timeout=60s__300steps__28042026,60,0.0,28042026,PISAM,unclean,2,8,50,1.0,0.0,0.0,benchmark/data/new_experiments/blocks/dfs_timeout=60s__300steps__28042026/evaluation_results/results_blocksworld_combined_timeout60s.csv
dfs_timeout=60s__300steps__28042026,60,0.0,28042026,PO_ROSAME,unclean,2,8,50,0.0,0.0,1.0,benchmark/data/new_experiments/blocks/dfs_timeout=60s__300steps__28042026/evaluation_results/results_blocksworld_combined_timeout60s.csv
dfs_timeout=60s__300steps__28042026,60,0.0,28042026,PISAM,unclean,0,8,75,1.0,0.0,0.0,benchmark/data/new_experiments/blocks/dfs_timeout=60s__300steps__28042026/evaluation_results/results_blocksworld_combined_timeout60s.csv
dfs_timeout=60s__300steps__28042026,60,0.0,28042026,PO_ROSAME,unclean,0,8,75,1.0,0.0,0.0,benchmark/data/new_experiments/blocks/dfs_timeout=60s__300steps__28042026/evaluation_results/results_blocksworld_combined_timeout60s.csv
dfs_timeout=60s__300steps__28042026,60,0.0,28042026,PISAM,unclean,1,8,75,1.0,0.0,0.0,benchmark/data/new_experiments/blocks/dfs_timeout=60s__300steps__28042026/evaluation_results/results_blocksworld_combined_timeout60s.csv
dfs_timeout=60s__300steps__28042026,60,0.0,28042026,PO_ROSAME,unclean,1,8,75,1.0,0.0,0.0,benchmark/data/new_experiments/blocks/dfs_timeout=60s__300steps__28042026/evaluation_results/results_blocksworld_combined_timeout60s.csv
dfs_timeout=60s__300steps__28042026,60,0.0,28042026,PISAM,unclean,3,8,75,1.0,0.0,0.0,benchmark/data/new_experiments/blocks/dfs_timeout=60s__300steps__28042026/evaluation_results/results_blocksworld_combined_timeout60s.csv
dfs_timeout=60s__300steps__28042026,60,0.0,28042026,PO_ROSAME,unclean,3,8,75,0.5,0.0,0.5,benchmark/data/new_experiments/blocks/dfs_timeout=60s__300steps__28042026/evaluation_results/results_blocksworld_combined_timeout60s.csv
dfs_timeout=60s__300steps__28042026,60,0.0,28042026,PISAM,unclean,2,8,75,1.0,0.0,0.0,benchmark/data/new_experiments/blocks/dfs_timeout=60s__300steps__28042026/evaluation_results/results_blocksworld_combined_timeout60s.csv
dfs_timeout=60s__300steps__28042026,60,0.0,28042026,PO_ROSAME,unclean,2,8,75,0.0,0.0,1.0,benchmark/data/new_experiments/blocks/dfs_timeout=60s__300steps__28042026/evaluation_results/results_blocksworld_combined_timeout60s.csv
dfs_timeout=60s__300steps__28042026,60,0.0,28042026,PISAM,unclean,4,8,75,1.0,0.0,0.0,benchmark/data/new_experiments/blocks/dfs_timeout=60s__300steps__28042026/evaluation_results/results_blocksworld_combined_timeout60s.csv
dfs_timeout=60s__300steps__28042026,60,0.0,28042026,PO_ROSAME,unclean,4,8,75,0.0,1.0,0.0,benchmark/data/new_experiments/blocks/dfs_timeout=60s__300steps__28042026/evaluation_results/results_blocksworld_combined_timeout60s.csv
dfs_timeout=60s__300steps__28042026,60,0.0,28042026,PISAM,unclean,0,8,100,1.0,0.0,0.0,benchmark/data/new_experiments/blocks/dfs_timeout=60s__300steps__28042026/evaluation_results/results_blocksworld_combined_timeout60s.csv
dfs_timeout=60s__300steps__28042026,60,0.0,28042026,PO_ROSAME,unclean,0,8,100,1.0,0.0,0.0,benchmark/data/new_experiments/blocks/dfs_timeout=60s__300steps__28042026/evaluation_results/results_blocksworld_combined_timeout60s.csv
dfs_timeout=60s__300steps__28042026,60,0.0,28042026,PISAM,unclean,3,8,100,1.0,0.0,0.0,benchmark/data/new_experiments/blocks/dfs_timeout=60s__300steps__28042026/evaluation_results/results_blocksworld_combined_timeout60s.csv
dfs_timeout=60s__300steps__28042026,60,0.0,28042026,PO_ROSAME,unclean,3,8,100,0.0,1.0,0.0,benchmark/data/new_experiments/blocks/dfs_timeout=60s__300steps__28042026/evaluation_results/results_blocksworld_combined_timeout60s.csv
dfs_timeout=60s__300steps__28042026,60,0.0,28042026,PISAM,unclean,4,8,100,1.0,0.0,0.0,benchmark/data/new_experiments/blocks/dfs_timeout=60s__300steps__28042026/evaluation_results/results_blocksworld_combined_timeout60s.csv
dfs_timeout=60s__300steps__28042026,60,0.0,28042026,PO_ROSAME,unclean,4,8,100,0.0,1.0,0.0,benchmark/data/new_experiments/blocks/dfs_timeout=60s__300steps__28042026/evaluation_results/results_blocksworld_combined_timeout60s.csv
dfs_timeout=60s__300steps__28042026,60,0.0,28042026,PISAM,unclean,2,8,100,1.0,0.0,0.0,benchmark/data/new_experiments/blocks/dfs_timeout=60s__300steps__28042026/evaluation_results/results_blocksworld_combined_timeout60s.csv
dfs_timeout=60s__300steps__28042026,60,0.0,28042026,PO_ROSAME,unclean,2,8,100,0.0,0.0,0.0,benchmark/data/new_experiments/blocks/dfs_timeout=60s__300steps__28042026/evaluation_results/results_blocksworld_combined_timeout60s.csv
dfs_timeout=60s__300steps__28042026,60,0.0,28042026,PISAM,unclean,1,8,100,1.0,0.0,0.0,benchmark/data/new_experiments/blocks/dfs_timeout=60s__300steps__28042026/evaluation_results/results_blocksworld_combined_timeout60s.csv
dfs_timeout=60s__300steps__28042026,60,0.0,28042026,PO_ROSAME,unclean,1,8,100,1.0,0.0,0.0,benchmark/data/new_experiments/blocks/dfs_timeout=60s__300steps__28042026/evaluation_results/results_blocksworld_combined_timeout60s.csv
dfs_timeout=60s__300steps__28042026,60,0.0,28042026,PISAM,cleaned,3,1,0,0.0,0.0,1.0,benchmark/data/new_experiments/blocks/dfs_timeout=60s__300steps__28042026/evaluation_results/results_blocksworld_combined_timeout60s.csv
dfs_timeout=60s__300steps__28042026,60,0.0,28042026,PO_ROSAME,cleaned,3,1,0,0.0,1.0,0.0,benchmark/data/new_experiments/blocks/dfs_timeout=60s__300steps__28042026/evaluation_results/results_blocksworld_combined_timeout60s.csv
dfs_timeout=60s__300steps__28042026,60,0.0,28042026,PISAM,cleaned,4,1,0,0.0,0.0,1.0,benchmark/data/new_experiments/blocks/dfs_timeout=60s__300steps__28042026/evaluation_results/results_blocksworld_combined_timeout60s.csv
dfs_timeout=60s__300steps__28042026,60,0.0,28042026,PO_ROSAME,cleaned,4,1,0,0.0,0.0,1.0,benchmark/data/new_experiments/blocks/dfs_timeout=60s__300steps__28042026/evaluation_results/results_blocksworld_combined_timeout60s.csv
dfs_timeout=60s__300steps__28042026,60,0.0,28042026,PISAM,cleaned,2,1,0,0.0,0.0,1.0,benchmark/data/new_experiments/blocks/dfs_timeout=60s__300steps__28042026/evaluation_results/results_blocksworld_combined_timeout60s.csv
dfs_timeout=60s__300steps__28042026,60,0.0,28042026,PO_ROSAME,cleaned,2,1,0,0.0,0.0,1.0,benchmark/data/new_experiments/blocks/dfs_timeout=60s__300steps__28042026/evaluation_results/results_blocksworld_combined_timeout60s.csv
dfs_timeout=60s__300steps__28042026,60,0.0,28042026,PISAM,cleaned,1,1,0,0.0,1.0,0.0,benchmark/data/new_experiments/blocks/dfs_timeout=60s__300steps__28042026/evaluation_results/results_blocksworld_combined_timeout60s.csv
dfs_timeout=60s__300steps__28042026,60,0.0,28042026,PO_ROSAME,cleaned,1,1,0,0.0,0.0,1.0,benchmark/data/new_experiments/blocks/dfs_timeout=60s__300steps__28042026/evaluation_results/results_blocksworld_combined_timeout60s.csv
dfs_timeout=60s__300steps__28042026,60,0.0,28042026,PISAM,cleaned,0,1,0,1.0,0.0,0.0,benchmark/data/new_experiments/blocks/dfs_timeout=60s__300steps__28042026/evaluation_results/results_blocksworld_combined_timeout60s.csv
dfs_timeout=60s__300steps__28042026,60,0.0,28042026,PO_ROSAME,cleaned,0,1,0,1.0,0.0,0.0,benchmark/data/new_experiments/blocks/dfs_timeout=60s__300steps__28042026/evaluation_results/results_blocksworld_combined_timeout60s.csv
dfs_timeout=60s__300steps__28042026,60,0.0,28042026,PISAM,cleaned,2,1,10,1.0,0.0,0.0,benchmark/data/new_experiments/blocks/dfs_timeout=60s__300steps__28042026/evaluation_results/results_blocksworld_combined_timeout60s.csv
dfs_timeout=60s__300steps__28042026,60,0.0,28042026,PO_ROSAME,cleaned,2,1,10,1.0,0.0,0.0,benchmark/data/new_experiments/blocks/dfs_timeout=60s__300steps__28042026/evaluation_results/results_blocksworld_combined_timeout60s.csv
dfs_timeout=60s__300steps__28042026,60,0.0,28042026,PISAM,cleaned,4,1,10,1.0,0.0,0.0,benchmark/data/new_experiments/blocks/dfs_timeout=60s__300steps__28042026/evaluation_results/results_blocksworld_combined_timeout60s.csv
dfs_timeout=60s__300steps__28042026,60,0.0,28042026,PO_ROSAME,cleaned,4,1,10,1.0,0.0,0.0,benchmark/data/new_experiments/blocks/dfs_timeout=60s__300steps__28042026/evaluation_results/results_blocksworld_combined_timeout60s.csv
dfs_timeout=60s__300steps__28042026,60,0.0,28042026,PISAM,cleaned,0,1,10,1.0,0.0,0.0,benchmark/data/new_experiments/blocks/dfs_timeout=60s__300steps__28042026/evaluation_results/results_blocksworld_combined_timeout60s.csv
dfs_timeout=60s__300steps__28042026,60,0.0,28042026,PO_ROSAME,cleaned,0,1,10,1.0,0.0,0.0,benchmark/data/new_experiments/blocks/dfs_timeout=60s__300steps__28042026/evaluation_results/results_blocksworld_combined_timeout60s.csv
dfs_timeout=60s__300steps__28042026,60,0.0,28042026,PISAM,cleaned,1,1,10,1.0,0.0,0.0,benchmark/data/new_experiments/blocks/dfs_timeout=60s__300steps__28042026/evaluation_results/results_blocksworld_combined_timeout60s.csv
dfs_timeout=60s__300steps__28042026,60,0.0,28042026,PO_ROSAME,cleaned,1,1,10,1.0,0.0,0.0,benchmark/data/new_experiments/blocks/dfs_timeout=60s__300steps__28042026/evaluation_results/results_blocksworld_combined_timeout60s.csv
dfs_timeout=60s__300steps__28042026,60,0.0,28042026,PISAM,cleaned,3,1,10,1.0,0.0,0.0,benchmark/data/new_experiments/blocks/dfs_timeout=60s__300steps__28042026/evaluation_results/results_blocksworld_combined_timeout60s.csv
dfs_timeout=60s__300steps__28042026,60,0.0,28042026,PO_ROSAME,cleaned,3,1,10,1.0,0.0,0.0,benchmark/data/new_experiments/blocks/dfs_timeout=60s__300steps__28042026/evaluation_results/results_blocksworld_combined_timeout60s.csv
dfs_timeout=60s__300steps__28042026,60,0.0,28042026,PISAM,cleaned,2,1,25,1.0,0.0,0.0,benchmark/data/new_experiments/blocks/dfs_timeout=60s__300steps__28042026/evaluation_results/results_blocksworld_combined_timeout60s.csv
dfs_timeout=60s__300steps__28042026,60,0.0,28042026,PO_ROSAME,cleaned,2,1,25,1.0,0.0,0.0,benchmark/data/new_experiments/blocks/dfs_timeout=60s__300steps__28042026/evaluation_results/results_blocksworld_combined_timeout60s.csv
dfs_timeout=60s__300steps__28042026,60,0.0,28042026,PISAM,cleaned,4,1,25,1.0,0.0,0.0,benchmark/data/new_experiments/blocks/dfs_timeout=60s__300steps__28042026/evaluation_results/results_blocksworld_combined_timeout60s.csv
dfs_timeout=60s__300steps__28042026,60,0.0,28042026,PO_ROSAME,cleaned,4,1,25,1.0,0.0,0.0,benchmark/data/new_experiments/blocks/dfs_timeout=60s__300steps__28042026/evaluation_results/results_blocksworld_combined_timeout60s.csv
dfs_timeout=60s__300steps__28042026,60,0.0,28042026,PISAM,cleaned,0,1,25,1.0,0.0,0.0,benchmark/data/new_experiments/blocks/dfs_timeout=60s__300steps__28042026/evaluation_results/results_blocksworld_combined_timeout60s.csv
dfs_timeout=60s__300steps__28042026,60,0.0,28042026,PO_ROSAME,cleaned,0,1,25,1.0,0.0,0.0,benchmark/data/new_experiments/blocks/dfs_timeout=60s__300steps__28042026/evaluation_results/results_blocksworld_combined_timeout60s.csv
dfs_timeout=60s__300steps__28042026,60,0.0,28042026,PISAM,cleaned,1,1,25,1.0,0.0,0.0,benchmark/data/new_experiments/blocks/dfs_timeout=60s__300steps__28042026/evaluation_results/results_blocksworld_combined_timeout60s.csv
dfs_timeout=60s__300steps__28042026,60,0.0,28042026,PO_ROSAME,cleaned,1,1,25,1.0,0.0,0.0,benchmark/data/new_experiments/blocks/dfs_timeout=60s__300steps__28042026/evaluation_results/results_blocksworld_combined_timeout60s.csv
dfs_timeout=60s__300steps__28042026,60,0.0,28042026,PISAM,cleaned,3,1,25,1.0,0.0,0.0,benchmark/data/new_experiments/blocks/dfs_timeout=60s__300steps__28042026/evaluation_results/results_blocksworld_combined_timeout60s.csv
dfs_timeout=60s__300steps__28042026,60,0.0,28042026,PO_ROSAME,cleaned,3,1,25,1.0,0.0,0.0,benchmark/data/new_experiments/blocks/dfs_timeout=60s__300steps__28042026/evaluation_results/results_blocksworld_combined_timeout60s.csv
dfs_timeout=60s__300steps__28042026,60,0.0,28042026,PISAM,cleaned,4,1,50,1.0,0.0,0.0,benchmark/data/new_experiments/blocks/dfs_timeout=60s__300steps__28042026/evaluation_results/results_blocksworld_combined_timeout60s.csv
dfs_timeout=60s__300steps__28042026,60,0.0,28042026,PO_ROSAME,cleaned,4,1,50,1.0,0.0,0.0,benchmark/data/new_experiments/blocks/dfs_timeout=60s__300steps__28042026/evaluation_results/results_blocksworld_combined_timeout60s.csv
dfs_timeout=60s__300steps__28042026,60,0.0,28042026,PISAM,cleaned,1,1,50,1.0,0.0,0.0,benchmark/data/new_experiments/blocks/dfs_timeout=60s__300steps__28042026/evaluation_results/results_blocksworld_combined_timeout60s.csv
dfs_timeout=60s__300steps__28042026,60,0.0,28042026,PO_ROSAME,cleaned,1,1,50,1.0,0.0,0.0,benchmark/data/new_experiments/blocks/dfs_timeout=60s__300steps__28042026/evaluation_results/results_blocksworld_combined_timeout60s.csv
dfs_timeout=60s__300steps__28042026,60,0.0,28042026,PISAM,cleaned,3,1,50,1.0,0.0,0.0,benchmark/data/new_experiments/blocks/dfs_timeout=60s__300steps__28042026/evaluation_results/results_blocksworld_combined_timeout60s.csv
dfs_timeout=60s__300steps__28042026,60,0.0,28042026,PO_ROSAME,cleaned,3,1,50,1.0,0.0,0.0,benchmark/data/new_experiments/blocks/dfs_timeout=60s__300steps__28042026/evaluation_results/results_blocksworld_combined_timeout60s.csv
dfs_timeout=60s__300steps__28042026,60,0.0,28042026,PISAM,cleaned,2,1,50,1.0,0.0,0.0,benchmark/data/new_experiments/blocks/dfs_timeout=60s__300steps__28042026/evaluation_results/results_blocksworld_combined_timeout60s.csv
dfs_timeout=60s__300steps__28042026,60,0.0,28042026,PO_ROSAME,cleaned,2,1,50,1.0,0.0,0.0,benchmark/data/new_experiments/blocks/dfs_timeout=60s__300steps__28042026/evaluation_results/results_blocksworld_combined_timeout60s.csv
dfs_timeout=60s__300steps__28042026,60,0.0,28042026,PISAM,cleaned,0,1,50,1.0,0.0,0.0,benchmark/data/new_experiments/blocks/dfs_timeout=60s__300steps__28042026/evaluation_results/results_blocksworld_combined_timeout60s.csv
dfs_timeout=60s__300steps__28042026,60,0.0,28042026,PO_ROSAME,cleaned,0,1,50,1.0,0.0,0.0,benchmark/data/new_experiments/blocks/dfs_timeout=60s__300steps__28042026/evaluation_results/results_blocksworld_combined_timeout60s.csv
dfs_timeout=60s__300steps__28042026,60,0.0,28042026,PISAM,cleaned,3,1,75,1.0,0.0,0.0,benchmark/data/new_experiments/blocks/dfs_timeout=60s__300steps__28042026/evaluation_results/results_blocksworld_combined_timeout60s.csv
dfs_timeout=60s__300steps__28042026,60,0.0,28042026,PO_ROSAME,cleaned,3,1,75,1.0,0.0,0.0,benchmark/data/new_experiments/blocks/dfs_timeout=60s__300steps__28042026/evaluation_results/results_blocksworld_combined_timeout60s.csv
dfs_timeout=60s__300steps__28042026,60,0.0,28042026,PISAM,cleaned,2,1,75,1.0,0.0,0.0,benchmark/data/new_experiments/blocks/dfs_timeout=60s__300steps__28042026/evaluation_results/results_blocksworld_combined_timeout60s.csv
dfs_timeout=60s__300steps__28042026,60,0.0,28042026,PO_ROSAME,cleaned,2,1,75,1.0,0.0,0.0,benchmark/data/new_experiments/blocks/dfs_timeout=60s__300steps__28042026/evaluation_results/results_blocksworld_combined_timeout60s.csv
dfs_timeout=60s__300steps__28042026,60,0.0,28042026,PISAM,cleaned,0,1,75,1.0,0.0,0.0,benchmark/data/new_experiments/blocks/dfs_timeout=60s__300steps__28042026/evaluation_results/results_blocksworld_combined_timeout60s.csv
dfs_timeout=60s__300steps__28042026,60,0.0,28042026,PO_ROSAME,cleaned,0,1,75,1.0,0.0,0.0,benchmark/data/new_experiments/blocks/dfs_timeout=60s__300steps__28042026/evaluation_results/results_blocksworld_combined_timeout60s.csv
dfs_timeout=60s__300steps__28042026,60,0.0,28042026,PISAM,cleaned,4,1,75,1.0,0.0,0.0,benchmark/data/new_experiments/blocks/dfs_timeout=60s__300steps__28042026/evaluation_results/results_blocksworld_combined_timeout60s.csv
dfs_timeout=60s__300steps__28042026,60,0.0,28042026,PO_ROSAME,cleaned,4,1,75,1.0,0.0,0.0,benchmark/data/new_experiments/blocks/dfs_timeout=60s__300steps__28042026/evaluation_results/results_blocksworld_combined_timeout60s.csv
dfs_timeout=60s__300steps__28042026,60,0.0,28042026,PISAM,cleaned,1,1,75,1.0,0.0,0.0,benchmark/data/new_experiments/blocks/dfs_timeout=60s__300steps__28042026/evaluation_results/results_blocksworld_combined_timeout60s.csv
dfs_timeout=60s__300steps__28042026,60,0.0,28042026,PO_ROSAME,cleaned,1,1,75,1.0,0.0,0.0,benchmark/data/new_experiments/blocks/dfs_timeout=60s__300steps__28042026/evaluation_results/results_blocksworld_combined_timeout60s.csv
dfs_timeout=60s__300steps__28042026,60,0.0,28042026,PISAM,cleaned,3,1,100,1.0,0.0,0.0,benchmark/data/new_experiments/blocks/dfs_timeout=60s__300steps__28042026/evaluation_results/results_blocksworld_combined_timeout60s.csv
dfs_timeout=60s__300steps__28042026,60,0.0,28042026,PO_ROSAME,cleaned,3,1,100,1.0,0.0,0.0,benchmark/data/new_experiments/blocks/dfs_timeout=60s__300steps__28042026/evaluation_results/results_blocksworld_combined_timeout60s.csv
dfs_timeout=60s__300steps__28042026,60,0.0,28042026,PISAM,cleaned,0,1,100,1.0,0.0,0.0,benchmark/data/new_experiments/blocks/dfs_timeout=60s__300steps__28042026/evaluation_results/results_blocksworld_combined_timeout60s.csv
dfs_timeout=60s__300steps__28042026,60,0.0,28042026,PO_ROSAME,cleaned,0,1,100,1.0,0.0,0.0,benchmark/data/new_experiments/blocks/dfs_timeout=60s__300steps__28042026/evaluation_results/results_blocksworld_combined_timeout60s.csv
dfs_timeout=60s__300steps__28042026,60,0.0,28042026,PISAM,cleaned,4,1,100,1.0,0.0,0.0,benchmark/data/new_experiments/blocks/dfs_timeout=60s__300steps__28042026/evaluation_results/results_blocksworld_combined_timeout60s.csv
dfs_timeout=60s__300steps__28042026,60,0.0,28042026,PO_ROSAME,cleaned,4,1,100,1.0,0.0,0.0,benchmark/data/new_experiments/blocks/dfs_timeout=60s__300steps__28042026/evaluation_results/results_blocksworld_combined_timeout60s.csv
dfs_timeout=60s__300steps__28042026,60,0.0,28042026,PISAM,cleaned,2,1,100,1.0,0.0,0.0,benchmark/data/new_experiments/blocks/dfs_timeout=60s__300steps__28042026/evaluation_results/results_blocksworld_combined_timeout60s.csv
dfs_timeout=60s__300steps__28042026,60,0.0,28042026,PO_ROSAME,cleaned,2,1,100,1.0,0.0,0.0,benchmark/data/new_experiments/blocks/dfs_timeout=60s__300steps__28042026/evaluation_results/results_blocksworld_combined_timeout60s.csv
dfs_timeout=60s__300steps__28042026,60,0.0,28042026,PISAM,cleaned,1,1,100,1.0,0.0,0.0,benchmark/data/new_experiments/blocks/dfs_timeout=60s__300steps__28042026/evaluation_results/results_blocksworld_combined_timeout60s.csv
dfs_timeout=60s__300steps__28042026,60,0.0,28042026,PO_ROSAME,cleaned,1,1,100,1.0,0.0,0.0,benchmark/data/new_experiments/blocks/dfs_timeout=60s__300steps__28042026/evaluation_results/results_blocksworld_combined_timeout60s.csv
dfs_timeout=60s__300steps__28042026,60,0.0,28042026,PISAM,cleaned,4,2,0,0.0,0.0,1.0,benchmark/data/new_experiments/blocks/dfs_timeout=60s__300steps__28042026/evaluation_results/results_blocksworld_combined_timeout60s.csv
dfs_timeout=60s__300steps__28042026,60,0.0,28042026,PO_ROSAME,cleaned,4,2,0,0.0,0.0,1.0,benchmark/data/new_experiments/blocks/dfs_timeout=60s__300steps__28042026/evaluation_results/results_blocksworld_combined_timeout60s.csv
dfs_timeout=60s__300steps__28042026,60,0.0,28042026,PISAM,cleaned,1,2,0,0.0,0.0,1.0,benchmark/data/new_experiments/blocks/dfs_timeout=60s__300steps__28042026/evaluation_results/results_blocksworld_combined_timeout60s.csv
dfs_timeout=60s__300steps__28042026,60,0.0,28042026,PO_ROSAME,cleaned,1,2,0,0.0,0.5,0.5,benchmark/data/new_experiments/blocks/dfs_timeout=60s__300steps__28042026/evaluation_results/results_blocksworld_combined_timeout60s.csv
dfs_timeout=60s__300steps__28042026,60,0.0,28042026,PISAM,cleaned,3,2,0,0.0,1.0,0.0,benchmark/data/new_experiments/blocks/dfs_timeout=60s__300steps__28042026/evaluation_results/results_blocksworld_combined_timeout60s.csv
dfs_timeout=60s__300steps__28042026,60,0.0,28042026,PO_ROSAME,cleaned,3,2,0,0.0,1.0,0.0,benchmark/data/new_experiments/blocks/dfs_timeout=60s__300steps__28042026/evaluation_results/results_blocksworld_combined_timeout60s.csv
dfs_timeout=60s__300steps__28042026,60,0.0,28042026,PISAM,cleaned,2,2,0,0.0,0.0,1.0,benchmark/data/new_experiments/blocks/dfs_timeout=60s__300steps__28042026/evaluation_results/results_blocksworld_combined_timeout60s.csv
dfs_timeout=60s__300steps__28042026,60,0.0,28042026,PO_ROSAME,cleaned,2,2,0,0.0,1.0,0.0,benchmark/data/new_experiments/blocks/dfs_timeout=60s__300steps__28042026/evaluation_results/results_blocksworld_combined_timeout60s.csv
dfs_timeout=60s__300steps__28042026,60,0.0,28042026,PISAM,cleaned,0,2,0,1.0,0.0,0.0,benchmark/data/new_experiments/blocks/dfs_timeout=60s__300steps__28042026/evaluation_results/results_blocksworld_combined_timeout60s.csv
dfs_timeout=60s__300steps__28042026,60,0.0,28042026,PO_ROSAME,cleaned,0,2,0,0.0,0.0,1.0,benchmark/data/new_experiments/blocks/dfs_timeout=60s__300steps__28042026/evaluation_results/results_blocksworld_combined_timeout60s.csv
dfs_timeout=60s__300steps__28042026,60,0.0,28042026,PISAM,cleaned,2,2,10,1.0,0.0,0.0,benchmark/data/new_experiments/blocks/dfs_timeout=60s__300steps__28042026/evaluation_results/results_blocksworld_combined_timeout60s.csv
dfs_timeout=60s__300steps__28042026,60,0.0,28042026,PO_ROSAME,cleaned,2,2,10,1.0,0.0,0.0,benchmark/data/new_experiments/blocks/dfs_timeout=60s__300steps__28042026/evaluation_results/results_blocksworld_combined_timeout60s.csv
dfs_timeout=60s__300steps__28042026,60,0.0,28042026,PISAM,cleaned,1,2,10,1.0,0.0,0.0,benchmark/data/new_experiments/blocks/dfs_timeout=60s__300steps__28042026/evaluation_results/results_blocksworld_combined_timeout60s.csv
dfs_timeout=60s__300steps__28042026,60,0.0,28042026,PO_ROSAME,cleaned,1,2,10,1.0,0.0,0.0,benchmark/data/new_experiments/blocks/dfs_timeout=60s__300steps__28042026/evaluation_results/results_blocksworld_combined_timeout60s.csv
dfs_timeout=60s__300steps__28042026,60,0.0,28042026,PISAM,cleaned,3,2,10,1.0,0.0,0.0,benchmark/data/new_experiments/blocks/dfs_timeout=60s__300steps__28042026/evaluation_results/results_blocksworld_combined_timeout60s.csv
dfs_timeout=60s__300steps__28042026,60,0.0,28042026,PO_ROSAME,cleaned,3,2,10,1.0,0.0,0.0,benchmark/data/new_experiments/blocks/dfs_timeout=60s__300steps__28042026/evaluation_results/results_blocksworld_combined_timeout60s.csv
dfs_timeout=60s__300steps__28042026,60,0.0,28042026,PISAM,cleaned,4,2,10,1.0,0.0,0.0,benchmark/data/new_experiments/blocks/dfs_timeout=60s__300steps__28042026/evaluation_results/results_blocksworld_combined_timeout60s.csv
dfs_timeout=60s__300steps__28042026,60,0.0,28042026,PO_ROSAME,cleaned,4,2,10,1.0,0.0,0.0,benchmark/data/new_experiments/blocks/dfs_timeout=60s__300steps__28042026/evaluation_results/results_blocksworld_combined_timeout60s.csv
dfs_timeout=60s__300steps__28042026,60,0.0,28042026,PISAM,cleaned,0,2,10,1.0,0.0,0.0,benchmark/data/new_experiments/blocks/dfs_timeout=60s__300steps__28042026/evaluation_results/results_blocksworld_combined_timeout60s.csv
dfs_timeout=60s__300steps__28042026,60,0.0,28042026,PO_ROSAME,cleaned,0,2,10,1.0,0.0,0.0,benchmark/data/new_experiments/blocks/dfs_timeout=60s__300steps__28042026/evaluation_results/results_blocksworld_combined_timeout60s.csv
dfs_timeout=60s__300steps__28042026,60,0.0,28042026,PISAM,cleaned,4,2,25,1.0,0.0,0.0,benchmark/data/new_experiments/blocks/dfs_timeout=60s__300steps__28042026/evaluation_results/results_blocksworld_combined_timeout60s.csv
dfs_timeout=60s__300steps__28042026,60,0.0,28042026,PO_ROSAME,cleaned,4,2,25,1.0,0.0,0.0,benchmark/data/new_experiments/blocks/dfs_timeout=60s__300steps__28042026/evaluation_results/results_blocksworld_combined_timeout60s.csv
dfs_timeout=60s__300steps__28042026,60,0.0,28042026,PISAM,cleaned,1,2,25,1.0,0.0,0.0,benchmark/data/new_experiments/blocks/dfs_timeout=60s__300steps__28042026/evaluation_results/results_blocksworld_combined_timeout60s.csv
dfs_timeout=60s__300steps__28042026,60,0.0,28042026,PO_ROSAME,cleaned,1,2,25,1.0,0.0,0.0,benchmark/data/new_experiments/blocks/dfs_timeout=60s__300steps__28042026/evaluation_results/results_blocksworld_combined_timeout60s.csv
dfs_timeout=60s__300steps__28042026,60,0.0,28042026,PISAM,cleaned,0,2,25,1.0,0.0,0.0,benchmark/data/new_experiments/blocks/dfs_timeout=60s__300steps__28042026/evaluation_results/results_blocksworld_combined_timeout60s.csv
dfs_timeout=60s__300steps__28042026,60,0.0,28042026,PO_ROSAME,cleaned,0,2,25,1.0,0.0,0.0,benchmark/data/new_experiments/blocks/dfs_timeout=60s__300steps__28042026/evaluation_results/results_blocksworld_combined_timeout60s.csv
dfs_timeout=60s__300steps__28042026,60,0.0,28042026,PISAM,cleaned,3,2,25,1.0,0.0,0.0,benchmark/data/new_experiments/blocks/dfs_timeout=60s__300steps__28042026/evaluation_results/results_blocksworld_combined_timeout60s.csv
dfs_timeout=60s__300steps__28042026,60,0.0,28042026,PO_ROSAME,cleaned,3,2,25,1.0,0.0,0.0,benchmark/data/new_experiments/blocks/dfs_timeout=60s__300steps__28042026/evaluation_results/results_blocksworld_combined_timeout60s.csv
dfs_timeout=60s__300steps__28042026,60,0.0,28042026,PISAM,cleaned,2,2,25,1.0,0.0,0.0,benchmark/data/new_experiments/blocks/dfs_timeout=60s__300steps__28042026/evaluation_results/results_blocksworld_combined_timeout60s.csv
dfs_timeout=60s__300steps__28042026,60,0.0,28042026,PO_ROSAME,cleaned,2,2,25,1.0,0.0,0.0,benchmark/data/new_experiments/blocks/dfs_timeout=60s__300steps__28042026/evaluation_results/results_blocksworld_combined_timeout60s.csv
dfs_timeout=60s__300steps__28042026,60,0.0,28042026,PISAM,cleaned,0,2,50,1.0,0.0,0.0,benchmark/data/new_experiments/blocks/dfs_timeout=60s__300steps__28042026/evaluation_results/results_blocksworld_combined_timeout60s.csv
dfs_timeout=60s__300steps__28042026,60,0.0,28042026,PO_ROSAME,cleaned,0,2,50,1.0,0.0,0.0,benchmark/data/new_experiments/blocks/dfs_timeout=60s__300steps__28042026/evaluation_results/results_blocksworld_combined_timeout60s.csv
dfs_timeout=60s__300steps__28042026,60,0.0,28042026,PISAM,cleaned,3,2,50,1.0,0.0,0.0,benchmark/data/new_experiments/blocks/dfs_timeout=60s__300steps__28042026/evaluation_results/results_blocksworld_combined_timeout60s.csv
dfs_timeout=60s__300steps__28042026,60,0.0,28042026,PO_ROSAME,cleaned,3,2,50,1.0,0.0,0.0,benchmark/data/new_experiments/blocks/dfs_timeout=60s__300steps__28042026/evaluation_results/results_blocksworld_combined_timeout60s.csv
dfs_timeout=60s__300steps__28042026,60,0.0,28042026,PISAM,cleaned,2,2,50,1.0,0.0,0.0,benchmark/data/new_experiments/blocks/dfs_timeout=60s__300steps__28042026/evaluation_results/results_blocksworld_combined_timeout60s.csv
dfs_timeout=60s__300steps__28042026,60,0.0,28042026,PO_ROSAME,cleaned,2,2,50,1.0,0.0,0.0,benchmark/data/new_experiments/blocks/dfs_timeout=60s__300steps__28042026/evaluation_results/results_blocksworld_combined_timeout60s.csv
dfs_timeout=60s__300steps__28042026,60,0.0,28042026,PISAM,cleaned,1,2,50,1.0,0.0,0.0,benchmark/data/new_experiments/blocks/dfs_timeout=60s__300steps__28042026/evaluation_results/results_blocksworld_combined_timeout60s.csv
dfs_timeout=60s__300steps__28042026,60,0.0,28042026,PO_ROSAME,cleaned,1,2,50,1.0,0.0,0.0,benchmark/data/new_experiments/blocks/dfs_timeout=60s__300steps__28042026/evaluation_results/results_blocksworld_combined_timeout60s.csv
dfs_timeout=60s__300steps__28042026,60,0.0,28042026,PISAM,cleaned,4,2,50,1.0,0.0,0.0,benchmark/data/new_experiments/blocks/dfs_timeout=60s__300steps__28042026/evaluation_results/results_blocksworld_combined_timeout60s.csv
dfs_timeout=60s__300steps__28042026,60,0.0,28042026,PO_ROSAME,cleaned,4,2,50,1.0,0.0,0.0,benchmark/data/new_experiments/blocks/dfs_timeout=60s__300steps__28042026/evaluation_results/results_blocksworld_combined_timeout60s.csv
dfs_timeout=60s__300steps__28042026,60,0.0,28042026,PISAM,cleaned,1,2,75,1.0,0.0,0.0,benchmark/data/new_experiments/blocks/dfs_timeout=60s__300steps__28042026/evaluation_results/results_blocksworld_combined_timeout60s.csv
dfs_timeout=60s__300steps__28042026,60,0.0,28042026,PO_ROSAME,cleaned,1,2,75,1.0,0.0,0.0,benchmark/data/new_experiments/blocks/dfs_timeout=60s__300steps__28042026/evaluation_results/results_blocksworld_combined_timeout60s.csv
dfs_timeout=60s__300steps__28042026,60,0.0,28042026,PISAM,cleaned,2,2,75,1.0,0.0,0.0,benchmark/data/new_experiments/blocks/dfs_timeout=60s__300steps__28042026/evaluation_results/results_blocksworld_combined_timeout60s.csv
dfs_timeout=60s__300steps__28042026,60,0.0,28042026,PO_ROSAME,cleaned,2,2,75,1.0,0.0,0.0,benchmark/data/new_experiments/blocks/dfs_timeout=60s__300steps__28042026/evaluation_results/results_blocksworld_combined_timeout60s.csv
dfs_timeout=60s__300steps__28042026,60,0.0,28042026,PISAM,cleaned,3,2,75,1.0,0.0,0.0,benchmark/data/new_experiments/blocks/dfs_timeout=60s__300steps__28042026/evaluation_results/results_blocksworld_combined_timeout60s.csv
dfs_timeout=60s__300steps__28042026,60,0.0,28042026,PO_ROSAME,cleaned,3,2,75,1.0,0.0,0.0,benchmark/data/new_experiments/blocks/dfs_timeout=60s__300steps__28042026/evaluation_results/results_blocksworld_combined_timeout60s.csv
dfs_timeout=60s__300steps__28042026,60,0.0,28042026,PISAM,cleaned,4,2,75,1.0,0.0,0.0,benchmark/data/new_experiments/blocks/dfs_timeout=60s__300steps__28042026/evaluation_results/results_blocksworld_combined_timeout60s.csv
dfs_timeout=60s__300steps__28042026,60,0.0,28042026,PO_ROSAME,cleaned,4,2,75,1.0,0.0,0.0,benchmark/data/new_experiments/blocks/dfs_timeout=60s__300steps__28042026/evaluation_results/results_blocksworld_combined_timeout60s.csv
dfs_timeout=60s__300steps__28042026,60,0.0,28042026,PISAM,cleaned,0,2,75,1.0,0.0,0.0,benchmark/data/new_experiments/blocks/dfs_timeout=60s__300steps__28042026/evaluation_results/results_blocksworld_combined_timeout60s.csv
dfs_timeout=60s__300steps__28042026,60,0.0,28042026,PO_ROSAME,cleaned,0,2,75,1.0,0.0,0.0,benchmark/data/new_experiments/blocks/dfs_timeout=60s__300steps__28042026/evaluation_results/results_blocksworld_combined_timeout60s.csv
dfs_timeout=60s__300steps__28042026,60,0.0,28042026,PISAM,cleaned,0,2,100,1.0,0.0,0.0,benchmark/data/new_experiments/blocks/dfs_timeout=60s__300steps__28042026/evaluation_results/results_blocksworld_combined_timeout60s.csv
dfs_timeout=60s__300steps__28042026,60,0.0,28042026,PO_ROSAME,cleaned,0,2,100,1.0,0.0,0.0,benchmark/data/new_experiments/blocks/dfs_timeout=60s__300steps__28042026/evaluation_results/results_blocksworld_combined_timeout60s.csv
dfs_timeout=60s__300steps__28042026,60,0.0,28042026,PISAM,cleaned,2,2,100,1.0,0.0,0.0,benchmark/data/new_experiments/blocks/dfs_timeout=60s__300steps__28042026/evaluation_results/results_blocksworld_combined_timeout60s.csv
dfs_timeout=60s__300steps__28042026,60,0.0,28042026,PO_ROSAME,cleaned,2,2,100,1.0,0.0,0.0,benchmark/data/new_experiments/blocks/dfs_timeout=60s__300steps__28042026/evaluation_results/results_blocksworld_combined_timeout60s.csv
dfs_timeout=60s__300steps__28042026,60,0.0,28042026,PISAM,cleaned,4,2,100,1.0,0.0,0.0,benchmark/data/new_experiments/blocks/dfs_timeout=60s__300steps__28042026/evaluation_results/results_blocksworld_combined_timeout60s.csv
dfs_timeout=60s__300steps__28042026,60,0.0,28042026,PO_ROSAME,cleaned,4,2,100,1.0,0.0,0.0,benchmark/data/new_experiments/blocks/dfs_timeout=60s__300steps__28042026/evaluation_results/results_blocksworld_combined_timeout60s.csv
dfs_timeout=60s__300steps__28042026,60,0.0,28042026,PISAM,cleaned,3,2,100,1.0,0.0,0.0,benchmark/data/new_experiments/blocks/dfs_timeout=60s__300steps__28042026/evaluation_results/results_blocksworld_combined_timeout60s.csv
dfs_timeout=60s__300steps__28042026,60,0.0,28042026,PO_ROSAME,cleaned,3,2,100,1.0,0.0,0.0,benchmark/data/new_experiments/blocks/dfs_timeout=60s__300steps__28042026/evaluation_results/results_blocksworld_combined_timeout60s.csv
dfs_timeout=60s__300steps__28042026,60,0.0,28042026,PISAM,cleaned,1,2,100,1.0,0.0,0.0,benchmark/data/new_experiments/blocks/dfs_timeout=60s__300steps__28042026/evaluation_results/results_blocksworld_combined_timeout60s.csv
dfs_timeout=60s__300steps__28042026,60,0.0,28042026,PO_ROSAME,cleaned,1,2,100,1.0,0.0,0.0,benchmark/data/new_experiments/blocks/dfs_timeout=60s__300steps__28042026/evaluation_results/results_blocksworld_combined_timeout60s.csv
dfs_timeout=60s__300steps__28042026,60,0.0,28042026,PISAM,cleaned,1,3,0,0.0,1.0,0.0,benchmark/data/new_experiments/blocks/dfs_timeout=60s__300steps__28042026/evaluation_results/results_blocksworld_combined_timeout60s.csv
dfs_timeout=60s__300steps__28042026,60,0.0,28042026,PO_ROSAME,cleaned,1,3,0,0.0,0.5,0.5,benchmark/data/new_experiments/blocks/dfs_timeout=60s__300steps__28042026/evaluation_results/results_blocksworld_combined_timeout60s.csv
dfs_timeout=60s__300steps__28042026,60,0.0,28042026,PISAM,cleaned,3,3,0,0.0,1.0,0.0,benchmark/data/new_experiments/blocks/dfs_timeout=60s__300steps__28042026/evaluation_results/results_blocksworld_combined_timeout60s.csv
dfs_timeout=60s__300steps__28042026,60,0.0,28042026,PO_ROSAME,cleaned,3,3,0,0.0,1.0,0.0,benchmark/data/new_experiments/blocks/dfs_timeout=60s__300steps__28042026/evaluation_results/results_blocksworld_combined_timeout60s.csv
dfs_timeout=60s__300steps__28042026,60,0.0,28042026,PISAM,cleaned,4,3,0,0.0,0.0,1.0,benchmark/data/new_experiments/blocks/dfs_timeout=60s__300steps__28042026/evaluation_results/results_blocksworld_combined_timeout60s.csv
dfs_timeout=60s__300steps__28042026,60,0.0,28042026,PO_ROSAME,cleaned,4,3,0,0.5,0.0,0.5,benchmark/data/new_experiments/blocks/dfs_timeout=60s__300steps__28042026/evaluation_results/results_blocksworld_combined_timeout60s.csv
dfs_timeout=60s__300steps__28042026,60,0.0,28042026,PISAM,cleaned,2,3,0,0.0,0.0,1.0,benchmark/data/new_experiments/blocks/dfs_timeout=60s__300steps__28042026/evaluation_results/results_blocksworld_combined_timeout60s.csv
dfs_timeout=60s__300steps__28042026,60,0.0,28042026,PO_ROSAME,cleaned,2,3,0,0.0,0.0,1.0,benchmark/data/new_experiments/blocks/dfs_timeout=60s__300steps__28042026/evaluation_results/results_blocksworld_combined_timeout60s.csv
dfs_timeout=60s__300steps__28042026,60,0.0,28042026,PISAM,cleaned,0,3,0,1.0,0.0,0.0,benchmark/data/new_experiments/blocks/dfs_timeout=60s__300steps__28042026/evaluation_results/results_blocksworld_combined_timeout60s.csv
dfs_timeout=60s__300steps__28042026,60,0.0,28042026,PO_ROSAME,cleaned,0,3,0,0.0,0.0,1.0,benchmark/data/new_experiments/blocks/dfs_timeout=60s__300steps__28042026/evaluation_results/results_blocksworld_combined_timeout60s.csv
dfs_timeout=60s__300steps__28042026,60,0.0,28042026,PISAM,cleaned,3,3,10,1.0,0.0,0.0,benchmark/data/new_experiments/blocks/dfs_timeout=60s__300steps__28042026/evaluation_results/results_blocksworld_combined_timeout60s.csv
dfs_timeout=60s__300steps__28042026,60,0.0,28042026,PO_ROSAME,cleaned,3,3,10,1.0,0.0,0.0,benchmark/data/new_experiments/blocks/dfs_timeout=60s__300steps__28042026/evaluation_results/results_blocksworld_combined_timeout60s.csv
dfs_timeout=60s__300steps__28042026,60,0.0,28042026,PISAM,cleaned,0,3,10,1.0,0.0,0.0,benchmark/data/new_experiments/blocks/dfs_timeout=60s__300steps__28042026/evaluation_results/results_blocksworld_combined_timeout60s.csv
dfs_timeout=60s__300steps__28042026,60,0.0,28042026,PO_ROSAME,cleaned,0,3,10,0.0,0.0,1.0,benchmark/data/new_experiments/blocks/dfs_timeout=60s__300steps__28042026/evaluation_results/results_blocksworld_combined_timeout60s.csv
dfs_timeout=60s__300steps__28042026,60,0.0,28042026,PISAM,cleaned,4,3,10,1.0,0.0,0.0,benchmark/data/new_experiments/blocks/dfs_timeout=60s__300steps__28042026/evaluation_results/results_blocksworld_combined_timeout60s.csv
dfs_timeout=60s__300steps__28042026,60,0.0,28042026,PO_ROSAME,cleaned,4,3,10,0.5,0.0,0.5,benchmark/data/new_experiments/blocks/dfs_timeout=60s__300steps__28042026/evaluation_results/results_blocksworld_combined_timeout60s.csv
dfs_timeout=60s__300steps__28042026,60,0.0,28042026,PISAM,cleaned,1,3,10,1.0,0.0,0.0,benchmark/data/new_experiments/blocks/dfs_timeout=60s__300steps__28042026/evaluation_results/results_blocksworld_combined_timeout60s.csv
dfs_timeout=60s__300steps__28042026,60,0.0,28042026,PO_ROSAME,cleaned,1,3,10,1.0,0.0,0.0,benchmark/data/new_experiments/blocks/dfs_timeout=60s__300steps__28042026/evaluation_results/results_blocksworld_combined_timeout60s.csv
dfs_timeout=60s__300steps__28042026,60,0.0,28042026,PISAM,cleaned,2,3,10,1.0,0.0,0.0,benchmark/data/new_experiments/blocks/dfs_timeout=60s__300steps__28042026/evaluation_results/results_blocksworld_combined_timeout60s.csv
dfs_timeout=60s__300steps__28042026,60,0.0,28042026,PO_ROSAME,cleaned,2,3,10,0.0,1.0,0.0,benchmark/data/new_experiments/blocks/dfs_timeout=60s__300steps__28042026/evaluation_results/results_blocksworld_combined_timeout60s.csv
dfs_timeout=60s__300steps__28042026,60,0.0,28042026,PISAM,cleaned,2,3,25,1.0,0.0,0.0,benchmark/data/new_experiments/blocks/dfs_timeout=60s__300steps__28042026/evaluation_results/results_blocksworld_combined_timeout60s.csv
dfs_timeout=60s__300steps__28042026,60,0.0,28042026,PO_ROSAME,cleaned,2,3,25,0.0,0.0,1.0,benchmark/data/new_experiments/blocks/dfs_timeout=60s__300steps__28042026/evaluation_results/results_blocksworld_combined_timeout60s.csv
dfs_timeout=60s__300steps__28042026,60,0.0,28042026,PISAM,cleaned,0,3,25,1.0,0.0,0.0,benchmark/data/new_experiments/blocks/dfs_timeout=60s__300steps__28042026/evaluation_results/results_blocksworld_combined_timeout60s.csv
dfs_timeout=60s__300steps__28042026,60,0.0,28042026,PO_ROSAME,cleaned,0,3,25,0.0,0.0,1.0,benchmark/data/new_experiments/blocks/dfs_timeout=60s__300steps__28042026/evaluation_results/results_blocksworld_combined_timeout60s.csv
dfs_timeout=60s__300steps__28042026,60,0.0,28042026,PISAM,cleaned,3,3,25,1.0,0.0,0.0,benchmark/data/new_experiments/blocks/dfs_timeout=60s__300steps__28042026/evaluation_results/results_blocksworld_combined_timeout60s.csv
dfs_timeout=60s__300steps__28042026,60,0.0,28042026,PO_ROSAME,cleaned,3,3,25,1.0,0.0,0.0,benchmark/data/new_experiments/blocks/dfs_timeout=60s__300steps__28042026/evaluation_results/results_blocksworld_combined_timeout60s.csv
dfs_timeout=60s__300steps__28042026,60,0.0,28042026,PISAM,cleaned,4,3,25,1.0,0.0,0.0,benchmark/data/new_experiments/blocks/dfs_timeout=60s__300steps__28042026/evaluation_results/results_blocksworld_combined_timeout60s.csv
dfs_timeout=60s__300steps__28042026,60,0.0,28042026,PO_ROSAME,cleaned,4,3,25,0.5,0.0,0.5,benchmark/data/new_experiments/blocks/dfs_timeout=60s__300steps__28042026/evaluation_results/results_blocksworld_combined_timeout60s.csv
dfs_timeout=60s__300steps__28042026,60,0.0,28042026,PISAM,cleaned,1,3,25,1.0,0.0,0.0,benchmark/data/new_experiments/blocks/dfs_timeout=60s__300steps__28042026/evaluation_results/results_blocksworld_combined_timeout60s.csv
dfs_timeout=60s__300steps__28042026,60,0.0,28042026,PO_ROSAME,cleaned,1,3,25,1.0,0.0,0.0,benchmark/data/new_experiments/blocks/dfs_timeout=60s__300steps__28042026/evaluation_results/results_blocksworld_combined_timeout60s.csv
dfs_timeout=60s__300steps__28042026,60,0.0,28042026,PISAM,cleaned,1,3,50,1.0,0.0,0.0,benchmark/data/new_experiments/blocks/dfs_timeout=60s__300steps__28042026/evaluation_results/results_blocksworld_combined_timeout60s.csv
dfs_timeout=60s__300steps__28042026,60,0.0,28042026,PO_ROSAME,cleaned,1,3,50,1.0,0.0,0.0,benchmark/data/new_experiments/blocks/dfs_timeout=60s__300steps__28042026/evaluation_results/results_blocksworld_combined_timeout60s.csv
dfs_timeout=60s__300steps__28042026,60,0.0,28042026,PISAM,cleaned,0,3,50,1.0,0.0,0.0,benchmark/data/new_experiments/blocks/dfs_timeout=60s__300steps__28042026/evaluation_results/results_blocksworld_combined_timeout60s.csv
dfs_timeout=60s__300steps__28042026,60,0.0,28042026,PO_ROSAME,cleaned,0,3,50,0.0,0.0,1.0,benchmark/data/new_experiments/blocks/dfs_timeout=60s__300steps__28042026/evaluation_results/results_blocksworld_combined_timeout60s.csv
dfs_timeout=60s__300steps__28042026,60,0.0,28042026,PISAM,cleaned,2,3,50,1.0,0.0,0.0,benchmark/data/new_experiments/blocks/dfs_timeout=60s__300steps__28042026/evaluation_results/results_blocksworld_combined_timeout60s.csv
dfs_timeout=60s__300steps__28042026,60,0.0,28042026,PO_ROSAME,cleaned,2,3,50,0.0,0.0,0.0,benchmark/data/new_experiments/blocks/dfs_timeout=60s__300steps__28042026/evaluation_results/results_blocksworld_combined_timeout60s.csv
dfs_timeout=60s__300steps__28042026,60,0.0,28042026,PISAM,cleaned,3,3,50,1.0,0.0,0.0,benchmark/data/new_experiments/blocks/dfs_timeout=60s__300steps__28042026/evaluation_results/results_blocksworld_combined_timeout60s.csv
dfs_timeout=60s__300steps__28042026,60,0.0,28042026,PO_ROSAME,cleaned,3,3,50,1.0,0.0,0.0,benchmark/data/new_experiments/blocks/dfs_timeout=60s__300steps__28042026/evaluation_results/results_blocksworld_combined_timeout60s.csv
dfs_timeout=60s__300steps__28042026,60,0.0,28042026,PISAM,cleaned,4,3,50,1.0,0.0,0.0,benchmark/data/new_experiments/blocks/dfs_timeout=60s__300steps__28042026/evaluation_results/results_blocksworld_combined_timeout60s.csv
dfs_timeout=60s__300steps__28042026,60,0.0,28042026,PO_ROSAME,cleaned,4,3,50,0.5,0.0,0.5,benchmark/data/new_experiments/blocks/dfs_timeout=60s__300steps__28042026/evaluation_results/results_blocksworld_combined_timeout60s.csv
dfs_timeout=60s__300steps__28042026,60,0.0,28042026,PISAM,cleaned,1,3,75,1.0,0.0,0.0,benchmark/data/new_experiments/blocks/dfs_timeout=60s__300steps__28042026/evaluation_results/results_blocksworld_combined_timeout60s.csv
dfs_timeout=60s__300steps__28042026,60,0.0,28042026,PO_ROSAME,cleaned,1,3,75,1.0,0.0,0.0,benchmark/data/new_experiments/blocks/dfs_timeout=60s__300steps__28042026/evaluation_results/results_blocksworld_combined_timeout60s.csv
dfs_timeout=60s__300steps__28042026,60,0.0,28042026,PISAM,cleaned,0,3,75,1.0,0.0,0.0,benchmark/data/new_experiments/blocks/dfs_timeout=60s__300steps__28042026/evaluation_results/results_blocksworld_combined_timeout60s.csv
dfs_timeout=60s__300steps__28042026,60,0.0,28042026,PO_ROSAME,cleaned,0,3,75,0.0,0.0,1.0,benchmark/data/new_experiments/blocks/dfs_timeout=60s__300steps__28042026/evaluation_results/results_blocksworld_combined_timeout60s.csv
dfs_timeout=60s__300steps__28042026,60,0.0,28042026,PISAM,cleaned,3,3,75,1.0,0.0,0.0,benchmark/data/new_experiments/blocks/dfs_timeout=60s__300steps__28042026/evaluation_results/results_blocksworld_combined_timeout60s.csv
dfs_timeout=60s__300steps__28042026,60,0.0,28042026,PO_ROSAME,cleaned,3,3,75,1.0,0.0,0.0,benchmark/data/new_experiments/blocks/dfs_timeout=60s__300steps__28042026/evaluation_results/results_blocksworld_combined_timeout60s.csv
dfs_timeout=60s__300steps__28042026,60,0.0,28042026,PISAM,cleaned,2,3,75,1.0,0.0,0.0,benchmark/data/new_experiments/blocks/dfs_timeout=60s__300steps__28042026/evaluation_results/results_blocksworld_combined_timeout60s.csv
dfs_timeout=60s__300steps__28042026,60,0.0,28042026,PO_ROSAME,cleaned,2,3,75,0.0,0.0,1.0,benchmark/data/new_experiments/blocks/dfs_timeout=60s__300steps__28042026/evaluation_results/results_blocksworld_combined_timeout60s.csv
dfs_timeout=60s__300steps__28042026,60,0.0,28042026,PISAM,cleaned,4,3,75,1.0,0.0,0.0,benchmark/data/new_experiments/blocks/dfs_timeout=60s__300steps__28042026/evaluation_results/results_blocksworld_combined_timeout60s.csv
dfs_timeout=60s__300steps__28042026,60,0.0,28042026,PO_ROSAME,cleaned,4,3,75,0.5,0.0,0.5,benchmark/data/new_experiments/blocks/dfs_timeout=60s__300steps__28042026/evaluation_results/results_blocksworld_combined_timeout60s.csv
dfs_timeout=60s__300steps__28042026,60,0.0,28042026,PISAM,cleaned,0,3,100,1.0,0.0,0.0,benchmark/data/new_experiments/blocks/dfs_timeout=60s__300steps__28042026/evaluation_results/results_blocksworld_combined_timeout60s.csv
dfs_timeout=60s__300steps__28042026,60,0.0,28042026,PO_ROSAME,cleaned,0,3,100,0.0,0.0,1.0,benchmark/data/new_experiments/blocks/dfs_timeout=60s__300steps__28042026/evaluation_results/results_blocksworld_combined_timeout60s.csv
dfs_timeout=60s__300steps__28042026,60,0.0,28042026,PISAM,cleaned,1,3,100,1.0,0.0,0.0,benchmark/data/new_experiments/blocks/dfs_timeout=60s__300steps__28042026/evaluation_results/results_blocksworld_combined_timeout60s.csv
dfs_timeout=60s__300steps__28042026,60,0.0,28042026,PO_ROSAME,cleaned,1,3,100,1.0,0.0,0.0,benchmark/data/new_experiments/blocks/dfs_timeout=60s__300steps__28042026/evaluation_results/results_blocksworld_combined_timeout60s.csv
dfs_timeout=60s__300steps__28042026,60,0.0,28042026,PISAM,cleaned,2,3,100,1.0,0.0,0.0,benchmark/data/new_experiments/blocks/dfs_timeout=60s__300steps__28042026/evaluation_results/results_blocksworld_combined_timeout60s.csv
dfs_timeout=60s__300steps__28042026,60,0.0,28042026,PO_ROSAME,cleaned,2,3,100,0.0,1.0,0.0,benchmark/data/new_experiments/blocks/dfs_timeout=60s__300steps__28042026/evaluation_results/results_blocksworld_combined_timeout60s.csv
dfs_timeout=60s__300steps__28042026,60,0.0,28042026,PISAM,cleaned,3,3,100,1.0,0.0,0.0,benchmark/data/new_experiments/blocks/dfs_timeout=60s__300steps__28042026/evaluation_results/results_blocksworld_combined_timeout60s.csv
dfs_timeout=60s__300steps__28042026,60,0.0,28042026,PO_ROSAME,cleaned,3,3,100,1.0,0.0,0.0,benchmark/data/new_experiments/blocks/dfs_timeout=60s__300steps__28042026/evaluation_results/results_blocksworld_combined_timeout60s.csv
dfs_timeout=60s__300steps__28042026,60,0.0,28042026,PISAM,cleaned,4,3,100,1.0,0.0,0.0,benchmark/data/new_experiments/blocks/dfs_timeout=60s__300steps__28042026/evaluation_results/results_blocksworld_combined_timeout60s.csv
dfs_timeout=60s__300steps__28042026,60,0.0,28042026,PO_ROSAME,cleaned,4,3,100,0.5,0.0,0.5,benchmark/data/new_experiments/blocks/dfs_timeout=60s__300steps__28042026/evaluation_results/results_blocksworld_combined_timeout60s.csv
dfs_timeout=60s__300steps__28042026,60,0.0,28042026,PISAM,cleaned,0,4,0,1.0,0.0,0.0,benchmark/data/new_experiments/blocks/dfs_timeout=60s__300steps__28042026/evaluation_results/results_blocksworld_combined_timeout60s.csv
dfs_timeout=60s__300steps__28042026,60,0.0,28042026,PO_ROSAME,cleaned,0,4,0,0.0,1.0,0.0,benchmark/data/new_experiments/blocks/dfs_timeout=60s__300steps__28042026/evaluation_results/results_blocksworld_combined_timeout60s.csv
dfs_timeout=60s__300steps__28042026,60,0.0,28042026,PISAM,cleaned,2,4,0,0.0,0.0,1.0,benchmark/data/new_experiments/blocks/dfs_timeout=60s__300steps__28042026/evaluation_results/results_blocksworld_combined_timeout60s.csv
dfs_timeout=60s__300steps__28042026,60,0.0,28042026,PO_ROSAME,cleaned,2,4,0,0.0,0.5,0.5,benchmark/data/new_experiments/blocks/dfs_timeout=60s__300steps__28042026/evaluation_results/results_blocksworld_combined_timeout60s.csv
dfs_timeout=60s__300steps__28042026,60,0.0,28042026,PISAM,cleaned,4,4,0,0.0,0.0,1.0,benchmark/data/new_experiments/blocks/dfs_timeout=60s__300steps__28042026/evaluation_results/results_blocksworld_combined_timeout60s.csv
dfs_timeout=60s__300steps__28042026,60,0.0,28042026,PO_ROSAME,cleaned,4,4,0,0.0,0.5,0.5,benchmark/data/new_experiments/blocks/dfs_timeout=60s__300steps__28042026/evaluation_results/results_blocksworld_combined_timeout60s.csv
dfs_timeout=60s__300steps__28042026,60,0.0,28042026,PISAM,cleaned,3,4,0,0.0,1.0,0.0,benchmark/data/new_experiments/blocks/dfs_timeout=60s__300steps__28042026/evaluation_results/results_blocksworld_combined_timeout60s.csv
dfs_timeout=60s__300steps__28042026,60,0.0,28042026,PO_ROSAME,cleaned,3,4,0,0.0,0.5,0.5,benchmark/data/new_experiments/blocks/dfs_timeout=60s__300steps__28042026/evaluation_results/results_blocksworld_combined_timeout60s.csv
dfs_timeout=60s__300steps__28042026,60,0.0,28042026,PISAM,cleaned,1,4,0,0.0,1.0,0.0,benchmark/data/new_experiments/blocks/dfs_timeout=60s__300steps__28042026/evaluation_results/results_blocksworld_combined_timeout60s.csv
dfs_timeout=60s__300steps__28042026,60,0.0,28042026,PO_ROSAME,cleaned,1,4,0,0.0,0.5,0.5,benchmark/data/new_experiments/blocks/dfs_timeout=60s__300steps__28042026/evaluation_results/results_blocksworld_combined_timeout60s.csv
dfs_timeout=60s__300steps__28042026,60,0.0,28042026,PISAM,cleaned,1,4,10,1.0,0.0,0.0,benchmark/data/new_experiments/blocks/dfs_timeout=60s__300steps__28042026/evaluation_results/results_blocksworld_combined_timeout60s.csv
dfs_timeout=60s__300steps__28042026,60,0.0,28042026,PO_ROSAME,cleaned,1,4,10,0.0,1.0,0.0,benchmark/data/new_experiments/blocks/dfs_timeout=60s__300steps__28042026/evaluation_results/results_blocksworld_combined_timeout60s.csv
dfs_timeout=60s__300steps__28042026,60,0.0,28042026,PISAM,cleaned,3,4,10,1.0,0.0,0.0,benchmark/data/new_experiments/blocks/dfs_timeout=60s__300steps__28042026/evaluation_results/results_blocksworld_combined_timeout60s.csv
dfs_timeout=60s__300steps__28042026,60,0.0,28042026,PO_ROSAME,cleaned,3,4,10,1.0,0.0,0.0,benchmark/data/new_experiments/blocks/dfs_timeout=60s__300steps__28042026/evaluation_results/results_blocksworld_combined_timeout60s.csv
dfs_timeout=60s__300steps__28042026,60,0.0,28042026,PISAM,cleaned,0,4,10,1.0,0.0,0.0,benchmark/data/new_experiments/blocks/dfs_timeout=60s__300steps__28042026/evaluation_results/results_blocksworld_combined_timeout60s.csv
dfs_timeout=60s__300steps__28042026,60,0.0,28042026,PO_ROSAME,cleaned,0,4,10,1.0,0.0,0.0,benchmark/data/new_experiments/blocks/dfs_timeout=60s__300steps__28042026/evaluation_results/results_blocksworld_combined_timeout60s.csv
dfs_timeout=60s__300steps__28042026,60,0.0,28042026,PISAM,cleaned,4,4,10,1.0,0.0,0.0,benchmark/data/new_experiments/blocks/dfs_timeout=60s__300steps__28042026/evaluation_results/results_blocksworld_combined_timeout60s.csv
dfs_timeout=60s__300steps__28042026,60,0.0,28042026,PO_ROSAME,cleaned,4,4,10,1.0,0.0,0.0,benchmark/data/new_experiments/blocks/dfs_timeout=60s__300steps__28042026/evaluation_results/results_blocksworld_combined_timeout60s.csv
dfs_timeout=60s__300steps__28042026,60,0.0,28042026,PISAM,cleaned,2,4,10,1.0,0.0,0.0,benchmark/data/new_experiments/blocks/dfs_timeout=60s__300steps__28042026/evaluation_results/results_blocksworld_combined_timeout60s.csv
dfs_timeout=60s__300steps__28042026,60,0.0,28042026,PO_ROSAME,cleaned,2,4,10,0.0,0.0,0.0,benchmark/data/new_experiments/blocks/dfs_timeout=60s__300steps__28042026/evaluation_results/results_blocksworld_combined_timeout60s.csv
dfs_timeout=60s__300steps__28042026,60,0.0,28042026,PISAM,cleaned,3,4,25,1.0,0.0,0.0,benchmark/data/new_experiments/blocks/dfs_timeout=60s__300steps__28042026/evaluation_results/results_blocksworld_combined_timeout60s.csv
dfs_timeout=60s__300steps__28042026,60,0.0,28042026,PO_ROSAME,cleaned,3,4,25,1.0,0.0,0.0,benchmark/data/new_experiments/blocks/dfs_timeout=60s__300steps__28042026/evaluation_results/results_blocksworld_combined_timeout60s.csv
dfs_timeout=60s__300steps__28042026,60,0.0,28042026,PISAM,cleaned,0,4,25,1.0,0.0,0.0,benchmark/data/new_experiments/blocks/dfs_timeout=60s__300steps__28042026/evaluation_results/results_blocksworld_combined_timeout60s.csv
dfs_timeout=60s__300steps__28042026,60,0.0,28042026,PO_ROSAME,cleaned,0,4,25,1.0,0.0,0.0,benchmark/data/new_experiments/blocks/dfs_timeout=60s__300steps__28042026/evaluation_results/results_blocksworld_combined_timeout60s.csv
dfs_timeout=60s__300steps__28042026,60,0.0,28042026,PISAM,cleaned,4,4,25,1.0,0.0,0.0,benchmark/data/new_experiments/blocks/dfs_timeout=60s__300steps__28042026/evaluation_results/results_blocksworld_combined_timeout60s.csv
dfs_timeout=60s__300steps__28042026,60,0.0,28042026,PO_ROSAME,cleaned,4,4,25,1.0,0.0,0.0,benchmark/data/new_experiments/blocks/dfs_timeout=60s__300steps__28042026/evaluation_results/results_blocksworld_combined_timeout60s.csv
dfs_timeout=60s__300steps__28042026,60,0.0,28042026,PISAM,cleaned,2,4,25,1.0,0.0,0.0,benchmark/data/new_experiments/blocks/dfs_timeout=60s__300steps__28042026/evaluation_results/results_blocksworld_combined_timeout60s.csv
dfs_timeout=60s__300steps__28042026,60,0.0,28042026,PO_ROSAME,cleaned,2,4,25,0.0,0.0,0.0,benchmark/data/new_experiments/blocks/dfs_timeout=60s__300steps__28042026/evaluation_results/results_blocksworld_combined_timeout60s.csv
dfs_timeout=60s__300steps__28042026,60,0.0,28042026,PISAM,cleaned,1,4,25,1.0,0.0,0.0,benchmark/data/new_experiments/blocks/dfs_timeout=60s__300steps__28042026/evaluation_results/results_blocksworld_combined_timeout60s.csv
dfs_timeout=60s__300steps__28042026,60,0.0,28042026,PO_ROSAME,cleaned,1,4,25,0.0,1.0,0.0,benchmark/data/new_experiments/blocks/dfs_timeout=60s__300steps__28042026/evaluation_results/results_blocksworld_combined_timeout60s.csv
dfs_timeout=60s__300steps__28042026,60,0.0,28042026,PISAM,cleaned,2,4,50,1.0,0.0,0.0,benchmark/data/new_experiments/blocks/dfs_timeout=60s__300steps__28042026/evaluation_results/results_blocksworld_combined_timeout60s.csv
dfs_timeout=60s__300steps__28042026,60,0.0,28042026,PO_ROSAME,cleaned,2,4,50,0.0,1.0,0.0,benchmark/data/new_experiments/blocks/dfs_timeout=60s__300steps__28042026/evaluation_results/results_blocksworld_combined_timeout60s.csv
dfs_timeout=60s__300steps__28042026,60,0.0,28042026,PISAM,cleaned,1,4,50,1.0,0.0,0.0,benchmark/data/new_experiments/blocks/dfs_timeout=60s__300steps__28042026/evaluation_results/results_blocksworld_combined_timeout60s.csv
dfs_timeout=60s__300steps__28042026,60,0.0,28042026,PO_ROSAME,cleaned,1,4,50,0.0,0.0,0.0,benchmark/data/new_experiments/blocks/dfs_timeout=60s__300steps__28042026/evaluation_results/results_blocksworld_combined_timeout60s.csv
dfs_timeout=60s__300steps__28042026,60,0.0,28042026,PISAM,cleaned,0,4,50,1.0,0.0,0.0,benchmark/data/new_experiments/blocks/dfs_timeout=60s__300steps__28042026/evaluation_results/results_blocksworld_combined_timeout60s.csv
dfs_timeout=60s__300steps__28042026,60,0.0,28042026,PO_ROSAME,cleaned,0,4,50,1.0,0.0,0.0,benchmark/data/new_experiments/blocks/dfs_timeout=60s__300steps__28042026/evaluation_results/results_blocksworld_combined_timeout60s.csv
dfs_timeout=60s__300steps__28042026,60,0.0,28042026,PISAM,cleaned,3,4,50,1.0,0.0,0.0,benchmark/data/new_experiments/blocks/dfs_timeout=60s__300steps__28042026/evaluation_results/results_blocksworld_combined_timeout60s.csv
dfs_timeout=60s__300steps__28042026,60,0.0,28042026,PO_ROSAME,cleaned,3,4,50,1.0,0.0,0.0,benchmark/data/new_experiments/blocks/dfs_timeout=60s__300steps__28042026/evaluation_results/results_blocksworld_combined_timeout60s.csv
dfs_timeout=60s__300steps__28042026,60,0.0,28042026,PISAM,cleaned,4,4,50,1.0,0.0,0.0,benchmark/data/new_experiments/blocks/dfs_timeout=60s__300steps__28042026/evaluation_results/results_blocksworld_combined_timeout60s.csv
dfs_timeout=60s__300steps__28042026,60,0.0,28042026,PO_ROSAME,cleaned,4,4,50,1.0,0.0,0.0,benchmark/data/new_experiments/blocks/dfs_timeout=60s__300steps__28042026/evaluation_results/results_blocksworld_combined_timeout60s.csv
dfs_timeout=60s__300steps__28042026,60,0.0,28042026,PISAM,cleaned,2,4,75,1.0,0.0,0.0,benchmark/data/new_experiments/blocks/dfs_timeout=60s__300steps__28042026/evaluation_results/results_blocksworld_combined_timeout60s.csv
dfs_timeout=60s__300steps__28042026,60,0.0,28042026,PO_ROSAME,cleaned,2,4,75,0.0,1.0,0.0,benchmark/data/new_experiments/blocks/dfs_timeout=60s__300steps__28042026/evaluation_results/results_blocksworld_combined_timeout60s.csv
dfs_timeout=60s__300steps__28042026,60,0.0,28042026,PISAM,cleaned,3,4,75,1.0,0.0,0.0,benchmark/data/new_experiments/blocks/dfs_timeout=60s__300steps__28042026/evaluation_results/results_blocksworld_combined_timeout60s.csv
dfs_timeout=60s__300steps__28042026,60,0.0,28042026,PO_ROSAME,cleaned,3,4,75,1.0,0.0,0.0,benchmark/data/new_experiments/blocks/dfs_timeout=60s__300steps__28042026/evaluation_results/results_blocksworld_combined_timeout60s.csv
dfs_timeout=60s__300steps__28042026,60,0.0,28042026,PISAM,cleaned,0,4,75,1.0,0.0,0.0,benchmark/data/new_experiments/blocks/dfs_timeout=60s__300steps__28042026/evaluation_results/results_blocksworld_combined_timeout60s.csv
dfs_timeout=60s__300steps__28042026,60,0.0,28042026,PO_ROSAME,cleaned,0,4,75,1.0,0.0,0.0,benchmark/data/new_experiments/blocks/dfs_timeout=60s__300steps__28042026/evaluation_results/results_blocksworld_combined_timeout60s.csv
dfs_timeout=60s__300steps__28042026,60,0.0,28042026,PISAM,cleaned,4,4,75,1.0,0.0,0.0,benchmark/data/new_experiments/blocks/dfs_timeout=60s__300steps__28042026/evaluation_results/results_blocksworld_combined_timeout60s.csv
dfs_timeout=60s__300steps__28042026,60,0.0,28042026,PO_ROSAME,cleaned,4,4,75,1.0,0.0,0.0,benchmark/data/new_experiments/blocks/dfs_timeout=60s__300steps__28042026/evaluation_results/results_blocksworld_combined_timeout60s.csv
dfs_timeout=60s__300steps__28042026,60,0.0,28042026,PISAM,cleaned,1,4,75,1.0,0.0,0.0,benchmark/data/new_experiments/blocks/dfs_timeout=60s__300steps__28042026/evaluation_results/results_blocksworld_combined_timeout60s.csv
dfs_timeout=60s__300steps__28042026,60,0.0,28042026,PO_ROSAME,cleaned,1,4,75,0.0,0.0,0.0,benchmark/data/new_experiments/blocks/dfs_timeout=60s__300steps__28042026/evaluation_results/results_blocksworld_combined_timeout60s.csv
dfs_timeout=60s__300steps__28042026,60,0.0,28042026,PISAM,cleaned,1,4,100,1.0,0.0,0.0,benchmark/data/new_experiments/blocks/dfs_timeout=60s__300steps__28042026/evaluation_results/results_blocksworld_combined_timeout60s.csv
dfs_timeout=60s__300steps__28042026,60,0.0,28042026,PO_ROSAME,cleaned,1,4,100,0.0,0.0,0.0,benchmark/data/new_experiments/blocks/dfs_timeout=60s__300steps__28042026/evaluation_results/results_blocksworld_combined_timeout60s.csv
dfs_timeout=60s__300steps__28042026,60,0.0,28042026,PISAM,cleaned,0,4,100,1.0,0.0,0.0,benchmark/data/new_experiments/blocks/dfs_timeout=60s__300steps__28042026/evaluation_results/results_blocksworld_combined_timeout60s.csv
dfs_timeout=60s__300steps__28042026,60,0.0,28042026,PO_ROSAME,cleaned,0,4,100,1.0,0.0,0.0,benchmark/data/new_experiments/blocks/dfs_timeout=60s__300steps__28042026/evaluation_results/results_blocksworld_combined_timeout60s.csv
dfs_timeout=60s__300steps__28042026,60,0.0,28042026,PISAM,cleaned,4,4,100,1.0,0.0,0.0,benchmark/data/new_experiments/blocks/dfs_timeout=60s__300steps__28042026/evaluation_results/results_blocksworld_combined_timeout60s.csv
dfs_timeout=60s__300steps__28042026,60,0.0,28042026,PO_ROSAME,cleaned,4,4,100,1.0,0.0,0.0,benchmark/data/new_experiments/blocks/dfs_timeout=60s__300steps__28042026/evaluation_results/results_blocksworld_combined_timeout60s.csv
dfs_timeout=60s__300steps__28042026,60,0.0,28042026,PISAM,cleaned,2,4,100,1.0,0.0,0.0,benchmark/data/new_experiments/blocks/dfs_timeout=60s__300steps__28042026/evaluation_results/results_blocksworld_combined_timeout60s.csv
dfs_timeout=60s__300steps__28042026,60,0.0,28042026,PO_ROSAME,cleaned,2,4,100,0.0,0.0,0.0,benchmark/data/new_experiments/blocks/dfs_timeout=60s__300steps__28042026/evaluation_results/results_blocksworld_combined_timeout60s.csv
dfs_timeout=60s__300steps__28042026,60,0.0,28042026,PISAM,cleaned,3,4,100,1.0,0.0,0.0,benchmark/data/new_experiments/blocks/dfs_timeout=60s__300steps__28042026/evaluation_results/results_blocksworld_combined_timeout60s.csv
dfs_timeout=60s__300steps__28042026,60,0.0,28042026,PO_ROSAME,cleaned,3,4,100,1.0,0.0,0.0,benchmark/data/new_experiments/blocks/dfs_timeout=60s__300steps__28042026/evaluation_results/results_blocksworld_combined_timeout60s.csv
dfs_timeout=60s__300steps__28042026,60,0.0,28042026,PISAM,cleaned,2,5,0,0.0,0.0,1.0,benchmark/data/new_experiments/blocks/dfs_timeout=60s__300steps__28042026/evaluation_results/results_blocksworld_combined_timeout60s.csv
dfs_timeout=60s__300steps__28042026,60,0.0,28042026,PO_ROSAME,cleaned,2,5,0,0.0,1.0,0.0,benchmark/data/new_experiments/blocks/dfs_timeout=60s__300steps__28042026/evaluation_results/results_blocksworld_combined_timeout60s.csv
dfs_timeout=60s__300steps__28042026,60,0.0,28042026,PISAM,cleaned,3,5,0,0.0,1.0,0.0,benchmark/data/new_experiments/blocks/dfs_timeout=60s__300steps__28042026/evaluation_results/results_blocksworld_combined_timeout60s.csv
dfs_timeout=60s__300steps__28042026,60,0.0,28042026,PO_ROSAME,cleaned,3,5,0,0.0,0.0,0.0,benchmark/data/new_experiments/blocks/dfs_timeout=60s__300steps__28042026/evaluation_results/results_blocksworld_combined_timeout60s.csv
dfs_timeout=60s__300steps__28042026,60,0.0,28042026,PISAM,cleaned,1,5,0,0.0,1.0,0.0,benchmark/data/new_experiments/blocks/dfs_timeout=60s__300steps__28042026/evaluation_results/results_blocksworld_combined_timeout60s.csv
dfs_timeout=60s__300steps__28042026,60,0.0,28042026,PO_ROSAME,cleaned,1,5,0,0.0,0.5,0.5,benchmark/data/new_experiments/blocks/dfs_timeout=60s__300steps__28042026/evaluation_results/results_blocksworld_combined_timeout60s.csv
dfs_timeout=60s__300steps__28042026,60,0.0,28042026,PISAM,cleaned,0,5,0,1.0,0.0,0.0,benchmark/data/new_experiments/blocks/dfs_timeout=60s__300steps__28042026/evaluation_results/results_blocksworld_combined_timeout60s.csv
dfs_timeout=60s__300steps__28042026,60,0.0,28042026,PO_ROSAME,cleaned,0,5,0,0.0,1.0,0.0,benchmark/data/new_experiments/blocks/dfs_timeout=60s__300steps__28042026/evaluation_results/results_blocksworld_combined_timeout60s.csv
dfs_timeout=60s__300steps__28042026,60,0.0,28042026,PISAM,cleaned,4,5,0,0.0,0.0,1.0,benchmark/data/new_experiments/blocks/dfs_timeout=60s__300steps__28042026/evaluation_results/results_blocksworld_combined_timeout60s.csv
dfs_timeout=60s__300steps__28042026,60,0.0,28042026,PO_ROSAME,cleaned,4,5,0,0.0,0.0,0.0,benchmark/data/new_experiments/blocks/dfs_timeout=60s__300steps__28042026/evaluation_results/results_blocksworld_combined_timeout60s.csv
dfs_timeout=60s__300steps__28042026,60,0.0,28042026,PISAM,cleaned,4,5,10,1.0,0.0,0.0,benchmark/data/new_experiments/blocks/dfs_timeout=60s__300steps__28042026/evaluation_results/results_blocksworld_combined_timeout60s.csv
dfs_timeout=60s__300steps__28042026,60,0.0,28042026,PO_ROSAME,cleaned,4,5,10,0.0,0.0,0.0,benchmark/data/new_experiments/blocks/dfs_timeout=60s__300steps__28042026/evaluation_results/results_blocksworld_combined_timeout60s.csv
dfs_timeout=60s__300steps__28042026,60,0.0,28042026,PISAM,cleaned,2,5,10,1.0,0.0,0.0,benchmark/data/new_experiments/blocks/dfs_timeout=60s__300steps__28042026/evaluation_results/results_blocksworld_combined_timeout60s.csv
dfs_timeout=60s__300steps__28042026,60,0.0,28042026,PO_ROSAME,cleaned,2,5,10,1.0,0.0,0.0,benchmark/data/new_experiments/blocks/dfs_timeout=60s__300steps__28042026/evaluation_results/results_blocksworld_combined_timeout60s.csv
dfs_timeout=60s__300steps__28042026,60,0.0,28042026,PISAM,cleaned,3,5,10,1.0,0.0,0.0,benchmark/data/new_experiments/blocks/dfs_timeout=60s__300steps__28042026/evaluation_results/results_blocksworld_combined_timeout60s.csv
dfs_timeout=60s__300steps__28042026,60,0.0,28042026,PO_ROSAME,cleaned,3,5,10,0.0,0.0,0.0,benchmark/data/new_experiments/blocks/dfs_timeout=60s__300steps__28042026/evaluation_results/results_blocksworld_combined_timeout60s.csv
dfs_timeout=60s__300steps__28042026,60,0.0,28042026,PISAM,cleaned,0,5,10,1.0,0.0,0.0,benchmark/data/new_experiments/blocks/dfs_timeout=60s__300steps__28042026/evaluation_results/results_blocksworld_combined_timeout60s.csv
dfs_timeout=60s__300steps__28042026,60,0.0,28042026,PO_ROSAME,cleaned,0,5,10,1.0,0.0,0.0,benchmark/data/new_experiments/blocks/dfs_timeout=60s__300steps__28042026/evaluation_results/results_blocksworld_combined_timeout60s.csv
dfs_timeout=60s__300steps__28042026,60,0.0,28042026,PISAM,cleaned,1,5,10,1.0,0.0,0.0,benchmark/data/new_experiments/blocks/dfs_timeout=60s__300steps__28042026/evaluation_results/results_blocksworld_combined_timeout60s.csv
dfs_timeout=60s__300steps__28042026,60,0.0,28042026,PO_ROSAME,cleaned,1,5,10,0.0,0.0,1.0,benchmark/data/new_experiments/blocks/dfs_timeout=60s__300steps__28042026/evaluation_results/results_blocksworld_combined_timeout60s.csv
dfs_timeout=60s__300steps__28042026,60,0.0,28042026,PISAM,cleaned,2,5,25,1.0,0.0,0.0,benchmark/data/new_experiments/blocks/dfs_timeout=60s__300steps__28042026/evaluation_results/results_blocksworld_combined_timeout60s.csv
dfs_timeout=60s__300steps__28042026,60,0.0,28042026,PO_ROSAME,cleaned,2,5,25,1.0,0.0,0.0,benchmark/data/new_experiments/blocks/dfs_timeout=60s__300steps__28042026/evaluation_results/results_blocksworld_combined_timeout60s.csv
dfs_timeout=60s__300steps__28042026,60,0.0,28042026,PISAM,cleaned,3,5,25,1.0,0.0,0.0,benchmark/data/new_experiments/blocks/dfs_timeout=60s__300steps__28042026/evaluation_results/results_blocksworld_combined_timeout60s.csv
dfs_timeout=60s__300steps__28042026,60,0.0,28042026,PO_ROSAME,cleaned,3,5,25,0.0,0.0,0.0,benchmark/data/new_experiments/blocks/dfs_timeout=60s__300steps__28042026/evaluation_results/results_blocksworld_combined_timeout60s.csv
dfs_timeout=60s__300steps__28042026,60,0.0,28042026,PISAM,cleaned,0,5,25,1.0,0.0,0.0,benchmark/data/new_experiments/blocks/dfs_timeout=60s__300steps__28042026/evaluation_results/results_blocksworld_combined_timeout60s.csv
dfs_timeout=60s__300steps__28042026,60,0.0,28042026,PO_ROSAME,cleaned,0,5,25,0.0,0.0,0.0,benchmark/data/new_experiments/blocks/dfs_timeout=60s__300steps__28042026/evaluation_results/results_blocksworld_combined_timeout60s.csv
dfs_timeout=60s__300steps__28042026,60,0.0,28042026,PISAM,cleaned,1,5,25,1.0,0.0,0.0,benchmark/data/new_experiments/blocks/dfs_timeout=60s__300steps__28042026/evaluation_results/results_blocksworld_combined_timeout60s.csv
dfs_timeout=60s__300steps__28042026,60,0.0,28042026,PO_ROSAME,cleaned,1,5,25,1.0,0.0,0.0,benchmark/data/new_experiments/blocks/dfs_timeout=60s__300steps__28042026/evaluation_results/results_blocksworld_combined_timeout60s.csv
dfs_timeout=60s__300steps__28042026,60,0.0,28042026,PISAM,cleaned,4,5,25,1.0,0.0,0.0,benchmark/data/new_experiments/blocks/dfs_timeout=60s__300steps__28042026/evaluation_results/results_blocksworld_combined_timeout60s.csv
dfs_timeout=60s__300steps__28042026,60,0.0,28042026,PO_ROSAME,cleaned,4,5,25,0.0,0.0,0.0,benchmark/data/new_experiments/blocks/dfs_timeout=60s__300steps__28042026/evaluation_results/results_blocksworld_combined_timeout60s.csv
dfs_timeout=60s__300steps__28042026,60,0.0,28042026,PISAM,cleaned,1,5,50,1.0,0.0,0.0,benchmark/data/new_experiments/blocks/dfs_timeout=60s__300steps__28042026/evaluation_results/results_blocksworld_combined_timeout60s.csv
dfs_timeout=60s__300steps__28042026,60,0.0,28042026,PO_ROSAME,cleaned,1,5,50,0.0,0.0,1.0,benchmark/data/new_experiments/blocks/dfs_timeout=60s__300steps__28042026/evaluation_results/results_blocksworld_combined_timeout60s.csv
dfs_timeout=60s__300steps__28042026,60,0.0,28042026,PISAM,cleaned,4,5,50,1.0,0.0,0.0,benchmark/data/new_experiments/blocks/dfs_timeout=60s__300steps__28042026/evaluation_results/results_blocksworld_combined_timeout60s.csv
dfs_timeout=60s__300steps__28042026,60,0.0,28042026,PO_ROSAME,cleaned,4,5,50,0.0,0.0,0.0,benchmark/data/new_experiments/blocks/dfs_timeout=60s__300steps__28042026/evaluation_results/results_blocksworld_combined_timeout60s.csv
dfs_timeout=60s__300steps__28042026,60,0.0,28042026,PISAM,cleaned,3,5,50,1.0,0.0,0.0,benchmark/data/new_experiments/blocks/dfs_timeout=60s__300steps__28042026/evaluation_results/results_blocksworld_combined_timeout60s.csv
dfs_timeout=60s__300steps__28042026,60,0.0,28042026,PO_ROSAME,cleaned,3,5,50,0.0,0.0,0.0,benchmark/data/new_experiments/blocks/dfs_timeout=60s__300steps__28042026/evaluation_results/results_blocksworld_combined_timeout60s.csv
dfs_timeout=60s__300steps__28042026,60,0.0,28042026,PISAM,cleaned,2,5,50,1.0,0.0,0.0,benchmark/data/new_experiments/blocks/dfs_timeout=60s__300steps__28042026/evaluation_results/results_blocksworld_combined_timeout60s.csv
dfs_timeout=60s__300steps__28042026,60,0.0,28042026,PO_ROSAME,cleaned,2,5,50,1.0,0.0,0.0,benchmark/data/new_experiments/blocks/dfs_timeout=60s__300steps__28042026/evaluation_results/results_blocksworld_combined_timeout60s.csv
dfs_timeout=60s__300steps__28042026,60,0.0,28042026,PISAM,cleaned,0,5,50,1.0,0.0,0.0,benchmark/data/new_experiments/blocks/dfs_timeout=60s__300steps__28042026/evaluation_results/results_blocksworld_combined_timeout60s.csv
dfs_timeout=60s__300steps__28042026,60,0.0,28042026,PO_ROSAME,cleaned,0,5,50,0.0,0.0,0.0,benchmark/data/new_experiments/blocks/dfs_timeout=60s__300steps__28042026/evaluation_results/results_blocksworld_combined_timeout60s.csv
dfs_timeout=60s__300steps__28042026,60,0.0,28042026,PISAM,cleaned,2,5,75,1.0,0.0,0.0,benchmark/data/new_experiments/blocks/dfs_timeout=60s__300steps__28042026/evaluation_results/results_blocksworld_combined_timeout60s.csv
dfs_timeout=60s__300steps__28042026,60,0.0,28042026,PO_ROSAME,cleaned,2,5,75,1.0,0.0,0.0,benchmark/data/new_experiments/blocks/dfs_timeout=60s__300steps__28042026/evaluation_results/results_blocksworld_combined_timeout60s.csv
dfs_timeout=60s__300steps__28042026,60,0.0,28042026,PISAM,cleaned,4,5,75,1.0,0.0,0.0,benchmark/data/new_experiments/blocks/dfs_timeout=60s__300steps__28042026/evaluation_results/results_blocksworld_combined_timeout60s.csv
dfs_timeout=60s__300steps__28042026,60,0.0,28042026,PO_ROSAME,cleaned,4,5,75,0.0,1.0,0.0,benchmark/data/new_experiments/blocks/dfs_timeout=60s__300steps__28042026/evaluation_results/results_blocksworld_combined_timeout60s.csv
dfs_timeout=60s__300steps__28042026,60,0.0,28042026,PISAM,cleaned,0,5,75,1.0,0.0,0.0,benchmark/data/new_experiments/blocks/dfs_timeout=60s__300steps__28042026/evaluation_results/results_blocksworld_combined_timeout60s.csv
dfs_timeout=60s__300steps__28042026,60,0.0,28042026,PO_ROSAME,cleaned,0,5,75,0.0,0.0,0.0,benchmark/data/new_experiments/blocks/dfs_timeout=60s__300steps__28042026/evaluation_results/results_blocksworld_combined_timeout60s.csv
dfs_timeout=60s__300steps__28042026,60,0.0,28042026,PISAM,cleaned,3,5,75,1.0,0.0,0.0,benchmark/data/new_experiments/blocks/dfs_timeout=60s__300steps__28042026/evaluation_results/results_blocksworld_combined_timeout60s.csv
dfs_timeout=60s__300steps__28042026,60,0.0,28042026,PO_ROSAME,cleaned,3,5,75,0.0,0.0,0.0,benchmark/data/new_experiments/blocks/dfs_timeout=60s__300steps__28042026/evaluation_results/results_blocksworld_combined_timeout60s.csv
dfs_timeout=60s__300steps__28042026,60,0.0,28042026,PISAM,cleaned,1,5,75,1.0,0.0,0.0,benchmark/data/new_experiments/blocks/dfs_timeout=60s__300steps__28042026/evaluation_results/results_blocksworld_combined_timeout60s.csv
dfs_timeout=60s__300steps__28042026,60,0.0,28042026,PO_ROSAME,cleaned,1,5,75,0.0,0.0,1.0,benchmark/data/new_experiments/blocks/dfs_timeout=60s__300steps__28042026/evaluation_results/results_blocksworld_combined_timeout60s.csv
dfs_timeout=60s__300steps__28042026,60,0.0,28042026,PISAM,cleaned,2,5,100,1.0,0.0,0.0,benchmark/data/new_experiments/blocks/dfs_timeout=60s__300steps__28042026/evaluation_results/results_blocksworld_combined_timeout60s.csv
dfs_timeout=60s__300steps__28042026,60,0.0,28042026,PO_ROSAME,cleaned,2,5,100,1.0,0.0,0.0,benchmark/data/new_experiments/blocks/dfs_timeout=60s__300steps__28042026/evaluation_results/results_blocksworld_combined_timeout60s.csv
dfs_timeout=60s__300steps__28042026,60,0.0,28042026,PISAM,cleaned,3,5,100,1.0,0.0,0.0,benchmark/data/new_experiments/blocks/dfs_timeout=60s__300steps__28042026/evaluation_results/results_blocksworld_combined_timeout60s.csv
dfs_timeout=60s__300steps__28042026,60,0.0,28042026,PO_ROSAME,cleaned,3,5,100,0.0,0.0,0.0,benchmark/data/new_experiments/blocks/dfs_timeout=60s__300steps__28042026/evaluation_results/results_blocksworld_combined_timeout60s.csv
dfs_timeout=60s__300steps__28042026,60,0.0,28042026,PISAM,cleaned,4,5,100,1.0,0.0,0.0,benchmark/data/new_experiments/blocks/dfs_timeout=60s__300steps__28042026/evaluation_results/results_blocksworld_combined_timeout60s.csv
dfs_timeout=60s__300steps__28042026,60,0.0,28042026,PO_ROSAME,cleaned,4,5,100,0.0,1.0,0.0,benchmark/data/new_experiments/blocks/dfs_timeout=60s__300steps__28042026/evaluation_results/results_blocksworld_combined_timeout60s.csv
dfs_timeout=60s__300steps__28042026,60,0.0,28042026,PISAM,cleaned,0,5,100,1.0,0.0,0.0,benchmark/data/new_experiments/blocks/dfs_timeout=60s__300steps__28042026/evaluation_results/results_blocksworld_combined_timeout60s.csv
dfs_timeout=60s__300steps__28042026,60,0.0,28042026,PO_ROSAME,cleaned,0,5,100,0.0,1.0,0.0,benchmark/data/new_experiments/blocks/dfs_timeout=60s__300steps__28042026/evaluation_results/results_blocksworld_combined_timeout60s.csv
dfs_timeout=60s__300steps__28042026,60,0.0,28042026,PISAM,cleaned,1,5,100,1.0,0.0,0.0,benchmark/data/new_experiments/blocks/dfs_timeout=60s__300steps__28042026/evaluation_results/results_blocksworld_combined_timeout60s.csv
dfs_timeout=60s__300steps__28042026,60,0.0,28042026,PO_ROSAME,cleaned,1,5,100,0.0,0.0,1.0,benchmark/data/new_experiments/blocks/dfs_timeout=60s__300steps__28042026/evaluation_results/results_blocksworld_combined_timeout60s.csv
dfs_timeout=60s__300steps__28042026,60,0.0,28042026,PISAM,cleaned,3,6,0,0.0,1.0,0.0,benchmark/data/new_experiments/blocks/dfs_timeout=60s__300steps__28042026/evaluation_results/results_blocksworld_combined_timeout60s.csv
dfs_timeout=60s__300steps__28042026,60,0.0,28042026,PO_ROSAME,cleaned,3,6,0,0.0,0.0,1.0,benchmark/data/new_experiments/blocks/dfs_timeout=60s__300steps__28042026/evaluation_results/results_blocksworld_combined_timeout60s.csv
dfs_timeout=60s__300steps__28042026,60,0.0,28042026,PISAM,cleaned,1,6,0,0.0,1.0,0.0,benchmark/data/new_experiments/blocks/dfs_timeout=60s__300steps__28042026/evaluation_results/results_blocksworld_combined_timeout60s.csv
dfs_timeout=60s__300steps__28042026,60,0.0,28042026,PO_ROSAME,cleaned,1,6,0,0.0,1.0,0.0,benchmark/data/new_experiments/blocks/dfs_timeout=60s__300steps__28042026/evaluation_results/results_blocksworld_combined_timeout60s.csv
dfs_timeout=60s__300steps__28042026,60,0.0,28042026,PISAM,cleaned,2,6,0,0.0,0.0,1.0,benchmark/data/new_experiments/blocks/dfs_timeout=60s__300steps__28042026/evaluation_results/results_blocksworld_combined_timeout60s.csv
dfs_timeout=60s__300steps__28042026,60,0.0,28042026,PO_ROSAME,cleaned,2,6,0,0.0,1.0,0.0,benchmark/data/new_experiments/blocks/dfs_timeout=60s__300steps__28042026/evaluation_results/results_blocksworld_combined_timeout60s.csv
dfs_timeout=60s__300steps__28042026,60,0.0,28042026,PISAM,cleaned,4,6,0,0.0,0.0,1.0,benchmark/data/new_experiments/blocks/dfs_timeout=60s__300steps__28042026/evaluation_results/results_blocksworld_combined_timeout60s.csv
dfs_timeout=60s__300steps__28042026,60,0.0,28042026,PO_ROSAME,cleaned,4,6,0,0.0,1.0,0.0,benchmark/data/new_experiments/blocks/dfs_timeout=60s__300steps__28042026/evaluation_results/results_blocksworld_combined_timeout60s.csv
dfs_timeout=60s__300steps__28042026,60,0.0,28042026,PISAM,cleaned,0,6,0,0.0,1.0,0.0,benchmark/data/new_experiments/blocks/dfs_timeout=60s__300steps__28042026/evaluation_results/results_blocksworld_combined_timeout60s.csv
dfs_timeout=60s__300steps__28042026,60,0.0,28042026,PO_ROSAME,cleaned,0,6,0,0.0,1.0,0.0,benchmark/data/new_experiments/blocks/dfs_timeout=60s__300steps__28042026/evaluation_results/results_blocksworld_combined_timeout60s.csv
dfs_timeout=60s__300steps__28042026,60,0.0,28042026,PISAM,cleaned,0,6,10,1.0,0.0,0.0,benchmark/data/new_experiments/blocks/dfs_timeout=60s__300steps__28042026/evaluation_results/results_blocksworld_combined_timeout60s.csv
dfs_timeout=60s__300steps__28042026,60,0.0,28042026,PO_ROSAME,cleaned,0,6,10,1.0,0.0,0.0,benchmark/data/new_experiments/blocks/dfs_timeout=60s__300steps__28042026/evaluation_results/results_blocksworld_combined_timeout60s.csv
dfs_timeout=60s__300steps__28042026,60,0.0,28042026,PISAM,cleaned,2,6,10,1.0,0.0,0.0,benchmark/data/new_experiments/blocks/dfs_timeout=60s__300steps__28042026/evaluation_results/results_blocksworld_combined_timeout60s.csv
dfs_timeout=60s__300steps__28042026,60,0.0,28042026,PO_ROSAME,cleaned,2,6,10,1.0,0.0,0.0,benchmark/data/new_experiments/blocks/dfs_timeout=60s__300steps__28042026/evaluation_results/results_blocksworld_combined_timeout60s.csv
dfs_timeout=60s__300steps__28042026,60,0.0,28042026,PISAM,cleaned,1,6,10,1.0,0.0,0.0,benchmark/data/new_experiments/blocks/dfs_timeout=60s__300steps__28042026/evaluation_results/results_blocksworld_combined_timeout60s.csv
dfs_timeout=60s__300steps__28042026,60,0.0,28042026,PO_ROSAME,cleaned,1,6,10,1.0,0.0,0.0,benchmark/data/new_experiments/blocks/dfs_timeout=60s__300steps__28042026/evaluation_results/results_blocksworld_combined_timeout60s.csv
dfs_timeout=60s__300steps__28042026,60,0.0,28042026,PISAM,cleaned,4,6,10,1.0,0.0,0.0,benchmark/data/new_experiments/blocks/dfs_timeout=60s__300steps__28042026/evaluation_results/results_blocksworld_combined_timeout60s.csv
dfs_timeout=60s__300steps__28042026,60,0.0,28042026,PO_ROSAME,cleaned,4,6,10,0.0,0.0,1.0,benchmark/data/new_experiments/blocks/dfs_timeout=60s__300steps__28042026/evaluation_results/results_blocksworld_combined_timeout60s.csv
dfs_timeout=60s__300steps__28042026,60,0.0,28042026,PISAM,cleaned,3,6,10,1.0,0.0,0.0,benchmark/data/new_experiments/blocks/dfs_timeout=60s__300steps__28042026/evaluation_results/results_blocksworld_combined_timeout60s.csv
dfs_timeout=60s__300steps__28042026,60,0.0,28042026,PO_ROSAME,cleaned,3,6,10,0.5,0.0,0.5,benchmark/data/new_experiments/blocks/dfs_timeout=60s__300steps__28042026/evaluation_results/results_blocksworld_combined_timeout60s.csv
dfs_timeout=60s__300steps__28042026,60,0.0,28042026,PISAM,cleaned,1,6,25,1.0,0.0,0.0,benchmark/data/new_experiments/blocks/dfs_timeout=60s__300steps__28042026/evaluation_results/results_blocksworld_combined_timeout60s.csv
dfs_timeout=60s__300steps__28042026,60,0.0,28042026,PO_ROSAME,cleaned,1,6,25,1.0,0.0,0.0,benchmark/data/new_experiments/blocks/dfs_timeout=60s__300steps__28042026/evaluation_results/results_blocksworld_combined_timeout60s.csv
dfs_timeout=60s__300steps__28042026,60,0.0,28042026,PISAM,cleaned,0,6,25,1.0,0.0,0.0,benchmark/data/new_experiments/blocks/dfs_timeout=60s__300steps__28042026/evaluation_results/results_blocksworld_combined_timeout60s.csv
dfs_timeout=60s__300steps__28042026,60,0.0,28042026,PO_ROSAME,cleaned,0,6,25,1.0,0.0,0.0,benchmark/data/new_experiments/blocks/dfs_timeout=60s__300steps__28042026/evaluation_results/results_blocksworld_combined_timeout60s.csv
dfs_timeout=60s__300steps__28042026,60,0.0,28042026,PISAM,cleaned,3,6,25,1.0,0.0,0.0,benchmark/data/new_experiments/blocks/dfs_timeout=60s__300steps__28042026/evaluation_results/results_blocksworld_combined_timeout60s.csv
dfs_timeout=60s__300steps__28042026,60,0.0,28042026,PO_ROSAME,cleaned,3,6,25,1.0,0.0,0.0,benchmark/data/new_experiments/blocks/dfs_timeout=60s__300steps__28042026/evaluation_results/results_blocksworld_combined_timeout60s.csv
dfs_timeout=60s__300steps__28042026,60,0.0,28042026,PISAM,cleaned,2,6,25,1.0,0.0,0.0,benchmark/data/new_experiments/blocks/dfs_timeout=60s__300steps__28042026/evaluation_results/results_blocksworld_combined_timeout60s.csv
dfs_timeout=60s__300steps__28042026,60,0.0,28042026,PO_ROSAME,cleaned,2,6,25,1.0,0.0,0.0,benchmark/data/new_experiments/blocks/dfs_timeout=60s__300steps__28042026/evaluation_results/results_blocksworld_combined_timeout60s.csv
dfs_timeout=60s__300steps__28042026,60,0.0,28042026,PISAM,cleaned,4,6,25,1.0,0.0,0.0,benchmark/data/new_experiments/blocks/dfs_timeout=60s__300steps__28042026/evaluation_results/results_blocksworld_combined_timeout60s.csv
dfs_timeout=60s__300steps__28042026,60,0.0,28042026,PO_ROSAME,cleaned,4,6,25,1.0,0.0,0.0,benchmark/data/new_experiments/blocks/dfs_timeout=60s__300steps__28042026/evaluation_results/results_blocksworld_combined_timeout60s.csv
dfs_timeout=60s__300steps__28042026,60,0.0,28042026,PISAM,cleaned,3,6,50,1.0,0.0,0.0,benchmark/data/new_experiments/blocks/dfs_timeout=60s__300steps__28042026/evaluation_results/results_blocksworld_combined_timeout60s.csv
dfs_timeout=60s__300steps__28042026,60,0.0,28042026,PO_ROSAME,cleaned,3,6,50,0.5,0.0,0.5,benchmark/data/new_experiments/blocks/dfs_timeout=60s__300steps__28042026/evaluation_results/results_blocksworld_combined_timeout60s.csv
dfs_timeout=60s__300steps__28042026,60,0.0,28042026,PISAM,cleaned,4,6,50,1.0,0.0,0.0,benchmark/data/new_experiments/blocks/dfs_timeout=60s__300steps__28042026/evaluation_results/results_blocksworld_combined_timeout60s.csv
dfs_timeout=60s__300steps__28042026,60,0.0,28042026,PO_ROSAME,cleaned,4,6,50,1.0,0.0,0.0,benchmark/data/new_experiments/blocks/dfs_timeout=60s__300steps__28042026/evaluation_results/results_blocksworld_combined_timeout60s.csv
dfs_timeout=60s__300steps__28042026,60,0.0,28042026,PISAM,cleaned,1,6,50,1.0,0.0,0.0,benchmark/data/new_experiments/blocks/dfs_timeout=60s__300steps__28042026/evaluation_results/results_blocksworld_combined_timeout60s.csv
dfs_timeout=60s__300steps__28042026,60,0.0,28042026,PO_ROSAME,cleaned,1,6,50,1.0,0.0,0.0,benchmark/data/new_experiments/blocks/dfs_timeout=60s__300steps__28042026/evaluation_results/results_blocksworld_combined_timeout60s.csv
dfs_timeout=60s__300steps__28042026,60,0.0,28042026,PISAM,cleaned,0,6,50,1.0,0.0,0.0,benchmark/data/new_experiments/blocks/dfs_timeout=60s__300steps__28042026/evaluation_results/results_blocksworld_combined_timeout60s.csv
dfs_timeout=60s__300steps__28042026,60,0.0,28042026,PO_ROSAME,cleaned,0,6,50,1.0,0.0,0.0,benchmark/data/new_experiments/blocks/dfs_timeout=60s__300steps__28042026/evaluation_results/results_blocksworld_combined_timeout60s.csv
dfs_timeout=60s__300steps__28042026,60,0.0,28042026,PISAM,cleaned,2,6,50,1.0,0.0,0.0,benchmark/data/new_experiments/blocks/dfs_timeout=60s__300steps__28042026/evaluation_results/results_blocksworld_combined_timeout60s.csv
dfs_timeout=60s__300steps__28042026,60,0.0,28042026,PO_ROSAME,cleaned,2,6,50,1.0,0.0,0.0,benchmark/data/new_experiments/blocks/dfs_timeout=60s__300steps__28042026/evaluation_results/results_blocksworld_combined_timeout60s.csv
dfs_timeout=60s__300steps__28042026,60,0.0,28042026,PISAM,cleaned,2,6,75,1.0,0.0,0.0,benchmark/data/new_experiments/blocks/dfs_timeout=60s__300steps__28042026/evaluation_results/results_blocksworld_combined_timeout60s.csv
dfs_timeout=60s__300steps__28042026,60,0.0,28042026,PO_ROSAME,cleaned,2,6,75,1.0,0.0,0.0,benchmark/data/new_experiments/blocks/dfs_timeout=60s__300steps__28042026/evaluation_results/results_blocksworld_combined_timeout60s.csv
dfs_timeout=60s__300steps__28042026,60,0.0,28042026,PISAM,cleaned,4,6,75,1.0,0.0,0.0,benchmark/data/new_experiments/blocks/dfs_timeout=60s__300steps__28042026/evaluation_results/results_blocksworld_combined_timeout60s.csv
dfs_timeout=60s__300steps__28042026,60,0.0,28042026,PO_ROSAME,cleaned,4,6,75,1.0,0.0,0.0,benchmark/data/new_experiments/blocks/dfs_timeout=60s__300steps__28042026/evaluation_results/results_blocksworld_combined_timeout60s.csv
dfs_timeout=60s__300steps__28042026,60,0.0,28042026,PISAM,cleaned,0,6,75,1.0,0.0,0.0,benchmark/data/new_experiments/blocks/dfs_timeout=60s__300steps__28042026/evaluation_results/results_blocksworld_combined_timeout60s.csv
dfs_timeout=60s__300steps__28042026,60,0.0,28042026,PO_ROSAME,cleaned,0,6,75,1.0,0.0,0.0,benchmark/data/new_experiments/blocks/dfs_timeout=60s__300steps__28042026/evaluation_results/results_blocksworld_combined_timeout60s.csv
dfs_timeout=60s__300steps__28042026,60,0.0,28042026,PISAM,cleaned,1,6,75,1.0,0.0,0.0,benchmark/data/new_experiments/blocks/dfs_timeout=60s__300steps__28042026/evaluation_results/results_blocksworld_combined_timeout60s.csv
dfs_timeout=60s__300steps__28042026,60,0.0,28042026,PO_ROSAME,cleaned,1,6,75,1.0,0.0,0.0,benchmark/data/new_experiments/blocks/dfs_timeout=60s__300steps__28042026/evaluation_results/results_blocksworld_combined_timeout60s.csv
dfs_timeout=60s__300steps__28042026,60,0.0,28042026,PISAM,cleaned,3,6,75,1.0,0.0,0.0,benchmark/data/new_experiments/blocks/dfs_timeout=60s__300steps__28042026/evaluation_results/results_blocksworld_combined_timeout60s.csv
dfs_timeout=60s__300steps__28042026,60,0.0,28042026,PO_ROSAME,cleaned,3,6,75,0.5,0.0,0.5,benchmark/data/new_experiments/blocks/dfs_timeout=60s__300steps__28042026/evaluation_results/results_blocksworld_combined_timeout60s.csv
dfs_timeout=60s__300steps__28042026,60,0.0,28042026,PISAM,cleaned,4,6,100,1.0,0.0,0.0,benchmark/data/new_experiments/blocks/dfs_timeout=60s__300steps__28042026/evaluation_results/results_blocksworld_combined_timeout60s.csv
dfs_timeout=60s__300steps__28042026,60,0.0,28042026,PO_ROSAME,cleaned,4,6,100,1.0,0.0,0.0,benchmark/data/new_experiments/blocks/dfs_timeout=60s__300steps__28042026/evaluation_results/results_blocksworld_combined_timeout60s.csv
dfs_timeout=60s__300steps__28042026,60,0.0,28042026,PISAM,cleaned,0,6,100,1.0,0.0,0.0,benchmark/data/new_experiments/blocks/dfs_timeout=60s__300steps__28042026/evaluation_results/results_blocksworld_combined_timeout60s.csv
dfs_timeout=60s__300steps__28042026,60,0.0,28042026,PO_ROSAME,cleaned,0,6,100,1.0,0.0,0.0,benchmark/data/new_experiments/blocks/dfs_timeout=60s__300steps__28042026/evaluation_results/results_blocksworld_combined_timeout60s.csv
dfs_timeout=60s__300steps__28042026,60,0.0,28042026,PISAM,cleaned,2,6,100,1.0,0.0,0.0,benchmark/data/new_experiments/blocks/dfs_timeout=60s__300steps__28042026/evaluation_results/results_blocksworld_combined_timeout60s.csv
dfs_timeout=60s__300steps__28042026,60,0.0,28042026,PO_ROSAME,cleaned,2,6,100,1.0,0.0,0.0,benchmark/data/new_experiments/blocks/dfs_timeout=60s__300steps__28042026/evaluation_results/results_blocksworld_combined_timeout60s.csv
dfs_timeout=60s__300steps__28042026,60,0.0,28042026,PISAM,cleaned,3,6,100,1.0,0.0,0.0,benchmark/data/new_experiments/blocks/dfs_timeout=60s__300steps__28042026/evaluation_results/results_blocksworld_combined_timeout60s.csv
dfs_timeout=60s__300steps__28042026,60,0.0,28042026,PO_ROSAME,cleaned,3,6,100,0.5,0.0,0.5,benchmark/data/new_experiments/blocks/dfs_timeout=60s__300steps__28042026/evaluation_results/results_blocksworld_combined_timeout60s.csv
dfs_timeout=60s__300steps__28042026,60,0.0,28042026,PISAM,cleaned,1,6,100,1.0,0.0,0.0,benchmark/data/new_experiments/blocks/dfs_timeout=60s__300steps__28042026/evaluation_results/results_blocksworld_combined_timeout60s.csv
dfs_timeout=60s__300steps__28042026,60,0.0,28042026,PO_ROSAME,cleaned,1,6,100,1.0,0.0,0.0,benchmark/data/new_experiments/blocks/dfs_timeout=60s__300steps__28042026/evaluation_results/results_blocksworld_combined_timeout60s.csv
dfs_timeout=60s__300steps__28042026,60,0.0,28042026,PISAM,cleaned,2,7,0,0.0,0.0,1.0,benchmark/data/new_experiments/blocks/dfs_timeout=60s__300steps__28042026/evaluation_results/results_blocksworld_combined_timeout60s.csv
dfs_timeout=60s__300steps__28042026,60,0.0,28042026,PO_ROSAME,cleaned,2,7,0,0.0,0.0,1.0,benchmark/data/new_experiments/blocks/dfs_timeout=60s__300steps__28042026/evaluation_results/results_blocksworld_combined_timeout60s.csv
dfs_timeout=60s__300steps__28042026,60,0.0,28042026,PISAM,cleaned,4,7,0,0.0,0.0,1.0,benchmark/data/new_experiments/blocks/dfs_timeout=60s__300steps__28042026/evaluation_results/results_blocksworld_combined_timeout60s.csv
dfs_timeout=60s__300steps__28042026,60,0.0,28042026,PO_ROSAME,cleaned,4,7,0,0.0,0.5,0.5,benchmark/data/new_experiments/blocks/dfs_timeout=60s__300steps__28042026/evaluation_results/results_blocksworld_combined_timeout60s.csv
dfs_timeout=60s__300steps__28042026,60,0.0,28042026,PISAM,cleaned,0,7,0,0.5,0.5,0.0,benchmark/data/new_experiments/blocks/dfs_timeout=60s__300steps__28042026/evaluation_results/results_blocksworld_combined_timeout60s.csv
dfs_timeout=60s__300steps__28042026,60,0.0,28042026,PO_ROSAME,cleaned,0,7,0,0.0,1.0,0.0,benchmark/data/new_experiments/blocks/dfs_timeout=60s__300steps__28042026/evaluation_results/results_blocksworld_combined_timeout60s.csv
dfs_timeout=60s__300steps__28042026,60,0.0,28042026,PISAM,cleaned,3,7,0,0.0,1.0,0.0,benchmark/data/new_experiments/blocks/dfs_timeout=60s__300steps__28042026/evaluation_results/results_blocksworld_combined_timeout60s.csv
dfs_timeout=60s__300steps__28042026,60,0.0,28042026,PO_ROSAME,cleaned,3,7,0,0.0,0.0,1.0,benchmark/data/new_experiments/blocks/dfs_timeout=60s__300steps__28042026/evaluation_results/results_blocksworld_combined_timeout60s.csv
dfs_timeout=60s__300steps__28042026,60,0.0,28042026,PISAM,cleaned,1,7,0,0.0,1.0,0.0,benchmark/data/new_experiments/blocks/dfs_timeout=60s__300steps__28042026/evaluation_results/results_blocksworld_combined_timeout60s.csv
dfs_timeout=60s__300steps__28042026,60,0.0,28042026,PO_ROSAME,cleaned,1,7,0,0.0,1.0,0.0,benchmark/data/new_experiments/blocks/dfs_timeout=60s__300steps__28042026/evaluation_results/results_blocksworld_combined_timeout60s.csv
dfs_timeout=60s__300steps__28042026,60,0.0,28042026,PISAM,cleaned,2,7,10,1.0,0.0,0.0,benchmark/data/new_experiments/blocks/dfs_timeout=60s__300steps__28042026/evaluation_results/results_blocksworld_combined_timeout60s.csv
dfs_timeout=60s__300steps__28042026,60,0.0,28042026,PO_ROSAME,cleaned,2,7,10,0.0,0.0,1.0,benchmark/data/new_experiments/blocks/dfs_timeout=60s__300steps__28042026/evaluation_results/results_blocksworld_combined_timeout60s.csv
dfs_timeout=60s__300steps__28042026,60,0.0,28042026,PISAM,cleaned,0,7,10,1.0,0.0,0.0,benchmark/data/new_experiments/blocks/dfs_timeout=60s__300steps__28042026/evaluation_results/results_blocksworld_combined_timeout60s.csv
dfs_timeout=60s__300steps__28042026,60,0.0,28042026,PO_ROSAME,cleaned,0,7,10,1.0,0.0,0.0,benchmark/data/new_experiments/blocks/dfs_timeout=60s__300steps__28042026/evaluation_results/results_blocksworld_combined_timeout60s.csv
dfs_timeout=60s__300steps__28042026,60,0.0,28042026,PISAM,cleaned,4,7,10,1.0,0.0,0.0,benchmark/data/new_experiments/blocks/dfs_timeout=60s__300steps__28042026/evaluation_results/results_blocksworld_combined_timeout60s.csv
dfs_timeout=60s__300steps__28042026,60,0.0,28042026,PO_ROSAME,cleaned,4,7,10,1.0,0.0,0.0,benchmark/data/new_experiments/blocks/dfs_timeout=60s__300steps__28042026/evaluation_results/results_blocksworld_combined_timeout60s.csv
dfs_timeout=60s__300steps__28042026,60,0.0,28042026,PISAM,cleaned,3,7,10,1.0,0.0,0.0,benchmark/data/new_experiments/blocks/dfs_timeout=60s__300steps__28042026/evaluation_results/results_blocksworld_combined_timeout60s.csv
dfs_timeout=60s__300steps__28042026,60,0.0,28042026,PO_ROSAME,cleaned,3,7,10,1.0,0.0,0.0,benchmark/data/new_experiments/blocks/dfs_timeout=60s__300steps__28042026/evaluation_results/results_blocksworld_combined_timeout60s.csv
dfs_timeout=60s__300steps__28042026,60,0.0,28042026,PISAM,cleaned,1,7,10,1.0,0.0,0.0,benchmark/data/new_experiments/blocks/dfs_timeout=60s__300steps__28042026/evaluation_results/results_blocksworld_combined_timeout60s.csv
dfs_timeout=60s__300steps__28042026,60,0.0,28042026,PO_ROSAME,cleaned,1,7,10,1.0,0.0,0.0,benchmark/data/new_experiments/blocks/dfs_timeout=60s__300steps__28042026/evaluation_results/results_blocksworld_combined_timeout60s.csv
dfs_timeout=60s__300steps__28042026,60,0.0,28042026,PISAM,cleaned,4,7,25,1.0,0.0,0.0,benchmark/data/new_experiments/blocks/dfs_timeout=60s__300steps__28042026/evaluation_results/results_blocksworld_combined_timeout60s.csv
dfs_timeout=60s__300steps__28042026,60,0.0,28042026,PO_ROSAME,cleaned,4,7,25,1.0,0.0,0.0,benchmark/data/new_experiments/blocks/dfs_timeout=60s__300steps__28042026/evaluation_results/results_blocksworld_combined_timeout60s.csv
dfs_timeout=60s__300steps__28042026,60,0.0,28042026,PISAM,cleaned,2,7,25,1.0,0.0,0.0,benchmark/data/new_experiments/blocks/dfs_timeout=60s__300steps__28042026/evaluation_results/results_blocksworld_combined_timeout60s.csv
dfs_timeout=60s__300steps__28042026,60,0.0,28042026,PO_ROSAME,cleaned,2,7,25,1.0,0.0,0.0,benchmark/data/new_experiments/blocks/dfs_timeout=60s__300steps__28042026/evaluation_results/results_blocksworld_combined_timeout60s.csv
dfs_timeout=60s__300steps__28042026,60,0.0,28042026,PISAM,cleaned,0,7,25,1.0,0.0,0.0,benchmark/data/new_experiments/blocks/dfs_timeout=60s__300steps__28042026/evaluation_results/results_blocksworld_combined_timeout60s.csv
dfs_timeout=60s__300steps__28042026,60,0.0,28042026,PO_ROSAME,cleaned,0,7,25,1.0,0.0,0.0,benchmark/data/new_experiments/blocks/dfs_timeout=60s__300steps__28042026/evaluation_results/results_blocksworld_combined_timeout60s.csv
dfs_timeout=60s__300steps__28042026,60,0.0,28042026,PISAM,cleaned,3,7,25,1.0,0.0,0.0,benchmark/data/new_experiments/blocks/dfs_timeout=60s__300steps__28042026/evaluation_results/results_blocksworld_combined_timeout60s.csv
dfs_timeout=60s__300steps__28042026,60,0.0,28042026,PO_ROSAME,cleaned,3,7,25,1.0,0.0,0.0,benchmark/data/new_experiments/blocks/dfs_timeout=60s__300steps__28042026/evaluation_results/results_blocksworld_combined_timeout60s.csv
dfs_timeout=60s__300steps__28042026,60,0.0,28042026,PISAM,cleaned,1,7,25,1.0,0.0,0.0,benchmark/data/new_experiments/blocks/dfs_timeout=60s__300steps__28042026/evaluation_results/results_blocksworld_combined_timeout60s.csv
dfs_timeout=60s__300steps__28042026,60,0.0,28042026,PO_ROSAME,cleaned,1,7,25,1.0,0.0,0.0,benchmark/data/new_experiments/blocks/dfs_timeout=60s__300steps__28042026/evaluation_results/results_blocksworld_combined_timeout60s.csv
dfs_timeout=60s__300steps__28042026,60,0.0,28042026,PISAM,cleaned,2,7,50,1.0,0.0,0.0,benchmark/data/new_experiments/blocks/dfs_timeout=60s__300steps__28042026/evaluation_results/results_blocksworld_combined_timeout60s.csv
dfs_timeout=60s__300steps__28042026,60,0.0,28042026,PO_ROSAME,cleaned,2,7,50,1.0,0.0,0.0,benchmark/data/new_experiments/blocks/dfs_timeout=60s__300steps__28042026/evaluation_results/results_blocksworld_combined_timeout60s.csv
dfs_timeout=60s__300steps__28042026,60,0.0,28042026,PISAM,cleaned,0,7,50,1.0,0.0,0.0,benchmark/data/new_experiments/blocks/dfs_timeout=60s__300steps__28042026/evaluation_results/results_blocksworld_combined_timeout60s.csv
dfs_timeout=60s__300steps__28042026,60,0.0,28042026,PO_ROSAME,cleaned,0,7,50,1.0,0.0,0.0,benchmark/data/new_experiments/blocks/dfs_timeout=60s__300steps__28042026/evaluation_results/results_blocksworld_combined_timeout60s.csv
dfs_timeout=60s__300steps__28042026,60,0.0,28042026,PISAM,cleaned,4,7,50,1.0,0.0,0.0,benchmark/data/new_experiments/blocks/dfs_timeout=60s__300steps__28042026/evaluation_results/results_blocksworld_combined_timeout60s.csv
dfs_timeout=60s__300steps__28042026,60,0.0,28042026,PO_ROSAME,cleaned,4,7,50,1.0,0.0,0.0,benchmark/data/new_experiments/blocks/dfs_timeout=60s__300steps__28042026/evaluation_results/results_blocksworld_combined_timeout60s.csv
dfs_timeout=60s__300steps__28042026,60,0.0,28042026,PISAM,cleaned,3,7,50,1.0,0.0,0.0,benchmark/data/new_experiments/blocks/dfs_timeout=60s__300steps__28042026/evaluation_results/results_blocksworld_combined_timeout60s.csv
dfs_timeout=60s__300steps__28042026,60,0.0,28042026,PO_ROSAME,cleaned,3,7,50,1.0,0.0,0.0,benchmark/data/new_experiments/blocks/dfs_timeout=60s__300steps__28042026/evaluation_results/results_blocksworld_combined_timeout60s.csv
dfs_timeout=60s__300steps__28042026,60,0.0,28042026,PISAM,cleaned,1,7,50,1.0,0.0,0.0,benchmark/data/new_experiments/blocks/dfs_timeout=60s__300steps__28042026/evaluation_results/results_blocksworld_combined_timeout60s.csv
dfs_timeout=60s__300steps__28042026,60,0.0,28042026,PO_ROSAME,cleaned,1,7,50,1.0,0.0,0.0,benchmark/data/new_experiments/blocks/dfs_timeout=60s__300steps__28042026/evaluation_results/results_blocksworld_combined_timeout60s.csv
dfs_timeout=60s__300steps__28042026,60,0.0,28042026,PISAM,cleaned,3,7,75,1.0,0.0,0.0,benchmark/data/new_experiments/blocks/dfs_timeout=60s__300steps__28042026/evaluation_results/results_blocksworld_combined_timeout60s.csv
dfs_timeout=60s__300steps__28042026,60,0.0,28042026,PO_ROSAME,cleaned,3,7,75,1.0,0.0,0.0,benchmark/data/new_experiments/blocks/dfs_timeout=60s__300steps__28042026/evaluation_results/results_blocksworld_combined_timeout60s.csv
dfs_timeout=60s__300steps__28042026,60,0.0,28042026,PISAM,cleaned,2,7,75,1.0,0.0,0.0,benchmark/data/new_experiments/blocks/dfs_timeout=60s__300steps__28042026/evaluation_results/results_blocksworld_combined_timeout60s.csv
dfs_timeout=60s__300steps__28042026,60,0.0,28042026,PO_ROSAME,cleaned,2,7,75,0.0,0.0,1.0,benchmark/data/new_experiments/blocks/dfs_timeout=60s__300steps__28042026/evaluation_results/results_blocksworld_combined_timeout60s.csv
dfs_timeout=60s__300steps__28042026,60,0.0,28042026,PISAM,cleaned,0,7,75,1.0,0.0,0.0,benchmark/data/new_experiments/blocks/dfs_timeout=60s__300steps__28042026/evaluation_results/results_blocksworld_combined_timeout60s.csv
dfs_timeout=60s__300steps__28042026,60,0.0,28042026,PO_ROSAME,cleaned,0,7,75,1.0,0.0,0.0,benchmark/data/new_experiments/blocks/dfs_timeout=60s__300steps__28042026/evaluation_results/results_blocksworld_combined_timeout60s.csv
dfs_timeout=60s__300steps__28042026,60,0.0,28042026,PISAM,cleaned,4,7,75,1.0,0.0,0.0,benchmark/data/new_experiments/blocks/dfs_timeout=60s__300steps__28042026/evaluation_results/results_blocksworld_combined_timeout60s.csv
dfs_timeout=60s__300steps__28042026,60,0.0,28042026,PO_ROSAME,cleaned,4,7,75,1.0,0.0,0.0,benchmark/data/new_experiments/blocks/dfs_timeout=60s__300steps__28042026/evaluation_results/results_blocksworld_combined_timeout60s.csv
dfs_timeout=60s__300steps__28042026,60,0.0,28042026,PISAM,cleaned,1,7,75,1.0,0.0,0.0,benchmark/data/new_experiments/blocks/dfs_timeout=60s__300steps__28042026/evaluation_results/results_blocksworld_combined_timeout60s.csv
dfs_timeout=60s__300steps__28042026,60,0.0,28042026,PO_ROSAME,cleaned,1,7,75,1.0,0.0,0.0,benchmark/data/new_experiments/blocks/dfs_timeout=60s__300steps__28042026/evaluation_results/results_blocksworld_combined_timeout60s.csv
dfs_timeout=60s__300steps__28042026,60,0.0,28042026,PISAM,cleaned,4,7,100,1.0,0.0,0.0,benchmark/data/new_experiments/blocks/dfs_timeout=60s__300steps__28042026/evaluation_results/results_blocksworld_combined_timeout60s.csv
dfs_timeout=60s__300steps__28042026,60,0.0,28042026,PO_ROSAME,cleaned,4,7,100,1.0,0.0,0.0,benchmark/data/new_experiments/blocks/dfs_timeout=60s__300steps__28042026/evaluation_results/results_blocksworld_combined_timeout60s.csv
dfs_timeout=60s__300steps__28042026,60,0.0,28042026,PISAM,cleaned,0,7,100,1.0,0.0,0.0,benchmark/data/new_experiments/blocks/dfs_timeout=60s__300steps__28042026/evaluation_results/results_blocksworld_combined_timeout60s.csv
dfs_timeout=60s__300steps__28042026,60,0.0,28042026,PO_ROSAME,cleaned,0,7,100,1.0,0.0,0.0,benchmark/data/new_experiments/blocks/dfs_timeout=60s__300steps__28042026/evaluation_results/results_blocksworld_combined_timeout60s.csv
dfs_timeout=60s__300steps__28042026,60,0.0,28042026,PISAM,cleaned,2,7,100,1.0,0.0,0.0,benchmark/data/new_experiments/blocks/dfs_timeout=60s__300steps__28042026/evaluation_results/results_blocksworld_combined_timeout60s.csv
dfs_timeout=60s__300steps__28042026,60,0.0,28042026,PO_ROSAME,cleaned,2,7,100,1.0,0.0,0.0,benchmark/data/new_experiments/blocks/dfs_timeout=60s__300steps__28042026/evaluation_results/results_blocksworld_combined_timeout60s.csv
dfs_timeout=60s__300steps__28042026,60,0.0,28042026,PISAM,cleaned,3,7,100,1.0,0.0,0.0,benchmark/data/new_experiments/blocks/dfs_timeout=60s__300steps__28042026/evaluation_results/results_blocksworld_combined_timeout60s.csv
dfs_timeout=60s__300steps__28042026,60,0.0,28042026,PO_ROSAME,cleaned,3,7,100,1.0,0.0,0.0,benchmark/data/new_experiments/blocks/dfs_timeout=60s__300steps__28042026/evaluation_results/results_blocksworld_combined_timeout60s.csv
dfs_timeout=60s__300steps__28042026,60,0.0,28042026,PISAM,cleaned,1,7,100,1.0,0.0,0.0,benchmark/data/new_experiments/blocks/dfs_timeout=60s__300steps__28042026/evaluation_results/results_blocksworld_combined_timeout60s.csv
dfs_timeout=60s__300steps__28042026,60,0.0,28042026,PO_ROSAME,cleaned,1,7,100,1.0,0.0,0.0,benchmark/data/new_experiments/blocks/dfs_timeout=60s__300steps__28042026/evaluation_results/results_blocksworld_combined_timeout60s.csv
dfs_timeout=60s__300steps__28042026,60,0.0,28042026,PISAM,cleaned,1,8,0,0.0,1.0,0.0,benchmark/data/new_experiments/blocks/dfs_timeout=60s__300steps__28042026/evaluation_results/results_blocksworld_combined_timeout60s.csv
dfs_timeout=60s__300steps__28042026,60,0.0,28042026,PO_ROSAME,cleaned,1,8,0,0.0,0.5,0.5,benchmark/data/new_experiments/blocks/dfs_timeout=60s__300steps__28042026/evaluation_results/results_blocksworld_combined_timeout60s.csv
dfs_timeout=60s__300steps__28042026,60,0.0,28042026,PISAM,cleaned,0,8,0,0.0,1.0,0.0,benchmark/data/new_experiments/blocks/dfs_timeout=60s__300steps__28042026/evaluation_results/results_blocksworld_combined_timeout60s.csv
dfs_timeout=60s__300steps__28042026,60,0.0,28042026,PO_ROSAME,cleaned,0,8,0,0.0,1.0,0.0,benchmark/data/new_experiments/blocks/dfs_timeout=60s__300steps__28042026/evaluation_results/results_blocksworld_combined_timeout60s.csv
dfs_timeout=60s__300steps__28042026,60,0.0,28042026,PISAM,cleaned,2,8,0,0.0,0.0,1.0,benchmark/data/new_experiments/blocks/dfs_timeout=60s__300steps__28042026/evaluation_results/results_blocksworld_combined_timeout60s.csv
dfs_timeout=60s__300steps__28042026,60,0.0,28042026,PO_ROSAME,cleaned,2,8,0,0.0,1.0,0.0,benchmark/data/new_experiments/blocks/dfs_timeout=60s__300steps__28042026/evaluation_results/results_blocksworld_combined_timeout60s.csv
dfs_timeout=60s__300steps__28042026,60,0.0,28042026,PISAM,cleaned,4,8,0,0.0,0.0,1.0,benchmark/data/new_experiments/blocks/dfs_timeout=60s__300steps__28042026/evaluation_results/results_blocksworld_combined_timeout60s.csv
dfs_timeout=60s__300steps__28042026,60,0.0,28042026,PO_ROSAME,cleaned,4,8,0,0.0,0.0,0.0,benchmark/data/new_experiments/blocks/dfs_timeout=60s__300steps__28042026/evaluation_results/results_blocksworld_combined_timeout60s.csv
dfs_timeout=60s__300steps__28042026,60,0.0,28042026,PISAM,cleaned,3,8,0,0.0,1.0,0.0,benchmark/data/new_experiments/blocks/dfs_timeout=60s__300steps__28042026/evaluation_results/results_blocksworld_combined_timeout60s.csv
dfs_timeout=60s__300steps__28042026,60,0.0,28042026,PO_ROSAME,cleaned,3,8,0,0.0,0.0,0.0,benchmark/data/new_experiments/blocks/dfs_timeout=60s__300steps__28042026/evaluation_results/results_blocksworld_combined_timeout60s.csv
dfs_timeout=60s__300steps__28042026,60,0.0,28042026,PISAM,cleaned,1,8,10,1.0,0.0,0.0,benchmark/data/new_experiments/blocks/dfs_timeout=60s__300steps__28042026/evaluation_results/results_blocksworld_combined_timeout60s.csv
dfs_timeout=60s__300steps__28042026,60,0.0,28042026,PO_ROSAME,cleaned,1,8,10,1.0,0.0,0.0,benchmark/data/new_experiments/blocks/dfs_timeout=60s__300steps__28042026/evaluation_results/results_blocksworld_combined_timeout60s.csv
dfs_timeout=60s__300steps__28042026,60,0.0,28042026,PISAM,cleaned,0,8,10,1.0,0.0,0.0,benchmark/data/new_experiments/blocks/dfs_timeout=60s__300steps__28042026/evaluation_results/results_blocksworld_combined_timeout60s.csv
dfs_timeout=60s__300steps__28042026,60,0.0,28042026,PO_ROSAME,cleaned,0,8,10,1.0,0.0,0.0,benchmark/data/new_experiments/blocks/dfs_timeout=60s__300steps__28042026/evaluation_results/results_blocksworld_combined_timeout60s.csv
dfs_timeout=60s__300steps__28042026,60,0.0,28042026,PISAM,cleaned,2,8,10,1.0,0.0,0.0,benchmark/data/new_experiments/blocks/dfs_timeout=60s__300steps__28042026/evaluation_results/results_blocksworld_combined_timeout60s.csv
dfs_timeout=60s__300steps__28042026,60,0.0,28042026,PO_ROSAME,cleaned,2,8,10,0.0,0.0,0.0,benchmark/data/new_experiments/blocks/dfs_timeout=60s__300steps__28042026/evaluation_results/results_blocksworld_combined_timeout60s.csv
dfs_timeout=60s__300steps__28042026,60,0.0,28042026,PISAM,cleaned,3,8,10,1.0,0.0,0.0,benchmark/data/new_experiments/blocks/dfs_timeout=60s__300steps__28042026/evaluation_results/results_blocksworld_combined_timeout60s.csv
dfs_timeout=60s__300steps__28042026,60,0.0,28042026,PO_ROSAME,cleaned,3,8,10,0.0,1.0,0.0,benchmark/data/new_experiments/blocks/dfs_timeout=60s__300steps__28042026/evaluation_results/results_blocksworld_combined_timeout60s.csv
dfs_timeout=60s__300steps__28042026,60,0.0,28042026,PISAM,cleaned,4,8,10,1.0,0.0,0.0,benchmark/data/new_experiments/blocks/dfs_timeout=60s__300steps__28042026/evaluation_results/results_blocksworld_combined_timeout60s.csv
dfs_timeout=60s__300steps__28042026,60,0.0,28042026,PO_ROSAME,cleaned,4,8,10,0.5,0.0,0.5,benchmark/data/new_experiments/blocks/dfs_timeout=60s__300steps__28042026/evaluation_results/results_blocksworld_combined_timeout60s.csv
dfs_timeout=60s__300steps__28042026,60,0.0,28042026,PISAM,cleaned,4,8,25,1.0,0.0,0.0,benchmark/data/new_experiments/blocks/dfs_timeout=60s__300steps__28042026/evaluation_results/results_blocksworld_combined_timeout60s.csv
dfs_timeout=60s__300steps__28042026,60,0.0,28042026,PO_ROSAME,cleaned,4,8,25,0.0,0.0,0.0,benchmark/data/new_experiments/blocks/dfs_timeout=60s__300steps__28042026/evaluation_results/results_blocksworld_combined_timeout60s.csv
dfs_timeout=60s__300steps__28042026,60,0.0,28042026,PISAM,cleaned,3,8,25,1.0,0.0,0.0,benchmark/data/new_experiments/blocks/dfs_timeout=60s__300steps__28042026/evaluation_results/results_blocksworld_combined_timeout60s.csv
dfs_timeout=60s__300steps__28042026,60,0.0,28042026,PO_ROSAME,cleaned,3,8,25,0.5,0.0,0.5,benchmark/data/new_experiments/blocks/dfs_timeout=60s__300steps__28042026/evaluation_results/results_blocksworld_combined_timeout60s.csv
dfs_timeout=60s__300steps__28042026,60,0.0,28042026,PISAM,cleaned,1,8,25,1.0,0.0,0.0,benchmark/data/new_experiments/blocks/dfs_timeout=60s__300steps__28042026/evaluation_results/results_blocksworld_combined_timeout60s.csv
dfs_timeout=60s__300steps__28042026,60,0.0,28042026,PO_ROSAME,cleaned,1,8,25,1.0,0.0,0.0,benchmark/data/new_experiments/blocks/dfs_timeout=60s__300steps__28042026/evaluation_results/results_blocksworld_combined_timeout60s.csv
dfs_timeout=60s__300steps__28042026,60,0.0,28042026,PISAM,cleaned,2,8,25,1.0,0.0,0.0,benchmark/data/new_experiments/blocks/dfs_timeout=60s__300steps__28042026/evaluation_results/results_blocksworld_combined_timeout60s.csv
dfs_timeout=60s__300steps__28042026,60,0.0,28042026,PO_ROSAME,cleaned,2,8,25,0.0,0.0,0.0,benchmark/data/new_experiments/blocks/dfs_timeout=60s__300steps__28042026/evaluation_results/results_blocksworld_combined_timeout60s.csv
dfs_timeout=60s__300steps__28042026,60,0.0,28042026,PISAM,cleaned,0,8,25,1.0,0.0,0.0,benchmark/data/new_experiments/blocks/dfs_timeout=60s__300steps__28042026/evaluation_results/results_blocksworld_combined_timeout60s.csv
dfs_timeout=60s__300steps__28042026,60,0.0,28042026,PO_ROSAME,cleaned,0,8,25,1.0,0.0,0.0,benchmark/data/new_experiments/blocks/dfs_timeout=60s__300steps__28042026/evaluation_results/results_blocksworld_combined_timeout60s.csv
dfs_timeout=60s__300steps__28042026,60,0.0,28042026,PISAM,cleaned,3,8,50,1.0,0.0,0.0,benchmark/data/new_experiments/blocks/dfs_timeout=60s__300steps__28042026/evaluation_results/results_blocksworld_combined_timeout60s.csv
dfs_timeout=60s__300steps__28042026,60,0.0,28042026,PO_ROSAME,cleaned,3,8,50,0.0,0.0,0.0,benchmark/data/new_experiments/blocks/dfs_timeout=60s__300steps__28042026/evaluation_results/results_blocksworld_combined_timeout60s.csv
dfs_timeout=60s__300steps__28042026,60,0.0,28042026,PISAM,cleaned,0,8,50,1.0,0.0,0.0,benchmark/data/new_experiments/blocks/dfs_timeout=60s__300steps__28042026/evaluation_results/results_blocksworld_combined_timeout60s.csv
dfs_timeout=60s__300steps__28042026,60,0.0,28042026,PO_ROSAME,cleaned,0,8,50,1.0,0.0,0.0,benchmark/data/new_experiments/blocks/dfs_timeout=60s__300steps__28042026/evaluation_results/results_blocksworld_combined_timeout60s.csv
dfs_timeout=60s__300steps__28042026,60,0.0,28042026,PISAM,cleaned,1,8,50,1.0,0.0,0.0,benchmark/data/new_experiments/blocks/dfs_timeout=60s__300steps__28042026/evaluation_results/results_blocksworld_combined_timeout60s.csv
dfs_timeout=60s__300steps__28042026,60,0.0,28042026,PO_ROSAME,cleaned,1,8,50,1.0,0.0,0.0,benchmark/data/new_experiments/blocks/dfs_timeout=60s__300steps__28042026/evaluation_results/results_blocksworld_combined_timeout60s.csv
dfs_timeout=60s__300steps__28042026,60,0.0,28042026,PISAM,cleaned,4,8,50,1.0,0.0,0.0,benchmark/data/new_experiments/blocks/dfs_timeout=60s__300steps__28042026/evaluation_results/results_blocksworld_combined_timeout60s.csv
dfs_timeout=60s__300steps__28042026,60,0.0,28042026,PO_ROSAME,cleaned,4,8,50,0.0,0.0,0.0,benchmark/data/new_experiments/blocks/dfs_timeout=60s__300steps__28042026/evaluation_results/results_blocksworld_combined_timeout60s.csv
dfs_timeout=60s__300steps__28042026,60,0.0,28042026,PISAM,cleaned,2,8,50,1.0,0.0,0.0,benchmark/data/new_experiments/blocks/dfs_timeout=60s__300steps__28042026/evaluation_results/results_blocksworld_combined_timeout60s.csv
dfs_timeout=60s__300steps__28042026,60,0.0,28042026,PO_ROSAME,cleaned,2,8,50,0.0,0.0,0.0,benchmark/data/new_experiments/blocks/dfs_timeout=60s__300steps__28042026/evaluation_results/results_blocksworld_combined_timeout60s.csv
dfs_timeout=60s__300steps__28042026,60,0.0,28042026,PISAM,cleaned,0,8,75,1.0,0.0,0.0,benchmark/data/new_experiments/blocks/dfs_timeout=60s__300steps__28042026/evaluation_results/results_blocksworld_combined_timeout60s.csv
dfs_timeout=60s__300steps__28042026,60,0.0,28042026,PO_ROSAME,cleaned,0,8,75,1.0,0.0,0.0,benchmark/data/new_experiments/blocks/dfs_timeout=60s__300steps__28042026/evaluation_results/results_blocksworld_combined_timeout60s.csv
dfs_timeout=60s__300steps__28042026,60,0.0,28042026,PISAM,cleaned,1,8,75,1.0,0.0,0.0,benchmark/data/new_experiments/blocks/dfs_timeout=60s__300steps__28042026/evaluation_results/results_blocksworld_combined_timeout60s.csv
dfs_timeout=60s__300steps__28042026,60,0.0,28042026,PO_ROSAME,cleaned,1,8,75,1.0,0.0,0.0,benchmark/data/new_experiments/blocks/dfs_timeout=60s__300steps__28042026/evaluation_results/results_blocksworld_combined_timeout60s.csv
dfs_timeout=60s__300steps__28042026,60,0.0,28042026,PISAM,cleaned,3,8,75,1.0,0.0,0.0,benchmark/data/new_experiments/blocks/dfs_timeout=60s__300steps__28042026/evaluation_results/results_blocksworld_combined_timeout60s.csv
dfs_timeout=60s__300steps__28042026,60,0.0,28042026,PO_ROSAME,cleaned,3,8,75,0.0,0.0,0.0,benchmark/data/new_experiments/blocks/dfs_timeout=60s__300steps__28042026/evaluation_results/results_blocksworld_combined_timeout60s.csv
dfs_timeout=60s__300steps__28042026,60,0.0,28042026,PISAM,cleaned,2,8,75,1.0,0.0,0.0,benchmark/data/new_experiments/blocks/dfs_timeout=60s__300steps__28042026/evaluation_results/results_blocksworld_combined_timeout60s.csv
dfs_timeout=60s__300steps__28042026,60,0.0,28042026,PO_ROSAME,cleaned,2,8,75,0.0,0.0,0.0,benchmark/data/new_experiments/blocks/dfs_timeout=60s__300steps__28042026/evaluation_results/results_blocksworld_combined_timeout60s.csv
dfs_timeout=60s__300steps__28042026,60,0.0,28042026,PISAM,cleaned,4,8,75,1.0,0.0,0.0,benchmark/data/new_experiments/blocks/dfs_timeout=60s__300steps__28042026/evaluation_results/results_blocksworld_combined_timeout60s.csv
dfs_timeout=60s__300steps__28042026,60,0.0,28042026,PO_ROSAME,cleaned,4,8,75,0.5,0.0,0.5,benchmark/data/new_experiments/blocks/dfs_timeout=60s__300steps__28042026/evaluation_results/results_blocksworld_combined_timeout60s.csv
dfs_timeout=60s__300steps__28042026,60,0.0,28042026,PISAM,cleaned,0,8,100,1.0,0.0,0.0,benchmark/data/new_experiments/blocks/dfs_timeout=60s__300steps__28042026/evaluation_results/results_blocksworld_combined_timeout60s.csv
dfs_timeout=60s__300steps__28042026,60,0.0,28042026,PO_ROSAME,cleaned,0,8,100,1.0,0.0,0.0,benchmark/data/new_experiments/blocks/dfs_timeout=60s__300steps__28042026/evaluation_results/results_blocksworld_combined_timeout60s.csv
dfs_timeout=60s__300steps__28042026,60,0.0,28042026,PISAM,cleaned,3,8,100,1.0,0.0,0.0,benchmark/data/new_experiments/blocks/dfs_timeout=60s__300steps__28042026/evaluation_results/results_blocksworld_combined_timeout60s.csv
dfs_timeout=60s__300steps__28042026,60,0.0,28042026,PO_ROSAME,cleaned,3,8,100,0.0,0.5,0.5,benchmark/data/new_experiments/blocks/dfs_timeout=60s__300steps__28042026/evaluation_results/results_blocksworld_combined_timeout60s.csv
dfs_timeout=60s__300steps__28042026,60,0.0,28042026,PISAM,cleaned,4,8,100,1.0,0.0,0.0,benchmark/data/new_experiments/blocks/dfs_timeout=60s__300steps__28042026/evaluation_results/results_blocksworld_combined_timeout60s.csv
dfs_timeout=60s__300steps__28042026,60,0.0,28042026,PO_ROSAME,cleaned,4,8,100,0.0,1.0,0.0,benchmark/data/new_experiments/blocks/dfs_timeout=60s__300steps__28042026/evaluation_results/results_blocksworld_combined_timeout60s.csv
dfs_timeout=60s__300steps__28042026,60,0.0,28042026,PISAM,cleaned,2,8,100,1.0,0.0,0.0,benchmark/data/new_experiments/blocks/dfs_timeout=60s__300steps__28042026/evaluation_results/results_blocksworld_combined_timeout60s.csv
dfs_timeout=60s__300steps__28042026,60,0.0,28042026,PO_ROSAME,cleaned,2,8,100,0.0,0.0,0.0,benchmark/data/new_experiments/blocks/dfs_timeout=60s__300steps__28042026/evaluation_results/results_blocksworld_combined_timeout60s.csv
dfs_timeout=60s__300steps__28042026,60,0.0,28042026,PISAM,cleaned,1,8,100,1.0,0.0,0.0,benchmark/data/new_experiments/blocks/dfs_timeout=60s__300steps__28042026/evaluation_results/results_blocksworld_combined_timeout60s.csv
dfs_timeout=60s__300steps__28042026,60,0.0,28042026,PO_ROSAME,cleaned,1,8,100,1.0,0.0,0.0,benchmark/data/new_experiments/blocks/dfs_timeout=60s__300steps__28042026/evaluation_results/results_blocksworld_combined_timeout60s.csv
