action_name,policy,learning_algorithm,num_trajectories,precondition_precision,precondition_recall,effects_precision,effects_recall
pick-up,hard,sam_learning,20,1.0,1.0,0.7357448313663231,0.7983911127174884
put-down,hard,sam_learning,20,1.0,1.0,0.8113952745849298,0.7858615427302996
stack,hard,sam_learning,20,0.775952380952381,1.0,0.7566162153258927,0.7496137491929918
unstack,hard,sam_learning,20,0.530952380952381,1.0,0.8188738390225956,0.8594505130751408
