predicate_type,pos_precision,pos_recall,neg_precision,neg_recall,num_samples
clear,0.8822916666666667,0.953125,0.9375,0.5376984126984127,80
handempty,1.0,1.0,1.0,0.8,20
handfull,1.0,0.8,1.0,1.0,20
holding,1.0,0.8333333333333333,0.9821428571428572,0.7426470588235294,80
on,1.0,0.9404761904761905,0.9704861111111112,0.4585769192967335,160
ontable,1.0,0.984375,0.9375,0.5528846153846154,80
