predicate_type,pos_precision,pos_recall,neg_precision,neg_recall,num_samples
clear,0.8822916666666667,0.9821428571428572,0.9375,0.7619047619047619,80
handempty,1.0,1.0,1.0,1.0,20
handfull,1.0,1.0,1.0,1.0,20
holding,1.0,0.9166666666666666,0.9821428571428572,1.0,80
on,1.0,0.9404761904761905,0.9704861111111112,1.0,160
ontable,1.0,0.984375,0.9375,1.0,80
